reservoir,value
1,68802.42342342128
2,6471.767832706426
3,24708.682479634823
4,17393.2668973885
