reservoir,value
1,98156.7299932409
2,13101.762096302238
3,19409.771286734558
4,12659.131464720713
