reservoir,value
1,21794.582586707274
2,14391.736549752914
3,2580.8989027202406
4,1617.8761093224612
