reservoir,value
1,100385.31274446269
2,19060.035520326273
3,7918.7189552521595
4,3829.1194447035095
