reservoir,value
1,14760.927278596118
2,2538.6838692318997
3,27566.232692143043
4,0.0
