reservoir,value
1,87694.48541316
2,13684.804612
3,24745.806132559996
4,23935.353991599997
