reservoir,value
1,23078.30174692732
2,12963.175362184229
3,2854.168755384852
4,3119.2906211274267
