reservoir,value
1,125330.74118361305
2,19498.87536218423
3,9321.393103612163
4,6399.692141674415
