reservoir,value
1,84.18923659750048
2,28.2861024578272
3,0.0
4,1475.7871372731447
