reservoir,value
1,72987.6945871042
2,0.0
3,22860.144765838795
4,0.0
