reservoir,value
1,46828.96266077517
2,7534.764137857801
3,10038.227720968145
4,9271.48265553319
