reservoir,value
1,15409.941213496815
2,19617.2
3,30764.800000000003
4,0.0
