reservoir,value
1,153639.7654591418
2,0.0
3,20170.957532644716
4,11351.64644604522
