reservoir,value
1,24659.24858442762
2,2199.0761370725486
3,6716.934770523856
4,15388.938738391465
