reservoir,value
1,82386.57861524107
2,0.0
3,27363.233010761658
4,12744.9
