reservoir,value
1,123391.15064037812
2,581.7959998069618
3,44369.426654982766
4,12744.9
