reservoir,value
1,72845.8691728
2,2555.0211979200003
3,20861.20705808
4,24918.04658145
