reservoir,value
1,138732.63742280996
2,73.28119792029858
3,34800.060258080004
4,12744.9
