reservoir,value
1,122745.72000000026
2,19617.2
3,32355.199999999997
4,0.0
