reservoir,value
1,31035.962067867236
2,14311.385988920087
3,3751.674280554933
4,1887.9327822249156
