reservoir,value
1,83902.71931757197
2,15510.029129808383
3,0.0
4,0.0
