reservoir,value
1,57713.893242720005
2,10134.27108811
3,10749.38375394
4,13135.688954000001
