reservoir,value
1,148887.58394272003
2,173.7863881100002
3,17608.973853940002
4,4129.75033754202
