from,to,value
1,1,0.0
1,2,0.0
1,3,600.0
1,4,0.0
1,5,2121.563744927579
2,1,3313.856106854204
2,2,0.0
2,3,0.0
2,4,0.0
2,5,0.0
3,1,0.0
3,2,0.0
3,3,0.0
3,4,0.0
3,5,0.0
4,1,0.0
4,2,0.0
4,3,0.0
4,4,0.0
4,5,17.036255072421227
5,1,0.0
5,2,0.0
5,3,2138.6000000000004
5,4,0.0
5,5,0.0
