reservoir,value
1,36750.32938841829
2,4377.143893144353
3,9037.335556629387
4,6245.845712201656
