reservoir,value
1,7224.631777380912
2,0.0
3,1839.3372979552523
4,0.0
