reservoir,value
1,84026.89167075107
2,8584.61312331091
3,14930.746836008493
4,18182.911315280075
