reservoir,value
1,120434.9884257176
2,8075.725289996991
3,14066.32950272376
4,0.0
