reservoir,value
1,17584.6162487582
2,5609.846619949376
3,2842.166539840701
4,1777.0519837915554
