reservoir,value
1,41909.966181532014
2,1330.0215313944689
3,4127.154182890604
4,6285.236422501087
