reservoir,value
1,106060.71370000002
2,0.0
3,18786.228100000004
4,12744.9
