reservoir,value
1,56700.75941457639
2,4319.655382496988
3,11160.87273109727
4,14564.29536101249
