reservoir,value
1,80848.58815923898
2,3144.655382496991
3,20567.8246299849
4,12744.9
