reservoir,value
1,55397.42666077001
2,5941.538402083055
3,25350.20630053188
4,15579.966439347452
