reservoir,value
1,118433.90864314351
2,12477.238402083056
3,33132.32202416121
4,4046.4327741681486
