reservoir,value
1,34359.458343477985
2,42295.855320174865
3,4145.584320450947
4,5237.565325385116
