reservoir,value
1,73538.67833544042
2,3271.368277237947
3,33650.05933055357
4,3068.1700729283934
