reservoir,value
1,31372.884314142255
2,11519.573771704305
3,6845.626972755917
4,7098.395166793728
