reservoir,value
1,15825.576353041659
2,7384.115350452748
3,3204.7877920530113
4,3684.5070527420608
