reservoir,value
1,88914.82876557304
2,0.0
3,0.0
4,11541.816682409091
