reservoir,value
1,108826.17559055901
2,627.6755217091627
3,41452.517470182254
4,8853.330397177957
