reservoir,value
1,50285.14920217972
2,4901.1417748628355
3,12023.556007240548
4,14073.675257245974
