reservoir,value
1,109910.83923468358
2,4759.209701901806
3,14906.34150241884
4,12744.9
