from,to,value
1,1,0.0
1,2,0.0
1,3,232.08067191003465
1,4,0.0
1,5,0.0
2,1,4910.639864026025
2,2,0.0
2,3,0.0
2,4,0.0
2,5,0.0
3,1,0.0
3,2,0.0
3,3,0.0
3,4,0.0
3,5,0.0
4,1,0.0
4,2,0.0
4,3,0.0
4,4,0.0
4,5,179.5193280899657
5,1,0.0
5,2,0.0
5,3,179.5193280899657
5,4,0.0
5,5,0.0
