reservoir,value
1,37658.970244689335
2,13235.19312200235
3,12296.793603449021
4,7259.9167786324715
