reservoir,value
1,10777.582998960126
2,10281.431459662113
3,3481.9725206823573
4,2462.3764259476293
