reservoir,value
1,33162.35985317364
2,0.0
3,970.4959896079167
4,3156.382871482384
