reservoir,value
1,105952.80131788971
2,0.0
3,24478.332312329687
4,12744.9
