reservoir,value
1,11884.451563703224
2,10015.297030457365
3,3322.1656213391097
4,2495.738088198822
