reservoir,value
1,15988.029730374405
2,0.0
3,1795.020925009364
4,8621.962541083134
