reservoir,value
1,22381.233419392534
2,10067.43528019719
3,4311.21458832777
4,6544.806434495596
