reservoir,value
1,94790.77523406732
2,0.0
3,24164.182461057608
4,12744.9
