reservoir,value
1,0.0
2,9689.649751493764
3,2836.5127557785027
4,0.0
