reservoir,value
1,46116.38490903807
2,12731.518086006725
3,5622.12388110591
4,8584.597913214606
