reservoir,value
1,118358.06877821352
2,3115.689119635148
3,23306.938733873103
4,12744.9
