reservoir,value
1,62247.73558632937
2,11083.940264636483
3,2028.7316709102427
4,0.0
