reservoir,value
1,31513.53675433739
2,9431.029450459098
3,5700.876199027711
4,3296.4443181267493
