reservoir,value
1,89503.51117143776
2,11558.680601946198
3,30803.025268252546
4,1116.607000877235
