reservoir,value
1,18692.151552893232
2,23833.196929655434
3,2493.607672194602
4,2002.2537237011434
