reservoir,value
1,49171.98689727858
2,15561.282871997297
3,14574.168108452172
4,7101.658326447316
