reservoir,value
1,88148.52667067028
2,19617.2
3,7046.387947236792
4,0.0
