reservoir,value
1,20437.94065502347
2,7174.374872935228
3,9967.80820055815
4,2211.7086954837728
