reservoir,value
1,12075.454345495591
2,15588.447473187305
3,32265.7552932364
4,125.18757784242938
