reservoir,value
1,47828.796877316374
2,7374.650458106391
3,7917.969586626645
4,16445.139738468864
