reservoir,value
1,112549.93070844426
2,0.0
3,14349.444442517544
4,2638.085865721657
