reservoir,value
1,23499.641827737592
2,8494.063721216
3,3664.0404397469983
4,2238.3228240213803
