reservoir,value
1,87112.45860850031
2,429.2313974907984
3,25167.32724415486
4,1405.2345630156733
