reservoir,value
1,126666.8250655864
2,8271.063574792783
3,51806.1
4,8852.522184190324
