reservoir,value
1,12798.679771524821
2,8634.42019909938
3,3029.5700949675943
4,2016.7378329298886
