reservoir,value
1,24805.211267812163
2,2734.1476261328626
3,5038.728108374775
4,3057.5649886615815
