reservoir,value
1,81910.94288574616
2,3459.802920614662
3,0.0
4,0.0
