reservoir,value
1,33249.82000000007
2,19617.2
3,41502.29995025639
4,8806.1
