reservoir,value
1,114594.38547918428
2,16273.47055935608
3,43138.55234660896
4,6226.941754167022
