reservoir,value
1,22408.462156663183
2,12151.455716758961
3,4112.895003684517
4,3444.128510668577
