reservoir,value
1,75878.8278499795
2,4067.9293203986726
3,30540.596951761378
4,11863.93892565971
