reservoir,value
1,44250.09642793122
2,4207.493468218094
3,18243.066307890444
4,13126.692774825478
