reservoir,value
1,62407.601867609206
2,7735.474110948201
3,11588.647691801269
4,5496.792774825479
