reservoir,value
1,59190.020311140004
2,6881.63272469
3,21760.234438209995
4,24165.63326503
