reservoir,value
1,43707.659096475785
2,1307.2785376074912
3,28394.592829963036
4,20888.03597386776
