reservoir,value
1,199010.9590964755
2,0.0
3,41744.74188198857
4,12744.9
