reservoir,value
1,11413.500954781004
2,19617.2
3,46169.299999999996
4,12744.9
