reservoir,value
1,28767.073379326033
2,3564.06610150878
3,8174.966960609977
4,9816.154185042371
