reservoir,value
1,23160.02607937535
2,13482.088758959022
3,3618.294129842014
4,2763.069026514552
