reservoir,value
1,65909.87600136049
2,400.588758959022
3,30910.36787101343
4,8336.95911471453
