reservoir,value
1,65006.50540759
2,9646.53764768
3,15326.16277776
4,19464.33267701
