reservoir,value
1,19399.303193620282
2,4510.370208433863
3,4436.008618058488
4,3252.7218110555477
