reservoir,value
1,14187.163686752963
2,2607.6176226480275
3,15287.762588153912
4,3236.0785140814332
