reservoir,value
1,32596.663982409293
2,21467.756108647038
3,2111.6565613612756
4,1691.6015541093752
