reservoir,value
1,83125.60024082586
2,19617.2
3,130.3335249534233
4,2987.5767792750685
