reservoir,value
1,0.0
2,0.0
3,4258.249879237212
4,3230.4905711109695
