reservoir,value
1,18095.472711439754
2,18850.398618499512
3,3772.8892851034816
4,5299.544827086736
