reservoir,value
1,67939.74780576528
2,5768.898618499512
3,15133.969192480714
4,12744.9
