reservoir,value
1,127121.59934561202
2,1162.7810017324562
3,51806.1
4,4063.713587786488
