reservoir,value
1,114079.40232782757
2,14921.006980335094
3,1113.541539470471
4,4548.824399267699
