reservoir,value
1,20766.94377037531
2,4856.063015170864
3,4813.331163658115
4,2577.514708973634
