reservoir,value
1,147725.12342118757
2,18187.86744630652
3,14264.09141101654
4,7473.7363888304135
