reservoir,value
1,22069.623072213053
2,21673.46427905615
3,3990.947027305942
4,2445.6414325122
