reservoir,value
1,159514.58589601354
2,8591.964279056148
3,36586.890625068845
4,3169.7833353233927
