reservoir,value
1,58409.01697755944
2,7389.5420150218815
3,14820.533204413352
4,17103.677855118684
