reservoir,value
1,20376.627291696277
2,20453.631103643158
3,5593.80251973953
4,2228.4299631209046
