reservoir,value
1,24326.69734728539
2,24673.021312349112
3,3171.5680133226774
4,3641.7013417166722
