reservoir,value
1,77195.41362729835
2,12907.427866386432
3,22571.494098405245
4,0.0
