reservoir,value
1,50869.58352194582
2,11554.213559843089
3,10045.018064777789
4,5273.740138846762
