reservoir,value
1,26732.24105971111
2,7395.700451747227
3,16761.392166489284
4,644.634448262188
