reservoir,value
1,78879.7635620172
2,2789.9002671472617
3,10807.528942726685
4,0.0
