reservoir,value
1,14194.436293398656
2,2563.514827582333
3,0.0
4,1283.2854348583878
