reservoir,value
1,200717.6
2,8479.636984475177
3,43170.4569954773
4,12744.9
