reservoir,value
1,10018.043084693774
2,6198.244910287775
3,3335.9896225458815
4,2128.643003647885
