plant,value
1,33829.6960732127
2,8098.144903985487
3,9819.669000000033
4,7629.900000000014
