reservoir,value
1,42490.54607914854
2,7245.924200677027
3,12772.549738099766
4,17386.175952253918
