reservoir,value
1,202.47416040378053
2,0.0
3,744.8132117194485
4,11340.220115129056
