reservoir,value
1,0.0
2,234.13975915381124
3,860.4339238419002
4,7300.457125067364
