reservoir,value
1,135972.4844846587
2,1400.2411058072769
3,27547.203247958856
4,7967.349944430972
