reservoir,value
1,119374.50067605145
2,2013.3012597412294
3,30377.62288019673
4,11523.734342960455
