reservoir,value
1,16688.205506397495
2,3658.548017826007
3,3163.4300099930856
4,1456.1442905410577
