reservoir,value
1,77566.72559615446
2,0.0
3,25472.804508696798
4,1855.414816833359
