reservoir,value
1,17449.07941544266
2,3147.738812301416
3,2417.5715192597145
4,1921.7955652922597
