reservoir,value
1,52463.68689694896
2,4574.274084737208
3,23291.498311916937
4,19307.46175306022
