reservoir,value
1,0.0
2,0.0
3,2363.1903003761536
4,10643.054522199966
