reservoir,value
1,41840.277645533766
2,5770.603086542249
3,16209.73080978786
4,18473.259604805382
