reservoir,value
1,85698.45099443401
2,0.0
3,40350.26527341107
4,7969.07231012009
