reservoir,value
1,41971.619701090945
2,12457.764496939804
3,5228.6362902769215
4,3136.5999969079976
