reservoir,value
1,62491.431302107136
2,1440.620137951118
3,1182.2137929577245
4,2874.2115975000847
