reservoir,value
1,16190.531445946583
2,12128.849967006321
3,8857.576734740454
4,2691.8896531865807
