reservoir,value
1,22377.66808310112
2,10221.583481911606
3,4864.600301802659
4,2168.9885825237257
