reservoir,value
1,128910.33112322332
2,0.0
3,38829.56500678141
4,3913.63001891763
