reservoir,value
1,51573.57309269547
2,4469.5522046424085
3,11663.533939091902
4,10537.13876048875
