reservoir,value
1,43166.86560036654
2,0.0
3,2046.133939091902
4,2907.23876048875
