reservoir,value
1,36134.96136693064
2,13530.32680370621
3,4447.712673888474
4,4647.636831693769
