reservoir,value
1,198860.05819862444
2,9230.423422131136
3,32591.73272682424
4,12744.9
