reservoir,value
1,70671.03951429558
2,19617.2
3,19990.01154712344
4,1890.4789073269221
