reservoir,value
1,17637.217901387507
2,53858.19068131251
3,2446.385187905762
4,1629.2935395743764
