reservoir,value
1,38018.92319374298
2,19617.2
3,8066.566482601125
4,7340.218049338088
