reservoir,value
1,120485.9087890947
2,0.0
3,49378.723802437424
4,12744.9
