reservoir,value
1,37159.43078927472
2,8081.260821153153
3,4007.8176793710018
4,6397.556314459323
