reservoir,value
1,170593.82812185463
2,0.0
3,10773.235353072723
4,12744.9
