reservoir,value
1,140835.98023444312
2,15401.18375347592
3,25493.137860568037
4,1420.2948205725324
