reservoir,value
1,102037.96660000001
2,4330.5941
3,26634.1565
4,22264.399599999997
