reservoir,value
1,93981.43581693625
2,0.0
3,23963.670739382575
4,12055.843360230621
