reservoir,value
1,40576.668060599695
2,32113.551357879907
3,5259.190233036804
4,3841.6170780137695
