reservoir,value
1,59981.936576156215
2,8538.500538068794
3,15381.681450600961
4,9004.291556459197
