reservoir,value
1,104881.916577731
2,9538.26301813612
3,12896.965950637223
4,1374.391556459197
