reservoir,value
1,51178.17915191511
2,1269.913365025729
3,4503.710955235261
4,1669.6990225323607
