reservoir,value
1,46371.72752231444
2,6695.1897840692545
3,13749.68020754675
4,10982.376106218118
