reservoir,value
1,60227.46384866264
2,9529.730950591404
3,8489.43696087651
4,4761.566659988176
