reservoir,value
1,30543.956629087916
2,1316.2583443709873
3,21182.447488788257
4,19864.189444626754
