reservoir,value
1,168034.50386672572
2,0.0
3,51806.1
4,12234.289444626842
