reservoir,value
1,167754.3962577975
2,19617.2
3,50773.14769952036
4,9532.368372644261
