reservoir,value
1,17695.754758677314
2,12193.88948562564
3,3164.01002272893
4,2483.526768382862
