reservoir,value
1,78797.82128985054
2,0.0
3,12210.304524890642
4,11805.676840928172
