reservoir,value
1,33701.646437361036
2,13615.273121047256
3,5476.187185009643
4,10650.91197300519
