reservoir,value
1,138651.59393197738
2,533.7731210472557
3,18043.84962515182
4,12744.9
