reservoir,value
1,39661.040066735586
2,7782.700000000001
3,21772.2
4,12744.9
