reservoir,value
1,29034.671860035756
2,5119.970070933552
3,3474.5573655026137
4,6817.930591901497
