reservoir,value
1,40820.229963549995
2,8151.1668058
3,11284.186125330001
4,10039.339616420002
