reservoir,value
1,50926.735095846045
2,16199.146974891566
3,9284.89429774263
4,13497.196772406369
