reservoir,value
1,5512.435095846042
2,0.0
3,0.0
4,8706.797731169263
