reservoir,value
1,200717.6
2,11555.672326243506
3,27470.669259855036
4,6258.386001335744
