reservoir,value
1,46418.620277937254
2,25622.31739496343
3,6653.34739496566
4,3575.2281466453596
