reservoir,value
1,89337.16403850913
2,0.0
3,20397.02299046523
4,12744.9
