reservoir,value
1,20899.501473929933
2,7916.257473699727
3,3893.184635125166
4,4218.781697465156
