reservoir,value
1,48000.91074984398
2,10840.537008020085
3,12860.637059684625
4,6716.1618799952585
