reservoir,value
1,6405.989446034457
2,5216.343260179989
3,2959.737059684625
4,1631.8114291724978
