reservoir,value
1,14205.846876867892
2,32924.36576291054
3,4474.940819758536
4,2898.229207166889
