reservoir,value
1,32210.031350596237
2,6620.80244747653
3,11290.200960435188
4,16495.202013056827
