reservoir,value
1,72756.31916389159
2,5444.34808651905
3,12167.335964534206
4,14974.824123675193
