reservoir,value
1,138696.73789368843
2,4064.40840455743
3,22729.894657267047
4,0.0
