reservoir,value
1,55165.19120717753
2,21513.751469920924
3,7015.019063337454
4,12053.761918517896
