reservoir,value
1,0.0
2,8432.251469920924
3,0.0
4,4423.861918517993
