reservoir,value
1,187196.56964718073
2,19617.2
3,30876.690036352305
4,0.0
