reservoir,value
1,44527.76952169091
2,19617.2
3,3808.0690550686777
4,3847.687559108721
