reservoir,value
1,82307.36046881853
2,10897.010218613637
3,7843.810476056487
4,14791.140571273227
