reservoir,value
1,199913.01637650168
2,19617.2
3,42594.60926372957
4,12744.9
