reservoir,value
1,38511.90159831569
2,1615.5792531419663
3,12559.429904205514
4,11862.58972007917
