reservoir,value
1,17048.79308132194
2,11215.834880823513
3,3214.1293604239463
4,1298.7565832601524
