reservoir,value
1,85291.98676624527
2,0.0
3,1523.0283164733173
4,1180.496305962449
