reservoir,value
1,28022.362298608798
2,9416.025250210396
3,5337.05564543012
4,6087.8163014974
