reservoir,value
1,106591.17041836609
2,0.0
3,30669.46036847867
4,12744.9
