reservoir,value
1,57710.07014376299
2,10162.36981129361
3,12383.991115045748
4,6049.402652241288
