reservoir,value
1,12970.910296676748
2,0.0
3,3462.642334940087
4,2160.6004534258404
