reservoir,value
1,30019.05544506172
2,5432.772432188647
3,3986.0134194395973
4,3153.479223696967
