reservoir,value
1,32955.89035771411
2,4187.072432188661
3,0.0
4,0.0
