reservoir,value
1,31503.408281399297
2,4355.7251633722935
3,6806.487137970792
4,10651.286973638678
