reservoir,value
1,29806.88260370507
2,11148.684128564031
3,3211.6079055859964
4,1779.1807715719285
