reservoir,value
1,54955.93818434774
2,19617.2
3,22969.0367129267
4,12744.9
