reservoir,value
1,138790.1636376745
2,4067.9588507141475
3,22353.076168551466
4,8943.656066547133
