reservoir,value
1,144985.32658997504
2,0.0
3,41338.86385355935
4,12744.9
