region,depth,value
1,1,2200.7225866683802
1,2,553.0740874514158
1,3,0.0
1,4,335.05
2,1,0.0
2,2,0.0
2,3,0.0
2,4,0.0
3,1,0.0
3,2,0.0
3,3,0.0
3,4,0.0
4,1,0.0
4,2,0.0
4,3,0.0
4,4,0.0
