reservoir,value
1,35016.86005117671
2,11096.894727309582
3,4804.65086332757
4,2725.2990787713024
