reservoir,value
1,72433.12823040687
2,7766.688297325807
3,4925.476139636936
4,0.0
