reservoir,value
1,16808.094275191925
2,1655.5709945032213
3,2959.2972854084337
4,2298.156165385672
