reservoir,value
1,50430.477931575275
2,8050.967538486602
3,11572.73965394211
4,5707.062980617466
