reservoir,value
1,60524.90602336419
2,4539.543722537245
3,1671.83965394211
4,0.0
