reservoir,value
1,39631.526729605685
2,2063.3605944238675
3,5754.543794648553
4,9414.315141436635
