reservoir,value
1,33199.770958979774
2,4402.584892400669
3,16104.909704945994
4,8978.074217995376
