reservoir,value
1,27317.365067817125
2,11448.741981500652
3,48252.32004400073
4,7027.129198114235
