reservoir,value
1,32430.329376979244
2,4160.653956767575
3,13647.061866661972
4,7970.374050569509
