reservoir,value
1,0.0
2,0.0
3,4939.277453631294
4,913.9616382245322
