reservoir,value
1,46622.238091792606
2,4224.606608110311
3,12219.041295721094
4,19562.832908218807
