reservoir,value
1,40082.61283657016
2,8664.459893464447
3,6532.726896948862
4,2192.125874585218
