reservoir,value
1,45346.64120069789
2,7618.831082170211
3,15661.715334745753
4,5026.998134746276
