reservoir,value
1,108483.68054457007
2,12739.483530145744
3,24196.67348006741
4,0.0
