reservoir,value
1,29947.37021408113
2,56849.39935165038
3,3897.6894069117216
4,2601.6179959917895
