reservoir,value
1,167862.0297838707
2,19617.2
3,25649.222416101427
4,5622.589113775424
