reservoir,value
1,23803.991602718193
2,21731.496211142585
3,3642.833481395294
4,1394.71580395467
