reservoir,value
1,24987.20669427097
2,12105.079610693925
3,3878.565552690125
4,4442.803607136972
