reservoir,value
1,75573.74119534611
2,0.0
3,22132.245157795554
4,12744.9
