reservoir,value
1,28868.12732039664
2,0.0
3,0.0
4,5285.170485042086
