reservoir,value
1,39899.79763676007
2,21526.880221258165
3,3973.1487993396586
4,9027.905322792547
