reservoir,value
1,23320.548652091464
2,24425.93833432817
3,5056.866165881809
4,9658.752992189662
