reservoir,value
1,91397.91757229897
2,19617.2
3,14091.373662822814
4,12744.9
