reservoir,value
1,40582.03960261529
2,10565.837584854691
3,7522.661913616743
4,14372.35647604406
