reservoir,value
1,68010.2452911502
2,1984.5288341615903
3,9315.146822963725
4,12744.9
