reservoir,value
1,54231.742810219475
2,7696.918593542308
3,16485.896349197974
4,13596.519733591922
