reservoir,value
1,34307.46876487258
2,9539.64955597108
3,7405.705316601907
4,2691.593440089392
