reservoir,value
1,139576.9755839959
2,3852.0432229295793
3,31823.35390571035
4,9567.597741078986
