reservoir,value
1,27347.07697768306
2,2855.1190968014307
3,5342.266037048935
4,14816.601397264723
