reservoir,value
1,83225.4198818125
2,0.0
3,45633.66625204435
4,12744.9
