reservoir,value
1,144219.33435000852
2,1426.850779902259
3,46240.169748894026
4,9505.730792591297
