reservoir,value
1,25676.11988684378
2,17348.602867921752
3,2978.8260282697224
4,1865.3417768684012
