reservoir,value
1,92360.79572359043
2,19617.2
3,5770.945520901805
4,7827.708057050468
