reservoir,value
1,36169.210147306425
2,16189.48121145734
3,18555.832000161547
4,17337.580110427873
