reservoir,value
1,22999.191449191392
2,19617.2
3,17580.09145132496
4,1537.9651433797935
