reservoir,value
1,34093.1138987523
2,5601.475257597339
3,6597.527179744354
4,2779.101764166665
