reservoir,value
1,107591.41032616941
2,3956.129643379063
3,18636.34385796106
4,12744.9
