reservoir,value
1,104880.60458491086
2,14821.461106906318
3,30455.906636590124
4,8544.510623189042
