reservoir,value
1,17116.292025579172
2,4341.1642658506535
3,3872.7901107880944
4,6331.42453864249
