reservoir,value
1,56177.839334722536
2,5629.763560140556
3,10950.243051523847
4,9263.153718988351
