reservoir,value
1,99692.5763999999
2,6193.403999997377
3,32017.740299999998
4,12744.9
