reservoir,value
1,23630.151109469
2,7537.439982223943
3,5355.484767133861
4,3326.185018641842
