reservoir,value
1,53343.96671626433
2,11656.887154515105
3,7077.086176275237
4,4331.808612392864
