reservoir,value
1,151383.11191784497
2,13398.7991978538
3,22866.693889195743
4,0.0
