reservoir,value
1,40144.59102461082
2,18393.56234333917
3,8504.113636029355
4,3400.3788642699606
