reservoir,value
1,0.0
2,5506.157094021899
3,5772.8268728926305
4,0.0
