reservoir,value
1,34251.756242779615
2,2980.022804404158
3,18622.82235093219
4,9436.47549656932
