reservoir,value
1,86839.81244567398
2,0.0
3,40029.607974762075
4,12744.9
