reservoir,value
1,29866.582091134187
2,4780.128591824876
3,10099.795598035014
4,2869.374581623159
