reservoir,value
1,0.0
2,801.5942189616934
3,5156.4007104623615
4,815.8248775470264
