reservoir,value
1,46603.39771254497
2,30783.283811326197
3,4591.121006772352
4,2240.7269029052686
