reservoir,value
1,140147.2984239718
2,19617.2
3,12907.670125181083
4,9241.147339554764
