reservoir,value
1,189007.43144190547
2,6049.801691665978
3,45192.14897215873
4,7446.434373250372
