reservoir,value
1,24429.559701954
2,18011.53953952802
3,3548.871474560045
4,4051.7260021735087
