reservoir,value
1,20456.562279475078
2,16170.272209733852
3,2081.80362247277
4,1664.0845910204253
