reservoir,value
1,49236.28644362478
2,4418.338776056873
3,3128.971318498423
4,6651.339009966766
