reservoir,value
1,38328.44422065108
2,6615.645815349789
3,3988.1777856310373
4,6212.913422737378
