reservoir,value
1,172615.42320622082
2,16680.665815351294
3,37406.86317977634
4,12683.853836400009
