reservoir,value
1,40114.62532600132
2,12431.432466957482
3,9538.920601116713
4,15618.72309129646
