reservoir,value
1,52660.51462161149
2,1795.34265297603
3,6115.858403489392
4,16299.90550161486
