reservoir,value
1,153964.30361728754
2,0.0
3,5663.779097929397
4,12744.9
