reservoir,value
1,29289.160696232284
2,4039.998096989527
3,5437.049549910904
4,9803.568908820638
