reservoir,value
1,124784.03130672865
2,0.0
3,20518.442445811987
4,12744.9
