reservoir,value
1,85113.76537601455
2,5344.380076100862
3,40137.735296792736
4,28820.91513441472
