reservoir,value
1,0.0
2,0.0
3,63915.190084248134
4,33935.915134414725
