reservoir,value
1,51704.030888245245
2,5879.7410140292795
3,7492.0310905852
4,15975.76819165879
