reservoir,value
1,129423.12324727955
2,0.0
3,22295.069500990165
4,12744.9
