reservoir,value
1,43969.5194867515
2,5040.652367682062
3,15841.73771909683
4,7369.455681181745
