reservoir,value
1,71322.98836796585
2,15061.45553157133
3,12046.122393556321
4,4793.865143938858
