reservoir,value
1,128492.00316294719
2,19617.2
3,7184.697025165053
4,0.0
