reservoir,value
1,47406.38465952536
2,6932.936831881587
3,9490.37519644507
4,5211.7588791244725
