reservoir,value
1,57863.79786375236
2,0.0
3,12453.186498201354
4,0.0
