from,to,value
1,1,0.0
1,2,0.0
1,3,0.0
1,4,0.0
1,5,0.0
2,1,4590.043764847318
2,2,0.0
2,3,0.0
2,4,0.0
2,5,0.0
3,1,1000.0
3,2,0.0
3,3,0.0
3,4,0.0
3,5,306.0729508428866
4,1,0.0
4,2,0.0
4,3,0.0
4,4,0.0
4,5,548.4129100773536
5,1,854.4858609202402
5,2,0.0
5,3,0.0
5,4,0.0
5,5,0.0
