reservoir,value
1,5812.605816654774
2,2377.59997151586
3,0.0
4,808.2483928244931
