reservoir,value
1,91115.49085817479
2,4059.98390415217
3,25489.660278715037
4,16914.378756571386
