reservoir,value
1,90168.67850038917
2,454.54390415232916
3,22937.4853977448
4,12645.27297735776
