reservoir,value
1,48734.53665320892
2,5844.4594979361245
3,18588.004922108696
4,16776.23895002306
