reservoir,value
1,0.0
2,0.0
3,135.67793681409967
4,5216.52261540534
