reservoir,value
1,90481.75779850729
2,6982.694414867428
3,51806.1
4,4012.6793696929903
