reservoir,value
1,20805.752653996227
2,34184.894472023596
3,2801.726389867365
4,2610.213329510746
