reservoir,value
1,12201.03336042237
2,19617.2
3,4807.852228755512
4,1043.7764920574414
