reservoir,value
1,24687.800790799214
2,5061.942822928893
3,3785.389776989929
4,2952.589416104322
