reservoir,value
1,21073.025492500543
2,9195.698868657499
3,4604.550942511506
4,2853.9626953864545
