reservoir,value
1,52009.85350685677
2,12939.76717722051
3,650.8559264273531
4,0.0
