reservoir,value
1,22811.200462787172
2,8914.395769116209
3,5123.591363188852
4,4167.257333207615
