reservoir,value
1,121592.61643719074
2,0.0
3,21993.50485323229
4,12744.9
