reservoir,value
1,20105.75920219544
2,37802.07773699708
3,2449.6873772844597
4,2291.879532856905
