reservoir,value
1,47717.332440799575
2,19617.2
3,17093.180013807916
4,10998.362576316858
