reservoir,value
1,23293.14687267356
2,10901.640758018233
3,5990.18713493325
4,3770.092947263194
