reservoir,value
1,62313.05149756153
2,14107.81563550746
3,0.0
4,0.0
