reservoir,value
1,31928.36365475338
2,14923.9186901428
3,6642.006796968292
4,3756.1897935295674
