reservoir,value
1,191542.18344828294
2,19617.2
3,44073.70983038305
4,12744.9
