reservoir,value
1,19590.58941249606
2,13763.900064604128
3,3759.442053195331
4,2221.2822234078426
