reservoir,value
1,73321.88796298378
2,6172.395359793211
3,19514.60074908276
4,10644.284301726559
