reservoir,value
1,99460.36573338474
2,0.0
3,25453.260377114188
4,12744.9
