reservoir,value
1,35271.47190232051
2,3959.1659482018977
3,10801.125348960915
4,5615.018141282651
