reservoir,value
1,56576.11885909677
2,0.0
3,6501.444266168673
4,1578.5924871972693
