reservoir,value
1,72529.56129043762
2,9899.03426066741
3,9579.236455812832
4,10555.337928855919
