reservoir,value
1,22004.18939986523
2,14270.775740817478
3,4205.481680846979
4,4548.117838138017
