reservoir,value
1,33075.535587299615
2,19617.2
3,2042.9087952779362
4,0.0
