reservoir,value
1,44627.12970875905
2,2249.640134139954
3,18587.72897894101
4,24209.981234877512
