reservoir,value
1,99438.19741150315
2,6135.578896034193
3,37667.797387656916
4,25687.012124422563
