reservoir,value
1,154629.45904466987
2,6767.136463260127
3,38428.868058173306
4,12744.9
