reservoir,value
1,47632.0683055361
2,5784.311186750993
3,6489.400508004033
4,15431.490708965859
