reservoir,value
1,23862.699900803393
2,6852.479632569773
3,3302.4284520213505
4,3359.00989451887
