reservoir,value
1,84715.8216377088
2,5141.4862916041
3,15919.061941047408
4,12529.909894518842
