reservoir,value
1,149621.96378031216
2,0.0
3,8932.858672485829
4,12744.9
