reservoir,value
1,128185.40484876203
2,3068.6542129106774
3,44994.428524772884
4,10864.83358481357
