reservoir,value
1,92029.99359999962
2,0.0
3,19896.417900000004
4,12744.9
