reservoir,value
1,28964.73710974726
2,3064.5411837372703
3,9026.916323101908
4,5014.712059317504
