reservoir,value
1,96623.13360576134
2,0.0
3,50932.1163231019
4,10129.712059317504
