reservoir,value
1,17309.22553426387
2,10912.72672758781
3,4942.283201919287
4,3110.4546908883212
