reservoir,value
1,70896.93348986804
2,0.0
3,39436.71303499301
4,9189.421287759771
