reservoir,value
1,37503.5007226415
2,18280.539202323896
3,6354.252273060358
4,9690.213549736112
