reservoir,value
1,140730.447874828
2,5199.0392023238965
3,37562.43878213731
4,12744.9
