reservoir,value
1,38746.72631646894
2,22062.121707827595
3,6384.486231586301
4,11407.516737298301
