from,to,value
1,1,0.0
1,2,0.0
1,3,344.39999999999907
1,4,0.0
1,5,115.80852255460182
2,1,4383.398522553875
2,2,0.0
2,3,0.0
2,4,0.0
2,5,0.0
3,1,0.0
3,2,0.0
3,3,0.0
3,4,0.0
3,5,0.0
4,1,0.0
4,2,0.0
4,3,0.0
4,4,0.0
4,5,0.0
5,1,0.0
5,2,0.0
5,3,0.0
5,4,115.8085225613986
5,5,0.0
