reservoir,value
1,60087.296863740245
2,7168.983453196473
3,5992.25449975136
4,6784.808522561399
