reservoir,value
1,21470.067786321033
2,2873.5643630217405
3,5625.5095784959485
4,5882.263196659406
