reservoir,value
1,124242.61780046448
2,0.0
3,25814.465000233173
4,12744.9
