reservoir,value
1,54607.914959899994
2,9741.729163119999
3,14836.957112129998
4,22920.233040319996
