reservoir,value
1,143578.06117273346
2,3125.290263120911
3,29994.29901213
4,12744.9
