reservoir,value
1,72217.73126767867
2,18525.295194061924
3,24498.12383658358
4,5249.973185245217
