reservoir,value
1,49886.53281817718
2,5946.5816882410345
3,7668.362879603522
4,15465.662705180348
