reservoir,value
1,127018.6103679452
2,8731.122638009176
3,37043.646260810725
4,5488.192263257493
