reservoir,value
1,45492.74379677501
2,5343.935316265871
3,9118.684526588706
4,5745.43541065117
