reservoir,value
1,42966.62541087456
2,9799.338949751718
3,12043.503336897273
4,7472.752069346224
