reservoir,value
1,39341.84735679292
2,2681.4372254919135
3,8287.100214995424
4,23749.61807299879
