reservoir,value
1,21601.300841772652
2,18519.147606952458
3,4206.116272275854
4,2752.554706346541
