reservoir,value
1,87913.58451597326
2,5437.647606952458
3,14680.308802137002
4,12255.45470634654
