reservoir,value
1,27686.295297598794
2,2624.202852023899
3,4499.245261264106
4,7054.554471485046
