reservoir,value
1,99265.9990931203
2,0.0
3,16540.005353620723
4,12744.9
