reservoir,value
1,22377.95001175316
2,4744.941653628917
3,4040.7250135622353
4,4179.8263632034195
