reservoir,value
1,132762.82623600145
2,0.0
3,19661.747572147404
4,12744.9
