reservoir,value
1,27135.326850800033
2,39560.62741830439
3,6988.887535787682
4,2858.6431409450374
