reservoir,value
1,40289.32517064793
2,19617.2
3,3632.578964794311
4,0.0
