reservoir,value
1,20477.706120425773
2,8970.58197025063
3,3283.590747278109
4,2217.450872981469
