reservoir,value
1,140569.332906398
2,0.0
3,11698.152215010068
4,1768.1169033780552
