reservoir,value
1,39415.85794581924
2,4844.188245211521
3,9146.349757204534
4,16867.69365059315
