reservoir,value
1,36539.40179465395
2,13348.72464189007
3,17457.1
4,12744.9
