reservoir,value
1,22997.985240664057
2,24935.964931952934
3,2892.4344720593785
4,1964.1321619024995
