reservoir,value
1,19775.35547995502
2,19617.2
3,4959.840683335395
4,2540.086761070025
