reservoir,value
1,14767.428722651566
2,8005.117509277075
3,3229.743240261737
4,2033.2694443077905
