reservoir,value
1,38606.70433669574
2,421.35213389217097
3,23253.231177487472
4,4527.109818401652
