reservoir,value
1,15098.551840418488
2,14764.052891838946
3,3414.0540164035424
4,3504.860440087024
