reservoir,value
1,73983.66852286067
2,1682.5528918389464
3,29468.68135487364
4,12056.597930409413
