reservoir,value
1,119044.8589921334
2,3004.2220703947773
3,27755.26270928908
4,12744.9
