reservoir,value
1,141984.07851956962
2,19617.2
3,691.0240136359935
4,2323.107818023268
