reservoir,value
1,16048.044137645293
2,9297.475615447982
3,3527.039676613276
4,2602.1021615678833
