reservoir,value
1,39937.667117206234
2,2806.2582062608753
3,8883.942139642862
4,17792.14198767027
