reservoir,value
1,131355.3800729763
2,0.0
3,31891.86676912281
4,12744.9
