reservoir,value
1,24152.304611434127
2,5498.581851836682
3,4332.583281933313
4,5003.021081903626
