reservoir,value
1,57006.00525915485
2,5100.58185183707
3,0.0
4,551.7765723288312
