reservoir,value
1,42732.319324731354
2,5191.225618375431
3,10072.394718329575
4,7116.641167892923
