region,depth,value
1,1,104.5201287489824
1,2,27.865000000000006
1,3,20.258000000000003
1,4,16.672500000000003
2,1,0.0
2,2,0.0
2,3,0.0
2,4,0.0
3,1,0.0
3,2,0.0
3,3,0.0
3,4,0.0
4,1,0.0
4,2,0.0
4,3,0.0
4,4,0.0
