region,depth,value
1,1,18.1464
1,2,4.4584
1,3,4.0516000000000005
1,4,2.6676
2,1,4.5366
2,2,1.1146
2,3,1.0129000000000001
2,4,0.6669
3,1,0.0
3,2,0.0
3,3,0.0
3,4,0.0
4,1,0.0
4,2,0.0
4,3,0.0
4,4,0.0
