from,to,value
1,1,0.0
1,2,2552.5593209614717
1,3,158.8495508642783
1,4,0.0
1,5,154.89161514716645
2,1,593.6121786337983
2,2,0.0
2,3,0.0
2,4,0.0
2,5,0.0
3,1,280.0
3,2,0.0
3,3,0.0
3,4,0.0
3,5,432.20159510195316
4,1,0.0
4,2,0.0
4,3,0.0
4,4,0.0
4,5,2417.1624840285936
5,1,1748.8374694300226
5,2,0.0
5,3,1160.2680925063044
5,4,95.1501323415156
5,5,0.0
