from,to,value
1,1,0.0
1,2,2157.3467237329733
1,3,327.64741632934135
1,4,0.0
1,5,697.9057093840487
2,1,1138.2489224561314
2,2,0.0
2,3,0.0
2,4,0.0
2,5,0.0
3,1,240.0917163960914
3,2,0.0
3,3,0.0
3,4,0.0
3,5,568.4959634462055
4,1,0.0
4,2,0.0
4,3,0.0
4,4,0.0
4,5,958.5426064405688
5,1,1031.0662628902191
5,2,0.0
5,3,858.433128732237
5,4,335.44488764833926
5,5,0.0
