plant,value
1,33599.30563769587
2,8858.805555528275
3,8248.351010884202
4,6017.730865427014
