reservoir,value
1,26306.185912737707
2,9902.486226511153
3,5187.651169862495
4,6023.8647685383075
