reservoir,value
1,21714.31560198559
2,10469.440886977267
3,4263.737296589431
4,3595.3582627690894
