reservoir,value
1,28.03091727202742
2,558.6706789074328
3,55.87696951627552
4,134.6116686290143
