reservoir,value
1,148.22376745160483
2,1569.5800083635606
3,40.654322689341484
4,135.76278990466582
