reservoir,value
1,98904.39384732311
2,2704.5839624949567
3,23425.966888616273
4,11896.868644118109
