reservoir,value
1,133883.05185347886
2,3022.1124126438103
3,26763.24550532477
4,12422.393344719729
