reservoir,value
1,25774.4635823797
2,11552.003779777679
3,8827.271099421641
4,2706.403294886545
