reservoir,value
1,92358.3716768449
2,3809.1308954544993
3,19049.307370620634
4,19027.908347062963
