reservoir,value
1,200717.6
2,6571.49219571391
3,51806.1
4,6251.7545054238835
