reservoir,value
1,11623.988352748724
2,3120.1819567920684
3,2891.364669327216
4,1745.7805017565329
