reservoir,value
1,74353.56342159183
2,0.0
3,10817.290730923718
4,1796.2387482294962
