reservoir,value
1,23127.531269075516
2,11197.367830722334
3,3785.2369949661916
4,2030.033022701032
