reservoir,value
1,13780.045244267285
2,10003.005433774895
3,2659.41893592196
4,1731.2269810188031
