reservoir,value
1,64451.25445292
2,12349.12925528
3,17376.98813739
4,18223.927999800002
