reservoir,value
1,158052.93240820034
2,0.0
3,35363.96603739
4,12744.9
