reservoir,value
1,51843.65035460313
2,9912.278607707336
3,3100.5931887944394
4,8624.413363910233
