reservoir,value
1,20221.817064295872
2,4779.724291336475
3,5327.305698446955
4,4468.419000122236
