reservoir,value
1,93860.21118281965
2,0.0
3,17140.53158339891
4,11431.585159894757
