reservoir,value
1,18212.12757337747
2,10512.917582737102
3,3678.2486146449605
4,3542.1764094456976
