reservoir,value
1,84815.5182993402
2,0.0
3,11717.123875602676
4,12744.9
