reservoir,value
1,200717.6
2,7345.915697769916
3,18874.700100398506
4,1939.3092922917476
