reservoir,value
1,40672.977591185634
2,7710.81729888333
3,25076.265352038008
4,20839.501692604077
