reservoir,value
1,5027.018390131045
2,1415.1358937540354
3,0.0
4,0.0
