reservoir,value
1,19276.114707666027
2,7380.900160759766
3,5703.511165164329
4,3727.0602819357864
