reservoir,value
1,116004.4587376365
2,0.0
3,35894.118885319054
4,12744.9
