reservoir,value
1,130788.71124352123
2,5543.656622273333
3,28004.796644092537
4,4800.044612393511
