reservoir,value
1,22625.86980530594
2,2467.1465678414315
3,5583.621658303354
4,7067.383864560665
