reservoir,value
1,28923.33219542658
2,0.0
3,12864.73438412883
4,12744.9
