reservoir,value
1,13742.124709622844
2,11286.031702747787
3,3123.0276281419056
4,2625.168116370782
