reservoir,value
1,19607.41351150287
2,18348.202980689362
3,3985.156022391459
4,3128.4504407130203
