reservoir,value
1,54791.12151339385
2,19617.2
3,38460.660472868796
4,12299.35044071302
