reservoir,value
1,160852.98905418935
2,0.0
3,49339.05571245072
4,12744.9
