reservoir,value
1,71461.90407290618
2,24228.542581822658
3,7720.2702036788305
4,8094.768365794535
