reservoir,value
1,22111.695005804017
2,6118.0480638327
3,3982.6733699424026
4,1826.1095825909335
