reservoir,value
1,36833.53663551913
2,15562.674935592764
3,6196.575787927144
4,3333.77824951565
