reservoir,value
1,22371.74746653731
2,6753.617041937339
3,0.0
4,0.0
