reservoir,value
1,0.0
2,10678.095287126855
3,0.0
4,2311.1576480968533
