reservoir,value
1,19853.459764889434
2,2831.9472900482247
3,4823.456754042753
4,4910.720042853525
