reservoir,value
1,109593.51474165678
2,0.0
3,3989.243501800882
4,12744.9
