reservoir,value
1,110560.76088211511
2,8024.158985350006
3,0.0
4,0.0
