reservoir,value
1,29472.336801938178
2,8792.264720871088
3,3648.854393857526
4,3919.2135967176473
