reservoir,value
1,147635.0714071125
2,7231.800304511167
3,22022.395682403803
4,10998.685753925281
