reservoir,value
1,121533.81997095597
2,19617.2
3,11472.531796163461
4,9804.210618514739
