reservoir,value
1,17837.79901548918
2,13810.775662969521
3,2486.0411668755432
4,1673.3960040122158
