reservoir,value
1,68505.48809472394
2,19617.2
3,4211.031540664615
4,3311.6275260408347
