reservoir,value
1,20037.30164155259
2,4587.791415402375
3,5525.349044507096
4,2594.1212360855666
