reservoir,value
1,77927.03879785008
2,11470.218759515927
3,12061.816079397015
4,5368.2549632853625
