reservoir,value
1,29473.292288558318
2,14633.812387938005
3,8555.065011444934
4,8079.69817221355
