reservoir,value
1,120069.94245225907
2,1552.3123879380055
3,28840.5091738807
4,12097.731249110526
