reservoir,value
1,35477.48712990168
2,23829.431205052006
3,19206.020566538005
4,8775.543785570057
