reservoir,value
1,49243.913008461124
2,19617.2
3,40032.55494482663
4,1145.643785570057
