reservoir,value
1,48257.758195752795
2,6593.613241765903
3,8121.039915464114
4,7686.04276044919
