reservoir,value
1,97857.04546323104
2,7092.29253032698
3,28123.960169522798
4,4653.056966446153
