reservoir,value
1,75425.14376974186
2,5149.267876098962
3,18543.80083331385
4,15704.897932966876
