reservoir,value
1,30010.843769741827
2,0.0
3,0.0
4,11535.194107915122
