reservoir,value
1,200717.6
2,9778.470823046837
3,21009.497260490898
4,0.0
