reservoir,value
1,35325.48331620687
2,15431.646502832064
3,2533.884752675353
4,1761.1563659545582
