reservoir,value
1,151151.52055434612
2,5054.905806421064
3,2293.27692193777
4,542.0306710235864
