reservoir,value
1,75156.8119578253
2,3719.7156700339156
3,33947.90635240179
4,13523.270054951188
