reservoir,value
1,0.0
2,0.0
3,24047.00635240179
4,8825.126472392276
