reservoir,value
1,91791.8880049498
2,3693.1384188123466
3,51806.1
4,382.63411280833583
