reservoir,value
1,15172.590795582593
2,9573.24422163576
3,2947.597367145871
4,2037.0638143357598
