reservoir,value
1,62142.39027878132
2,0.0
3,3672.1015754433565
4,10271.9005892899
