reservoir,value
1,35379.90257821697
2,33133.31998293919
3,3360.278590322485
4,3068.4496464904587
