reservoir,value
1,19441.999201553204
2,19617.2
3,734.5040191754958
4,321.3794187403572
