reservoir,value
1,69694.27688076318
2,19617.2
3,17410.65890768657
4,10389.908461372284
