reservoir,value
1,51625.55710825682
2,5270.717874984406
3,12389.32319094419
4,11164.900543865506
