reservoir,value
1,57317.5501938064
2,0.0
3,2516.9231909441887
4,3685.7943302388194
