reservoir,value
1,34854.030483137714
2,1574.6618640220609
3,9893.85123897437
4,16591.883994367032
