reservoir,value
1,126813.85531375685
2,19617.2
3,22434.712290696647
4,12744.9
