reservoir,value
1,58889.66553094714
2,4628.837159522534
3,10074.287220529277
4,6807.1456426950635
