reservoir,value
1,38003.94476760343
2,3000.0536198550008
3,17429.76662633312
4,16220.595145637812
