reservoir,value
1,170856.014143085
2,0.0
3,27352.85653999675
4,11551.605860211821
