reservoir,value
1,49048.51311641992
2,0.0
3,54.2770394290649
4,2328.0885661596676
