reservoir,value
1,26208.37518846134
2,9831.38730602375
3,5133.799161082187
4,6189.773092148369
