reservoir,value
1,124820.0337934956
2,0.0
3,29356.48940085144
4,12744.9
