reservoir,value
1,47541.719819094054
2,0.0
3,33141.66218862876
4,6400.872295932168
