reservoir,value
1,24636.65597770775
2,5474.706833982236
3,3423.9418981579684
4,1919.600102905443
