reservoir,value
1,34846.30595101818
2,16824.628341230586
3,4811.615643107022
4,1839.8732721832666
