reservoir,value
1,16987.71126980472
2,6485.756331780067
3,22277.492111099044
4,0.0
