reservoir,value
1,24909.734481653053
2,15116.724337147167
3,3940.5850209592168
4,2236.4370614488225
