reservoir,value
1,39219.50872507997
2,5466.849024689924
3,10605.237309507318
4,4343.178000097373
