reservoir,value
1,0.0
2,1989.8258684855373
3,1292.3041682334806
4,0.0
