reservoir,value
1,37648.83265001965
2,11026.462662563463
3,8664.88886329601
4,5096.377207263189
