reservoir,value
1,80984.80394445965
2,0.0
3,2662.0443743144224
4,0.0
