reservoir,value
1,0.0
2,0.0
3,5669.8820320681825
4,1114.1353589251576
