reservoir,value
1,172161.18608330903
2,16621.424819803586
3,51806.1
4,12744.9
