reservoir,value
1,88827.26553799424
2,4921.453497602709
3,11277.01428402818
4,0.0
