reservoir,value
1,85671.78607722996
2,0.0
3,32591.47794132209
4,8684.577908806532
