reservoir,value
1,168357.5143314813
2,7993.887310866013
3,36465.24234774204
4,9312.045376122484
