reservoir,value
1,73543.76744210083
2,0.0
3,20622.7665856252
4,0.0
