reservoir,value
1,60178.21473861875
2,5876.595410843289
3,12085.249101360721
4,14723.030371966453
