reservoir,value
1,108731.83744266795
2,2235.4666322886155
3,33411.52928100139
4,8423.678529660667
