reservoir,value
1,18968.286708066087
2,11109.370556189973
3,3139.1469702864892
4,2225.357631199368
