reservoir,value
1,41009.7498160743
2,0.0
3,0.0
4,952.8372780006239
