reservoir,value
1,23911.101723629086
2,9584.191597659386
3,3670.447677369096
4,4318.648984175323
