reservoir,value
1,67986.99139555746
2,0.0
3,14531.939827233955
4,12744.9
