reservoir,value
1,2988.493257539136
2,19617.2
3,50300.19534661573
4,12744.9
