reservoir,value
1,44780.46468372151
2,4514.5311871341855
3,9737.577208142553
4,9132.764105126473
