reservoir,value
1,81845.4147378357
2,0.0
3,15609.441792908427
4,4053.552136643714
