reservoir,value
1,0.0
2,37762.99999819559
3,12974.400000000001
4,25086.1
