reservoir,value
1,18726.14359249002
2,7141.490944892965
3,6489.309604933967
4,7285.1721719427715
