reservoir,value
1,87246.0526814658
2,0.0
3,20490.817905072443
4,12744.9
