reservoir,value
1,52035.760166868684
2,15226.048221354537
3,7196.8656605700835
4,2608.08699446077
