reservoir,value
1,40168.31680263812
2,4698.190887578528
3,8332.14369326766
4,12662.507541949952
