reservoir,value
1,14268.811371507367
2,6854.042496376564
3,4524.524161258985
4,2316.862799956417
