reservoir,value
1,89067.70842224259
2,0.0
3,23575.146061087256
4,7431.862799956775
