reservoir,value
1,180053.9286603905
2,2745.5019185836554
3,39357.64582145121
4,12705.081708697971
