reservoir,value
1,44637.13841014012
2,4617.948207517799
3,5870.461883693667
4,16554.529780662102
