reservoir,value
1,84225.81074296973
2,0.0
3,7120.158706657392
4,6882.7024524847
