reservoir,value
1,105742.1172909622
2,0.0
3,14944.88622600378
4,12744.9
