reservoir,value
1,24192.36951394684
2,6970.731768041651
3,3914.633542479016
4,1936.1800130023253
