reservoir,value
1,58875.75146647916
2,7722.2488641364
3,27194.858053460535
4,2991.1954271780737
