reservoir,value
1,55901.30766970456
2,2156.164733651366
3,13995.449496948728
4,9081.465500432116
