reservoir,value
1,47126.31666481944
2,4738.430050851116
3,5185.470162891503
4,1451.565500432116
