reservoir,value
1,24295.292183119385
2,11150.720495806712
3,7301.356179068679
4,4344.223965164417
