reservoir,value
1,60453.65711490121
2,0.0
3,10004.703763563703
4,7591.550079434226
