reservoir,value
1,72486.24869487384
2,3644.0528974167523
3,7706.058918794857
4,5825.693753132542
