reservoir,value
1,53436.636653047346
2,5510.143532321897
3,6717.888691322158
4,10883.318138943034
