reservoir,value
1,75212.71828855205
2,0.0
3,5248.219764918665
4,4316.162278665321
