reservoir,value
1,35832.24237808468
2,13510.4893115221
3,5568.385632921512
4,2804.3125155461703
