reservoir,value
1,122356.36411472003
2,0.0
3,12764.342911110005
4,10321.58872135831
