reservoir,value
1,17309.88496918732
2,8456.402824350183
3,5040.386744012347
4,3807.851195425299
