reservoir,value
1,85263.03811378533
2,0.0
3,43162.119149042584
4,8922.851195426898
