reservoir,value
1,24763.173592582578
2,4021.055555035771
3,4973.525164208914
4,3763.7063435282134
