reservoir,value
1,96162.10825676864
2,6819.871990811661
3,8463.598916929574
4,0.0
