reservoir,value
1,40781.47306839776
2,3917.57712083199
3,10788.100036695207
4,16356.71844760113
