reservoir,value
1,0.0
2,0.0
3,887.200036695207
4,4229.608161734524
