reservoir,value
1,31672.544562649407
2,7313.860975412574
3,6134.8069070182655
4,2746.6284995854867
