reservoir,value
1,85335.63846940294
2,9295.687641671097
3,3564.0139449069748
4,0.0
