reservoir,value
1,32113.049096900002
2,9531.234312
3,8232.988647
4,12390.65287523
