reservoir,value
1,106243.48640890064
2,0.0
3,15124.921146999995
4,12744.9
