reservoir,value
1,97405.21201109329
2,0.0
3,10115.887249834284
4,12744.9
