reservoir,value
1,25136.037766734727
2,5844.327657661255
3,5826.31754059685
4,4426.791926967563
