reservoir,value
1,134.33990111142546
2,4188.106373117822
3,0.0
4,815.3197468185699
