reservoir,value
1,86566.71716975397
2,0.0
3,1002.1942238490738
4,0.0
