reservoir,value
1,32788.526366266786
2,7205.412349313748
3,3752.8610320110984
4,9701.785393536422
