reservoir,value
1,131951.47145427176
2,0.0
3,18245.82973703059
4,12744.9
