reservoir,value
1,33142.060852767216
2,4752.689587032513
3,7750.04532712931
4,7951.35676543498
