reservoir,value
1,139807.66643395112
2,0.0
3,20698.308396551463
4,12744.9
