reservoir,value
1,48118.27413894431
2,11777.73911693578
3,18743.8981325517
4,5535.474579724905
