reservoir,value
1,16616.27079195798
2,6493.781901201107
3,4143.384852637226
4,4746.004823644789
