reservoir,value
1,83698.19304989174
2,0.0
3,20932.690810989225
4,12744.9
