reservoir,value
1,18125.284483112995
2,5344.120733830405
3,3909.955013830295
4,1908.0503477585505
