reservoir,value
1,8665.127253312967
2,0.0
3,4393.1579461697365
4,0.0
