reservoir,value
1,13269.667123177289
2,6042.329358825803
3,4415.493201264313
4,5462.724194423551
