reservoir,value
1,87882.98908644226
2,0.0
3,2205.7690713527318
4,12744.9
