reservoir,value
1,79562.44363954902
2,0.0
3,8346.468191843844
4,12744.9
