reservoir,value
1,11630.688088742027
2,5188.084156960611
3,2591.367665475788
4,2835.224530261078
