reservoir,value
1,14478.920075181106
2,0.0
3,14684.80938785233
4,0.0
