reservoir,value
1,75070.91086963
2,18385.92905266
3,7221.004331509999
4,11628.11096295
