reservoir,value
1,19625.951371617168
2,15946.687480568628
3,2721.70174681819
4,2082.422992910592
