reservoir,value
1,108859.15002029053
2,0.0
3,11774.775457126261
4,4234.814639370834
