reservoir,value
1,21582.852001227435
2,25357.787292221787
3,2735.7269968400497
4,2085.9192772836504
