reservoir,value
1,47402.793108540776
2,6713.621771444526
3,16437.0606351952
4,17995.4766573644
