reservoir,value
1,187810.79114707423
2,14222.929749674711
3,29312.960143773445
4,12241.377408757377
