reservoir,value
1,24684.148155825078
2,9356.061464017463
3,3739.782909500189
4,3192.326744415457
