reservoir,value
1,116860.32638401649
2,0.0
3,27646.693634876905
4,11115.096747794441
