reservoir,value
1,54279.49207316
2,3594.803465
3,11648.01867501
4,17377.834757660003
