reservoir,value
1,133789.48023816
2,0.0
3,24338.59997501
4,12744.9
