reservoir,value
1,58886.20632007826
2,13100.041032753767
3,10622.250659772584
4,16506.283246894855
