reservoir,value
1,130338.64632049385
2,6218.263030780433
3,12963.34385623114
4,8876.383246894855
