reservoir,value
1,87709.0446143396
2,4647.205627660886
3,22583.460302065898
4,9440.707100111113
