reservoir,value
1,21370.625822425834
2,6532.549554118982
3,8051.760403436494
4,5964.794332453329
