reservoir,value
1,129790.01160974547
2,0.0
3,49956.96040343649
4,11079.79433245329
