reservoir,value
1,35936.16852487858
2,5251.037606744031
3,0.0
4,0.0
