reservoir,value
1,91687.61079759929
2,7764.282622768384
3,16676.46650696598
4,12744.9
