reservoir,value
1,25816.659174555625
2,10402.240229748702
3,3034.6408505765094
4,3095.379984185591
