reservoir,value
1,77228.42668389031
2,0.0
3,6478.587173356922
4,12598.279984185592
