reservoir,value
1,37358.13830805743
2,4821.910985219132
3,8006.076119991668
4,7822.839642879796
