reservoir,value
1,35743.614277240005
2,5831.16779324
3,13027.77670871
4,14736.52513264
