reservoir,value
1,94931.77567048001
2,0.0
3,23391.794608710377
4,9731.902802597004
