reservoir,value
1,45805.83307424
2,6278.37240179
3,29099.40308303
4,24455.6468804
