reservoir,value
1,0.0
2,0.0
3,4994.527806886626
4,16825.746880400002
