reservoir,value
1,37298.88421494
2,6331.559109599999
3,8163.047710560001
4,11592.469016449999
