reservoir,value
1,115366.13352454
2,0.0
3,14854.235310560007
4,11482.766448947934
