reservoir,value
1,51100.16939915248
2,0.0
3,435.7918684744647
4,194.12063581048437
