reservoir,value
1,22559.694921230857
2,8846.461884955132
3,3326.5094144566915
4,2067.97001687923
