reservoir,value
1,58672.189028986715
2,4625.64450203417
3,17434.515492571067
4,802.9316440461433
