reservoir,value
1,20476.102862366475
2,11332.788062142177
3,2872.9798938326694
4,4656.721764245948
