reservoir,value
1,97576.46414827148
2,17868.488062142176
3,12920.230521524565
4,12744.9
