reservoir,value
1,16879.525678075493
2,3998.619948864297
3,2683.717890088165
4,2020.0060379857123
