reservoir,value
1,21322.12976663501
2,29120.63910043533
3,4437.296250083418
4,2243.0572121320356
