reservoir,value
1,129957.63251412314
2,19617.2
3,37661.98155233904
4,4981.968445002867
