reservoir,value
1,39545.0144659692
2,4375.0132312682
3,12058.758364174562
4,16113.675645059528
