reservoir,value
1,128221.79033287657
2,0.0
3,23021.16821045457
4,12744.9
