reservoir,value
1,51586.240103219796
2,3501.1611082973795
3,39202.34743008472
4,22280.31343254929
