reservoir,value
1,58679.13875245549
2,13549.984355939192
3,12971.370422770178
4,6700.323467459302
