reservoir,value
1,17475.138153418484
2,4152.893316553162
3,6106.90887098948
4,511.82428473386244
