reservoir,value
1,47926.35766234233
2,14628.875436556471
3,14794.87045743758
4,15233.263341427688
