reservoir,value
1,104611.58978297468
2,10604.244951116714
3,34764.23068975807
4,12744.9
