reservoir,value
1,35142.94207262066
2,19617.2
3,20411.801256442664
4,98.75747136251812
