reservoir,value
1,80924.05546033611
2,123.40152240386305
3,3705.872139745523
4,7773.298781159512
