reservoir,value
1,69286.27135082961
2,13624.32182228295
3,3127.6798773119563
4,522.9016655322971
