reservoir,value
1,15164.314165489232
2,113070.62918419356
3,2736.9706214002704
4,2770.811510632809
