reservoir,value
1,61275.54959249348
2,19617.2
3,8807.596121258463
4,12273.71151063281
