reservoir,value
1,14088.699313510191
2,8890.749387129032
3,4000.5784593109342
4,1921.2222567561107
