reservoir,value
1,23169.278622735244
2,0.0
3,14456.169001035329
4,8731.399623349302
