reservoir,value
1,40426.19348009666
2,34547.81744069099
3,3506.9520266174227
4,2795.4793527799966
