reservoir,value
1,198734.81348009672
2,19617.2
3,18724.36433975624
4,11821.379352779997
