reservoir,value
1,22993.438716625056
2,29223.399295062445
3,2368.1298221802485
4,1532.2406962859504
