reservoir,value
1,14375.648320647411
2,19617.2
3,2377.6445003413455
4,923.5343938354434
