reservoir,value
1,115464.95070000002
2,0.0
3,19413.783600000002
4,7366.485652188039
