reservoir,value
1,46577.51576201366
2,33152.432102272614
3,13119.126961712023
4,18071.644023484616
