reservoir,value
1,0.0
2,11163.551749322614
3,0.0
4,10441.744023484616
