reservoir,value
1,165969.74590900366
2,19617.2
3,19153.88068856203
4,12744.9
