reservoir,value
1,15635.836237322923
2,18812.940795766244
3,3608.7899787829874
4,4769.283721904389
