reservoir,value
1,81923.61409145228
2,19617.2
3,20106.420388953677
4,12744.9
