reservoir,value
1,45556.60796299091
2,11319.52125837961
3,10261.570926468228
4,14352.538338377717
