reservoir,value
1,12520.236109181544
2,2053.6916881647185
3,2994.7028779626085
4,1963.386292110019
