reservoir,value
1,38071.41429193237
2,6903.942398025578
3,15110.748740724237
4,8398.123297394286
