reservoir,value
1,36384.5232236037
2,19433.567111695083
3,6212.751781106365
4,2361.1832605992963
