reservoir,value
1,119454.17840723622
2,10141.073908464572
3,31844.66840172792
4,0.0
