reservoir,value
1,67521.51827273527
2,3873.8384498436217
3,11970.889767094226
4,17148.119067652762
