reservoir,value
1,45924.958901967286
2,4719.428465604691
3,8684.212623921736
4,14503.946994062584
