reservoir,value
1,52444.49015595
2,6798.568492189999
3,14158.69784128
4,19574.7433042
