reservoir,value
1,133824.96504814
2,0.0
3,28122.43144128
4,4243.200518315932
