reservoir,value
1,20554.367412112508
2,5287.513033986484
3,3135.348239904776
4,2232.7289798579886
