reservoir,value
1,10538.014873006066
2,4614.99729820323
3,336.7564572289716
4,2189.9113929533232
