reservoir,value
1,20005.17280065414
2,7002.592866460497
3,7100.951986070233
4,5942.313452728699
