reservoir,value
1,98554.23715916972
2,0.0
3,49006.15198607023
4,12744.9
