reservoir,value
1,50769.96501084547
2,10623.204381449217
3,9539.481346534956
4,3977.045259951171
