reservoir,value
1,10287.786786991324
2,3165.270519132355
3,2834.826686254991
4,2028.951775382134
