reservoir,value
1,36095.24666835091
2,0.0
3,8061.421541388645
4,10276.767008812081
