reservoir,value
1,46094.67616322165
2,7193.555753513485
3,12199.138639186494
4,13535.859177268345
