reservoir,value
1,37496.47369845891
2,16399.995753513485
3,23226.566479998124
4,7247.282947552446
