reservoir,value
1,12560.715058420208
2,4695.846061396239
3,2500.0717207210023
4,2144.934957388709
