reservoir,value
1,46770.62218440993
2,0.0
3,9270.26737179103
4,8807.354215262747
