reservoir,value
1,134432.60207794514
2,0.0
3,34076.034519903005
4,12744.9
