reservoir,value
1,29422.452502199587
2,2869.1732437860314
3,4782.654773568635
4,8648.910519549469
