reservoir,value
1,112217.48714226953
2,0.0
3,18071.286756328835
4,12744.9
