reservoir,value
1,41568.74537750257
2,15257.649163589173
3,7814.5098902620375
4,6762.79172520995
