reservoir,value
1,88925.4526994961
2,12303.714427062654
3,15412.32550181971
4,0.0
