reservoir,value
1,27774.969227532838
2,6123.72531970179
3,4202.185943402048
4,1722.291559409342
