reservoir,value
1,37724.054547741514
2,4719.638407443332
3,9862.48162702883
4,6276.642938305023
