reservoir,value
1,27050.051678560772
2,15655.795577538027
3,4837.284897985728
4,2555.4303567814814
