reservoir,value
1,0.0
2,6423.899997756518
3,9628.099999999999
4,29520.2
