reservoir,value
1,30280.342349736613
2,12038.703138106855
3,4069.3184715981597
4,1740.9207197316382
