reservoir,value
1,41446.56731802708
2,13263.027372368884
3,5718.110430486813
4,6387.884929604585
