from,to,value
1,1,0.0
1,2,751.6915481214006
1,3,600.0
1,4,0.0
1,5,1025.5
2,1,0.0
2,2,0.0
2,3,0.0
2,4,0.0
2,5,0.0
3,1,0.0
3,2,0.0
3,3,0.0
3,4,0.0
3,5,0.0
4,1,0.0
4,2,0.0
4,3,0.0
4,4,0.0
4,5,0.0
5,1,0.0
5,2,0.0
5,3,167.60000000000036
5,4,857.9000000001397
5,5,0.0
