reservoir,value
1,20473.92107382467
2,9026.900133235325
3,6029.991344524849
4,3310.807945911841
