reservoir,value
1,94355.88779980695
2,5436.251429995432
3,45854.65835703135
4,8425.807945911773
