plant,value
1,41330.315414109355
2,11711.504585890647
3,9900.9
4,7629.9
