reservoir,value
1,29813.924839959203
2,5589.283252477599
3,12891.42074859669
4,19976.867489204997
