reservoir,value
1,150090.5541592753
2,0.0
3,29741.279630660123
4,6864.034444389113
