reservoir,value
1,21138.388906562923
2,28760.876071351366
3,3260.2855237878443
4,1795.4909270593826
