reservoir,value
1,77839.37299947551
2,19617.2
3,12620.367388727913
4,5175.01592855414
