from,to,value
1,1,0.0
1,2,0.0
1,3,600.0
1,4,0.0
1,5,1209.1687041498408
2,1,1389.7548274105793
2,2,0.0
2,3,0.0
2,4,0.0
2,5,0.0
3,1,0.0
3,2,0.0
3,3,0.0
3,4,0.0
3,5,0.0
4,1,0.0
4,2,0.0
4,3,0.0
4,4,0.0
4,5,0.0
5,1,0.0
5,2,0.0
5,3,336.60000000000036
5,4,872.5687041498404
5,5,0.0
