reservoir,value
1,21801.138690086344
2,9199.373144823378
3,4715.499586354933
4,6944.3612566771335
