reservoir,value
1,74633.07003784963
2,0.0
3,9735.316507374533
4,12744.9
