reservoir,value
1,40681.85423520571
2,10398.219107964243
3,33417.50670037649
4,0.0
