reservoir,value
1,125961.45273890998
2,0.0
3,34192.554424950016
4,12744.9
