reservoir,value
1,1870.6974937906925
2,0.0
3,9025.60972266733
4,1642.4319584469831
