reservoir,value
1,48825.092050592895
2,17099.387250864922
3,51806.1
4,12744.9
