reservoir,value
1,26361.659199620008
2,33863.68867434928
3,4074.6305775290302
4,2786.844935010866
