reservoir,value
1,102746.40405041652
2,19617.2
3,1620.0828884142584
4,618.0206184444987
