reservoir,value
1,25567.865828293827
2,12085.244529197515
3,2780.6377068710935
4,2442.002273254851
