reservoir,value
1,18531.96960361842
2,20392.749913148058
3,2475.7768245601046
4,1640.4995822607696
