reservoir,value
1,83143.21714991177
2,19617.2
3,6966.735554450859
4,3327.1650793706426
