reservoir,value
1,80732.23750181502
2,4426.842435760096
3,28240.027224816607
4,11719.890176242776
