reservoir,value
1,29791.92838052826
2,18714.715676749416
3,10217.207912060234
4,10646.820140128879
