reservoir,value
1,18419.840822519975
2,0.0
3,3681.105003989356
4,895.4752149439423
