reservoir,value
1,115452.10597310307
2,649.3004268969189
3,23864.6336
4,12744.9
