reservoir,value
1,102228.25203466932
2,6030.612887088546
3,52502.359368928686
4,22624.69780558123
