reservoir,value
1,62295.34542218638
2,0.0
3,36750.11178854437
4,14994.79780558123
