reservoir,value
1,195236.20661248293
2,10142.175392785115
3,51806.1
4,0.0
