reservoir,value
1,56494.56132369481
2,7627.677141225816
3,7666.539341953345
4,7921.599020952963
