reservoir,value
1,99905.7926425717
2,10185.701767575807
3,11119.256177265004
4,291.6990209529631
