reservoir,value
1,133632.7993395367
2,12586.302981130684
3,33129.01793066852
4,12744.9
