reservoir,value
1,17987.86806376441
2,9254.10523074761
3,2977.5501685257514
4,2773.086016414205
