reservoir,value
1,117872.46121442082
2,15789.80523074761
3,19760.6199987263
4,7888.086016414205
