reservoir,value
1,34065.194829390835
2,6609.992803956181
3,10246.011417332342
4,9311.735308271764
