reservoir,value
1,19047.942780165475
2,6149.739793948862
3,4188.032873980461
4,4318.088329237815
