plant,value
1,40319.53452923787
2,12566.585470758682
3,9556.5
4,6669.000000000001
