reservoir,value
1,54022.80968959048
2,2478.8203749780955
3,20375.754989088055
4,17131.564637053805
