reservoir,value
1,87053.36355114628
2,11837.084156920057
3,26082.39122132595
4,12744.9
