reservoir,value
1,35226.71819475635
2,14084.366704377262
3,5981.913476975864
4,4386.338594565355
