reservoir,value
1,158076.84593889894
2,19617.2
3,25048.649401161634
4,12744.9
