reservoir,value
1,99266.15441513734
2,14673.379896596618
3,9766.34899051936
4,13468.712587008871
