reservoir,value
1,12591.936681039675
2,0.0
3,0.0
4,11039.57342152231
