reservoir,value
1,200717.6
2,7944.123038143136
3,24746.489200977376
4,0.0
