reservoir,value
1,51022.48201733819
2,2316.3964990081595
3,9875.570721855785
4,17987.89666773949
