reservoir,value
1,91359.88323692266
2,4322.485527082633
3,51780.770721855784
4,11888.324932563752
