reservoir,value
1,64121.41582401092
2,12133.896971573677
3,0.0
4,0.0
