reservoir,value
1,19221.873802199527
2,7578.786230686254
3,4536.841744059115
4,4112.351823314981
