reservoir,value
1,104095.65235871257
2,0.0
3,16079.220223069848
4,12744.9
