reservoir,value
1,69176.29268000001
2,6300.68844864
3,15369.532907260002
4,13580.8136758
