reservoir,value
1,141833.78872864004
2,0.0
3,20817.662207260008
4,12478.13709105618
