reservoir,value
1,119473.53199407022
2,4041.724186618316
3,51806.1
4,12744.9
