reservoir,value
1,31053.32460461763
2,12101.705066373406
3,5733.137536763551
4,2140.994487255666
