reservoir,value
1,38593.85916854621
2,18637.40506637341
3,0.0
4,0.0
