reservoir,value
1,56815.39334642759
2,8607.013249015725
3,11473.989658505878
4,11583.714940421196
