reservoir,value
1,25531.822488406586
2,8650.108195275196
3,7118.537975495939
4,2328.567191131051
