reservoir,value
1,53443.87772842652
2,17684.54278112975
3,10324.89843386237
4,1345.151926222372
