reservoir,value
1,71585.87379326289
2,9183.577855759693
3,22046.401235441906
4,16234.495490876965
