reservoir,value
1,140359.78098048922
2,5994.1515307138725
3,41815.72333630468
4,9453.115265708771
