reservoir,value
1,31419.6314934494
2,10620.775787485405
3,3950.118881697948
4,2206.8679295467527
