reservoir,value
1,56401.7566035816
2,11904.99607418786
3,9854.109481785097
4,0.0
