reservoir,value
1,133598.17048952423
2,19617.2
3,29846.130087685026
4,11799.471468965903
