reservoir,value
1,31848.3128731524
2,9268.481316044628
3,4432.755883694824
4,3375.2180180127425
