reservoir,value
1,19424.288453916488
2,8555.076980434538
3,3219.6836627560187
4,2337.0182066577613
