reservoir,value
1,49888.81630389455
2,3865.657542299934
3,23859.380614517402
4,8976.135890852218
