reservoir,value
1,142908.33052684186
2,100.5538177481285
3,10104.723789460004
4,8267.787020792557
