reservoir,value
1,68757.75999999995
2,6987.700000000001
3,51806.1
4,12744.9
