reservoir,value
1,27600.473759940804
2,5122.946444889973
3,14111.30577585743
4,13337.587326422488
