reservoir,value
1,0.0
2,7661.845666021125
3,4210.405775857431
4,6721.167241954292
