reservoir,value
1,48545.92990700397
2,8062.754813564286
3,10318.075118352055
4,9119.341691092972
