reservoir,value
1,18964.96776095864
2,18468.501964184383
3,2536.1566973550957
4,1723.023897913539
