reservoir,value
1,13488.822182514901
2,9992.563247304437
3,4536.082054863869
4,3081.5988926775703
