reservoir,value
1,95982.43195983212
2,1323.548314099784
3,18365.529342678477
4,12252.49889267757
