reservoir,value
1,30581.507087720594
2,7760.73928143724
3,8141.640894433768
4,17234.777846647114
