reservoir,value
1,119106.9345373528
2,0.0
3,22662.26434911377
4,12744.9
