reservoir,value
1,37666.91268314012
2,10569.174798137059
3,17573.85088407046
4,20438.947047556063
