reservoir,value
1,0.0
2,0.0
3,7672.950884070453
4,64.14704755604339
