reservoir,value
1,22477.012663357487
2,6717.626258673361
3,10380.976573725435
4,11796.57020244382
