reservoir,value
1,106586.62623932013
2,0.0
3,20110.33821030616
4,12744.9
