reservoir,value
1,18414.8034761663
2,17325.42280536281
3,3440.406244195442
4,2291.701425595182
