reservoir,value
1,42429.75636377472
2,0.0
3,15282.20823508086
4,2056.24333410868
