reservoir,value
1,102481.13263286519
2,4180.756746448704
3,4009.4733650393155
4,2003.308404910309
