reservoir,value
1,102131.12467165363
2,0.0
3,35503.17288423919
4,12744.9
