reservoir,value
1,41466.11787963355
2,0.0
3,20356.490541724394
4,10689.289409055662
