reservoir,value
1,15028.257565077583
2,6732.55551729526
3,4514.9091836118005
4,2721.663175431912
