reservoir,value
1,62051.133340449196
2,0.0
3,13606.28816291306
4,11747.563175429272
