reservoir,value
1,14055.979818633094
2,8333.992824269817
3,2953.916129165339
4,2607.1355741767097
