reservoir,value
1,145227.38160000026
2,6159.886900000007
3,29262.848900000005
4,0.0
