reservoir,value
1,39195.92440409538
2,3499.1969249986714
3,12551.943198890202
4,8335.22985540563
