reservoir,value
1,27082.863826665547
2,3209.59352940804
3,8758.105434092358
4,15999.607410799903
