reservoir,value
1,160717.70184329135
2,0.0
3,22413.450040079035
4,12744.9
