reservoir,value
1,38256.33437357464
2,4795.661466233019
3,9317.079170204584
4,6200.831240893049
