reservoir,value
1,54097.84679109733
2,5424.670312918821
3,19227.710199802023
4,12461.834459223517
