reservoir,value
1,62889.25458500541
2,7869.983751839062
3,51806.1
4,6809.929674512593
