reservoir,value
1,67696.59922328555
2,2854.3636125374614
3,21161.365850756178
4,17616.68396738114
