reservoir,value
1,143604.30343791586
2,5756.26359372862
3,26341.815911252153
4,0.0
