reservoir,value
1,29382.067947683496
2,13509.498544166474
3,6120.157757717583
4,2392.549776850779
