reservoir,value
1,94373.20243328382
2,14113.023001895923
3,17971.995473717485
4,3688.218846214269
