reservoir,value
1,70940.80602033106
2,0.0
3,8067.769412620011
4,10445.106886127156
