reservoir,value
1,142958.34187429695
2,0.0
3,7046.961245755387
4,12744.9
