reservoir,value
1,36352.92488573575
2,15927.764694632908
3,7308.743455487759
4,5803.009374860343
