reservoir,value
1,23399.766071333775
2,3567.579902907484
3,3684.414640278769
4,2230.336416647674
