reservoir,value
1,79609.48107523847
2,6042.152054001715
3,20766.26579795934
4,2340.330489949744
