reservoir,value
1,86057.92294318284
2,0.0
3,12607.401355800124
4,12744.9
