reservoir,value
1,154547.21662223001
2,0.0
3,22033.130490740004
4,12744.9
