reservoir,value
1,20763.434756886883
2,15573.608153538851
3,2726.7776776884143
4,2488.10625758339
