reservoir,value
1,0.0
2,15585.5
3,25277.199999999997
4,4102.200000000001
