reservoir,value
1,15277.906819475083
2,5517.131278790992
3,3494.469677808962
4,1796.8085834466742
