reservoir,value
1,111062.92318679785
2,7918.399880879133
3,20675.221171562644
4,12744.9
