reservoir,value
1,25278.6132948619
2,14400.983691946409
3,3574.784707508315
4,1960.832925811384
