reservoir,value
1,63425.76182995
2,4934.01693624
3,15234.842537
4,22189.07686928
