reservoir,value
1,155520.482466192
2,0.0
3,35430.658037
4,12744.9
