reservoir,value
1,14507.502606372691
2,6471.5154690905565
3,4320.354375497442
4,1650.9697082623532
