reservoir,value
1,18937.346466823066
2,7998.456843988287
3,2604.408069712164
4,2763.2951939644104
