reservoir,value
1,61507.25804250522
2,0.0
3,4482.008526808034
4,3337.2589477333795
