reservoir,value
1,28081.541606059418
2,5850.807728815521
3,4323.289114014475
4,7068.660404418701
