reservoir,value
1,22038.351050529698
2,2829.9017192842884
3,6387.568011257297
4,12356.456044386881
