reservoir,value
1,92915.37719588322
2,0.0
3,25808.24162285568
4,12744.9
