reservoir,value
1,106154.47870276099
2,0.0
3,13226.808737521864
4,12744.9
