reservoir,value
1,12883.916875160092
2,4808.454321212002
3,2729.047775871587
4,1615.816430211161
