reservoir,value
1,26701.04020761531
2,0.0
3,1390.7477758717
4,1708.174259574237
