reservoir,value
1,17506.46317608538
2,11927.670557812073
3,10321.157846580474
4,9132.105321444995
