reservoir,value
1,0.0
2,0.0
3,420.2578465804745
4,1502.2053214449952
