reservoir,value
1,118974.58975289848
2,0.0
3,8529.025388441745
4,12744.9
