reservoir,value
1,16151.228912270995
2,14175.419582890616
3,3664.8548328556712
4,2836.765104097867
