reservoir,value
1,63878.41495797716
2,19617.2
3,16375.526259241386
4,10141.322394752067
