reservoir,value
1,18062.248642086794
2,5768.087308367485
3,3583.456398879431
4,3057.7773789445005
