reservoir,value
1,15487.348427243858
2,0.0
3,2121.070080323346
4,3402.999418173152
