reservoir,value
1,23987.05546559516
2,3913.3066701687976
3,5625.148481206726
4,5601.587139644279
