reservoir,value
1,70650.85240321397
2,3849.5136440114393
3,0.0
4,0.0
