reservoir,value
1,29087.454394299064
2,26557.118823704433
3,4752.142010942506
4,1246.7304543095825
