reservoir,value
1,136532.25263121715
2,14066.459127805108
3,25521.43435603764
4,994.0664628371497
