reservoir,value
1,92005.73231814554
2,11004.164110006195
3,24005.710176101977
4,4035.005353423636
