reservoir,value
1,18596.832486737738
2,29182.36218358702
3,3446.7072137658824
4,2111.1496793797155
