reservoir,value
1,37137.57237102961
2,10750.480098955963
3,5406.49825838459
4,7811.3648597351
