reservoir,value
1,137166.04948059143
2,19617.2
3,34702.505438013424
4,12167.328099632254
