reservoir,value
1,17720.829719368037
2,13094.013949948472
3,3136.3598392372446
4,2592.889693603953
