reservoir,value
1,129744.81579999997
2,5792.4527000000435
3,35138.7305
4,12744.9
