reservoir,value
1,33667.811325666946
2,13904.87818669209
3,10971.009944866904
4,8000.271685116271
