reservoir,value
1,136791.10627419216
2,823.3781866920908
3,37343.05712636477
4,9967.961959265656
