reservoir,value
1,49846.0274
2,8288.050299999999
3,9960.6887
4,7500.092500000001
