reservoir,value
1,106931.27769999967
2,0.0
3,17175.088700000004
4,8063.792500000001
