reservoir,value
1,36130.29305513657
2,18356.2187848608
3,8174.3407936078
4,14991.570039171118
