reservoir,value
1,116231.77946403722
2,5274.718784860801
3,13398.361940607796
4,12744.9
