reservoir,value
1,22049.837858311745
2,6731.355858515059
3,5228.413693857499
4,3307.1242938440564
