plant,value
1,41192.58457200873
2,12393.23542799125
3,9900.9
4,7629.9
