reservoir,value
1,17030.555741944496
2,5638.849592888584
3,4461.015222002037
4,2671.8859254277345
