reservoir,value
1,4313.845399119273
2,0.0
3,0.0
4,5440.3650885854895
