reservoir,value
1,121037.51679175637
2,2720.6753824726015
3,13703.115152422088
4,7336.121034006209
