reservoir,value
1,8050.515711248054
2,3002.6968652484434
3,2964.477449337139
4,1724.024546476042
