reservoir,value
1,18686.34415587553
2,0.0
3,10313.532029862665
4,6962.710516247514
