reservoir,value
1,0.0
2,11113.500000000042
3,7142.1
4,6273.200000000001
