reservoir,value
1,18679.387818471267
2,5333.487938999391
3,3785.8438525014108
4,1656.2646950927556
