reservoir,value
1,41063.879344179135
2,1290.160503104275
3,6376.3242827069835
4,7704.950790609821
