reservoir,value
1,39212.61775157188
2,26122.51441224014
3,5887.051853178299
4,3870.9424979876717
