reservoir,value
1,173588.9198617081
2,16201.996994705141
3,29285.905098084386
4,12744.9
