reservoir,value
1,25486.56186847936
2,2489.5367271780597
3,7870.254152092526
4,6555.2060334929
