reservoir,value
1,49244.28039815898
2,0.0
3,21796.678752455824
4,0.0
