reservoir,value
1,37462.18473927575
2,6125.970804495636
3,13769.21254743548
4,6606.321548312443
