reservoir,value
1,40014.22321876888
2,12272.783031610146
3,12278.690131331983
4,17924.318041050978
