reservoir,value
1,149965.54183492827
2,0.0
3,34659.93756719201
4,9027.879315694587
