reservoir,value
1,47235.7056195758
2,4142.631411692919
3,15230.569663530416
4,9723.42572909274
