reservoir,value
1,69496.83693588155
2,11960.28252958663
3,28061.20685320584
4,2093.52572909274
