reservoir,value
1,69487.70670283255
2,9638.753816562865
3,10527.81097352008
4,9521.976938166761
