reservoir,value
1,104918.65245064074
2,0.0
3,22390.64876360102
4,1892.0769381667615
