reservoir,value
1,67034.88885381224
2,4098.995535246022
3,32493.242671612323
4,14698.201317793886
