reservoir,value
1,116395.90494396386
2,15344.364360254622
3,51806.1
4,11400.191895808866
