reservoir,value
1,32112.317987787996
2,20732.26414781326
3,3780.134915684919
4,10298.905714350376
