reservoir,value
1,124701.71402958414
2,7650.764147813261
3,23518.69607020662
4,12744.9
