from,to,value
1,1,0.0
1,2,4450.060000000056
1,3,0.0
1,4,0.0
1,5,0.0
2,1,0.0
2,2,0.0
2,3,0.0
2,4,0.0
2,5,0.0
3,1,1000.0
3,2,0.0
3,3,0.0
3,4,0.0
3,5,2387.4767395209783
4,1,0.0
4,2,0.0
4,3,0.0
4,4,0.0
4,5,1297.7899370536552
5,1,3685.2666765739236
5,2,0.0
5,3,0.0
5,4,0.0
5,5,0.0
