reservoir,value
1,18475.88565406453
2,13724.775730674699
3,3620.422161952903
4,2000.1124562318823
