reservoir,value
1,10713.814831401149
2,19617.2
3,1307.5273277256308
4,5549.247759288434
