reservoir,value
1,24479.367947391373
2,14949.216506886762
3,3809.2484788751863
4,1971.3429337649302
