reservoir,value
1,72132.47262045415
2,15971.840871203844
3,15222.57392555465
4,7623.475064009501
