reservoir,value
1,56580.524968290476
2,14305.824234262029
3,10408.371958888667
4,8408.964209872778
