reservoir,value
1,105530.56267899653
2,13546.082242528582
3,936.2574418925875
4,2604.9578587457227
