reservoir,value
1,103403.20300000001
2,0.0
3,16424.332500000004
4,10393.108699989476
