reservoir,value
1,29249.514274613066
2,12499.409270454384
3,2867.54761765581
4,2050.0153030153597
