reservoir,value
1,94086.56624350365
2,14388.387022132578
3,1792.343336885454
4,4721.26763890116
