reservoir,value
1,66015.82117417
2,8659.70723648
3,24623.480506300002
4,20505.11195428
