reservoir,value
1,0.0
2,0.0
3,9254.596593734439
4,12875.21195428204
