reservoir,value
1,36631.250537001004
2,9032.64156787822
3,8061.271983171185
4,3170.264091458967
