reservoir,value
1,7776.2599582451185
2,1822.734567093418
3,1237.7826563916287
4,287.10228579064596
