reservoir,value
1,131462.48010446274
2,18764.557087261346
3,16165.947506715529
4,12744.9
