from,to,value
1,1,0.0
1,2,2544.2744822388486
1,3,600.0
1,4,0.0
1,5,1782.4199565477984
2,1,0.0
2,2,0.0
2,3,0.0
2,4,0.0
2,5,0.0
3,1,0.0
3,2,0.0
3,3,0.0
3,4,0.0
3,5,0.0
4,1,0.0
4,2,0.0
4,3,0.0
4,4,0.0
4,5,453.5800434522016
5,1,0.0
5,2,0.0
5,3,2236.0
5,4,0.0
5,5,0.0
