reservoir,value
1,57747.07659478312
2,0.0
3,15827.936389187686
4,12744.9
