reservoir,value
1,25325.25469293501
2,0.0
3,9042.056549375615
4,4653.8219047257735
