reservoir,value
1,20785.039333151693
2,6903.502839918776
3,6712.458937414293
4,2406.7998840592527
