reservoir,value
1,0.0
2,962.6476531755511
3,15848.959011276685
4,0.0
