reservoir,value
1,31093.192552918223
2,3460.027618907091
3,7722.8301752801235
4,4593.287226546807
