reservoir,value
1,33132.76178338958
2,14839.474079715146
3,4546.641186184304
4,6277.099663614739
