reservoir,value
1,70168.76274714062
2,2606.114349400436
3,22655.422399718194
4,19787.09573299214
