reservoir,value
1,161219.8951252173
2,0.0
3,23280.207458893678
4,0.0
