reservoir,value
1,26173.065102219516
2,10139.68981911606
3,5184.468998458264
4,2894.1439099392333
