reservoir,value
1,658.0664286658753
2,3475.6419277308396
3,1192.32594283981
4,918.7654803735018
