region,depth,value
1,1,186.39734831520806
1,2,43.82639999999993
1,3,35.50525548521151
1,4,26.67600000000002
2,1,43.1070570173344
2,2,10.031400000000001
2,3,8.1032
2,4,6.9412737782827865
3,1,0.0
3,2,0.0
3,3,0.0
3,4,0.0
4,1,0.0
4,2,0.0
4,3,0.0
4,4,0.0
