region,depth,value
1,1,181.908
1,2,38.6925
1,3,35.549499999999995
1,4,26.507999999999996
2,1,90.954
2,2,16.5825
2,3,20.314
2,4,13.254000000000001
3,1,0.0
3,2,0.0
3,3,0.0
3,4,0.0
4,1,0.0
4,2,0.0
4,3,0.0
4,4,0.0
