from,to,value
1,1,0.0
1,2,2076.6560981518323
1,3,95.56661413262475
1,4,0.0
1,5,201.2723950475233
2,1,860.7852484601856
2,2,0.0
2,3,0.0
2,4,0.0
2,5,0.0
3,1,302.5495096148962
3,2,0.0
3,3,0.0
3,4,0.0
3,5,504.7593372708968
4,1,0.0
4,2,0.0
4,3,0.0
4,4,0.0
4,5,2079.8201528827935
5,1,2063.151004745939
5,2,0.0
5,3,602.1435099766478
5,4,120.55737047868804
5,5,0.0
