reservoir,value
1,26676.7583408378
2,11964.492382640135
3,5158.17631376745
4,5933.184474269623
