reservoir,value
1,22322.772745607792
2,13162.818442232414
3,4200.707591901793
4,3654.1406521239765
