reservoir,value
1,52.32863424163871
2,1773.7115393231295
3,33.417542193084415
4,158.59759450988182
