reservoir,value
1,108819.2212792897
2,6187.474106212264
3,25835.501400259203
4,12209.09593929896
