reservoir,value
1,87220.77358238949
2,7414.418592196327
3,23875.12701150196
4,11472.29558676542
