reservoir,value
1,56415.70424176
2,12898.11811214
3,8699.87141136
4,14465.7206629
