reservoir,value
1,121900.75358463521
2,0.0
3,45385.71631489855
4,12744.9
