reservoir,value
1,39958.1611193003
2,16381.169707576319
3,7293.242319754103
4,13870.537428746338
