reservoir,value
1,23269.557823339324
2,30415.12051438332
3,2681.6512671434793
4,1333.8943073861433
