reservoir,value
1,16982.15069018609
2,24700.433754062364
3,3013.752417438364
4,2271.4233541086105
