reservoir,value
1,52417.25998898744
2,19617.2
3,15309.65583328114
4,11774.32335410861
