reservoir,value
1,31356.784552435816
2,14774.344501188029
3,9065.425738058753
4,15040.726375739963
