reservoir,value
1,25600.111134977058
2,26675.69509834986
3,5448.684559779245
4,3202.3618993553705
