reservoir,value
1,1919.3878400142967
2,19617.2
3,7599.768866229896
4,87.44835169650958
