reservoir,value
1,15429.075413739003
2,4861.213853120636
3,4973.2726189423465
4,2846.1171865241718
