reservoir,value
1,61304.92886533398
2,0.0
3,40756.18143147101
4,7367.249249564458
