reservoir,value
1,127799.21950616926
2,243.25084883072122
3,37678.45961067453
4,12744.9
