reservoir,value
1,166017.97903901065
2,6723.429757375739
3,37949.98436749896
4,12177.63452943378
