reservoir,value
1,24320.313037694006
2,21872.561972625605
3,3689.367375158129
4,2762.591114935082
