reservoir,value
1,17281.73524427767
2,7013.431124311994
3,5448.461988830437
4,2619.6309393832694
