reservoir,value
1,5737.944811178594
2,13549.131124312136
3,18281.750264940012
4,0.0
