reservoir,value
1,113164.0548633476
2,19617.2
3,24178.574483179724
4,10103.367525692127
