reservoir,value
1,16096.269233545649
2,1201.662500827441
3,4176.996240297888
4,2509.517523880828
