reservoir,value
1,2579.233004814472
2,0.0
3,1499.0593684111354
4,0.0
