reservoir,value
1,28502.665219951756
2,4407.824321613691
3,9339.918877781762
4,11656.202248243178
