reservoir,value
1,130769.73815094543
2,0.0
3,15485.815575011768
4,12744.9
