reservoir,value
1,25019.85980145004
2,4214.431515034107
3,3389.0638859108553
4,2598.3595838439337
