reservoir,value
1,150270.40377332584
2,0.0
3,34531.96109289078
4,7324.206604937228
