reservoir,value
1,69615.84735718001
2,7451.189491880001
3,35095.82897440001
4,24933.459328239995
