reservoir,value
1,0.0
2,0.0
3,7237.385474753194
4,4558.659328239995
