reservoir,value
1,169553.51395717994
2,4628.587613855174
3,51806.1
4,12744.9
