reservoir,value
1,26466.806754848163
2,17081.799579619612
3,8014.68538149914
4,5875.421186010543
