reservoir,value
1,29951.605054011103
2,8492.738282818056
3,15734.453262384766
4,15033.972210291153
