reservoir,value
1,25120.069243395526
2,8933.793639268875
3,4160.37784765125
4,2744.5998278662087
