reservoir,value
1,159304.81642340904
2,5786.691042189519
3,15846.536579724328
4,6428.049265950304
