reservoir,value
1,33101.652824058954
2,6351.166017173268
3,8616.602854552082
4,9239.876561654197
