reservoir,value
1,115616.26262717761
2,0.0
3,51588.6681054174
4,8550.29596433846
