reservoir,value
1,53221.81050208652
2,11041.400237970605
3,0.0
4,0.0
