reservoir,value
1,47812.90725825
2,3512.76396096
3,13966.3166868
4,15261.550731440002
