reservoir,value
1,28500.965004250378
2,1431.65602824369
3,26100.522730879267
4,19930.382301756592
