reservoir,value
1,103174.15396861
2,0.0
3,44526.587630858
4,7789.562497541837
