reservoir,value
1,20454.72755066915
2,7164.984758053819
3,3533.1222526874035
4,5010.664203217393
