reservoir,value
1,86470.94110809827
2,0.0
3,7123.438811370221
4,12744.9
