reservoir,value
1,21392.01686998766
2,4591.711246797828
3,5692.2005668599395
4,8270.736428767905
