reservoir,value
1,115751.16802862997
2,0.0
3,5497.268493489313
4,12744.9
