reservoir,value
1,39842.941946457635
2,7469.76030954767
3,17227.95274038876
4,18020.31513457254
