reservoir,value
1,132510.15826074767
2,9712.241946982635
3,51806.1
4,10390.415134572539
