reservoir,value
1,29477.01182062902
2,7389.765549257008
3,22993.065765868963
4,23775.438492984977
