reservoir,value
1,0.0
2,0.0
3,11568.620508929333
4,3400.638492985737
