reservoir,value
1,153648.21640886675
2,5316.325549256725
3,51806.1
4,12744.9
