reservoir,value
1,49875.18249765676
2,4519.319488972341
3,16646.7592940893
4,22521.540772245055
