reservoir,value
1,131019.446644505
2,5274.420113849372
3,22917.771454314454
4,12744.9
