reservoir,value
1,20825.295612766924
2,9620.460965149116
3,5375.9709372567695
4,4036.2497729684856
