reservoir,value
1,117236.82336127508
2,0.0
3,2752.972695101912
4,12744.9
