reservoir,value
1,35723.72571998468
2,10502.53541119204
3,7740.268413348265
4,13271.707859124665
