reservoir,value
1,141284.64229708555
2,0.0
3,15828.797946834638
4,9917.234687282975
