reservoir,value
1,128483.04812434706
2,19617.2
3,6275.98173521907
4,8498.272944842203
