reservoir,value
1,89887.22722698523
2,249.76425547499457
3,2238.168264640167
4,11833.834463140054
