reservoir,value
1,25568.689259867875
2,29596.382380913274
3,6341.3196089879475
4,4379.83758683923
