reservoir,value
1,118340.43200834095
2,19617.2
3,47250.36545139479
4,12744.9
