reservoir,value
1,22078.193091633617
2,20888.727111913417
3,2935.332071607948
4,2516.858326414525
