reservoir,value
1,98373.74754629392
2,19617.2
3,5813.958729912888
4,8077.665497087262
