reservoir,value
1,25477.134615748102
2,8525.625165182664
3,6415.697903287299
4,3177.5109106893115
