reservoir,value
1,70584.44540391091
2,0.0
3,33130.46760333296
4,12348.410910689548
