reservoir,value
1,16670.251505467182
2,6681.649367339876
3,3582.5370361054943
4,1355.510260149054
