reservoir,value
1,38972.75920939813
2,0.0
3,26950.35187324864
4,4175.759201263014
