reservoir,value
1,52311.91246955605
2,21351.043942206114
3,10888.48219207238
4,16371.46426717125
