reservoir,value
1,149639.72577990105
2,17817.555109419736
3,26392.36533943704
4,12744.9
