reservoir,value
1,122071.509
2,1935.4676999999979
3,31068.774300000005
4,12744.9
