reservoir,value
1,82830.56817923019
2,0.0
3,10021.725276309366
4,4244.834491244916
