plant,value
1,42737.35999999948
2,10168.759999999993
3,9584.500000000002
4,6627.0
