reservoir,value
1,61273.36511012902
2,14365.720286706408
3,15804.890600087148
4,842.4631081823206
