reservoir,value
1,18792.86832752194
2,10975.130295049812
3,3405.648594872465
4,2818.972685599314
