reservoir,value
1,71020.60336623318
2,0.0
3,1959.1270172589002
4,1750.2082035398103
