reservoir,value
1,17600.602940282562
2,2909.3751337088324
3,5930.61641099914
4,2152.3740667498205
