reservoir,value
1,7780.899184668382
2,9011.00807551706
3,2317.394023640275
4,1738.1990386171988
