reservoir,value
1,30864.931057152535
2,6573.3977550270865
3,3677.9133579140707
4,5674.922398208707
