reservoir,value
1,21999.266983837188
2,5105.521021387682
3,3909.9652053111754
4,3353.7558154835906
