reservoir,value
1,103334.31898996532
2,8058.446050651127
3,18660.119441628474
4,12744.9
