reservoir,value
1,46046.74714467442
2,12461.44176069156
3,11416.798449215592
4,4428.437053675017
