reservoir,value
1,117245.07112998163
2,18997.14176069156
3,1515.8984492155923
4,0.0
