reservoir,value
1,15405.900234660416
2,2332.4872831822086
3,2898.6965592791853
4,1887.5461038464434
