reservoir,value
1,102569.49484943235
2,8868.18728318221
3,10130.145566755968
4,10086.643408311633
