reservoir,value
1,27844.432070062096
2,14339.086456732399
3,3497.45239165801
4,1488.0174642001043
