reservoir,value
1,14459.24669136187
2,5779.9548480317935
3,4594.813447612969
4,2214.198458087409
