reservoir,value
1,147595.52304485667
2,0.0
3,16659.692439081697
4,12744.9
