reservoir,value
1,73606.11605228142
2,5273.683220313637
3,18385.96021834526
4,19420.599458247296
