reservoir,value
1,132097.59254541973
2,7783.4240334733295
3,46412.96623391715
4,1862.2932820769047
