reservoir,value
1,25470.48036959678
2,6699.528643168107
3,6605.411141165337
4,2408.276013644364
