reservoir,value
1,69519.75210060953
2,3662.898426312211
3,17351.32717973038
4,5304.945813626263
