reservoir,value
1,27821.072951723127
2,7293.245330762834
3,4340.922625714935
4,1955.8562493758725
