reservoir,value
1,130554.08505425231
2,271.8650389309377
3,32849.505672023886
4,770.3860641673266
