reservoir,value
1,75202.22782938977
2,5580.545942549341
3,30790.359125477207
4,17707.220731561945
