reservoir,value
1,126452.74727662405
2,3705.069300914029
3,51806.1
4,12398.860351047788
