reservoir,value
1,24107.58934853484
2,26882.925946725172
3,5322.213798331823
4,3122.345454602557
