reservoir,value
1,183631.83316058904
2,19617.2
3,43724.70154808949
4,5704.857089661516
