reservoir,value
1,34992.89996229944
2,8350.500057816455
3,3717.830937270697
4,5412.098916956669
