reservoir,value
1,142886.7239659881
2,0.0
3,4950.0473962073165
4,12470.780163855889
