reservoir,value
1,30699.589247186195
2,15481.17208341428
3,5159.430447281817
4,2806.6464366392293
