reservoir,value
1,9528.298941140209
2,2946.7102031950835
3,0.0
4,361.1400835462066
