reservoir,value
1,127351.06574792828
2,0.0
3,17254.449002145753
4,12744.9
