reservoir,value
1,101247.64155317664
2,4340.038271135724
3,31077.154606909455
4,26603.455233259134
