reservoir,value
1,15680.543652971737
2,16752.533279719944
3,2878.807421349068
4,1426.355889889706
