reservoir,value
1,20591.21983790805
2,20580.365444720905
3,8659.378638771619
4,5372.497229157672
