reservoir,value
1,127987.92799975866
2,9890.434318838647
3,47101.24842062353
4,10487.497229157672
