reservoir,value
1,43812.855999968946
2,16473.26306978941
3,13625.610708623833
4,19028.294730791113
