reservoir,value
1,74741.7083800756
2,7879.626019876923
3,8190.14520109786
4,0.0
