reservoir,value
1,47462.7112204
2,13513.181878000001
3,13233.60133004
4,16159.907495200001
