reservoir,value
1,18040.552484785723
2,6997.010808360008
3,5330.418498199208
4,4028.5900493688227
