reservoir,value
1,32710.2476387251
2,0.0
3,31758.388251367025
4,9891.840049368735
