reservoir,value
1,28983.239282838425
2,8690.334891065031
3,16122.966126568292
4,10858.369073640342
