reservoir,value
1,0.0
2,0.0
3,546.6042748399177
4,3228.4690736403427
