reservoir,value
1,17046.4971177629
2,5921.428694104237
3,4690.021849526134
4,3148.3879618421447
