reservoir,value
1,34704.88391814862
2,19750.033985757844
3,4248.6309202330185
4,3477.1509429412076
