reservoir,value
1,65556.93489157927
2,4140.670266334319
3,17707.25662653331
4,24199.536011575856
