reservoir,value
1,105125.1525018435
2,0.0
3,19397.964392148562
4,12744.9
