reservoir,value
1,55422.51961060001
2,6258.58624434
3,15329.2599725
4,16883.38627518
