reservoir,value
1,134384.59955491975
2,0.0
3,25226.614972500007
4,9253.486275186775
