reservoir,value
1,156885.88626823592
2,0.0
3,16664.16354739912
4,10095.689935666862
