reservoir,value
1,45618.7707246894
2,8676.702773752022
3,7130.27931956707
4,16256.160976684208
