reservoir,value
1,153682.35254354702
2,5590.440885807784
3,39613.12961354139
4,12744.9
