reservoir,value
1,146354.5520193456
2,17431.848208384996
3,25943.487193993282
4,8112.172491039844
