reservoir,value
1,30249.704718305926
2,15319.370712398126
3,5324.124263055472
4,3573.0913225808104
