reservoir,value
1,24799.9304245991
2,21353.909848482614
3,2969.132794684488
4,1588.1268706588467
