reservoir,value
1,142590.75632061166
2,16864.37412753864
3,29655.12341975333
4,1984.210205983316
