reservoir,value
1,38455.68365760454
2,6999.13515523166
3,12845.860376287605
4,14559.078226430522
