reservoir,value
1,36206.982011382795
2,0.0
3,18789.75466087408
4,11937.893898799033
