reservoir,value
1,5720.480792068054
2,756.1505925160673
3,0.0
4,0.0
