reservoir,value
1,26924.70104019699
2,4803.616375311528
3,9187.872527530692
4,12877.745682279663
