reservoir,value
1,77982.7482158961
2,0.0
3,22489.58993239837
4,9320.68566653579
