reservoir,value
1,21392.05149620686
2,4748.385100931885
3,4281.355937599158
4,6393.038999189175
