reservoir,value
1,58545.05796803805
2,6341.888338382772
3,12766.35294716917
4,13590.525531525564
