reservoir,value
1,108295.28930008804
2,4564.716557484893
3,17499.020782258507
4,7192.898855853194
