reservoir,value
1,99540.52989704498
2,0.0
3,4237.912400859804
4,7792.623889463897
