from,to,value
1,1,0.0
1,2,0.0
1,3,0.0
1,4,0.0
1,5,0.0
2,1,675.001760822984
2,2,0.0
2,3,0.0
2,4,0.0
2,5,0.0
3,1,1000.0
3,2,0.0
3,3,0.0
3,4,0.0
3,5,924.4098366396618
4,1,0.0
4,2,0.0
4,3,0.0
4,4,0.0
4,5,452.590395642451
5,1,1377.0002322816017
5,2,0.0
5,3,0.0
5,4,0.0
5,5,0.0
