reservoir,value
1,21441.730118816267
2,11693.685487222832
3,3307.8756487865867
4,2568.049968912502
