reservoir,value
1,15925.711179994949
2,2806.2472480460524
3,4308.3842772455755
4,2527.782199484848
