reservoir,value
1,34984.75247989829
2,2215.404218576299
3,8314.3104384263
4,10558.194405110391
