reservoir,value
1,157894.6395726291
2,1784.8713630569573
3,37708.34279191301
4,12744.9
