reservoir,value
1,171570.01777346956
2,19617.2
3,43616.618781630095
4,0.0
