reservoir,value
1,46938.31743541637
2,12335.011280525458
3,11372.952019748045
4,12730.192408342295
