reservoir,value
1,36722.44324831053
2,0.0
3,6542.937633667194
4,6450.931669804879
