reservoir,value
1,134748.85867827834
2,0.0
3,37261.94831896965
4,12744.9
