reservoir,value
1,30418.947572811725
2,14139.344657367943
3,4957.875264911559
4,8312.956884507916
