reservoir,value
1,114033.79129561092
2,1057.844657367943
3,11696.394698077067
4,12744.9
