reservoir,value
1,26990.88666656694
2,16044.760201747304
3,3033.1731158999464
4,3709.456543585083
