reservoir,value
1,136691.82872940938
2,19617.2
3,19580.713298934126
4,9876.356543585083
