reservoir,value
1,26561.706032402944
2,2202.343470845427
3,10573.953318526925
4,14241.716010772523
