reservoir,value
1,62438.56463521191
2,0.0
3,15176.575632413982
4,12744.9
