reservoir,value
1,37278.29030942474
2,4866.876845279843
3,22040.553824093717
4,12744.9
