reservoir,value
1,85839.18907923503
2,19617.2
3,7517.290373789074
4,5096.2315220283435
