reservoir,value
1,29878.821244417468
2,9295.51368873952
3,12850.208291757677
4,4207.910202017464
