reservoir,value
1,6098.118818722789
2,2061.9038511184935
3,27042.995691365577
4,0.0
