reservoir,value
1,35051.5396972865
2,34095.177705834765
3,3017.1612702759658
4,1614.9754933951986
