reservoir,value
1,145676.79878193827
2,19617.2
3,12086.371232763413
4,5670.200647933907
