reservoir,value
1,45749.899092320156
2,1621.1908442396455
3,18003.216086754826
4,10533.06605381914
