reservoir,value
1,26317.52334412279
2,4337.915570626485
3,9858.735980816924
4,6862.516109691508
