reservoir,value
1,51733.22197524282
2,0.0
3,27238.200809346632
4,0.0
