reservoir,value
1,33874.34764581692
2,14786.005957853322
3,7272.861124761865
4,10049.609237209996
