reservoir,value
1,118602.82058444092
2,13527.924964908521
3,23267.4591482846
4,3859.232273395386
