reservoir,value
1,19589.939502435693
2,18513.73128256252
3,3015.979931851257
4,2769.507630788933
