reservoir,value
1,81669.0349926806
2,8614.52593603799
3,13836.786220578455
4,11482.35225730087
