reservoir,value
1,53985.935936568145
2,0.0
3,23408.950131056103
4,12131.938862695242
