reservoir,value
1,30092.885658028175
2,5971.332508260313
3,8413.13096254222
4,6341.783849415357
