reservoir,value
1,128840.92184422471
2,0.0
3,39505.87647416029
4,11456.783849415357
