reservoir,value
1,27457.008382489734
2,4392.075323061327
3,4329.241496007953
4,10617.315327612334
