reservoir,value
1,129234.66318681683
2,0.0
3,14361.447919181239
4,12744.9
