reservoir,value
1,107142.67435437444
2,0.0
3,32741.124692216523
4,12744.9
