reservoir,value
1,21240.763189510486
2,7367.7272784730685
3,7007.932726830854
4,1593.8558759042608
