reservoir,value
1,42591.50973861619
2,1294.235493276708
3,11059.013848755741
4,15010.953944649194
