reservoir,value
1,116098.83940421836
2,0.0
3,27680.510070713302
4,12744.9
