reservoir,value
1,128400.57633421967
2,0.0
3,18147.430695340005
4,7496.509614049588
