reservoir,value
1,52850.438014793945
2,5703.924259150745
3,13411.124581966807
4,9714.052150317786
