reservoir,value
1,62040.21841295342
2,4769.924259150534
3,25306.903334422634
4,2084.1521503177864
