reservoir,value
1,64956.4077695539
2,11835.807622100905
3,0.0
4,0.0
