reservoir,value
1,65860.84556084941
2,6696.27619498087
3,16410.13970813876
4,16130.572621596522
