reservoir,value
1,100564.48739999972
2,0.0
3,18971.019400000005
4,12744.9
