reservoir,value
1,14799.058563745497
2,4499.069563831337
3,4265.388567965229
4,1996.8978510592228
