reservoir,value
1,63957.738573720446
2,0.0
3,9885.490522258262
4,10857.827615562477
