reservoir,value
1,43177.745165239685
2,5293.608829593119
3,11328.796772606704
4,14632.79647830788
