reservoir,value
1,15628.860496567631
2,3939.885188680906
3,3469.0091758171934
4,1805.67650609656
