reservoir,value
1,44068.21846042924
2,12261.697890131427
3,10989.219642546215
4,3072.458963784436
