reservoir,value
1,49478.38163377493
2,7502.966468467388
3,18487.056650444312
4,0.0
