reservoir,value
1,27744.6199578004
2,11985.284119549568
3,5039.327752701141
4,5276.4477989982715
