reservoir,value
1,126182.13636252403
2,0.0
3,25658.202533737352
4,12744.9
