reservoir,value
1,31573.66180781457
2,8990.108989561873
3,3879.3704370580226
4,5235.48739749047
