reservoir,value
1,107525.0283738697
2,2690.348477172363
3,21067.064303800133
4,12744.9
