reservoir,value
1,23000.83494427934
2,8072.895716121798
3,2608.1273210313893
4,1788.4042283537194
