reservoir,value
1,26375.321919446524
2,0.0
3,0.0
4,3101.8788510840677
