reservoir,value
1,46643.57966301628
2,8643.182435645507
3,13184.417932077165
4,13713.086008904545
