reservoir,value
1,109865.12447849486
2,0.0
3,23142.03734526043
4,6845.63529093965
