reservoir,value
1,78948.09895071274
2,9996.673764972727
3,20441.02553747015
4,13992.540796645786
