reservoir,value
1,158362.02807232397
2,16525.407284851797
3,34954.85790019328
4,1778.2081749422578
