reservoir,value
1,127388.66483619076
2,0.0
3,12933.421289275622
4,12744.9
