reservoir,value
1,30078.650162425474
2,13211.153554533252
3,2767.975163635831
4,2301.1057800684393
