reservoir,value
1,163074.02255315246
2,5423.25890584223
3,9692.96031874376
4,5501.0600944156895
