reservoir,value
1,20925.45891656511
2,5612.360651041256
3,5153.437167680854
4,3297.093915633536
