reservoir,value
1,60742.22736832427
2,0.0
3,40193.63840898105
4,8261.72861213953
