reservoir,value
1,23946.0682661812
2,6553.251161234519
3,18145.940672226385
4,5955.196048085907
