reservoir,value
1,42426.36897434685
2,2160.2745253279936
3,8401.059401126862
4,0.0
