reservoir,value
1,101759.83957195035
2,2271.5200809537328
3,13110.832145233664
4,12744.9
