reservoir,value
1,64197.09811201884
2,5999.805016746039
3,7957.227476592327
4,8828.409889351064
