reservoir,value
1,18782.798112018834
2,0.0
3,0.0
4,6507.204086330052
