reservoir,value
1,24626.87541547553
2,9220.374516483114
3,6178.661112219722
4,3605.781260183958
