reservoir,value
1,26409.42110551068
2,15756.074516483037
3,1048.3651167550097
4,334.2269764708282
