reservoir,value
1,44225.420874686366
2,5677.108556889785
3,10508.234780122095
4,9187.571228503619
