reservoir,value
1,186566.96935611902
2,0.0
3,37728.64392067259
4,12744.9
