reservoir,value
1,65310.551449800005
2,4464.97695965
3,11967.415136399999
4,15671.4736679
