reservoir,value
1,27880.452516864083
2,5284.859797872125
3,5718.2769708247915
4,3390.009850386156
