reservoir,value
1,44320.503982540526
2,6655.90887483604
3,11283.17527685386
4,14020.471754732826
