reservoir,value
1,45883.554767291294
2,0.0
3,6732.97314557197
4,12002.467073385966
