reservoir,value
1,44359.543576555654
2,8818.572324167386
3,9318.521601072456
4,10104.789479525782
