reservoir,value
1,1967.463500056816
2,3785.089427569361
3,0.0
4,3428.19672845525
