reservoir,value
1,140622.92620465247
2,0.0
3,14069.943190717422
4,9889.845975610726
