reservoir,value
1,108483.76427780837
2,3754.1052994539336
3,19104.755414624204
4,16327.576835198925
