reservoir,value
1,146549.13044039055
2,0.0
3,11789.20251123427
4,8697.676835198925
