reservoir,value
1,40800.08323065786
2,3034.622074337507
3,12154.50107486166
4,15575.276813521712
