reservoir,value
1,55770.34895998752
2,0.0
3,26280.92075981653
4,12237.114160758974
