reservoir,value
1,20075.532371000947
2,14327.02249943587
3,2041.1304531055866
4,1498.9677043356226
