reservoir,value
1,106936.33970000001
2,0.0
3,21539.255500000003
4,0.0
