reservoir,value
1,49309.43263548285
2,13987.450906954487
3,3668.4556113349067
4,1508.2162649656025
