reservoir,value
1,24427.706914535403
2,0.0
3,5616.936234592936
4,7148.283946516322
