reservoir,value
1,19676.508635189573
2,16142.50929267905
3,2935.483107769072
4,1411.094616422581
