reservoir,value
1,43884.95705168568
2,3061.0092926790817
3,5811.860230735054
4,4640.056647564137
