reservoir,value
1,55491.656106391834
2,0.0
3,10301.346659254676
4,7335.433685323298
