reservoir,value
1,18040.46423882073
2,13865.507129288037
3,3541.4568738424696
4,2315.921501831753
