from,to,value
1,1,0.0
1,2,0.0
1,3,223.6000000000098
1,4,0.0
1,5,0.0
2,1,3073.3482669910745
2,2,0.0
2,3,0.0
2,4,0.0
2,5,0.0
3,1,0.0
3,2,0.0
3,3,0.0
3,4,0.0
3,5,0.0
4,1,0.0
4,2,0.0
4,3,0.0
4,4,0.0
4,5,2824.1880753680966
5,1,588.1880753682797
5,2,0.0
5,3,2236.0
5,4,0.0
5,5,0.0
