reservoir,value
1,18476.681102278417
2,4602.6517330089255
3,3988.1433354698634
4,3470.811924631247
