reservoir,value
1,95189.96540695292
2,0.0
3,11433.170485997647
4,12744.9
