reservoir,value
1,19537.89576297623
2,27099.46937683111
3,3422.7303900334027
4,2335.4709930325266
