reservoir,value
1,73581.82720842987
2,19617.2
3,6618.52603856683
4,11361.370993032526
