reservoir,value
1,56696.70799006001
2,6262.571582840001
3,13553.271524519998
4,16550.12833204
