reservoir,value
1,152940.04703701055
2,0.0
3,28685.669324513594
4,12744.9
