reservoir,value
1,28004.112853902156
2,10794.054018230117
3,8558.600735185963
4,12908.427220245574
