reservoir,value
1,79367.19694626074
2,0.0
3,14233.1169210196
4,12744.9
