reservoir,value
1,14458.137093521145
2,46845.50230775442
3,2464.8824912214423
4,1456.9326386532925
