reservoir,value
1,35079.397082508585
2,19617.2
3,13447.538324502635
4,9844.255992761902
