reservoir,value
1,52920.702377820664
2,7017.927187681473
3,11768.411968433235
4,15951.655013413296
