reservoir,value
1,68893.14410013049
2,233.02669257104614
3,7908.791514279207
4,6068.379353629964
