reservoir,value
1,63277.49741118909
2,4364.512076862751
3,23723.719357071423
4,13390.834588103411
