reservoir,value
1,0.0
2,3922.5
3,9891.199999999999
4,5496.300000000001
