reservoir,value
1,37998.23891099206
2,10183.498543900638
3,8047.399740736879
4,14188.50073832656
