reservoir,value
1,187292.6466845591
2,19617.2
3,49952.59974073689
4,8129.092940731915
