reservoir,value
1,39375.99497491854
2,7632.214989413497
3,4281.978664898052
4,5390.533381734479
