reservoir,value
1,190197.5480879451
2,6292.808465455971
3,19680.75881738197
4,12744.9
