reservoir,value
1,194888.93580191996
2,0.0
3,917.0161148532507
4,12744.9
