reservoir,value
1,27068.37519375403
2,8383.408995633163
3,4697.245619629343
4,2493.2766496679733
