reservoir,value
1,71596.48293947394
2,0.0
3,19035.332788867796
4,0.0
