reservoir,value
1,86349.48159709605
2,19498.082374086407
3,25959.498668292035
4,10932.990702421032
