reservoir,value
1,91194.67625841658
2,19617.2
3,4380.617149269165
4,4725.975225165694
