reservoir,value
1,21588.72568355773
2,8595.111031534221
3,3086.9308926342924
4,4075.6355788207456
