reservoir,value
1,126966.17858938892
2,0.0
3,5192.227717210365
4,12744.9
