reservoir,value
1,36838.42291901197
2,15593.022365808796
3,2763.9469589941696
4,1589.1626521898545
