reservoir,value
1,114446.14974556299
2,7171.252255641242
3,1053.090774457427
4,2023.4361709274053
