reservoir,value
1,123194.22130044315
2,0.0
3,26992.16874518379
4,2945.7021854422874
