reservoir,value
1,49202.28770611404
2,13118.753818849962
3,10384.539142925787
4,14754.08973388296
