reservoir,value
1,10866.648240004477
2,11149.59063333044
3,1417.8119931194433
4,8053.089733882962
