reservoir,value
1,26531.41763741593
2,11859.21449518939
3,2958.9989734247606
4,2719.2626186378784
