reservoir,value
1,17864.304240581412
2,10746.834844452856
3,2442.58258494888
4,1866.794015041174
