reservoir,value
1,114189.76170950913
2,14964.13849376337
3,14992.558749506665
4,4592.600795363981
