reservoir,value
1,19351.22651439737
2,0.0
3,12228.622151152857
4,0.0
