reservoir,value
1,31643.48779497909
2,8268.53103867952
3,8704.435143734461
4,13577.191079967874
