reservoir,value
1,32194.325638099428
2,0.0
3,3840.4201309370965
4,0.0
