reservoir,value
1,51849.025511914035
2,11678.704526559875
3,13026.748303556686
4,14765.656266233094
