reservoir,value
1,65872.86165469412
2,10696.371141328347
3,13940.013299366392
4,7080.704779931384
