reservoir,value
1,22747.620571607637
2,3950.989827225927
3,3873.3179142905265
4,1979.3925287324178
