reservoir,value
1,30127.03618587972
2,11312.991463047321
3,4101.727951192288
4,2760.982550713106
