reservoir,value
1,42888.51893801872
2,0.0
3,2804.6168539804744
4,6236.061215925109
