reservoir,value
1,67615.02919055577
2,0.0
3,32790.65943130923
4,7754.111292428078
