reservoir,value
1,57431.62139686807
2,48555.99696111209
3,6384.348628641504
4,16999.64500163095
