reservoir,value
1,137294.19540077625
2,4486.597850283765
3,51806.1
4,0.0
