reservoir,value
1,68405.03640285457
2,0.0
3,15928.486024306474
4,9221.941757905239
