reservoir,value
1,67445.18459521583
2,3013.472505069615
3,18339.2148356123
4,23034.013185549593
