reservoir,value
1,67097.39528655571
2,7389.751448375574
3,17381.07012960517
4,12136.734624946414
