reservoir,value
1,124164.2279194209
2,7150.154365447648
3,11489.643494644486
4,0.0
