reservoir,value
1,12359.304836148123
2,10666.363861403068
3,1988.0719974729127
4,1716.7545645980586
