reservoir,value
1,11671.26462694442
2,7681.827068445987
3,3503.7035360219597
4,1887.1218704405894
