reservoir,value
1,68565.87154151982
2,8927.437568470204
3,17054.295443416275
4,12860.166921940883
