reservoir,value
1,71563.10268706644
2,0.0
3,10164.754717990618
4,459.14158546643984
