reservoir,value
1,20482.924623967137
2,2129.196860086595
3,8017.96198350364
4,7451.6036902397245
