reservoir,value
1,87385.91415337729
2,0.0
3,41546.39517657187
4,12566.603690239725
