reservoir,value
1,104193.79855586815
2,19617.2
3,15145.216518453208
4,12536.065083979414
