reservoir,value
1,143928.70733356947
2,0.0
3,33320.61730631
4,10230.539496404765
