reservoir,value
1,995.6969118621643
2,12277.329706264889
3,0.0
4,0.0
