reservoir,value
1,18581.280000000246
2,308.58779658648865
3,0.0
4,0.0
