reservoir,value
1,38837.19089036801
2,8642.492645769313
3,10610.66895221798
4,16805.70190180508
