reservoir,value
1,25051.504027999537
2,5207.7949618189805
3,3202.22831766069
4,2440.28643839466
