reservoir,value
1,63843.1228878008
2,5013.520661408498
3,0.0
4,341.95006529887877
