reservoir,value
1,33784.27173628126
2,1476.4169857918723
3,7690.131156205114
4,12353.372865318828
