reservoir,value
1,72252.92441784161
2,0.0
3,24879.76434770602
4,7925.585002743703
