reservoir,value
1,63162.88394295999
2,5683.58081221
3,21892.057793519998
4,14007.646684
