reservoir,value
1,58703.27079718864
2,7603.27694044807
3,5687.595043073046
4,4733.280080784677
