reservoir,value
1,75494.31650382894
2,13861.10038212257
3,0.0
4,0.0
