reservoir,value
1,152891.53958020994
2,0.0
3,31735.680479263516
4,12744.9
