reservoir,value
1,34791.64910385389
2,5480.454421360555
3,10032.931757378708
4,15350.855866779424
