reservoir,value
1,147722.45706988542
2,0.0
3,47804.1966142287
4,12744.9
