reservoir,value
1,17130.980463229873
2,6168.688912420892
3,3259.0940107824363
4,5717.683642958129
