reservoir,value
1,16183.625166851827
2,17753.58869008529
3,2801.7034788479814
4,1884.0576685117064
