reservoir,value
1,84184.01640541975
2,4672.088690085289
3,1547.773122241265
4,10782.377078035317
