reservoir,value
1,22064.437022204886
2,13222.58598861074
3,2503.1343397682076
4,3286.5920990701215
