from,to,value
1,1,0.0
1,2,245.6148524871951
1,3,9.3058182629573
1,4,0.0
1,5,0.0
2,1,0.0
2,2,0.0
2,3,0.0
2,4,0.0
2,5,0.0
3,1,0.0
3,2,0.0
3,3,0.0
3,4,0.0
3,5,0.0
4,1,0.0
4,2,0.0
4,3,0.0
4,4,0.0
4,5,641.2941817376422
5,1,0.0
5,2,0.0
5,3,641.2941817376422
5,4,0.0
5,5,0.0
