reservoir,value
1,22268.34381824632
2,7263.774019169876
3,2564.7709436514415
4,2161.7133431597854
