reservoir,value
1,31947.40427223577
2,0.0
3,15666.457107144928
4,9710.318565742404
