reservoir,value
1,28650.895173813005
2,4114.188088488866
3,2949.451746310541
4,5100.393247717396
