reservoir,value
1,26127.674186218966
2,8160.497603349524
3,6762.233273699653
4,9055.088486287097
