reservoir,value
1,119696.52627894164
2,0.0
3,20627.97455595581
4,12744.9
