reservoir,value
1,33924.80214933937
2,50655.3589603893
3,7204.448798277164
4,6415.773678043497
