reservoir,value
1,60596.51389694688
2,19617.2
3,27354.549602500265
4,12744.9
