reservoir,value
1,22494.351520698285
2,11716.912315166883
3,9081.490317792028
4,6997.626572019923
