reservoir,value
1,135107.38977913914
2,4954.876625737909
3,50986.69031779206
4,12112.626572019199
