reservoir,value
1,57443.406635459876
2,4640.858989613322
3,21418.645910638446
4,17461.363603053374
