reservoir,value
1,114403.86053008764
2,18599.002515178207
3,22599.4001064085
4,6028.67993425074
