reservoir,value
1,23052.466727887146
2,2911.1994613740762
3,6967.595432306865
4,10200.209765087893
