reservoir,value
1,89788.06639175936
2,0.0
3,28871.167283914434
4,12744.9
