reservoir,value
1,40333.0508901899
2,5638.440580876373
3,9125.887094960075
4,6036.810499708449
