reservoir,value
1,17922.178592863114
2,3639.540577945061
3,3220.3915617590915
4,2887.5702445999987
