reservoir,value
1,104033.10502124226
2,0.0
3,24339.377408606626
4,8002.570244599999
