reservoir,value
1,119749.20165039247
2,16498.832085573777
3,39256.73263336097
4,11717.756634679243
