reservoir,value
1,106029.19954577247
2,0.0
3,36633.7212705961
4,3613.8726665765294
