reservoir,value
1,34213.957348497
2,4132.435675027296
3,10830.278379241281
4,15994.597416760946
