reservoir,value
1,115875.2594766843
2,0.0
3,32716.761586041284
4,11650.201882885694
