reservoir,value
1,23944.29942846133
2,9364.705768665513
3,5213.820814253077
4,2010.3750479637567
