reservoir,value
1,26414.475661880897
2,0.0
3,6971.943751602695
4,75.15327788185459
