reservoir,value
1,1039.441630076486
2,0.0
3,17507.308100461152
4,2585.520682508004
