reservoir,value
1,38863.92305596813
2,4138.955551352248
3,8063.607604074126
4,13644.871932353137
