reservoir,value
1,174818.8133676866
2,0.0
3,44012.85751708543
4,12744.9
