reservoir,value
1,56396.63470269363
2,8707.268023555796
3,11870.971682877285
4,18778.16970511134
