reservoir,value
1,96398.58950049928
2,8331.50832820469
3,22451.94080255799
4,4705.35048168431
