reservoir,value
1,179105.73282380047
2,0.0
3,42496.843597762905
4,4443.141902811192
