reservoir,value
1,23047.508909768207
2,1236.0950597464155
3,5026.18344564254
4,6411.923855111595
