reservoir,value
1,141432.24630361807
2,0.0
3,25468.21760353695
4,9038.37630597036
