reservoir,value
1,25757.550011025178
2,14931.077756925442
3,8569.80869885856
4,10412.499850309514
