reservoir,value
1,0.0
2,737.9160086960292
3,0.0
4,2782.5998503095143
