reservoir,value
1,123521.47296657853
2,19617.2
3,30543.82389685215
4,12744.9
