reservoir,value
1,33750.37270334839
2,12636.783775585394
3,4593.98509239157
4,3505.5870997421594
