reservoir,value
1,18096.55323495411
2,11664.47632307329
3,3925.7785597075786
4,2761.609788335887
