reservoir,value
1,15554.865331099389
2,0.0
3,28771.01781680032
4,3564.95355375031
