reservoir,value
1,170422.7781481809
2,0.0
3,22881.38527356729
4,12744.9
