reservoir,value
1,141009.3905
2,6612.847199999991
3,26830.879100000006
4,12744.9
