reservoir,value
1,58995.05461004689
2,3797.38949609164
3,25765.51313437165
4,15851.527513932391
