reservoir,value
1,182652.14625652504
2,7667.006548861487
3,47336.84063235568
4,7960.550306093413
