reservoir,value
1,21475.50589585653
2,16151.140157110885
3,2479.907012798988
4,1352.3982758803381
