reservoir,value
1,71219.45586675295
2,4871.97205203451
3,18075.25010837414
4,5436.135960766786
