reservoir,value
1,80603.36992155001
2,6758.6775483599995
3,20767.36756825
4,29362.613923240002
