reservoir,value
1,15312.292675296289
2,16074.859465049045
3,4560.093003237963
4,2214.949816233664
