reservoir,value
1,21405.88223148265
2,18078.917303579237
3,3686.779550325972
4,1819.6145898119385
