reservoir,value
1,89155.63709483025
2,19617.2
3,17964.454033505695
4,7281.877639169621
