reservoir,value
1,37236.630945136676
2,2648.3527028469985
3,8311.099403461993
4,15133.841522094097
