reservoir,value
1,61789.94584307837
2,3628.964775906654
3,0.0
4,0.0
