reservoir,value
1,24882.47392695079
2,6764.534905432456
3,4951.821555983202
4,3775.7852562689573
