reservoir,value
1,111341.64999840289
2,13300.234905432457
3,0.0
4,0.0
