reservoir,value
1,165115.99103757838
2,1994.544427740475
3,36058.85254255643
4,10708.764065649011
