reservoir,value
1,38559.22538649673
2,70686.68474921126
3,2929.6514288997037
4,1255.4693248393196
