reservoir,value
1,0.0
2,0.0
3,1023.0475454268726
4,7421.228449973343
