plant,value
1,42737.360000000015
2,10168.760000000004
3,9584.499999999989
4,6626.999999999997
