reservoir,value
1,88471.68999999989
2,15146.680000064849
3,0.0
4,0.0
