reservoir,value
1,194651.85509678168
2,19617.2
3,43351.25763197002
4,7449.040848080278
