reservoir,value
1,15815.833804897775
2,34430.722013708604
3,2984.981756423316
4,3025.999959439631
