reservoir,value
1,41852.762356522304
2,10724.40031036248
3,11642.845188445532
4,15992.9945802971
