reservoir,value
1,111724.11213949692
2,8247.145261479178
3,36506.175878203605
4,12744.9
