reservoir,value
1,106832.26450000008
2,6522.543299999906
3,25492.567900000002
4,12744.9
