reservoir,value
1,25708.402286970588
2,13095.460533681688
3,3143.5687900380613
4,4596.630636681668
