reservoir,value
1,137699.1381712206
2,1778.7824806471526
3,17832.023798610906
4,12744.9
