from,to,value
1,1,0.0
1,2,0.0
1,3,33.72651075332328
1,4,0.0
1,5,0.0
2,1,1832.6183989368583
2,2,0.0
2,3,0.0
2,4,0.0
2,5,0.0
3,1,0.0
3,2,0.0
3,3,0.0
3,4,0.0
3,5,0.0
4,1,0.0
4,2,0.0
4,3,0.0
4,4,0.0
4,5,1109.3741037731652
5,1,0.0
5,2,0.0
5,3,1109.3741037731666
5,4,0.0
5,5,0.0
