reservoir,value
1,13574.066075131166
2,5337.9451230313625
3,2433.6008244853347
4,1975.1790310574734
