reservoir,value
1,15972.321556381692
2,0.0
3,3890.789524138942
4,2509.198474057582
