reservoir,value
1,44299.649857338
2,13276.970394809527
3,10722.03875953166
4,16105.326585395998
