reservoir,value
1,200717.6
2,9129.698026098315
3,50703.96542052741
4,12697.340870406719
