reservoir,value
1,40410.327296239186
2,4582.325186851399
3,25545.89699900263
4,15620.578547640926
