reservoir,value
1,0.0
2,0.0
3,9674.285004355474
4,7990.678547640926
