reservoir,value
1,121009.8991625332
2,19617.2
3,25239.037355127584
4,9617.120954451764
