from,to,value
1,1,0.0
1,2,0.0
1,3,0.0
1,4,0.0
1,5,21.19039788194641
2,1,3790.002691154616
2,2,0.0
2,3,0.0
2,4,0.0
2,5,0.0
3,1,0.0
3,2,0.0
3,3,0.0
3,4,0.0
3,5,1960.209602118055
4,1,0.0
4,2,0.0
4,3,0.0
4,4,0.0
4,5,0.0
5,1,0.0
5,2,0.0
5,3,0.0
5,4,1981.4000000000015
5,5,0.0
