reservoir,value
1,24664.216415347793
2,2610.497308845384
3,3291.890397881947
4,8392.954588403505
