reservoir,value
1,51777.64955861897
2,11615.140697542953
3,9141.004740835215
4,14384.325218489037
