reservoir,value
1,131167.21075245403
2,4991.437870811507
3,16114.179955507141
4,5119.403415129023
