reservoir,value
1,88963.90310160001
2,4982.865207180001
3,19705.520895769998
4,25177.6798278
