reservoir,value
1,176201.1711016014
2,5839.872907179736
3,40402.50259577
4,12744.9
