reservoir,value
1,52867.632719684116
2,7115.323811382896
3,8922.650944449744
4,3543.285604485115
