reservoir,value
1,121899.4824652471
2,6803.657842436662
3,74.84171890716411
4,0.0
