reservoir,value
1,18456.2472766809
2,18320.894859644584
3,5706.975643573195
4,4187.657408049718
