reservoir,value
1,57806.51859352794
2,19617.2
3,16685.253023642872
4,12744.9
