reservoir,value
1,19269.693435572994
2,3594.138045723196
3,2652.3623855183546
4,3189.353970689615
