reservoir,value
1,37121.8426603047
2,9216.60922167241
3,5167.802599092758
4,6043.589220115176
