reservoir,value
1,61713.931887248225
2,11328.668590170448
3,0.0
4,0.0
