reservoir,value
1,14070.697852412566
2,8380.971446628175
3,3561.072492666619
4,1527.7952490748987
