reservoir,value
1,56299.60410612975
2,0.0
3,19165.36779042871
4,293.9600659082479
