reservoir,value
1,41840.440494913
2,5179.61969508641
3,10002.031056705704
4,11436.387597604547
