reservoir,value
1,57152.07774452152
2,3062.7123719233273
3,21645.125693732876
4,18827.000396799016
