reservoir,value
1,71501.22114529838
2,14219.734916931304
3,43254.673014705404
4,82.86303507527028
