reservoir,value
1,91124.64517051615
2,10926.31172515922
3,33109.31220760004
4,10386.912788453923
