reservoir,value
1,0.0
2,0.0
3,69568.19917189899
4,1400.2000000000007
