reservoir,value
1,118835.15053715548
2,13093.509365873175
3,15815.763562780698
4,0.0
