reservoir,value
1,20932.669829092345
2,20288.66265319845
3,2765.2154699998573
4,2064.8255101138025
