reservoir,value
1,5542.875549106775
2,19617.2
3,0.0
4,493.50922936042036
