reservoir,value
1,16651.847277837507
2,15134.158575091218
3,2560.4947213571795
4,2628.073634392197
