reservoir,value
1,64637.131064907604
2,11585.343359906512
3,8594.65105579976
4,11653.973634393637
