reservoir,value
1,22226.47272959715
2,25767.92302193487
3,3073.2046985186935
4,1643.1304212152513
