reservoir,value
1,10744.170718018455
2,19617.2
3,2403.726674891136
4,1727.0667097659789
