reservoir,value
1,73390.30106468043
2,4988.551437371559
3,11703.695872799577
4,12137.027542685002
