reservoir,value
1,84569.62165805284
2,0.0
3,7167.534794842084
4,416.76452725772833
