reservoir,value
1,77125.80002505195
2,6821.207760886226
3,12932.923551044141
4,5842.064244588231
