reservoir,value
1,153610.98249029904
2,6109.7598479111475
3,3106.865269951255
4,0.0
