reservoir,value
1,30948.17612888174
2,14152.139706563139
3,4642.302956386782
4,2425.858043552893
