reservoir,value
1,23699.143157263796
2,17803.604671325025
3,3946.5729944887335
4,1802.0899334878418
