reservoir,value
1,70965.63314301331
2,4722.104671325025
3,13364.744077895008
4,3336.0882330361746
