reservoir,value
1,14897.559899430093
2,6381.46245640446
3,2140.3015290072117
4,1753.578240520883
