reservoir,value
1,18552.043726625023
2,11705.24567828471
3,4324.754292936799
4,3068.7195520084106
