reservoir,value
1,104292.70587254086
2,1851.3395047447302
3,22738.803198202448
4,12571.61955200839
