reservoir,value
1,22811.969851546848
2,11416.997408333647
3,4749.3963306335
4,2360.3513031449334
