reservoir,value
1,106832.26450000089
2,6522.543299999102
3,25492.567900000002
4,12744.9
