reservoir,value
1,33695.96679405
2,14429.602807799998
3,15991.770855240002
4,18531.621386270002
