reservoir,value
1,106506.63129405008
2,7870.646107799904
3,38143.03875524
4,12744.9
