reservoir,value
1,37735.97030199041
2,5188.776584322582
3,5054.380145858232
4,18855.179002707202
