reservoir,value
1,132483.99632583268
2,0.0
3,15861.987575835954
4,7758.5315601213315
