reservoir,value
1,73507.7338954099
2,2926.593830408724
3,36873.44758964004
4,25176.77246594816
