reservoir,value
1,0.0
2,0.0
3,53292.32396691966
4,17546.87246594816
