reservoir,value
1,90601.26160946311
2,19617.2
3,3570.6656602129833
4,7759.293233223098
