reservoir,value
1,17033.112013155045
2,3684.2170222933532
3,2838.1391565232802
4,1614.5672293810594
