reservoir,value
1,115452.10597310113
2,649.300426898849
3,23864.6336
4,12744.9
