reservoir,value
1,52159.725470175385
2,4834.8838470407045
3,18318.054998095326
4,16916.228721293952
