reservoir,value
1,25212.05312475619
2,6373.134384216199
3,2532.9209539144667
4,2175.8175737371967
