reservoir,value
1,101246.84873009758
2,0.0
3,7445.0730760591705
4,6183.032353501822
