reservoir,value
1,21958.600498831813
2,19289.842331330008
3,4229.773525396515
4,3238.624474813326
