reservoir,value
1,106858.39162364288
2,15105.075261254948
3,35168.41027481341
4,12409.52447481337
