reservoir,value
1,11932.374208332694
2,6768.621275224277
3,0.0
4,0.0
