reservoir,value
1,39063.69507863415
2,8702.842266934285
3,5804.876285540345
4,5960.995472132279
