reservoir,value
1,130301.34229231812
2,2176.162254164785
3,26279.194319023674
4,12744.9
