reservoir,value
1,25371.967839745033
2,4798.384351126965
3,3422.5244595905942
4,4442.250507999575
