reservoir,value
1,37537.79816562605
2,31730.941315944066
3,4740.994875467736
4,8747.567794028235
