reservoir,value
1,76075.80625962709
2,19617.2
3,3597.543729033695
4,4037.084650512612
