reservoir,value
1,18200.65288391862
2,7844.825892895815
3,2666.208831965863
4,1856.8129061981854
