reservoir,value
1,60566.80772629736
2,0.0
3,4060.383089722536
4,9407.187407466723
