reservoir,value
1,17994.108047538808
2,8623.60919434618
3,3345.6259702088582
4,3581.2157736128343
