reservoir,value
1,115639.85297017242
2,1324.6691943461783
3,15065.833132873233
4,12744.9
