reservoir,value
1,42740.27137213458
2,7716.007587850275
3,15508.013919337798
4,5287.19642389056
