reservoir,value
1,51888.27726076556
2,0.0
3,12172.599954704636
4,0.0
