reservoir,value
1,117848.46466080679
2,4841.022099831428
3,20373.499180897157
4,10904.863954464648
