reservoir,value
1,45420.225906271044
2,8131.346049203281
3,6528.848755366713
4,5205.155341101782
