reservoir,value
1,20819.53072682555
2,16417.745603824984
3,1774.746875025416
4,2644.052572422555
