reservoir,value
1,49784.65784043103
2,9276.364388200987
3,0.0
4,0.0
