reservoir,value
1,17719.25609349768
2,5771.95090117892
3,2863.2712165097814
4,2354.731600217159
