reservoir,value
1,14323.31853781146
2,6009.325101243832
3,2600.032865369194
4,1321.5058121179038
