reservoir,value
1,80316.14595190344
2,3482.9367718772255
3,25885.296110662337
4,18703.450823635063
