reservoir,value
1,144949.01870163236
2,7137.587514047376
3,35838.03796051628
4,5215.413297494249
