reservoir,value
1,71407.65701392
2,3395.45145124
3,22752.53467708
4,15325.383071999999
