reservoir,value
1,140291.81626515999
2,0.0
3,38236.08537708
4,6333.842797799066
