reservoir,value
1,33178.270172117416
2,3523.9027046895735
3,10895.185604353297
4,9312.842923548404
