reservoir,value
1,44503.48181996176
2,13350.240297931501
3,9039.664913647954
4,4917.817529361373
