reservoir,value
1,54111.60916819045
2,2926.015709574025
3,12318.602615428794
4,18148.391865960504
