reservoir,value
1,112833.69680967239
2,0.0
3,19304.76524955777
4,11386.403824177716
