reservoir,value
1,162565.65552427614
2,16993.94209353059
3,35511.02561543275
4,12588.286374151445
