reservoir,value
1,90676.51344511063
2,3277.9613183664806
3,22835.22575033851
4,500.82330215846355
