reservoir,value
1,62256.259999999995
2,6198.200000000001
3,51806.1
4,12744.9
