reservoir,value
1,23848.611425924617
2,14496.80418007038
3,3528.551659147324
4,2753.5589429003326
