reservoir,value
1,11735.863687227777
2,28266.88878196262
3,2620.3834192321306
4,1424.4224465499808
