reservoir,value
1,16909.991586400116
2,33596.67134467255
3,4141.291045421968
4,2144.5759286004763
