reservoir,value
1,39768.91382379244
2,19617.2
3,6994.55745701459
4,4020.1117012764985
