reservoir,value
1,92154.07129896819
2,0.0
3,14030.432837582115
4,4301.349345701759
