reservoir,value
1,59281.30868615926
2,0.0
3,20004.11742122312
4,8146.008906022078
