reservoir,value
1,24282.71777208485
2,16879.442761420494
3,5791.536092173228
4,6610.14078873055
