reservoir,value
1,14038.989422752446
2,14065.608633666512
3,2178.107023904445
4,1164.8909977341334
