reservoir,value
1,51293.80799600001
2,13851.593831803257
3,9641.35627176296
4,18488.775573781368
