reservoir,value
1,24511.998290231706
2,3242.4199192444403
3,6380.469352748219
4,4450.1169907974345
