reservoir,value
1,3510.3332374081656
2,43.80865604559184
3,0.0
4,0.0
