reservoir,value
1,45057.44978479055
2,4972.106503171796
3,9983.766952989772
4,12888.662052791642
