reservoir,value
1,16672.62636436569
2,7128.909824936837
3,4167.008234136871
4,2953.2678249239593
