reservoir,value
1,40014.668804263434
2,7755.002878012679
3,7194.303943664535
4,4552.6470436381405
