reservoir,value
1,27581.599370021122
2,38153.19296573108
3,3453.8757636518726
4,2293.6043364897064
