reservoir,value
1,69934.72045269985
2,19617.2
3,11123.202259012583
4,11002.581312327924
