reservoir,value
1,32056.370393966095
2,17543.38394491803
3,7270.132005163487
4,10279.606396545798
