reservoir,value
1,24880.49674693776
2,7654.961695341655
3,3403.2835220844113
4,2860.0677791465346
