reservoir,value
1,117724.52893144778
2,0.0
3,13977.8329342974
4,8881.96777914654
