reservoir,value
1,22567.38104849973
2,6336.672669248637
3,3107.337038443048
4,1870.834982720657
