reservoir,value
1,67832.97175273485
2,0.0
3,10462.588330799568
4,4708.055532886914
