reservoir,value
1,30664.076920270687
2,2145.600300955497
3,11031.24537229877
4,15956.68495391904
