reservoir,value
1,108347.68223080688
2,0.0
3,21892.4283737515
4,12744.9
