reservoir,value
1,9838.90230856302
2,5681.652092879089
3,10081.132093917207
4,4623.972585118194
