reservoir,value
1,61696.87123824299
2,6137.845313484245
3,39856.08022895597
4,21017.83778622531
