reservoir,value
1,0.0
2,0.0
3,13594.872874229319
4,10353.782494037616
