reservoir,value
1,188119.9765785056
2,17154.7653134842
3,51806.1
4,3034.1552921876964
