reservoir,value
1,29878.44092032423
2,3706.039304409929
3,4865.762200733676
4,5159.843809114492
