reservoir,value
1,155592.62576217434
2,0.0
3,22232.444333011357
4,11159.862613748668
