reservoir,value
1,42337.137976059006
2,14995.58982974224
3,6499.1244410993895
4,16710.99492553588
