reservoir,value
1,161426.9670815906
2,1914.089829742241
3,18707.253516149387
4,12744.9
