reservoir,value
1,55237.26409537875
2,3587.454379093264
3,24895.45627963438
4,19624.7597529754
