reservoir,value
1,200717.6
2,4322.914616813324
3,51806.1
4,11994.859752975399
