reservoir,value
1,20824.987542553925
2,33982.03800735491
3,4447.309151764713
4,5385.104963008098
