reservoir,value
1,48028.57187674364
2,0.0
3,1553.174440291341
4,915.9376568240859
