reservoir,value
1,47196.31164640875
2,3224.499546213856
3,14295.86838489283
4,15869.926861150316
