reservoir,value
1,168324.1870927308
2,4767.537144480656
3,39294.932353486714
4,11976.080033333346
