reservoir,value
1,25787.821559117954
2,6435.6843871814035
3,6880.187302314037
4,10921.927304565817
