reservoir,value
1,25720.885028771816
2,13101.426934231145
3,3581.6335227854233
4,1591.5698312561597
