reservoir,value
1,28023.28727382211
2,18181.17258820148
3,6034.143253565769
4,2162.661218283934
