reservoir,value
1,16633.807136462678
2,17812.073461055083
3,3498.9554100338023
4,1476.3110117611302
