reservoir,value
1,66852.47058679302
2,4847.005802604635
3,19178.52613777542
4,17677.510036545234
