reservoir,value
1,16621.665007824024
2,9449.41161413136
3,2825.123872107198
4,1626.1928639861126
