reservoir,value
1,82577.0320504464
2,0.0
3,7060.224233531344
4,5033.31167190829
