reservoir,value
1,23455.889429452327
2,29244.01098905778
3,5338.649923239774
4,5235.634760809743
