reservoir,value
1,112682.61294244851
2,16162.51098905778
3,25217.124432394907
4,12744.9
