reservoir,value
1,15291.62105628235
2,2931.4726155821627
3,3311.676807105358
4,3653.578936109867
