reservoir,value
1,63621.54092853124
2,0.0
3,14886.109589097885
4,12349.933209318238
