reservoir,value
1,16921.602307243003
2,2280.781424734394
3,222.0127395291047
4,3800.8273111976678
