reservoir,value
1,21210.225678959876
2,0.0
3,18234.71033667023
4,0.0
