reservoir,value
1,31968.10587752684
2,20478.843460602133
3,3827.1169599439063
4,1325.220745131815
