reservoir,value
1,18439.75244111107
2,12465.103346167567
3,2697.357595058331
4,2293.48298135417
