reservoir,value
1,167242.94158839682
2,5457.391545891001
3,4337.733143575756
4,10067.058843091929
