reservoir,value
1,30242.429387063778
2,9569.486354700395
3,6620.674277376904
4,7409.549629875753
