reservoir,value
1,105230.44737030377
2,0.0
3,19587.999756360186
4,12744.9
