reservoir,value
1,41755.06791730638
2,6135.1653210145905
3,11977.234879406195
4,14827.50724087539
