reservoir,value
1,114535.28448682415
2,0.0
3,26127.910149163617
4,11583.159309192566
