reservoir,value
1,31201.04378934843
2,3869.079481364059
3,3888.948032899808
4,4136.926273333578
