reservoir,value
1,122737.88828225803
2,0.0
3,17330.681445857805
4,12744.9
