reservoir,value
1,42842.93619380931
2,13036.710777430335
3,13155.40445979324
4,6017.280436933895
