reservoir,value
1,17133.68430375074
2,6084.104870023182
3,3456.358137540616
4,1536.2461436236383
