reservoir,value
1,25667.99512463215
2,0.0
3,7104.929762307918
4,8619.2552768845
