reservoir,value
1,138186.26929113572
2,19617.2
3,6078.196225461993
4,11541.093655931341
