reservoir,value
1,165901.12949854456
2,0.0
3,6421.554959031895
4,12692.857953064982
