reservoir,value
1,48100.17056732957
2,12467.127060986459
3,8106.953330371814
4,6235.371307709231
