reservoir,value
1,151247.43210151998
2,0.0
3,23638.814908800003
4,6307.128448948466
