reservoir,value
1,21041.205832323772
2,7858.293559140823
3,5808.040759545916
4,4647.366342652279
