reservoir,value
1,19799.18536917048
2,8386.979680213839
3,11091.287567123629
4,13584.392462433962
