reservoir,value
1,24739.832702214127
2,13836.115102434136
3,6843.183506445518
4,2614.828389696237
