reservoir,value
1,133697.571424371
2,17948.548307391437
3,1285.2064833071963
4,12744.9
