reservoir,value
1,39243.97218899465
2,2067.811590200224
3,10555.14886484256
4,18460.42286551193
