reservoir,value
1,24319.13338304541
2,3142.2538172149825
3,7592.319933378862
4,4731.1588199286325
