reservoir,value
1,29957.727636892774
2,7880.624235292122
3,7138.354060631483
4,2891.5212582250174
