reservoir,value
1,3499.92433890537
2,715.9098847316573
3,22534.767834419068
4,1176.1535144679808
