reservoir,value
1,28015.714248654433
2,14377.582124503728
3,3826.1902510761947
4,3076.4721924572345
