reservoir,value
1,68993.09666387565
2,0.0
3,0.0
4,6166.558080846727
