reservoir,value
1,11711.890117554469
2,13618.587275626891
3,4083.515002234699
4,4282.956518580198
