reservoir,value
1,81001.7868946125
2,11465.381505163252
3,22926.511709351802
4,12744.9
