reservoir,value
1,60797.54549085061
2,7876.612716900261
3,10895.45821161852
4,8965.085231496863
