reservoir,value
1,16051.938940851665
2,0.0
3,994.5582116185196
4,2264.0852314968633
