reservoir,value
1,134746.30039906234
2,19617.2
3,7169.256649648114
4,2971.5917914779943
