reservoir,value
1,116451.16091439087
2,7557.774389245307
3,15367.938527896702
4,0.0
