reservoir,value
1,13756.763484912259
2,10607.98924858035
3,2302.6380554309326
4,1326.4820214417875
