reservoir,value
1,97535.89582305145
2,10868.953803719009
3,11693.951961809671
4,14049.698775883642
