reservoir,value
1,163019.95590768097
2,19617.2
3,42883.968569059216
4,12744.9
