reservoir,value
1,1649.0929113929344
2,0.0
3,185.69942976323154
4,844.1916620950137
