reservoir,value
1,25331.421700440747
2,15535.912681308266
3,3501.335996761418
4,3696.729096183616
