reservoir,value
1,68422.68054087962
2,3241.5266058419966
3,35688.44092057943
4,19446.716166006216
