reservoir,value
1,26885.61248169106
2,4390.022530214505
3,7758.381565454026
4,4204.567887343631
