reservoir,value
1,2128.783181491959
2,1494.2249787007804
3,990.3893502922938
4,652.4931274738633
