reservoir,value
1,24358.51518689425
2,6313.085612747763
3,5725.165611027531
4,10720.278000207087
