reservoir,value
1,77441.60271963303
2,0.0
3,16685.994384118396
4,12744.9
