reservoir,value
1,77438.67960282
2,10985.4879766
3,19563.828950319996
4,24763.772747049996
