reservoir,value
1,153341.28417941998
2,0.0
3,32031.14885032
4,12744.9
