reservoir,value
1,59231.361292052396
2,10762.562734938627
3,9484.172922632159
4,3571.6761060373897
