reservoir,value
1,91313.7409595283
2,17298.262734937543
3,0.0
4,0.0
