reservoir,value
1,30648.793713246097
2,10077.21124535213
3,5611.689356332468
4,4219.470200394386
