reservoir,value
1,31187.787199854494
2,7855.854591822706
3,4223.743546702259
4,3267.0686847202023
