reservoir,value
1,25556.681821869275
2,29438.387249641783
3,4026.76692283857
4,8004.307769389703
