reservoir,value
1,0.0
2,2014.4060345025828
3,0.0
4,374.4077693897034
