reservoir,value
1,109999.861285905
2,19617.2
3,14421.828863445948
4,12744.9
