reservoir,value
1,20216.14836289664
2,6790.177779118514
3,2917.187459954671
4,4872.718642873674
