reservoir,value
1,42824.204405766315
2,12662.630025661452
3,4832.6200176009825
4,52.10573778964153
