reservoir,value
1,31195.248386439052
2,0.0
3,6783.092835266005
4,6621.329100343708
