reservoir,value
1,84367.18983379923
2,0.0
3,12837.387400378233
4,7944.04117767517
