reservoir,value
1,17306.18122121112
2,7105.112778911736
3,2616.2137496086834
4,2830.3315221842468
