reservoir,value
1,34296.36493252602
2,3468.715920801889
3,7939.8551138412295
4,3761.9224806161615
