reservoir,value
1,24423.54358877882
2,9262.80085526154
3,2573.3353310948387
4,1820.3387803411922
