reservoir,value
1,23574.707312713737
2,9261.33748526035
3,3865.711590058131
4,5681.868788527206
