reservoir,value
1,132591.88063952592
2,0.0
3,12008.661215209951
4,12744.9
