reservoir,value
1,19044.392015859055
2,16587.444794490464
3,2571.1576250278417
4,2996.9514233047917
