reservoir,value
1,78790.5628744991
2,3505.944794490464
3,3620.670371862152
4,1896.368010848761
