reservoir,value
1,26966.93891847608
2,10792.835843241166
3,6669.0776333931835
4,6093.170901884756
