reservoir,value
1,30007.17919980711
2,2634.9307212356757
3,11488.472262898904
4,14461.130310021246
