reservoir,value
1,53618.952961094445
2,0.0
3,16086.008026773245
4,12335.248703070274
