reservoir,value
1,19924.934440677836
2,4751.196819793964
3,3689.9221275678324
4,2590.5063176670296
