reservoir,value
1,12662.550361199952
2,4494.196819793947
3,7004.844975327531
4,904.6937709822188
