reservoir,value
1,31605.930794190608
2,6458.185897590631
3,10800.748985072187
4,5813.304883992462
