reservoir,value
1,0.0
2,12993.885897590631
3,899.8489850721871
4,0.0
