reservoir,value
1,56624.85075184
2,7062.16101728
3,8458.828226160002
4,11413.849331050002
