reservoir,value
1,0.0
2,0.0
3,2536.697668093395
4,1324.048231384395
