reservoir,value
1,48125.93494597486
2,16821.48507275694
3,0.0
4,0.0
