reservoir,value
1,62915.582362712696
2,0.0
3,16647.786612794665
4,12464.108172278613
