reservoir,value
1,14686.92286137131
2,4013.0284053579758
3,2496.300019451099
4,2472.1877545358766
