reservoir,value
1,59872.83377694658
2,3162.4873362893863
3,3842.520668809571
4,11830.087754535876
