reservoir,value
1,18444.46868932847
2,6882.05938455885
3,3268.6413346210275
4,1662.3324516615735
