reservoir,value
1,27183.10474895817
2,0.0
3,18402.08508752281
4,2579.422036173197
