reservoir,value
1,44295.73396084001
2,7020.35808837
3,28045.37815401
4,15326.27426285
