reservoir,value
1,0.0
2,0.0
3,6302.557454010485
4,7696.37426285
