reservoir,value
1,18171.17161421503
2,9084.699221131152
3,6030.015169035145
4,5378.047888432046
