reservoir,value
1,0.0
2,15620.399221131152
3,0.0
4,1013.4799155318033
