reservoir,value
1,80849.46648964447
2,1797.9447345766398
3,19270.949888527823
4,17050.413628135793
