reservoir,value
1,28652.365274737702
2,20125.16655629251
3,4563.534992965577
4,10150.693237321038
