reservoir,value
1,111408.37833444723
2,18633.61976306804
3,7502.083563527972
4,12744.9
