reservoir,value
1,27863.25331733271
2,10261.969647276683
3,6540.359285454443
4,3688.3854693607645
