reservoir,value
1,62540.25431459464
2,16797.66964727669
3,960.7268992661537
4,0.0
