reservoir,value
1,27337.51146648551
2,8012.133661695849
3,7925.567719556155
4,12757.51264731547
