reservoir,value
1,103058.11358724983
2,0.0
3,30127.57312638841
4,11750.134027146314
