reservoir,value
1,74878.3008094437
2,13985.989877643766
3,19284.93671392283
4,16653.60101004945
