reservoir,value
1,132370.1468358028
2,11534.947245289164
3,28749.886202591835
4,5805.5519063946895
