reservoir,value
1,26821.88620127828
2,6117.114372441355
3,2861.5227494330798
4,4163.939293387922
