reservoir,value
1,102442.0087785467
2,9370.984491526619
3,15575.962925766402
4,12744.9
