reservoir,value
1,56995.04244467191
2,5956.386070632254
3,11577.096445563371
4,26640.966467141607
