reservoir,value
1,55472.26201100256
2,2311.3888968390147
3,10118.447705610222
4,5411.348655293379
