reservoir,value
1,198128.86846226675
2,0.0
3,26241.09071436665
4,10186.336147246324
