reservoir,value
1,16748.45904273414
2,4036.91103583222
3,4132.537382245296
4,2740.49921101976
