reservoir,value
1,56437.38531496391
2,0.0
3,12077.109342768099
4,10952.541136127158
