reservoir,value
1,14558.579428134151
2,4882.44582366485
3,5807.457909720871
4,2878.9528154333675
