reservoir,value
1,9266.173327102986
2,0.0
3,6382.617575758949
4,1222.166338587245
