reservoir,value
1,65589.7805505133
2,9105.13540028742
3,34713.85061080652
4,14624.200698727334
