reservoir,value
1,90423.80128664832
2,0.0
3,8836.148804704664
4,4997.550674863491
