reservoir,value
1,148531.38222681996
2,1365.163371959979
3,26578.98102050001
4,12744.9
