reservoir,value
1,21111.867980219788
2,13964.913389696867
3,3123.414724830175
4,4118.853512429274
