reservoir,value
1,33198.490777314255
2,3492.916870096038
3,8488.540616120139
4,9042.176098557442
