reservoir,value
1,31822.313730344555
2,9428.265908197529
3,4014.3549058781246
4,4229.411481870542
