reservoir,value
1,51635.28445817398
2,6867.3911831654805
3,12176.028059584349
4,12882.00732570481
