reservoir,value
1,64917.82197337188
2,0.0
3,2275.128059584282
4,5252.10732570481
