reservoir,value
1,15610.576410354795
2,15211.638669123782
3,4079.664538926133
4,1616.4877948834742
