reservoir,value
1,40129.42988897596
2,4537.271316065999
3,10313.819651038695
4,12279.40195226762
