reservoir,value
1,97990.30921435443
2,0.0
3,9738.273394661432
4,8306.358334157576
