reservoir,value
1,60332.82911076
2,4745.04166875
3,12442.2489644
4,16232.14285555
