reservoir,value
1,36400.482161875865
2,8830.444293675057
3,9007.195750779481
4,5626.362531081606
