reservoir,value
1,21006.63440459325
2,11474.638337451797
3,3101.205176400291
4,2956.087209927433
