reservoir,value
1,77078.61868527316
2,11971.648821660468
3,42993.416130155994
4,11255.398291825684
