reservoir,value
1,22978.031458670466
2,3956.460305560685
3,8073.480238415724
4,8621.301186122393
