reservoir,value
1,106949.464991759
2,0.0
3,24620.52760503092
4,12744.9
