reservoir,value
1,29387.413038370556
2,13830.048531430151
3,4434.307155375733
4,4569.859763642901
