reservoir,value
1,168140.9018161717
2,10022.500707011637
3,43237.40849782961
4,9372.611375126386
