reservoir,value
1,88374.86809036708
2,6593.088166882495
3,26548.48582447952
4,21792.030245913906
