reservoir,value
1,173250.25945501082
2,13439.663385533819
3,34579.935984821794
4,0.0
