reservoir,value
1,15451.384745879091
2,10133.245633585659
3,2539.2340916356384
4,1743.2935539193827
