reservoir,value
1,38694.26500833
2,12780.777601050002
3,8985.70659723
4,9832.2576943
