reservoir,value
1,20510.66501615537
2,11545.679489496835
3,4051.0340497367465
4,2515.067542120451
