reservoir,value
1,117671.7512734756
2,4307.539851301923
3,24988.533037990226
4,6977.799299097147
