reservoir,value
1,33193.964309030656
2,13373.084844768338
3,3484.501722157161
4,2690.3394017947726
