reservoir,value
1,104268.36355881754
2,17125.047861341696
3,0.0
4,0.0
