reservoir,value
1,87740.3566813641
2,0.0
3,14646.029972848606
4,9137.756322687193
