reservoir,value
1,34655.451651123585
2,6805.919283139502
3,8431.696740891186
4,4369.286223792397
