reservoir,value
1,65173.36899979999
2,3151.56394512
3,18850.746080480003
4,22396.43775899
