reservoir,value
1,134363.50119492135
2,0.0
3,32789.59928048001
4,9612.002664410742
