reservoir,value
1,17118.72313114068
2,8862.67131308249
3,3375.529874168933
4,3765.617683462002
