reservoir,value
1,43349.0056454436
2,16014.392387280122
3,17248.97933329873
4,22391.49430300474
