reservoir,value
1,0.0
2,0.0
3,7348.079333298729
4,2016.6943030047405
