reservoir,value
1,149015.9531640082
2,5491.347946409576
3,51806.1
4,12744.9
