reservoir,value
1,114540.29636220807
2,0.0
3,19214.432770904044
4,9565.387120435613
