reservoir,value
1,30238.58867170454
2,11366.182090844457
3,6623.551850938205
4,6990.318786925129
