reservoir,value
1,101174.73007195252
2,159.61404242983917
3,48528.75185093819
4,12744.9
