reservoir,value
1,39557.401706723365
2,12051.43703617725
3,10667.38916066504
4,20035.0111238847
