reservoir,value
1,109956.54026874539
2,161.08041051578402
3,6012.12514713651
4,0.0
