reservoir,value
1,16490.967571474877
2,8244.205313531436
3,4801.241941394003
4,3437.091246525163
