reservoir,value
1,0.0
2,14779.905313530957
3,6689.187715390385
4,0.0
