reservoir,value
1,21269.175286758305
2,22422.0481770653
3,4723.170471564112
4,3786.7687867214877
