reservoir,value
1,75832.69669425472
2,9340.548177065299
3,20068.75838019879
4,12744.9
