reservoir,value
1,176124.44266115117
2,5758.978869412402
3,8598.870082589552
4,12744.9
