reservoir,value
1,17050.340619943618
2,24928.91805705217
3,3703.4525782331
4,5163.9541613278025
