reservoir,value
1,21884.185464651404
2,3449.978851564849
3,6130.251246531065
4,8721.628972070403
