reservoir,value
1,78422.78171950087
2,19617.2
3,16324.38317263799
4,11451.808982563645
