reservoir,value
1,142699.17730769466
2,5532.44632230037
3,29830.05565013823
4,11315.676148940998
