reservoir,value
1,32214.570532995353
2,26968.27881629334
3,6959.326293355734
4,4976.332194514317
