from,to,value
1,1,0.0
1,2,3479.0600000001114
1,3,0.0
1,4,0.0
1,5,0.0
2,1,0.0
2,2,0.0
2,3,0.0
2,4,0.0
2,5,0.0
3,1,0.0
3,2,0.0
3,3,0.0
3,4,0.0
3,5,0.0
4,1,0.0
4,2,0.0
4,3,0.0
4,4,0.0
4,5,2546.0640145374336
5,1,1921.46401453745
5,2,0.0
5,3,624.600000000035
5,4,0.0
5,5,0.0
