reservoir,value
1,23081.00138751693
2,12702.76751835511
3,4086.4157039582565
4,4080.9359854625563
