reservoir,value
1,84236.38121416813
2,7727.675386869126
3,24206.433927796897
4,12744.9
