reservoir,value
1,137171.82372532075
2,13253.84968492319
3,1194.7725725953692
4,1787.2630394082134
