reservoir,value
1,5896.486727988614
2,19617.2
3,386.5168637695042
4,607.4871760390113
