reservoir,value
1,24309.000092394137
2,20501.68855898053
3,3248.806308638906
4,1950.485561434834
