reservoir,value
1,65695.55346125219
2,17643.873582050353
3,28510.738723920305
4,10059.263519149406
