reservoir,value
1,26810.82575905798
2,13743.719907151826
3,4171.109190511017
4,3746.10355078347
