reservoir,value
1,87655.07320811934
2,14645.462457096997
3,19285.77076987969
4,12744.9
