reservoir,value
1,106190.25880000001
2,3446.783199997369
3,22150.228500000005
4,1695.4872355195591
