reservoir,value
1,45350.13317174676
2,3166.8615070902397
3,10512.012548961315
4,14833.912225099564
