reservoir,value
1,136369.06246115704
2,0.0
3,25509.03231581132
4,12744.9
