reservoir,value
1,118161.8999999993
2,19617.2
3,49275.299999999996
4,12744.9
