reservoir,value
1,36822.9305789629
2,19617.2
3,3687.2110248259
4,6421.0322875508255
