reservoir,value
1,18370.477381241035
2,17576.951959734455
3,3562.1114345693486
4,4554.30284138621
