reservoir,value
1,37398.80949859584
2,19264.97207717054
3,5732.845104593508
4,2234.4635577994377
