reservoir,value
1,64137.401965494544
2,19617.2
3,3564.4986473297668
4,48.52570740241322
