reservoir,value
1,74139.19483000427
2,9866.746705657648
3,38711.15757628959
4,17467.66890533
