reservoir,value
1,0.0
2,0.0
3,25163.502599009164
4,22582.66890532993
