reservoir,value
1,41354.50550959512
2,6998.86265679278
3,10359.762457049557
4,12290.874677462969
