reservoir,value
1,18154.668995598542
2,8015.17607153312
3,3636.861114094438
4,2554.130273377922
