reservoir,value
1,79497.4389205924
2,0.0
3,4704.8216005071745
4,11912.03027337792
