reservoir,value
1,40763.63533596973
2,3123.9920249136535
3,9144.435107077581
4,17547.60226562665
