reservoir,value
1,105621.35806037617
2,0.0
3,11367.205822376434
4,9517.062007591605
