reservoir,value
1,23651.980147811875
2,6912.539415719417
3,3570.2469409699816
4,1587.8242182043157
