reservoir,value
1,28935.348247401038
2,13448.239415719412
3,5552.492263643556
4,6408.414925612731
