reservoir,value
1,39132.44324036995
2,21313.706200677218
3,8915.40649988092
4,9719.310691881768
