reservoir,value
1,165823.4030447998
2,8232.206200677218
3,46543.63745099258
4,12744.9
