reservoir,value
1,30475.190499039367
2,1100.9501632779143
3,7831.996911457878
4,13988.336879678875
