reservoir,value
1,133005.3352017381
2,0.0
3,33238.49760949665
4,12744.9
