reservoir,value
1,20430.058200501044
2,11686.740693237489
3,3894.214762652832
4,5920.002055053324
