reservoir,value
1,20914.234078136327
2,8059.5920655516275
3,3560.5356264001193
4,4091.9822413798684
