reservoir,value
1,31553.373244693496
2,9406.271893069837
3,4135.679222267168
4,1989.8274420011687
