reservoir,value
1,40336.08346627879
2,0.0
3,28401.180429961536
4,327.9316842505659
