reservoir,value
1,131287.42690800692
2,8147.392137347404
3,18925.982814091054
4,12744.9
