reservoir,value
1,20702.085074076265
2,4854.832646577241
3,3365.0574869815327
4,2782.9860465601487
