reservoir,value
1,65680.40440315883
2,0.0
3,15342.72248436201
4,9041.378693137396
