reservoir,value
1,35908.36514743082
2,4915.21560429655
3,5452.919348444027
4,9880.744754604735
