reservoir,value
1,113961.000489581
2,1126.515604296551
3,16494.80976244744
4,12744.9
