reservoir,value
1,77386.99510627767
2,7016.147177650425
3,17420.58743911008
4,12710.33040604019
