reservoir,value
1,118682.74783809339
2,8636.571694805283
3,13996.536776879337
4,5545.4484627194
