reservoir,value
1,15878.92685465274
2,15973.243615242049
3,2981.286953090833
4,2318.363961854064
