reservoir,value
1,34506.56441083237
2,4516.912289347957
3,11360.59678591789
4,14493.798064798037
