reservoir,value
1,117213.12958462688
2,0.0
3,24251.767057448174
4,11555.37039139906
