reservoir,value
1,20205.02886646853
2,9211.97037491325
3,4205.506991697028
4,3177.3520339715487
