reservoir,value
1,97815.15683214931
2,0.0
3,29880.638338154782
4,4466.288872468775
