reservoir,value
1,29407.936448442328
2,14255.55313491264
3,3437.6595371518397
4,1789.3319274968335
