reservoir,value
1,79537.62075378561
2,0.0
3,35363.82269915414
4,4615.456374189404
