reservoir,value
1,26568.364863903036
2,23163.705091614815
3,2922.4987439838046
4,3553.337465784727
