reservoir,value
1,141499.9648611588
2,10082.205091614813
3,6237.488310011615
4,11651.297943594
