reservoir,value
1,33711.46921685587
2,4205.910670562983
3,6176.976299076514
4,3953.484203657813
