reservoir,value
1,3843.0846606491687
2,1919.578814829517
3,0.0
4,324.3457955980355
