reservoir,value
1,46806.63260214811
2,8557.282974107411
3,8595.835176780467
4,13724.464184924187
