reservoir,value
1,123466.93534215017
2,0.0
3,15055.190414003413
4,11682.42912696404
