reservoir,value
1,35821.5255090609
2,11683.88210297596
3,16848.65218962039
4,7880.37995800164
