reservoir,value
1,53991.394483407756
2,762.6566283039538
3,15348.811590747251
4,250.47995800164063
