reservoir,value
1,33033.43079684385
2,6525.191759038554
3,15671.381275125512
4,12715.58562670623
