reservoir,value
1,58779.42183836768
2,2990.0151553448122
3,11968.19857210851
4,11903.968240002823
