reservoir,value
1,23139.818958936026
2,0.0
3,4475.099664161413
4,4274.068240002824
