reservoir,value
1,71770.57971542185
2,7088.0487868388245
3,9234.080524492387
4,13728.037036162854
