reservoir,value
1,34233.50262826227
2,4496.450687154815
3,11664.413216648372
4,10167.917240093202
