reservoir,value
1,14545.741304004554
2,8567.27359478857
3,5798.91665087862
4,5448.928325289184
