reservoir,value
1,51592.03413921232
2,4581.3092085837525
3,31692.753281872792
4,2842.044256900732
