reservoir,value
1,22951.00196619783
2,12864.516372118083
3,2792.5721198683455
4,1577.5986232352811
