reservoir,value
1,32503.910620750205
2,5411.952870430384
3,6464.293448286307
4,8776.537456705337
