reservoir,value
1,144812.9470203364
2,19617.2
3,20878.314579534708
4,7289.5749131561715
