reservoir,value
1,43476.55070000001
2,10318.7968
3,12685.452
4,12711.754700000001
