reservoir,value
1,102592.54750000002
2,0.0
3,19899.852000000003
4,2184.366016557513
