reservoir,value
1,13883.351692144715
2,7935.641976842908
3,2130.984133259458
4,1227.3941238896105
