reservoir,value
1,10823.015523891678
2,36258.891181466555
3,2870.254001675793
4,1505.4110593898624
