reservoir,value
1,55179.683732317004
2,5640.817693902521
3,7589.699550250149
4,23432.995449790982
