reservoir,value
1,113701.11772811596
2,2922.6747635972374
3,11006.00138275531
4,1200.7015962627718
