reservoir,value
1,20137.477370396467
2,7735.200000000001
3,51806.1
4,12744.9
