reservoir,value
1,64723.7674865608
2,5534.299596255645
3,22779.946646178625
4,25816.93429481715
