reservoir,value
1,79835.00129339201
2,0.0
3,23451.230884357912
4,0.0
