reservoir,value
1,106226.23423785261
2,10271.243510339915
3,9077.67482069103
4,7302.95227327321
