reservoir,value
1,78097.6551226995
2,5571.727321524847
3,7053.661621207687
4,1131.3304706371491
