reservoir,value
1,36257.34797696
2,5530.20660152
3,19266.82491605
4,14130.636534649999
