reservoir,value
1,110881.09657848
2,0.0
3,31516.15341605001
4,8196.22377017065
