reservoir,value
1,18127.824625617723
2,8513.67599439183
3,4236.099746713477
4,3335.248078596882
