reservoir,value
1,97733.08615990673
2,0.0
3,17225.859782982006
4,6092.6917068367875
