reservoir,value
1,107716.42167525954
2,0.0
3,9968.542813978514
4,0.0
