reservoir,value
1,108852.53419789505
2,0.0
3,17029.543752113386
4,11317.196505311853
