reservoir,value
1,62500.846654770976
2,0.0
3,15398.095027762192
4,2083.137635064685
