reservoir,value
1,113075.58672036503
2,0.0
3,22538.99209527004
4,12744.9
