reservoir,value
1,48538.51978350776
2,8931.983811645036
3,6089.732189560917
4,6089.278670203204
