reservoir,value
1,97500.02005019422
2,1628.4949501428364
3,10501.020604033336
4,0.0
