reservoir,value
1,0.0
2,514.2605638930193
3,0.0
4,7666.032186087452
