reservoir,value
1,40337.109973426166
2,9706.721739468361
3,14101.521394302908
4,13665.239488049927
