reservoir,value
1,136892.13022694766
2,0.0
3,27465.80624997473
4,12744.9
