reservoir,value
1,15921.543226806434
2,0.0
3,0.0
4,3175.3237583047985
