reservoir,value
1,51414.16448890991
2,6906.316157853371
3,10672.709084533566
4,9604.391424912548
