reservoir,value
1,43292.38255373134
2,5996.455683528111
3,14903.156669987668
4,1974.4914249620206
