reservoir,value
1,28695.990830028644
2,5781.86390653806
3,5738.983238508128
4,8123.466212277516
