reservoir,value
1,20817.258133204996
2,8325.813986872487
3,5835.6344909147765
4,2982.060898587407
