reservoir,value
1,46262.12736194344
2,0.0
3,0.0
4,440.3629669796139
