reservoir,value
1,33941.97720954963
2,7753.823787640591
3,4714.472526197379
4,2539.3671419032594
