reservoir,value
1,52685.97163475632
2,14289.52378764027
3,232.76137721093983
4,2167.403315772985
