reservoir,value
1,24102.96311569681
2,6139.649309747749
3,2555.4917909430874
4,2313.706687483085
