reservoir,value
1,65705.43415193797
2,18179.716550620225
3,3612.6750345237983
4,1769.9112229568564
