reservoir,value
1,6398.961836626986
2,19617.2
3,19138.299976309798
4,12744.9
