reservoir,value
1,14042.887654504126
2,13849.08894353001
3,3027.713284231625
4,1764.9061653630827
