reservoir,value
1,9801.53919260417
2,1482.9389435300109
3,8540.16746771304
4,1982.9719803278867
