reservoir,value
1,12120.735344924637
2,7414.4297975681475
3,2257.656738169859
4,1944.1006550999405
