reservoir,value
1,101512.07245503554
2,0.0
3,11329.557538314753
4,2749.9303708886914
