reservoir,value
1,47017.9378151586
2,5022.871934814693
3,14585.50283628218
4,20575.883755033334
