reservoir,value
1,1603.637815158596
2,0.0
3,4112.246483598048
4,15486.431721621073
