reservoir,value
1,200717.6
2,3854.5507298374832
3,51806.1
4,6136.922343319726
