reservoir,value
1,31398.911182592557
2,10914.346920769083
3,8859.765916439097
4,5428.534948391793
