reservoir,value
1,26144.913031670316
2,6031.698773401817
3,5860.431745364798
4,3282.6447471687584
