reservoir,value
1,96561.47495599542
2,7655.89616385177
3,24098.54768323343
4,590.8561415289278
