reservoir,value
1,13603.06640254434
2,7985.061003543737
3,4463.799482362516
4,3140.8416365340445
