reservoir,value
1,69510.46791779232
2,0.0
3,19506.720536953337
4,10704.329152271144
