reservoir,value
1,26395.681325744918
2,9548.293141919312
3,7687.74373638924
4,9479.565624721712
