reservoir,value
1,57437.96908151423
2,0.0
3,15533.365013093937
4,0.0
