reservoir,value
1,42376.950131179874
2,2462.141974804921
3,12978.326137063304
4,18305.091366134133
