reservoir,value
1,32461.59393232777
2,2861.5362825047396
3,10022.960363577757
4,14818.097804869967
