reservoir,value
1,92813.90588531253
2,0.0
3,23970.354972288136
4,12744.9
