reservoir,value
1,133150.64829265137
2,0.0
3,40294.65009398102
4,12744.9
