reservoir,value
1,38355.538039184816
2,9388.73850382982
3,8667.485195431156
4,5472.195370641817
