reservoir,value
1,68487.40436318466
2,1034.5848809842405
3,0.0
4,0.0
