reservoir,value
1,25278.074894307323
2,6229.446935714861
3,5893.572550608824
4,13980.427442028908
