reservoir,value
1,175990.18202484262
2,4496.688199163275
3,34585.01425449288
4,12744.9
