reservoir,value
1,30778.146365062163
2,10270.84129809693
3,7245.800576920161
4,6813.792532440654
