reservoir,value
1,105971.27214998323
2,0.0
3,28416.462567717
4,12744.9
