reservoir,value
1,109112.26889839415
2,7813.993474999785
3,3270.29936040724
4,0.0
