reservoir,value
1,36655.138228868105
2,8486.418485958693
3,7515.119536631185
4,15918.650599571769
