reservoir,value
1,133263.46718579263
2,396.35635677020036
3,19738.999492138326
4,11737.164123417637
