reservoir,value
1,116684.4153
2,4805.7746000020625
3,14513.439300000004
4,7086.1260000006305
