reservoir,value
1,69015.43295127027
2,3248.926587061071
3,16016.73933466314
4,9892.63084282391
