reservoir,value
1,39928.340652
2,7458.435647679999
3,9997.39530102
4,19864.27490215
