reservoir,value
1,113944.98999968001
2,0.0
3,18882.723401020005
4,8955.308315322687
