reservoir,value
1,15344.761201357327
2,16950.247720485786
3,3919.5079558431958
4,2377.814127464448
