reservoir,value
1,56005.744263098255
2,19617.2
3,7617.264873830087
4,11403.714127464573
