reservoir,value
1,102044.02109632746
2,6925.535874525101
3,16414.501265077553
4,701.2578288421682
