reservoir,value
1,25364.856027754926
2,15568.029969077816
3,4197.6722204358375
4,4390.691624923773
