reservoir,value
1,17938.69600966057
2,11062.833811926703
3,4996.12006790315
4,2010.6253637731472
