reservoir,value
1,34024.81986264056
2,10738.416992041177
3,7365.712156468034
4,3758.55367428964
