reservoir,value
1,19717.723367742383
2,12310.863872888865
3,5667.7214603317825
4,3885.4184293176277
