reservoir,value
1,27777.114259216025
2,8885.397426761765
3,6763.745282843414
4,3117.088074815676
