reservoir,value
1,65950.48867239017
2,0.0
3,6272.466981354359
4,0.0
