reservoir,value
1,32597.787641838004
2,20893.878359216716
3,3664.7376342929865
4,2726.5787004073577
