reservoir,value
1,47494.9808279605
2,7681.997397461998
3,7081.5321532883345
4,11022.862496026497
