reservoir,value
1,133964.23228517463
2,0.0
3,25715.72698203794
4,12744.9
