reservoir,value
1,16595.721684009008
2,851.4329466198851
3,7117.376281608834
4,25622.83374042943
