reservoir,value
1,14208.589382291531
2,11077.052137546572
3,4237.8256156931875
4,2368.4207253525306
