reservoir,value
1,54898.770452769604
2,0.0
3,12856.695758617445
4,5789.512647425252
