reservoir,value
1,52727.68177228023
2,23813.88367204849
3,3010.282844914616
4,8188.802366101684
