reservoir,value
1,0.0
2,3273.249676027519
3,0.0
4,558.9023661016845
