reservoir,value
1,26542.57701438918
2,22692.18922205738
3,3282.90746286613
4,3834.901352655462
