reservoir,value
1,100766.69957732927
2,16277.48800060996
3,14174.43353959218
4,12744.9
