reservoir,value
1,32934.83370151485
2,3711.696181627546
3,7821.457838828162
4,15154.052508248478
