reservoir,value
1,4723.386386734147
2,1195.521805352077
3,0.0
4,1276.5422124151673
