reservoir,value
1,86233.1679
2,7802.6068000000005
3,17818.8978
4,17285.679799999998
