reservoir,value
1,15014.967601917519
2,9461.37710713028
3,2450.469783340718
4,3915.8252740612006
