reservoir,value
1,59923.38994695295
2,0.0
3,7685.679398758996
4,12744.9
