reservoir,value
1,16322.63008133263
2,26428.090454415564
3,3870.250957191037
4,4314.6964912749745
