reservoir,value
1,15221.385612979851
2,11759.367421963625
3,3509.905647676353
4,1957.354170629991
