reservoir,value
1,94524.00414517825
2,0.0
3,9425.8146805289
4,10948.957830294094
