reservoir,value
1,105062.09050076324
2,0.0
3,23776.29415502825
4,12744.9
