reservoir,value
1,59438.910632403094
2,4396.5934455621145
3,7885.724269466421
4,4680.150403474119
