reservoir,value
1,62276.40871903173
2,19617.2
3,38228.299999999996
4,7277.1
