reservoir,value
1,37935.175757087745
2,19536.209829008912
3,9420.075316998427
4,7312.824677745693
