reservoir,value
1,0.0
2,13180.58626711339
3,0.0
4,140.12831104359975
