reservoir,value
1,49390.238066177255
2,30667.351559841296
3,6950.472516338305
4,6003.39126816201
