reservoir,value
1,47028.68802800012
2,19617.2
3,17663.256095373028
4,0.0
