reservoir,value
1,26051.139177803983
2,7176.716798150513
3,3003.246430722504
4,1616.536318881353
