reservoir,value
1,119337.79412634019
2,0.0
3,14866.982838600834
4,2064.0331491698335
