reservoir,value
1,61404.82582188823
2,2731.500470451142
3,8414.509048275693
4,18661.84526504732
