reservoir,value
1,125870.06678690843
2,5065.648640246091
3,34607.4020490317
4,8126.508158965637
