reservoir,value
1,34009.45276923796
2,9185.87407019406
3,2873.716909019719
4,2858.5763485773664
