reservoir,value
1,0.0
2,3202.4482349452483
3,0.0
4,152.5009616767528
