reservoir,value
1,17920.12120988412
2,3818.0611661812763
3,4963.23075242825
4,4169.515352458951
