reservoir,value
1,72190.8206794299
2,0.0
3,36184.69703317454
4,9435.285378033721
