reservoir,value
1,32407.86385902279
2,8074.3492885389205
3,7825.901049735962
4,1660.2541875811803
