reservoir,value
1,36497.66926611854
2,0.0
3,10076.009503322766
4,0.0
