reservoir,value
1,21305.733505060267
2,9750.384668362716
3,4282.388180114902
4,3458.252373906214
