reservoir,value
1,117701.09372433032
2,0.0
3,17875.595642422
4,12629.152373906214
