reservoir,value
1,50542.43350432317
2,5287.206273688477
3,7198.004430829906
4,3564.6263823399995
