reservoir,value
1,68504.40064523323
2,6495.230061329028
3,0.0
4,0.0
