reservoir,value
1,18001.001295418813
2,20302.479905211665
3,7794.3955020512985
4,6451.92402794939
