reservoir,value
1,186360.30312615202
2,0.0
3,5109.079079855793
4,12744.9
