reservoir,value
1,27153.91900132646
2,6245.2916341091095
3,8341.714102806567
4,9399.663911846888
