reservoir,value
1,40722.208964353944
2,3249.6468520802846
3,23498.028491798355
4,14786.82202618592
