reservoir,value
1,0.0
2,0.0
3,13597.128491798356
4,14039.5298545063
