reservoir,value
1,34066.22884197575
2,11969.838251770589
3,10511.208813574425
4,13057.74480490773
