reservoir,value
1,138439.7629555533
2,18505.538251770588
3,26531.31519799359
4,12744.9
