reservoir,value
1,25893.328250733677
2,5332.823725777216
3,10963.477220338773
4,15592.079700107999
