reservoir,value
1,117269.49693944093
2,0.0
3,22282.05876404878
4,12744.9
