reservoir,value
1,47391.4630496
2,13925.882432780001
3,7664.330110020001
4,16849.636392
