reservoir,value
1,141568.08694959592
2,844.382432780003
3,13801.615010020005
4,749.4911915063335
