reservoir,value
1,174395.82041955172
2,0.0
3,12608.61018163404
4,8550.271266954796
