reservoir,value
1,48268.19153493445
2,14264.283926032946
3,8168.534571160337
4,4640.161323491488
