reservoir,value
1,64936.07847904006
2,19617.2
3,5380.428720823376
4,0.0
