reservoir,value
1,29618.99029672352
2,8496.401234619698
3,10095.616078256426
4,12375.221806458856
