reservoir,value
1,39037.11504830618
2,9426.244625141539
3,6551.724608878438
4,3281.3053165238916
