reservoir,value
1,156237.37846044815
2,0.0
3,30567.018434189424
4,4090.676131885126
