reservoir,value
1,106079.93741291092
2,0.0
3,19829.58799054862
4,12744.9
