reservoir,value
1,69876.48000000005
2,7834.700000000001
3,51806.1
4,12744.9
