reservoir,value
1,21114.849103913322
2,13757.09756617466
3,2508.018036430756
4,2057.4060814184145
