reservoir,value
1,65805.26361355255
2,19617.2
3,6100.217756407607
4,11306.263073533873
