reservoir,value
1,94639.26043570002
2,0.0
3,24737.594773483695
4,9963.558361180714
