reservoir,value
1,28569.93364438716
2,3031.6111666321226
3,8535.612803909711
4,20485.21778713389
