reservoir,value
1,167491.84080251385
2,0.0
3,38437.06103466747
4,12744.9
