from,to,value
1,1,0.0
1,2,0.0
1,3,600.0
1,4,0.0
1,5,829.27774393613
2,1,1724.1831364539248
2,2,0.0
2,3,0.0
2,4,0.0
2,5,0.0
3,1,0.0
3,2,0.0
3,3,0.0
3,4,0.0
3,5,0.0
4,1,0.0
4,2,0.0
4,3,0.0
4,4,0.0
4,5,0.0
5,1,0.0
5,2,0.0
5,3,42.37774393630025
5,4,786.8999999997328
5,5,0.0
