reservoir,value
1,12761.438181460853
2,5813.816863546075
3,3439.3540424447815
4,1977.44499445209
