reservoir,value
1,92647.82915115103
2,0.0
3,13252.109069412527
4,3912.9321148880913
