reservoir,value
1,19771.772224151176
2,9937.584520630533
3,4261.348725999977
4,4340.634432129908
