reservoir,value
1,92538.06315212093
2,15946.639658614542
3,37782.88245045219
4,7546.241665325526
