reservoir,value
1,55255.532814599996
2,4589.9172196399995
3,19814.42696675
4,12223.30333508
