reservoir,value
1,138535.42583423998
2,0.0
3,36631.38446675001
4,12744.9
