reservoir,value
1,21785.735333064044
2,3599.09458667735
3,2369.8518853090272
4,5306.029693825175
