reservoir,value
1,50931.01327090621
2,0.0
3,8316.004436242658
4,12744.9
