reservoir,value
1,22747.4501448987
2,15335.9133725836
3,3451.9623816684566
4,3326.191787439885
