reservoir,value
1,164388.5657685581
2,7539.806856703382
3,15396.094911803637
4,12012.6808659372
