reservoir,value
1,22927.18567788626
2,13871.182999207787
3,6029.169081782242
4,1758.8449884896252
