reservoir,value
1,37133.68409611822
2,12520.250621315363
3,34954.33417528288
4,3531.531487313644
