plant,value
1,42626.360000000015
2,10259.759999999986
3,9556.5
4,6669.000000000004
