reservoir,value
1,74448.05237263281
2,7980.038543502858
3,9269.6274628587
4,11969.588617323454
