reservoir,value
1,111392.71828211058
2,8409.412057118885
3,11541.161070759772
4,2719.3070307435332
