reservoir,value
1,66760.0589345993
2,38331.06585261764
3,8165.023623415002
4,14006.014174464517
