reservoir,value
1,26547.417091076913
2,15703.909343756786
3,3309.8183913445755
4,2731.923932480274
