reservoir,value
1,37728.79420576255
2,7535.827456168835
3,4802.211309800818
4,9004.455396215426
