reservoir,value
1,175702.08150130813
2,9742.840437368577
3,32653.920547949157
4,8979.069879944982
