reservoir,value
1,68863.05316933616
2,4889.892769410601
3,13895.36750934542
4,18114.835900468293
