reservoir,value
1,156912.1195145695
2,4852.279629314784
3,17267.220642432054
4,7518.316691765502
