reservoir,value
1,44087.49167748925
2,9547.610899014524
3,7356.105727930557
4,2990.309561170897
