reservoir,value
1,70440.19534246862
2,7447.116266683731
3,28.236075491440715
4,2850.5034619632993
