reservoir,value
1,18110.77321757224
2,0.0
3,8707.50039894156
4,0.0
