reservoir,value
1,27636.33800885344
2,13034.300079648505
3,10429.608446178128
4,3063.886824737753
