reservoir,value
1,99988.68226470273
2,19570.00007964782
3,26653.93247495065
4,356.9113189522649
