reservoir,value
1,17768.061361198772
2,12840.172988124463
3,3301.601853140162
4,2679.0271700750664
