reservoir,value
1,21535.350107429
2,2084.1847273611147
3,6063.3354938847915
4,3240.4665792639285
