reservoir,value
1,111412.70368060535
2,720.7447273611142
3,45119.00169049338
4,5179.50931343374
