reservoir,value
1,21681.46888301353
2,7586.743572991258
3,6026.898313554395
4,2617.2133931399167
