reservoir,value
1,88575.21264056851
2,4660.890082564261
3,22114.432936522207
4,15868.43778952423
