reservoir,value
1,42904.99582099507
2,2159.050456842403
3,20280.969430362227
4,20586.663818828318
