reservoir,value
1,116576.22221785258
2,0.0
3,51806.1
4,7496.64905746514
