reservoir,value
1,31225.52958085341
2,9115.521096821049
3,20572.21428310357
4,12744.9
