reservoir,value
1,79304.85372679491
2,9147.01588139978
3,7736.2288361556375
4,8742.036969014962
