reservoir,value
1,33770.26154737787
2,9684.845456041265
3,10557.472912568217
4,5461.717839402963
