reservoir,value
1,13285.224577789166
2,21463.775652264027
3,2195.8761367390593
4,2732.1992710415443
