reservoir,value
1,74763.73490229865
2,8382.275652264027
3,0.0
4,5723.200076856963
