reservoir,value
1,35828.57782281137
2,16682.76432694547
3,8361.726248918432
4,5117.787899123328
