reservoir,value
1,85999.42473004822
2,16556.735377288318
3,23495.261258862127
4,0.0
