reservoir,value
1,102717.2201516478
2,15398.314222823672
3,8309.424663671285
4,12744.9
