reservoir,value
1,12499.943577725999
2,6436.051094946325
3,2679.073641228974
4,1447.1517430542674
