reservoir,value
1,25420.18823872597
2,14265.519610138079
3,2996.25228791277
4,3960.0014353651013
