reservoir,value
1,32429.071406582527
2,11523.058000921232
3,5643.453693227828
4,9301.465924024615
