reservoir,value
1,129224.30551224113
2,0.0
3,37233.37112512453
4,12744.9
