reservoir,value
1,122071.50899999998
2,1935.4676999999965
3,31068.774300000005
4,12744.9
