reservoir,value
1,29471.87582821254
2,22305.8439922116
3,4624.253035288202
4,6175.2144680622905
