reservoir,value
1,160047.75785305517
2,18026.29826088017
3,30562.63568833827
4,12744.9
