reservoir,value
1,153785.04730772245
2,0.0
3,34251.96029179173
4,12377.331403569751
