reservoir,value
1,0.0
2,28923.345
3,21241.84200001505
4,15515.098000000013
