reservoir,value
1,54822.82758750747
2,3799.874650810191
3,11006.931537129414
4,6329.922343278175
