reservoir,value
1,51100.30451976287
2,9143.369355763673
3,19798.914945739554
4,0.0
