reservoir,value
1,31654.529171392307
2,10634.476605452483
3,4935.447849356065
4,4809.718011124868
