reservoir,value
1,65428.40275753015
2,0.0
3,26043.03104436325
4,12744.9
