reservoir,value
1,107410.75924371624
2,19617.2
3,31447.199999999997
4,12744.9
