reservoir,value
1,64076.684905463226
2,0.0
3,3617.0300456253444
4,3546.9248388092565
