reservoir,value
1,47769.0221054213
2,10619.82779020751
3,9672.514027302273
4,3744.3049926844196
