reservoir,value
1,61531.990936233255
2,17155.52779020751
3,16702.61406255183
4,0.0
