reservoir,value
1,25081.995929465767
2,11981.334654020242
3,4112.3232468961105
4,4829.771677238833
