reservoir,value
1,12283.671476811773
2,4783.545829233171
3,3836.94116398868
4,2231.728129732316
