reservoir,value
1,46431.01771994333
2,726.883771421295
3,29905.63780763162
4,3869.986308249688
