reservoir,value
1,143911.437658998
2,0.0
3,24352.71671389016
4,12744.9
