reservoir,value
1,46262.08571110442
2,7253.160774721445
3,6838.590703667422
4,9848.163026447693
