reservoir,value
1,31852.9422142654
2,0.0
3,0.0
4,2283.135233862734
