reservoir,value
1,67436.48663313246
2,9115.314992146064
3,32538.63282747217
4,24162.095811960236
