reservoir,value
1,29924.01717809819
2,3282.3847097444605
3,14562.355022476266
4,7796.228046296356
