reservoir,value
1,50319.6889916761
2,0.0
3,26884.849785069564
4,166.32804629635666
