reservoir,value
1,22688.903827923852
2,3068.7768437956133
3,6947.247895486393
4,2726.885873368433
