reservoir,value
1,23055.349384369474
2,12302.92083734085
3,2656.7477707889816
4,3865.3402583364914
