reservoir,value
1,73571.98174114773
2,3529.0715016484805
3,21055.00203970363
4,21539.42906856638
