reservoir,value
1,200563.98309318774
2,42.876388448520686
3,51806.1
4,588.8200348758091
