reservoir,value
1,61728.42154515918
2,14017.451062297234
3,11522.383684405595
4,5423.937208029258
