reservoir,value
1,27293.210412723267
2,10717.103348434355
3,1621.4836844055953
4,0.0
