reservoir,value
1,10367.899708938767
2,7603.80950680895
3,3515.0967752677225
4,1977.1796733886054
