reservoir,value
1,117740.76086133646
2,13921.344302074389
3,14522.96650739024
4,4464.611939070395
