reservoir,value
1,22224.41866101467
2,17313.236528124067
3,3608.635151990897
4,3088.0001778362985
