reservoir,value
1,40707.0517124538
2,13289.850467489963
3,4757.32923870946
4,3757.2073645569826
