reservoir,value
1,45298.395766931324
2,15153.814313315812
3,0.0
4,0.0
