reservoir,value
1,49797.94070000001
2,7864.075200000001
3,17932.127399999998
4,18336.444900000002
