reservoir,value
1,28913.83114809989
2,15728.04491802916
3,3342.810135855096
4,2274.7251413246963
