reservoir,value
1,82871.25642703379
2,7110.727456577208
3,15897.229241674637
4,7065.6540909309715
