reservoir,value
1,32587.291775273545
2,5614.138064337611
3,6199.922059942113
4,10460.51904319919
