reservoir,value
1,88395.8006862725
2,833.157808171993
3,13810.592541181872
4,8751.013469486514
