reservoir,value
1,36484.532108375875
2,0.0
3,5767.077445318391
4,6049.005309198618
