reservoir,value
1,51427.44873675
2,4642.49868678
3,12830.077996999999
4,14967.87827564
