reservoir,value
1,129291.0848235318
2,0.0
3,29348.883497000003
4,12744.9
