reservoir,value
1,148856.30536436426
2,0.0
3,24029.618093358236
4,12744.9
