reservoir,value
1,121743.59815563963
2,0.0
3,25486.673153386128
4,12744.9
