reservoir,value
1,112045.13568536173
2,19617.2
3,5820.270020848911
4,12744.9
