reservoir,value
1,101332.89436989896
2,9370.12833247884
3,14906.947093770772
4,0.0
