reservoir,value
1,59620.1965662627
2,10381.103336677803
3,15080.329710157554
4,20916.379213809803
