reservoir,value
1,184638.5949857379
2,0.0
3,30731.568822237557
4,10409.707554721084
