reservoir,value
1,26295.75898750681
2,15105.876645438497
3,3381.751548557069
4,2006.5937335429774
