reservoir,value
1,53285.823299092655
2,19617.2
3,8807.21430070106
4,4973.784437738841
