reservoir,value
1,21083.790435757568
2,19444.113386873178
3,3366.5506558315406
4,977.5884503696526
