reservoir,value
1,50367.35810651543
2,0.0
3,28169.54521610475
4,9818.043879748817
