reservoir,value
1,69059.3395386764
2,5315.420346449268
3,11567.803678951088
4,5138.302193337102
