reservoir,value
1,1737.4393803928747
2,15703.161008652924
3,32537.76748555226
4,3997.698250044036
