reservoir,value
1,16155.773241028211
2,18764.472451805712
3,3056.2628694900764
4,2272.1820633077277
