reservoir,value
1,13716.864231636268
2,12126.799563189368
3,3889.3468149712717
4,859.210471288843
