reservoir,value
1,36263.82971019554
2,11015.947516668894
3,5593.0813458759885
4,2815.0979397023843
