reservoir,value
1,89053.4141356094
2,709.7596548230431
3,0.0
4,24.658393840655584
