reservoir,value
1,58217.84547590687
2,4836.6142104776
3,21574.709070453802
4,19000.836772758976
