reservoir,value
1,26692.887163439307
2,7718.183817533075
3,6640.8564183981625
4,2225.769950732755
