reservoir,value
1,12858.74735538652
2,14483.775236644953
3,17865.036244941744
4,180.46806387914512
