reservoir,value
1,15799.605990027987
2,24662.868603279418
3,4577.185415537731
4,1777.3746558389826
