from,to,value
1,1,0.0
1,2,4988.34806721369
1,3,600.0
1,4,0.0
1,5,1193.9378538263218
2,1,0.0
2,2,0.0
2,3,0.0
2,4,0.0
2,5,0.0
3,1,0.0
3,2,0.0
3,3,0.0
3,4,0.0
3,5,0.0
4,1,0.0
4,2,0.0
4,3,0.0
4,4,0.0
4,5,0.0
5,1,0.0
5,2,0.0
5,3,353.6000000000676
5,4,840.3378538262286
5,5,0.0
