reservoir,value
1,20658.054399548895
2,10107.278425154402
3,3439.207374168332
4,2328.17053279064
