reservoir,value
1,114317.83379868108
2,0.0
3,24147.68659828646
4,6592.056750116912
