reservoir,value
1,45443.562483207344
2,9099.40158616456
3,14312.512086733042
4,11168.764878172855
