reservoir,value
1,79167.97083782204
2,0.0
3,4411.612086733043
4,6139.628745659864
