reservoir,value
1,24524.950775412337
2,6796.499435227552
3,5185.743890141959
4,1932.8243053250785
