reservoir,value
1,15190.310972414873
2,7184.193226960886
3,6764.814744666471
4,5991.08572112673
