reservoir,value
1,41306.30127712424
2,181.6169716704726
3,31604.507448103745
4,11814.43572112673
