reservoir,value
1,36676.60048814359
2,9261.174977142433
3,7022.486586729094
4,4772.023934437311
