reservoir,value
1,65366.39406114963
2,10477.666420065882
3,11311.906986339693
4,6946.410650190528
