reservoir,value
1,126594.01580000053
2,3674.3867999999993
3,29898.557700000005
4,12744.9
