reservoir,value
1,166994.62774872163
2,0.0
3,22059.107499554273
4,12744.9
