reservoir,value
1,97845.50105838235
2,0.0
3,12052.798257556085
4,12744.9
