reservoir,value
1,111843.08195943187
2,4268.028552008043
3,0.0
4,12744.9
