reservoir,value
1,31992.220294565843
2,15007.085512237216
3,3534.4129635516424
4,8831.808218538894
