reservoir,value
1,91240.34014990099
2,9647.925639089566
3,12923.69607444353
4,10219.669757630018
