reservoir,value
1,72778.01503866486
2,6982.1483224262365
3,9015.224474866716
4,11224.506349411415
