reservoir,value
1,123608.70455342885
2,7453.824635458146
3,30066.181644229495
4,9502.925794518535
