reservoir,value
1,22372.49371976813
2,0.0
3,21723.089252971964
4,12744.9
