reservoir,value
1,13179.226059671748
2,9810.358597171731
3,2208.019556223362
4,1512.7885278158176
