reservoir,value
1,60776.74286915686
2,16346.058597171732
3,9684.265934422458
4,5834.838807121579
