reservoir,value
1,82211.760010692
2,4545.464694094949
3,23904.812547368558
4,30354.75632930048
