reservoir,value
1,12281.031112293378
2,0.0
3,3749.6671578056703
4,22724.856329300477
