reservoir,value
1,27970.595775426435
2,19675.90398493551
3,2576.4662614041063
4,1593.2952755371846
