reservoir,value
1,55673.863019126235
2,19617.2
3,7417.143370151183
4,3229.284485236599
