reservoir,value
1,35941.7364834817
2,2850.6483301995618
3,15173.732606640442
4,16601.8117507936
