plant,value
1,41360.6199992306
2,12204.500000769405
3,9900.9
4,7401.599999999999
