from,to,value
1,1,0.0
1,2,0.0
1,3,0.0
1,4,0.0
1,5,0.0
2,1,5165.122759318894
2,2,0.0
2,3,0.0
2,4,0.0
2,5,0.0
3,1,222.39999999999964
3,2,0.0
3,3,0.0
3,4,0.0
3,5,0.0
4,1,0.0
4,2,0.0
4,3,0.0
4,4,0.0
4,5,119.97724068113348
5,1,119.97724068113348
5,2,0.0
5,3,0.0
5,4,0.0
5,5,0.0
