reservoir,value
1,27404.84933215082
2,5304.4131695948245
3,8935.314908112989
4,5680.921118219807
