reservoir,value
1,8199.486127777098
2,19617.2
3,20176.118037723325
4,2955.4440942435494
