reservoir,value
1,54385.11630165888
2,19617.2
3,3342.839580951206
4,2235.8849572086765
