reservoir,value
1,39662.5660484688
2,3215.4740929612653
3,11864.137773995033
4,7126.128561584059
