reservoir,value
1,28018.571242406033
2,7897.372394947919
3,8092.361157858315
4,3538.293759837702
