reservoir,value
1,130559.78361843676
2,11000.590853672065
3,0.0
4,572.2766315179164
