reservoir,value
1,31663.579968788457
2,7099.972736519208
3,5993.768666846714
4,7398.272396947635
