reservoir,value
1,42552.115919825934
2,6699.64529431389
3,5865.31699516054
4,4909.883081971504
