reservoir,value
1,174965.87305512532
2,0.0
3,45805.8493528438
4,10024.883081971504
