reservoir,value
1,115641.82613802813
2,0.0
3,19567.144383393163
4,11332.487756067678
