reservoir,value
1,25604.837913916403
2,9376.56755660893
3,4037.3772238710826
4,2046.9959245183727
