reservoir,value
1,18559.332522644705
2,8465.114582267794
3,2996.185049001134
4,3386.698150800914
