reservoir,value
1,58936.918731026
2,6686.681150211464
3,10532.39199494295
4,13326.109998521752
