reservoir,value
1,65023.582166630375
2,0.0
3,36015.57108977037
4,10745.632454146189
