reservoir,value
1,23304.7107836102
2,8550.421290822334
3,4448.063282247723
4,3180.0708615881754
