reservoir,value
1,28279.771043251225
2,2314.841592478508
3,0.0
4,141.0476674260256
