reservoir,value
1,29657.687973720196
2,10486.919400246717
3,3605.5667399507815
4,3129.7818686747205
