reservoir,value
1,18791.527024618652
2,8274.941897841962
3,6491.210016528513
4,3780.4250547422716
