reservoir,value
1,87305.2178535896
2,8665.859981906555
3,10800.56553345769
4,9007.398614638194
