reservoir,value
1,191264.40613121673
2,657.0632797931721
3,27902.280256985083
4,12744.9
