reservoir,value
1,29019.65770948139
2,3955.836551157746
3,12401.826471992423
4,496.45893853240113
