reservoir,value
1,21460.18746106408
2,5538.338963257664
3,3537.9976675751227
4,3232.3400932614622
