reservoir,value
1,11606.126294058839
2,17939.65004108457
3,3021.8299396417365
4,1727.5844745038662
