reservoir,value
1,17071.064904216015
2,4090.752575514747
3,7723.136515997747
4,6790.689759070634
