reservoir,value
1,99739.466105079
2,6258.200000000001
3,51806.1
4,12744.9
