reservoir,value
1,26396.801608319533
2,7325.085484870102
3,2945.4967689767504
4,2209.8006033550196
