reservoir,value
1,71120.38351945922
2,0.0
3,3275.184836194878
4,1909.5415090518973
