reservoir,value
1,19295.20150750431
2,24263.15290264994
3,3331.5407894010727
4,2096.7273089358287
