reservoir,value
1,4393.332820369343
2,19617.2
3,0.0
4,2265.893544918924
