reservoir,value
1,48603.460413748544
2,5581.519054745382
3,10881.717563029973
4,11301.317089056996
