reservoir,value
1,23928.950333504738
2,2605.063620244131
3,5177.1824839162355
4,2584.3847773217944
