reservoir,value
1,47726.827146311734
2,0.0
3,16227.977994289497
4,12744.9
