reservoir,value
1,34806.01127203197
2,0.0
3,16027.288845670259
4,0.0
