reservoir,value
1,22840.804766372064
2,7142.605961859699
3,3652.2367905256315
4,5384.432412705787
