reservoir,value
1,7628.578245494318
2,2102.567854699214
3,0.0
4,2897.8519792414304
