reservoir,value
1,14538.49028771768
2,0.0
3,13789.241067901346
4,10103.089837671405
