reservoir,value
1,67155.44909894982
2,5003.707653244603
3,24413.905091113073
4,19047.543105847715
