reservoir,value
1,49719.042814616834
2,10848.260736281925
3,11002.329987792069
4,9795.8843760147
