reservoir,value
1,74849.9577487644
2,2798.5676653146593
3,40505.01635223556
4,13179.617674626168
