reservoir,value
1,85273.32263093797
2,1061.0110052080104
3,49742.02533741977
4,5549.717674626168
