reservoir,value
1,20480.556537346558
2,4302.387442252282
3,4231.097110603124
4,3253.37958859114
