reservoir,value
1,26424.35072105788
2,34057.500019458865
3,2898.5424121953993
4,2268.304265273291
