reservoir,value
1,146152.55004656623
2,19617.2
3,27598.578357499904
4,6658.46157363191
