reservoir,value
1,10757.131333192643
2,1061.647660404853
3,6778.946112780091
4,2529.1279048855667
