reservoir,value
1,130439.3618328271
2,19617.2
3,21228.574062636144
4,12744.9
