reservoir,value
1,35540.84266037151
2,0.0
3,466.6225774290325
4,0.0
