reservoir,value
1,60030.219999999914
2,7834.700000000001
3,33212.3
4,12744.9
