reservoir,value
1,22725.67689649846
2,3524.1236222002326
3,3288.617262336226
4,1664.0968368975646
