reservoir,value
1,11970.389505566145
2,7722.455623505433
3,1078.9683252697541
4,4310.511762509942
