reservoir,value
1,33703.2990118827
2,22775.23420222079
3,3997.889655862933
4,3177.0915521797824
