reservoir,value
1,143536.3637894351
2,19617.2
3,1637.1033024562694
4,1830.7750378136598
