reservoir,value
1,46089.94488252139
2,3580.674262792527
3,0.0
4,0.0
