reservoir,value
1,32924.58665526356
2,15058.024239232771
3,5731.100877063222
4,3901.018968343469
