reservoir,value
1,49436.09838587036
2,14528.788956828243
3,7491.014200821446
4,3073.0423401395046
