reservoir,value
1,80553.01031111859
2,2037.9689568282447
3,0.0
4,0.0
