reservoir,value
1,58904.24086789036
2,16318.031279161693
3,13825.59105229482
4,12358.001325038193
