reservoir,value
1,163502.10334294697
2,14480.830688253529
3,28496.19066560784
4,8155.624753886295
