reservoir,value
1,22173.127580169592
2,9346.177905772403
3,5674.689195434956
4,2355.095616664959
