reservoir,value
1,31107.36499828867
2,20172.464437969495
3,10915.39987021462
4,9377.64060092821
