reservoir,value
1,19404.132825712593
2,36647.7976171228
3,4841.954319278276
4,5053.785476295764
