reservoir,value
1,56064.539804519736
2,19617.2
3,14831.28903504973
4,12744.9
