reservoir,value
1,27684.31258428906
2,17416.28589103058
3,3400.6296470595817
4,2724.0701244705533
