reservoir,value
1,29288.85512865433
2,43439.80769681699
3,4081.5448416820323
4,3418.3571908054405
