reservoir,value
1,36189.83442779639
2,12434.822698608772
3,0.0
4,0.0
