reservoir,value
1,61422.97150699743
2,5668.931391685641
3,13532.540361265295
4,6301.057573125287
