reservoir,value
1,81699.94786351129
2,12204.631391668032
3,8940.297934390583
4,0.0
