reservoir,value
1,30609.16862153272
2,4300.746235691671
3,4467.150796264667
4,4221.171477724062
