reservoir,value
1,56845.735643271306
2,0.0
3,10681.571370379843
4,2892.5285506731516
