reservoir,value
1,15300.481638910598
2,7857.058231387007
3,3162.581270236701
4,2313.7192465335484
