reservoir,value
1,37237.79480771533
2,0.0
3,4736.360954339883
4,8907.746547393035
