reservoir,value
1,101334.3087404971
2,0.0
3,18011.591679372545
4,11295.413031188864
