reservoir,value
1,8693.657030929317
2,0.0
3,6611.386711141844
4,7913.758618326699
