reservoir,value
1,13444.627246586355
2,17500.234833792467
3,4219.702405736033
4,2438.617476359382
