reservoir,value
1,82052.58249032483
2,19617.2
3,24261.467334644003
4,11464.517476359382
