reservoir,value
1,128713.45904146647
2,0.0
3,32280.958528571653
4,9870.639496317495
