reservoir,value
1,63949.34252208665
2,36006.700453008794
3,4419.155114245526
4,3901.7772471659414
