reservoir,value
1,18535.042522086645
2,4185.184135471311
3,0.0
4,0.0
