reservoir,value
1,200717.6
2,19617.2
3,44122.75296083155
4,11416.575050767646
