reservoir,value
1,69292.40325244714
2,0.0
3,39818.78717918553
4,6097.643372409406
