reservoir,value
1,29115.400333268917
2,11869.6024158701
3,6600.664114006828
4,2541.4851525373965
