reservoir,value
1,104060.4271970404
2,6576.246126871362
3,35378.60833265107
4,1176.807177566734
