reservoir,value
1,46662.04368985273
2,3769.87377220618
3,11606.537842295198
4,14398.096168774158
