reservoir,value
1,21259.172156739816
2,14598.380806915962
3,4524.680746329401
4,2154.0695839632053
