reservoir,value
1,115196.98015714478
2,0.0
3,9333.107707928875
4,9094.35837914402
