reservoir,value
1,16923.670099523228
2,5876.60964695184
3,4027.8641911252307
4,3015.688080047986
