reservoir,value
1,105745.06514538839
2,0.0
3,33617.352468491474
4,11407.668569566365
