reservoir,value
1,0.0
2,4552.299999999999
3,0.0
4,5073.200000000001
