reservoir,value
1,51288.337999799536
2,2376.570607004489
3,15430.695130909808
4,15841.437256615198
