reservoir,value
1,65158.53851764926
2,4455.823361311084
3,16560.729894934266
4,17693.853392531175
