reservoir,value
1,65090.3321112342
2,5243.950487738895
3,15206.044806316506
4,12443.869652774883
