reservoir,value
1,112163.80031973164
2,17529.227313480696
3,16054.245388631378
4,5605.337366561984
