reservoir,value
1,26202.828282535935
2,29310.306854644485
3,3141.5405355131097
4,7401.780261836433
