reservoir,value
1,114744.30017028963
2,16228.806854644485
3,5729.534191413972
4,12744.9
