reservoir,value
1,120660.28211760765
2,0.0
3,16940.471941200005
4,9276.616774964392
