reservoir,value
1,17988.31286580487
2,4020.3977033522424
3,4585.407868660185
4,6928.582669664435
