reservoir,value
1,149425.23120707902
2,3960.6104452983136
3,14282.879518473845
4,12744.9
