reservoir,value
1,29732.80590074619
2,7713.0255213382015
3,11434.693434416333
4,7965.62660660657
