reservoir,value
1,153164.6835020976
2,0.0
3,30627.505477602732
4,12744.9
