reservoir,value
1,26715.37033040571
2,22070.71711219385
3,3030.079156093507
4,2769.1190283517667
