reservoir,value
1,21870.885226383372
2,12461.62177401489
3,26165.2831813557
4,8941.848114712584
