reservoir,value
1,32691.658748737907
2,4063.920344255787
3,14701.104979312067
4,12366.708043460965
