reservoir,value
1,20252.796659761312
2,6783.849699012406
3,3931.116971747564
4,1535.2622524563078
