reservoir,value
1,113877.64411879906
2,8684.703941279968
3,16394.155256760005
4,6350.416043842781
