reservoir,value
1,23295.754817053297
2,9218.886235539016
3,2931.3858255372124
4,1984.732774445768
