reservoir,value
1,11212.157212614977
2,1469.071879161607
3,12373.758186299903
4,3530.5392493044405
