reservoir,value
1,28026.605185337805
2,11148.714181471347
3,2955.260045695271
4,6136.354298002518
