reservoir,value
1,98272.6507485531
2,16958.006039936397
3,11829.804293765175
4,11752.882789109231
