reservoir,value
1,133188.4836310301
2,9769.936039936438
3,12642.319451066109
4,4122.982789110001
