reservoir,value
1,19868.73178909027
2,10843.5068845907
3,2836.48011716649
4,2764.3581397714497
