reservoir,value
1,88355.80045083779
2,0.0
3,13471.10504144675
4,11103.708810356105
