reservoir,value
1,98558.76168511975
2,0.0
3,23210.006479642576
4,9801.041173565833
