reservoir,value
1,64146.6982361765
2,14312.632897961106
3,12931.655311423037
4,8821.679708862715
