reservoir,value
1,160600.66447826446
2,15299.575215646326
3,26090.64299623879
4,1191.7797088627158
