reservoir,value
1,30084.657019596656
2,5837.548492015672
3,10923.013653391346
4,8686.52466929338
