reservoir,value
1,0.0
2,0.0
3,1022.1136533913468
4,1056.62466929338
