reservoir,value
1,192096.5770941826
2,13257.279249893742
3,44561.994577731486
4,11122.618006258566
