reservoir,value
1,68603.2281232216
2,6059.299062087659
3,25645.34154741002
4,26393.626229558962
