reservoir,value
1,165909.3610903332
2,10107.792673624068
3,51806.1
4,0.0
