reservoir,value
1,15028.996177118632
2,11466.874682903614
3,3133.871239637655
4,2626.176998043512
