reservoir,value
1,23979.265501389647
2,8342.718294499791
3,5098.32674607152
4,12806.799714431645
