reservoir,value
1,99737.34513000288
2,0.0
3,26727.381816042798
4,12744.9
