reservoir,value
1,48004.81813545
2,13474.31803085
3,8258.0954695
4,13346.032752570001
