reservoir,value
1,24115.27319554679
2,36203.65774911808
3,7455.451943155144
4,13776.428354303
