reservoir,value
1,0.0
2,3504.957749118079
3,0.0
4,6146.528354302656
