reservoir,value
1,29028.169991697403
2,9653.92381073576
3,11295.900644124158
4,14994.343615499962
