reservoir,value
1,117883.32490880493
2,0.0
3,29639.461154521705
4,9870.078016603837
