reservoir,value
1,110029.03814812574
2,0.0
3,30665.423892028964
4,10185.613492590788
