reservoir,value
1,20663.20824482425
2,4259.436331866181
3,5458.057711321553
4,5579.702041812244
