reservoir,value
1,56390.843567872085
2,0.0
3,6320.55073106021
4,1006.0828383154803
