reservoir,value
1,17146.848727566627
2,8014.874755801502
3,3537.1424153376147
4,2111.659209556924
