reservoir,value
1,55296.968837882945
2,0.0
3,25918.214607284717
4,1718.896250869755
