reservoir,value
1,43914.94159645491
2,18326.50526682785
3,50559.54959812038
4,9514.940174848161
