reservoir,value
1,111440.25215078479
2,62.54148163305945
3,12503.59890502047
4,12744.9
