reservoir,value
1,60893.38297949999
2,5134.56763213
3,20540.186507680002
4,19586.8428232
