reservoir,value
1,136465.85701162997
2,0.0
3,34503.92010768
4,6560.2610860851155
