reservoir,value
1,23807.655135482095
2,5743.610258291275
3,3201.3822288159795
4,1685.4875810456917
