reservoir,value
1,24517.64074886622
2,4121.481662556707
3,4011.040157021072
4,3236.7592171315487
