reservoir,value
1,121163.3871728828
2,13379.982927626737
3,31256.579540644827
4,7624.613709436905
