reservoir,value
1,51598.9373566
2,5153.38167797
3,9220.189789150001
4,13251.56801845
