reservoir,value
1,124965.77933456999
2,0.0
3,13712.872489150004
4,12744.9
