reservoir,value
1,47116.35353660483
2,8741.738908513282
3,16052.889282736433
4,18117.006903824167
