reservoir,value
1,0.0
2,0.0
3,5287.003698179318
4,3797.808088749239
