reservoir,value
1,63167.90076506806
2,11330.86843272471
3,10792.382599205057
4,14854.210281000174
