reservoir,value
1,145908.33085910196
2,17866.56843272471
3,30242.755087924328
4,7224.310281000175
