reservoir,value
1,8766.251483219983
2,2502.1881977616736
3,2629.5931152870326
4,1280.3512444407957
