reservoir,value
1,31084.393501292805
2,3865.448173549471
3,11286.183603056363
4,15555.607902609452
