reservoir,value
1,130923.6162787867
2,0.0
3,42276.163995867384
4,12744.9
