reservoir,value
1,31616.926095543946
2,12455.230252146015
3,10140.322699939567
4,15236.292161454663
