reservoir,value
1,123922.69469850906
2,0.0
3,12730.547291709474
4,12744.9
