reservoir,value
1,46731.83893790375
2,3286.9730333402836
3,14327.34246040426
4,20684.823511035192
