reservoir,value
1,121338.22291744403
2,0.0
3,23222.175457454265
4,9581.94428517557
