reservoir,value
1,24580.141337307185
2,19134.739524810164
3,6268.690090445795
4,3542.6305738188253
