reservoir,value
1,100104.25351457902
2,6807.401902187925
3,46966.729544341506
4,9955.65062169586
