reservoir,value
1,21973.72000059892
2,5185.07424552882
3,5703.8037706537
4,2080.266034587775
