reservoir,value
1,5735.181604268982
2,1742.1261284511522
3,0.0
4,729.9852108929863
