reservoir,value
1,19862.948097307442
2,5604.461300073184
3,4580.128392078301
4,3892.3252786134462
