reservoir,value
1,24669.94159280716
2,0.0
3,10645.16277620722
4,9007.3252786132
