reservoir,value
1,133143.9363496187
2,0.0
3,40050.1765559667
4,12744.9
