reservoir,value
1,17000.241522584874
2,3554.2668374521068
3,4081.252825295243
4,2925.676944795402
