reservoir,value
1,69961.37674683708
2,0.0
3,0.0
4,11945.116308784593
