reservoir,value
1,26070.00375713114
2,7640.879340478121
3,5750.668437637156
4,6330.235112642555
