reservoir,value
1,40812.82925754764
2,3522.1189120484933
3,27401.459186165743
4,15570.079582200307
