reservoir,value
1,20985.460201744856
2,11039.765355863285
3,2528.839322032737
4,1456.9553052345018
