reservoir,value
1,9720.76695659302
2,15040.064935482897
3,4659.031600798511
4,1892.5695939784462
