reservoir,value
1,50331.76404097154
2,9916.908443717162
3,10458.888631765778
4,6905.863134809878
