reservoir,value
1,46806.27046556538
2,4212.243794613588
3,7735.690533474868
4,23066.45543512043
