reservoir,value
1,19628.204435956693
2,4690.352788793091
3,3202.419157669318
4,1998.8221430090225
