reservoir,value
1,28999.19350926554
2,2706.2733331920513
3,6160.3039550966405
4,13604.661145977763
