reservoir,value
1,100458.82490283376
2,0.0
3,7939.109777473075
4,12744.9
