plant,value
1,40254.36999999909
2,11807.200000000916
3,9900.9
4,7629.9
