reservoir,value
1,19268.00547363796
2,8063.932062527907
3,6072.703808453255
4,4512.4257950239735
