reservoir,value
1,18949.508246280846
2,5035.634768495182
3,3739.444829125446
4,2591.57536209036
