reservoir,value
1,17703.48758888147
2,6000.50451614228
3,2648.8025872551443
4,2019.8798739524066
