reservoir,value
1,128050.61345229733
2,0.0
3,0.0
4,10849.463293073415
