reservoir,value
1,11863.43266490641
2,11473.657974127596
3,2494.3465100754097
4,1685.221246154969
