reservoir,value
1,14163.360838770343
2,10264.521981596998
3,13576.046521073777
4,7005.150807158809
