reservoir,value
1,149098.41487612564
2,0.0
3,31828.49740737167
4,11753.112071962052
