reservoir,value
1,16511.40758353477
2,5358.159646616863
3,2856.258397082376
4,2083.7268538253747
