reservoir,value
1,107629.84333875173
2,0.0
3,4600.144059909598
4,3644.397199396847
