reservoir,value
1,17359.291643447054
2,4746.500080552225
3,5780.403275483967
4,4215.491799978264
