reservoir,value
1,20422.17278376984
2,3281.187727216355
3,3351.287447368425
4,2668.007796998769
