reservoir,value
1,104565.84879324422
2,0.0
3,10781.068893226231
4,12170.907796998768
