reservoir,value
1,153640.93860444723
2,0.0
3,50491.053899125065
4,12744.9
