reservoir,value
1,30672.463256598952
2,12342.682261770015
3,4549.547107607727
4,3335.972184098149
