reservoir,value
1,33823.349748359426
2,8806.26886129681
3,6530.263233869365
4,8167.06003570936
