reservoir,value
1,125052.79697237199
2,0.0
3,17068.715424663464
4,12744.9
