reservoir,value
1,45047.76999999966
2,19617.2
3,50434.399999999994
4,12744.9
