reservoir,value
1,167984.16090779388
2,0.0
3,50108.46736981158
4,12303.315189401113
