reservoir,value
1,42919.019839322515
2,5692.6863673743555
3,17602.02948401069
4,10905.313382898676
