reservoir,value
1,25724.67760668682
2,9104.204194789718
3,3295.1455694822453
4,2500.342081056853
