reservoir,value
1,87324.52099501945
2,2965.798969657895
3,21905.796063401925
4,24083.59346323871
