reservoir,value
1,155201.6202445339
2,10978.391839696053
3,42021.96623971726
4,12744.9
