reservoir,value
1,18930.815086608047
2,40433.583405322934
3,2867.6719103629844
4,2353.0059078916133
