reservoir,value
1,63137.24676688165
2,19617.2
3,12120.241801774782
4,11147.869771243246
