reservoir,value
1,42202.27179465397
2,2874.224641890071
3,0.0
4,0.0
