reservoir,value
1,49609.910978805216
2,3934.703376262526
3,12353.590087714223
4,7324.858160150852
