reservoir,value
1,89509.41493127777
2,3364.225355095148
3,3839.3225265438814
4,0.0
