reservoir,value
1,35480.83088279481
2,16539.838261389174
3,3876.935475585614
4,1444.2447499056407
