reservoir,value
1,52148.31948836469
2,19617.2
3,9636.990297912005
4,2384.048647353051
