reservoir,value
1,13379.017623055859
2,5371.994338883516
3,3643.4135618765063
4,4233.0149082016915
