reservoir,value
1,65525.223636375435
2,0.0
3,18511.900839985214
4,12744.9
