reservoir,value
1,55182.39878114256
2,21184.206886071042
3,7806.3533449904435
4,10787.487899487442
