reservoir,value
1,33671.58624167113
2,3866.60008142115
3,11661.815101658249
4,4358.6321446827105
