reservoir,value
1,136563.29185302794
2,2539.029554758149
3,19316.47518045841
4,0.0
