reservoir,value
1,98554.46204468224
2,0.0
3,4262.920345801327
4,11625.919072337016
