reservoir,value
1,16764.381343829657
2,5508.840207427214
3,5313.655442108359
4,3242.7609037333777
