reservoir,value
1,22900.018572891626
2,8399.923071144472
3,5201.528925276909
4,5762.908068404438
