reservoir,value
1,121309.1459782319
2,0.0
3,28193.022170190306
4,12744.9
