reservoir,value
1,18705.210289873994
2,13591.49011561613
3,2305.8991230691317
4,1657.6871809428208
