reservoir,value
1,35046.24960402237
2,14616.557381844505
3,5689.250787535189
4,2821.293697549465
