reservoir,value
1,23965.67092731804
2,7601.641549188613
3,2887.9138762762395
4,3264.8269245040447
