reservoir,value
1,163467.62730469852
2,17618.66154918879
3,22797.39944868115
4,12435.726924504044
