reservoir,value
1,39714.709641704314
2,22042.681503186508
3,8675.128485350891
4,15706.495673997415
