reservoir,value
1,0.0
2,2890.709465157248
3,0.0
4,5873.763428562199
