reservoir,value
1,113518.40976420035
2,19617.2
3,22004.42561891215
4,8077.617862268227
