reservoir,value
1,33866.03721334551
2,3263.971925701485
3,9286.667103169408
4,14908.929818207933
