reservoir,value
1,107422.88970760224
2,0.0
3,23365.624865830534
4,11254.683038783007
