reservoir,value
1,60290.085097927695
2,3582.9707402842996
3,10090.683873831404
4,8945.608326699004
