reservoir,value
1,86727.78847482958
2,10571.253351549607
3,5655.383873828108
4,1315.7083266990048
