reservoir,value
1,31067.037117431646
2,6617.141060138575
3,4367.15710197216
4,2729.108189209568
