reservoir,value
1,17599.500097016746
2,0.0
3,9.279017668563354
4,361.56512459762797
