reservoir,value
1,38839.25098401573
2,4887.817418463589
3,6060.158099222465
4,3123.289370133838
