reservoir,value
1,36821.47968710234
2,4348.817418459819
3,0.0
4,0.0
