reservoir,value
1,37980.89424713916
2,8870.155830315354
3,10915.80086277115
4,4212.72905956318
