reservoir,value
1,114021.79718118647
2,0.0
3,36943.24285616732
4,12630.885162169827
