reservoir,value
1,16572.240131065948
2,9754.685323115293
3,3256.2439939929045
4,2118.6706280023614
