reservoir,value
1,25936.078204986858
2,16290.385323115315
3,10197.465684517223
4,9560.418261180346
