reservoir,value
1,14824.54166139909
2,12674.982780579066
3,2556.9929254288036
4,2036.6439531008468
