reservoir,value
1,16717.397604666985
2,0.0
3,7686.510727305224
4,1069.988861398539
