reservoir,value
1,34017.479572436016
2,30456.50659639163
3,3562.0673417176804
4,4757.657835111969
