reservoir,value
1,139033.6541196951
2,19617.2
3,13142.558824450207
4,12744.9
