reservoir,value
1,36690.09557122764
2,10354.506328281128
3,4114.891662339271
4,5965.6412843830785
