reservoir,value
1,117835.60920040001
2,4318.78531991
3,23562.719815450004
4,23456.6233058
