reservoir,value
1,26303.257150754653
2,6275.650634224073
3,0.0
4,12021.1
