reservoir,value
1,97314.29594697623
2,4166.728844010081
3,48052.561775363996
4,12744.9
