region,depth,value
1,1,182.488
1,2,44.58
1,3,31.166999999999998
1,4,20.524403326293477
2,1,35.1035199257713
2,2,11.145
2,3,5.194500000000001
2,4,3.3225
3,1,0.0
3,2,0.0
3,3,0.0
3,4,0.0
4,1,0.0
4,2,0.0
4,3,0.0
4,4,0.0
