from,to,value
1,1,0.0
1,2,1526.9318826891426
1,3,267.7292453002176
1,4,0.0
1,5,993.2113310319012
2,1,2283.9979264251892
2,2,0.0
2,3,0.0
2,4,0.0
2,5,0.0
3,1,335.7622414884718
3,2,0.0
3,3,0.0
3,4,0.0
3,5,1238.3100074150614
4,1,0.0
4,2,0.0
4,3,0.0
4,4,0.0
4,5,86.290255844501
5,1,959.0011156769158
5,2,0.0
5,3,346.29415278454127
5,4,1012.5163258293395
5,5,0.0
