from,to,value
1,1,0.0
1,2,1439.7778183528467
1,3,200.2530131822828
1,4,0.0
1,5,969.6860181553689
2,1,2015.9810845309682
2,2,0.0
2,3,0.0
2,4,0.0
2,5,0.0
3,1,377.9661688006033
3,2,0.0
3,3,0.0
3,4,0.0
3,5,1360.8401837542178
4,1,0.0
4,2,0.0
4,3,0.0
4,4,0.0
4,5,33.81374343908588
5,1,943.6796774771178
5,2,0.0
5,3,284.94555881476333
5,4,1135.7147090574226
5,5,0.0
