plant,value
1,38664.22386845268
2,9037.006163989288
3,7758.714245727385
4,7455.462965471477
