reservoir,value
1,42987.74244310499
2,7704.424200953887
3,12027.425074114553
4,16314.902677600478
