reservoir,value
1,31034.890334751024
2,10263.987302020847
3,8116.8112259688005
4,11630.9994344617
