reservoir,value
1,42114.58699529644
2,7870.543881888061
3,13083.225901104903
4,16936.887470807604
