reservoir,value
1,939.5763264205766
2,522.0979852819773
3,1310.6251991447264
4,4245.536616801767
