reservoir,value
1,0.0
2,1434.247191221526
3,732.0617927977113
4,3381.979003848443
