reservoir,value
1,1086.5678513366054
2,828.1449226221716
3,2700.7988696886337
4,7729.059670461571
