reservoir,value
1,130956.15360298933
2,5117.177314297225
3,28779.586015111414
4,10830.152632156189
