reservoir,value
1,17715.910733830584
2,9947.318620794762
3,3317.6369380900514
4,2289.8650331757517
