reservoir,value
1,80102.66149219833
2,8730.176589019342
3,31418.36909656621
4,3277.75411404675
