reservoir,value
1,169526.68856575852
2,19617.2
3,5545.854870017979
4,6682.145355658608
