reservoir,value
1,76895.8363035733
2,14968.123853478886
3,4005.9457272548125
4,0.0
