reservoir,value
1,12481.07754260213
2,4534.931209158689
3,3995.703009981452
4,3143.895480584653
