reservoir,value
1,31699.627951830622
2,865.6736112870112
3,9446.197343585463
4,3899.686584717925
