reservoir,value
1,16406.22408190409
2,1558.6997393780612
3,3104.9939472570545
4,2372.8716937620857
