reservoir,value
1,33232.679984568036
2,0.0
3,205.46199883175723
4,330.8683695390728
