reservoir,value
1,50376.0428249519
2,9622.354972487945
3,18825.779293360578
4,18442.69666666851
