reservoir,value
1,52199.0230943598
2,4791.824614061636
3,12558.782646994116
4,12803.472890692434
