reservoir,value
1,70632.93317833898
2,14097.887830638107
3,2657.8826469941077
4,5524.96415395188
