reservoir,value
1,116077.19999999988
2,19617.2
3,45793.299999999996
4,12744.9
