reservoir,value
1,131895.0331775482
2,7753.210002956575
3,23812.458574061588
4,12744.9
