reservoir,value
1,22918.197379594112
2,11608.276268862592
3,9990.392816874735
4,3963.4054188100863
