reservoir,value
1,38759.106421106066
2,3476.569945467896
3,13718.689885541655
4,18463.058843128332
