reservoir,value
1,52755.9924590674
2,5684.500428844877
3,14638.61035788693
4,985.1901855326231
