reservoir,value
1,34836.206055881725
2,13384.429657712493
3,4698.243888607313
4,3249.9976285160633
