reservoir,value
1,53292.55070828182
2,6678.105398463147
3,6349.939258184434
4,7245.481368297443
