reservoir,value
1,7878.250708281819
2,0.0
3,0.0
4,376.7623342704601
