reservoir,value
1,28662.339851449564
2,5564.466124681419
3,3518.329738726387
4,4759.630351990465
