reservoir,value
1,32289.38720598672
2,23449.598029810804
3,6484.727124441865
4,3164.8899163947963
