reservoir,value
1,8796.01195382062
2,19617.2
3,1368.526482886923
4,475.34279100912516
