reservoir,value
1,179674.17643230382
2,0.0
3,45203.93575409682
4,10676.584432474745
