reservoir,value
1,17388.840318149552
2,20072.776427613026
3,2346.4756094319187
4,1323.3649154670136
