reservoir,value
1,53781.833799692235
2,4895.287475338933
3,15003.233389693096
4,6046.464568874147
