reservoir,value
1,159721.22216900246
2,0.0
3,18117.40128294617
4,12744.9
