reservoir,value
1,84459.60000000018
2,19617.2
3,21837.099903593018
4,0.0
