reservoir,value
1,42058.85866725926
2,2736.5969655047847
3,11414.17363743524
4,18714.324072175623
