reservoir,value
1,84281.1663757338
2,0.0
3,16648.032344092633
4,12744.9
