reservoir,value
1,84759.69114793093
2,0.0
3,43774.1660025648
4,9023.32644686821
