reservoir,value
1,0.0
2,696.4999999990139
3,95014.2
4,6552.200000000001
