reservoir,value
1,52615.4025512834
2,7383.554488964607
3,6498.832215832916
4,12781.337801582564
