reservoir,value
1,7201.102551283395
2,0.0
3,0.0
4,2044.8582668670715
