reservoir,value
1,200717.6
2,1761.27448896461
3,48404.032215832915
4,12744.9
