reservoir,value
1,13424.93961542747
2,13170.287690068817
3,3493.6139441912587
4,2610.1965960539196
