reservoir,value
1,111722.9597784465
2,1270.7539534905918
3,4117.877677386266
4,11783.190672347533
