reservoir,value
1,32931.7713115488
2,8418.70718483442
3,6674.855370933087
4,15462.755901302113
