reservoir,value
1,86140.84801897295
2,0.0
3,14940.284568169986
4,12744.9
