reservoir,value
1,47149.42785175
2,5590.88748716
3,17673.74892495
4,11688.75709326
