reservoir,value
1,5065.643892926727
2,11167.236004016278
3,10380.361646223268
4,6817.080649919272
