reservoir,value
1,29923.119306739405
2,25531.12151984905
3,6106.469780824535
4,10898.538311482911
