reservoir,value
1,120766.91076012945
2,13439.070425949034
3,11262.775713674622
4,10704.07603569257
