reservoir,value
1,30676.410401847595
2,21702.491030039833
3,3008.571977047026
4,6108.960237077146
