reservoir,value
1,120428.6047909293
2,8620.991030039833
3,7313.4025596292895
4,12744.9
