reservoir,value
1,127202.04581327732
2,0.0
3,10564.371017903852
4,12744.9
