reservoir,value
1,42683.99900819889
2,12575.399352807435
3,4373.6819185712875
4,2860.363620217411
