reservoir,value
1,11173.140832683666
2,4432.7837999151525
3,2715.6453531481393
4,1346.853258104508
