reservoir,value
1,23752.072547900047
2,0.0
3,4520.554637129144
4,6566.797000826736
