reservoir,value
1,68669.8873614
2,6595.7110590699995
3,25383.36799602
4,21972.9351032
