reservoir,value
1,155488.94712047005
2,0.0
3,43370.34589601999
4,0.0
