reservoir,value
1,52405.99723826955
2,5354.4596237510905
3,27761.30177403894
4,12107.725935771487
