reservoir,value
1,86520.56077283945
2,555.0806591727436
3,51806.1
4,4477.825935771487
