reservoir,value
1,26048.606694250855
2,14644.669118736143
3,8582.907719151552
4,2490.353254813709
