reservoir,value
1,23489.41081916495
2,17073.109758505972
3,8677.598901378828
4,168.89285686296714
