reservoir,value
1,49665.030455479995
2,6115.346079289999
3,26901.873765059998
4,15174.87400832
