reservoir,value
1,122882.60843476997
2,0.0
3,42786.56236506
4,12744.9
