reservoir,value
1,17875.6598048721
2,5256.695976339781
3,2655.239774937333
4,2626.8892690278262
