reservoir,value
1,67114.97133216399
2,7218.0274377745245
3,0.0
4,285.24576428395915
