reservoir,value
1,20118.665833086572
2,14521.369142249587
3,3573.4778018147636
4,1222.320089648773
