reservoir,value
1,18410.044111475552
2,19617.2
3,3541.618963239769
4,1755.1144163129882
