reservoir,value
1,73066.79695470285
2,2249.9087538429158
3,0.0
4,1592.7744914627
