reservoir,value
1,51717.46223287263
2,0.0
3,21607.54336981194
4,1942.9965981118257
