reservoir,value
1,24221.858137619136
2,70585.92731863697
3,2634.4932485889262
4,1442.9531219117018
