reservoir,value
1,109385.81988634611
2,19617.2
3,11161.145139387912
4,4541.773731638744
