reservoir,value
1,34445.17171185061
2,2260.363079440772
3,7248.0683909213285
4,10796.783795880216
