reservoir,value
1,59284.10072403205
2,0.0
3,25507.35369918175
4,11174.260728541147
