reservoir,value
1,11254.123316667561
2,6567.240718846726
3,2622.9383564755535
4,1520.6274677646782
