reservoir,value
1,24711.88054815078
2,2782.1487317036535
3,8176.2080364752
4,11028.919209783295
