reservoir,value
1,105335.03254398887
2,0.0
3,14499.597547869054
4,12744.9
