reservoir,value
1,41076.71054018318
2,0.0
3,0.0
4,9453.092180568821
