reservoir,value
1,165733.09474481846
2,9389.67522177586
3,19877.85509212964
4,8360.252962396264
