reservoir,value
1,65013.92639324871
2,14995.134086931754
3,17090.4430976379
4,12642.261208807831
