reservoir,value
1,51287.4744988997
2,10324.318308124628
3,5231.450577458773
4,7681.995760185723
