reservoir,value
1,22555.558847287495
2,19627.780650454373
3,3316.7655785622273
4,3152.373502186322
