reservoir,value
1,50373.83446473695
2,8842.933375939741
3,8030.446550736633
4,16934.827421828246
