reservoir,value
1,133255.50033569513
2,9595.24890283469
3,14230.45765308827
4,4102.547292675894
