reservoir,value
1,47840.955997412006
2,4882.309865921458
3,17124.895276538577
4,16431.365758503598
