reservoir,value
1,144631.12264126347
2,0.0
3,37659.62716595858
4,12744.9
