reservoir,value
1,22453.198692960563
2,11098.905307453317
3,3782.8521321050084
4,2724.8701558106604
