reservoir,value
1,133350.18620068795
2,10032.075423001
3,32497.077384183583
4,10048.193950743804
