reservoir,value
1,24589.653225678303
2,4749.8026698133945
3,7394.517511223596
4,4172.441625966869
