reservoir,value
1,3302.6650233481196
2,0.0
3,0.0
4,532.6177892316068
