reservoir,value
1,14291.350653696252
2,6005.688049598863
3,4740.2380517631345
4,2001.8307590970844
