reservoir,value
1,51615.77183690667
2,0.0
3,37590.37742770987
4,3637.9474521094044
