reservoir,value
1,150041.37509605038
2,0.0
3,50199.88652568938
4,11802.141926777937
