reservoir,value
1,120929.49251692
2,0.0
3,14504.764048120005
4,12744.9
