reservoir,value
1,48577.09067094688
2,31095.651789819483
3,8177.997087993204
4,3747.2360417960635
