reservoir,value
1,16447.81626098226
2,8255.19028001439
3,2987.8059199510476
4,1717.9783364429989
