reservoir,value
1,12817.274448402426
2,0.0
3,3754.0130497021264
4,2229.0189832260594
