reservoir,value
1,24966.16068215276
2,5881.85361899835
3,3781.5236818918825
4,2080.5995864106503
