reservoir,value
1,33855.12190520258
2,7992.712148002064
3,6383.573329109251
4,3446.4436801245865
