reservoir,value
1,116833.60213832725
2,0.0
3,25773.722940385695
4,0.0
