reservoir,value
1,3629.651546863023
2,0.0
3,0.0
4,13043.527557542942
