reservoir,value
1,200717.6
2,11140.459865810242
3,43243.68766323904
4,12744.9
