reservoir,value
1,70852.05241744322
2,5121.2890102444435
3,25960.47459614539
4,0.0
