reservoir,value
1,56344.33391341621
2,3939.284098847649
3,23908.4165596674
4,20442.162967114677
