reservoir,value
1,0.0
2,0.0
3,6055.888583499786
4,4000.174123298104
