reservoir,value
1,59543.409425064165
2,3005.284098847649
3,41132.04226743825
4,12744.9
