reservoir,value
1,20911.882386811456
2,11642.92690875802
3,2977.4419753501516
4,3213.212782648359
