reservoir,value
1,66595.44201341404
2,3212.830569673772
3,22184.470441632744
4,14065.216833205237
