reservoir,value
1,50987.32708254811
2,2278.8305696737525
3,12299.44746106386
4,6435.316833205283
