reservoir,value
1,19964.243596778146
2,17435.254509374303
3,3788.842707569529
4,2494.8075657149257
