reservoir,value
1,50748.059119971476
2,4353.75450937114
3,2595.5751597233493
4,0.0
