reservoir,value
1,181055.7945767496
2,7726.036384960045
3,39396.540106470005
4,12744.9
