reservoir,value
1,12963.940827162762
2,10794.113512932034
3,2343.366368041278
4,1518.2057508241053
