reservoir,value
1,31909.48065669717
2,8518.447809219075
3,4621.877092121066
4,12800.087594548244
