reservoir,value
1,162648.3392551955
2,3311.3797468524263
3,15475.506400643084
4,12744.9
