reservoir,value
1,46061.25088833987
2,6882.761792919673
3,10532.990581813761
4,7294.392605513655
