reservoir,value
1,6198.114845779259
2,0.0
3,632.0905818137617
4,3391.114800985095
