reservoir,value
1,52374.07192388089
2,1153.1515879174567
3,9838.536106904186
4,0.0
