from,to,value
1,1,0.0
1,2,0.0
1,3,600.0
1,4,0.0
1,5,1211.5000000000666
2,1,3687.0986640199426
2,2,0.0
2,3,0.0
2,4,0.0
2,5,0.0
3,1,0.0
3,2,0.0
3,3,0.0
3,4,0.0
3,5,0.0
4,1,0.0
4,2,0.0
4,3,0.0
4,4,0.0
4,5,0.0
5,1,0.0
5,2,0.0
5,3,353.5999999999919
5,4,857.8999999999583
5,5,0.0
