reservoir,value
1,17489.13075795248
2,3984.9013359800574
3,4195.436148526927
4,2613.721321411375
