reservoir,value
1,115153.97958921173
2,0.0
3,35749.230031183746
4,3658.563234455698
