reservoir,value
1,37650.63150904698
2,11742.767726754988
3,4742.337984876585
4,6257.913666549361
