reservoir,value
1,25025.47006369826
2,14478.019372202773
3,2893.626499782854
4,8874.315942619683
