reservoir,value
1,89012.06764200416
2,5956.571561261
3,23151.004946015673
4,12744.9
