reservoir,value
1,12264.061977909516
2,4313.097702808514
3,2616.445298728379
4,2024.348677816319
