reservoir,value
1,42124.12317288472
2,27774.229295947436
3,7105.250499541473
4,4485.9494426945475
