reservoir,value
1,26083.779568798025
2,10708.433480366575
3,3587.525492351189
4,2147.2731523743123
