reservoir,value
1,57791.72183884919
2,10223.430106747594
3,6230.548520007836
4,22473.32524039497
