reservoir,value
1,78865.82049559434
2,0.0
3,4326.536047826259
4,1160.6364825545452
