reservoir,value
1,109247.45475422897
2,0.0
3,48456.314507840936
4,12744.9
