reservoir,value
1,0.0
2,0.0
3,2308.9468547321835
4,3144.419171539501
