reservoir,value
1,186309.55684213448
2,1178.293127465487
3,51658.7395891941
4,4923.262107657718
