reservoir,value
1,23712.128083157375
2,4024.0794097734415
3,3633.6678588335253
4,7922.961163173281
