reservoir,value
1,105771.67225460298
2,0.0
3,11728.807333665318
4,12744.9
