reservoir,value
1,45452.06339644875
2,6450.005977483981
3,9258.800767919414
4,4739.910966232425
