reservoir,value
1,73878.12152901878
2,4452.446242135826
3,1386.632438829657
4,0.0
