reservoir,value
1,43008.13509655079
2,8011.374534309722
3,12116.18294855539
4,5836.268540848551
