reservoir,value
1,34525.75849991062
2,10647.881234452332
3,3375.564554306081
4,3789.540050764428
