reservoir,value
1,170664.8439718764
2,0.0
3,35774.306035660185
4,11807.346677377982
