reservoir,value
1,41293.23281722392
2,9792.600348954444
3,8762.05981451777
4,11723.091828312596
