reservoir,value
1,189195.59468164435
2,0.0
3,49468.03270645685
4,12744.9
