reservoir,value
1,30577.514803151673
2,21879.248179351896
3,4457.401068628854
4,3936.0077780628403
