reservoir,value
1,145358.81405987428
2,19617.2
3,26516.082251853088
4,11005.935224913977
