reservoir,value
1,14403.48874097421
2,11806.928629805756
3,4454.174672866311
4,2306.348614348061
