reservoir,value
1,23852.718691534636
2,12629.504414800856
3,6704.110817130986
4,7045.977391705645
