reservoir,value
1,30326.501705098643
2,11415.308344581033
3,4066.790443835521
4,3137.816170156046
