reservoir,value
1,10232.49523807913
2,14619.270941299274
3,607.5787888560639
4,3282.8625912280913
