reservoir,value
1,34207.98170525296
2,7228.657866313166
3,3953.0716309297095
4,4093.6699632496907
