reservoir,value
1,111825.34316334294
2,0.0
3,15036.993036809476
4,12744.9
