reservoir,value
1,126873.56966852534
2,0.0
3,30432.177549811724
4,10254.321931169781
