reservoir,value
1,17025.733869248696
2,9525.850522868568
3,3824.9354519266326
4,3361.0122467426763
