reservoir,value
1,114034.22355570851
2,0.0
3,30362.622279623763
4,12744.9
