reservoir,value
1,26467.54542824153
2,19190.67106581546
3,4896.376127996178
4,1720.792744166865
