reservoir,value
1,16045.906256671959
2,2466.992090314314
3,2607.930703795331
4,2711.3717662654985
