reservoir,value
1,136532.73575521697
2,0.0
3,6043.185662827222
4,8620.521809644797
