from,to,value
1,1,0.0
1,2,0.0
1,3,252.86003146495113
1,4,0.0
1,5,0.0
2,1,1382.6609452892753
2,2,0.0
2,3,0.0
2,4,0.0
2,5,0.0
3,1,0.0
3,2,0.0
3,3,0.0
3,4,0.0
3,5,0.0
4,1,0.0
4,2,0.0
4,3,0.0
4,4,0.0
4,5,1953.7399685350492
5,1,0.0
5,2,0.0
5,3,1953.7399685350492
5,4,0.0
5,5,0.0
