reservoir,value
1,23116.93930503794
2,6384.339054710725
3,4012.010388261394
4,4383.260031464951
