reservoir,value
1,133114.60765630935
2,0.0
3,22956.459702427488
4,12744.9
