reservoir,value
1,56184.02816213289
2,3950.562696993903
3,23800.62305373579
4,15824.522989861307
