reservoir,value
1,100481.39539431926
2,1719.6621210616422
3,49445.50266793791
4,3162.8044354903195
