reservoir,value
1,18714.434895365426
2,9413.590447016772
3,3779.2719515448252
4,2245.436162053407
