reservoir,value
1,31762.19642654733
2,10375.171333389331
3,27000.27337332446
4,4135.680371332706
