reservoir,value
1,27515.113871881724
2,12731.380024363418
3,4065.9960953108607
4,1310.5851325833755
