reservoir,value
1,92590.80306169351
2,378.1403628327747
3,11856.231422579103
4,834.4397858231102
