reservoir,value
1,19733.38200734337
2,2985.153686666895
3,8393.28071605966
4,5381.191109762704
