reservoir,value
1,26651.788251423754
2,337.58990339786425
3,6679.298926241618
4,0.0
