reservoir,value
1,49972.26708117732
2,3990.0690708515513
3,9804.852800402747
4,7432.2507660573665
