reservoir,value
1,22970.828476613606
2,11254.602198044371
3,3889.9762310036613
4,2381.496012474423
