reservoir,value
1,6824.465914219669
2,2377.4548704121357
3,0.0
4,0.0
