reservoir,value
1,17392.70661938796
2,6850.423494225557
3,1863.833790326233
4,1269.7297416456665
