reservoir,value
1,24059.046130942334
2,6305.405891087603
3,3649.5249055205386
4,4135.561854079203
