reservoir,value
1,123083.1947705208
2,0.0
3,19182.097208936008
4,9250.561854079202
