reservoir,value
1,18280.958247364957
2,11558.877664070445
3,3409.922455505514
4,1645.6725700136221
