reservoir,value
1,67381.11272273351
2,18094.577664070446
3,13799.963352750074
4,6469.462661281042
