reservoir,value
1,45762.39387839296
2,7096.484017623273
3,7667.748634681396
4,9220.287561577588
