reservoir,value
1,348.0938783929596
2,0.0
3,0.0
4,1871.89293308393
