reservoir,value
1,17855.169980100836
2,5789.971213826875
3,2586.0059304045544
4,2004.099750028421
