reservoir,value
1,34917.3299920789
2,0.0
3,248.7082173241957
4,7587.082413095334
