reservoir,value
1,38867.245002748256
2,14241.951610726515
3,12022.681732693209
4,7286.077638302133
