reservoir,value
1,109863.07563981217
2,0.0
3,34466.74085198215
4,2899.50814642529
