reservoir,value
1,27479.39853535792
2,16656.80426283928
3,6145.080182388478
4,3046.5407881890737
