reservoir,value
1,2707.7219052003816
2,5973.362151898905
3,5691.363843777277
4,292.82441413265076
