reservoir,value
1,21714.989064036567
2,7702.138497984132
3,3921.0124359026477
4,1802.8412376556214
