reservoir,value
1,17364.568408216644
2,2388.777954439505
3,461.6177652575534
4,5745.792028265181
