reservoir,value
1,19001.801475074946
2,7413.784153697275
3,3278.4180924700067
4,1660.0891601834412
