reservoir,value
1,36751.8768748169
2,0.0
3,11221.301949198583
4,8618.866906399848
