reservoir,value
1,17231.98656140687
2,17256.92881755263
3,4483.341557206803
4,2162.361937245581
