reservoir,value
1,51393.184939062005
2,16863.82067718866
3,9148.718534939093
4,10424.71785927024
