reservoir,value
1,88039.2418182521
2,3311.366191060386
3,8697.853743622736
4,11953.262322204506
