reservoir,value
1,19083.042239420305
2,15113.518341217099
3,4225.172002765587
4,1981.614160590976
