reservoir,value
1,122965.1752025318
2,2032.018341217099
3,17713.746558934825
4,4449.075956959227
