reservoir,value
1,18652.044855206655
2,23377.978738487705
3,3188.773208375904
4,3466.51885567133
