reservoir,value
1,26129.03285222786
2,5054.5007540359275
3,3687.4147217230047
4,4662.446731929149
