reservoir,value
1,22927.91318419321
2,14144.400409979191
3,4355.783809440723
4,2587.496473251514
