reservoir,value
1,20518.429032854234
2,17498.878242359173
3,6485.766518670971
4,10495.2774121349
