reservoir,value
1,55552.87918340211
2,6761.71749088801
3,24592.168371740878
4,10465.909875362324
