reservoir,value
1,25180.658632694856
2,21803.24518571635
3,5558.2469023500935
4,6842.582017296768
