reservoir,value
1,101502.28044746723
2,14150.43373272901
3,15220.98554167252
4,10300.030527633673
