reservoir,value
1,29053.466688793094
2,6090.690712901538
3,7543.7996663325075
4,4015.4860586718723
