reservoir,value
1,54455.01476175926
2,4505.882895158746
3,7070.657232307705
4,15241.00344058363
