reservoir,value
1,142411.176991488
2,0.0
3,10882.62972145771
4,12744.9
