reservoir,value
1,29883.49923196056
2,3823.1863685040776
3,5300.12441277042
4,10439.670626129604
