reservoir,value
1,127662.04355335809
2,0.0
3,21419.194014951903
4,12744.9
