reservoir,value
1,17794.73763314962
2,0.0
3,17168.437919550513
4,8721.01588827338
