reservoir,value
1,41350.67937199188
2,0.0
3,2430.117341476949
4,5071.5929049743645
