reservoir,value
1,21753.65273244142
2,6156.083232641635
3,5902.061656114486
4,10689.02195321411
