reservoir,value
1,77680.54185039559
2,0.0
3,28186.116628402622
4,12744.9
