reservoir,value
1,130265.31274197
2,0.0
3,22926.219001960006
4,11627.137313641073
