reservoir,value
1,180343.77368618659
2,18209.049458099307
3,32282.387813436835
4,6352.366123188003
