reservoir,value
1,50233.953759371296
2,19966.635626109026
3,11570.833530625618
4,17448.48006727423
