reservoir,value
1,162332.46714498595
2,16255.153685345738
3,29126.720975261072
4,8233.007447623582
