reservoir,value
1,135830.31805671536
2,0.0
3,9384.533392945345
4,11277.72023627998
