reservoir,value
1,118943.92796977687
2,14422.679506008615
3,11663.166740593397
4,12744.9
