reservoir,value
1,118588.78644674533
2,12006.681731624254
3,29974.673677641054
4,0.0
