reservoir,value
1,42571.7957393572
2,6827.837318107307
3,11593.38057337819
4,3788.391894659587
