reservoir,value
1,101519.9618721623
2,3618.133552115214
3,21485.748622587682
4,0.0
