reservoir,value
1,41134.662628186656
2,3965.0824360486904
3,13495.632629406398
4,13488.804027864302
