reservoir,value
1,24281.911800911428
2,12456.910122516381
3,6189.703610493016
4,2095.8066637964466
