reservoir,value
1,11803.86412381591
2,2763.913514368596
3,41143.27494332125
4,0.0
