reservoir,value
1,97772.53596983232
2,0.0
3,16953.066250396096
4,12744.9
