reservoir,value
1,52192.04306733
2,8628.40282766
3,9247.96997355
4,17729.32075438
