reservoir,value
1,144362.15079498952
2,0.0
3,20565.073673550003
4,5391.201919744379
