from,to,value
1,1,0.0
1,2,3050.74
1,3,0.0
1,4,0.0
1,5,0.0
2,1,0.0
2,2,0.0
2,3,0.0
2,4,0.0
2,5,0.0
3,1,155.10383342039268
3,2,0.0
3,3,0.0
3,4,0.0
3,5,46.496166579608385
4,1,0.0
4,2,0.0
4,3,0.0
4,4,0.0
4,5,0.0
5,1,0.0
5,2,0.0
5,3,0.0
5,4,46.4961665797173
5,5,0.0
