reservoir,value
1,104803.46391312678
2,0.0
3,23027.677239769233
4,11799.093260256113
