reservoir,value
1,65524.29310240842
2,3963.8284363823414
3,7368.21799872707
4,5000.164886331991
