reservoir,value
1,22604.296543982746
2,3181.108620086934
3,14101.512984654117
4,10964.616072102563
