reservoir,value
1,0.0
2,10646.019368745336
3,0.0
4,5472.692711702438
