reservoir,value
1,199498.64748061067
2,19617.2
3,27326.651241059386
4,2770.0590132801544
