reservoir,value
1,33825.777693253855
2,2598.2217741275613
3,7365.313105241901
4,12830.978156370618
