reservoir,value
1,99182.96686018744
2,0.0
3,28884.154118653783
4,12744.9
