reservoir,value
1,29779.687742973958
2,5801.281195712974
3,6012.052547549818
4,3408.8220652390833
