reservoir,value
1,58751.6008991335
2,11753.836768839143
3,10787.43653940031
4,6572.847767236399
