reservoir,value
1,35857.08035791047
2,18520.854280753978
3,5388.828904652622
4,5313.960068420826
