reservoir,value
1,94395.11440832689
2,19617.2
3,946.5924799322369
4,0.0
