reservoir,value
1,116263.92103543518
2,0.0
3,13648.515144497493
4,12744.9
