from,to,value
1,1,0.0
1,2,2317.7515424617204
1,3,94.8183094644795
1,4,0.0
1,5,213.96793618783056
2,1,655.5169939596617
2,2,0.0
2,3,0.0
2,4,0.0
2,5,0.0
3,1,442.84964018293533
3,2,0.0
3,3,0.0
3,4,0.0
3,5,857.563903362421
4,1,0.0
4,2,0.0
4,3,0.0
4,4,0.0
4,5,1791.1988474741436
5,1,2348.549326103125
5,2,0.0
5,3,355.95565212042925
5,4,158.22570870459023
5,5,0.0
