from,to,value
1,1,0.0
1,2,2338.3386409342093
1,3,80.06085812382369
1,4,0.0
1,5,194.40539619440878
2,1,591.1639786843153
2,2,0.0
2,3,0.0
2,4,0.0
2,5,0.0
3,1,470.7068276217497
3,2,0.0
3,3,0.0
3,4,0.0
3,5,637.7749263990919
4,1,0.0
4,2,0.0
4,3,0.0
4,4,0.0
4,5,1594.3562537667738
5,1,1959.5555428452449
5,2,0.0
5,3,307.7605050277738
5,4,159.22052848733733
5,5,0.0
