reservoir,value
1,17468.468121439106
2,12860.685317703028
3,3189.7623002738555
4,1966.986801641277
