reservoir,value
1,19052.386802737732
2,14384.02010423864
3,3363.305919209241
4,1991.2587266966607
