reservoir,value
1,48958.102759284186
2,7115.56850135982
3,12680.174779396091
4,6112.301581343672
