reservoir,value
1,20051.947443559886
2,19617.2
3,24574.217713210077
4,1500.1755815076585
