reservoir,value
1,36677.513859345185
2,4247.213848903662
3,5246.599870965416
4,6548.102236368186
