reservoir,value
1,22913.215466093592
2,39779.42586364611
3,5717.694465630509
4,12245.068136086114
