reservoir,value
1,0.0
2,24984.5087967948
3,0.0
4,3178.552194055965
