reservoir,value
1,122785.67562095894
2,19617.2
3,23152.498071968348
4,12744.9
