reservoir,value
1,116088.52873377674
2,19617.2
3,35067.887781152895
4,3608.8020382235422
