reservoir,value
1,0.0
2,7278.954457298711
3,0.0
4,22951.248035284465
