reservoir,value
1,102595.57336997543
2,19617.2
3,8720.95595592822
4,0.0
