reservoir,value
1,108762.47999999973
2,14003.7
3,36356.299999999996
4,12744.9
