reservoir,value
1,56510.08065158708
2,7181.487213400534
3,11424.014115246675
4,18708.96160447471
