reservoir,value
1,76946.95250146635
2,5181.473379464156
3,29109.043957831655
4,10971.276218557103
