reservoir,value
1,31493.790809930986
2,4767.200000000001
3,51806.1
4,12744.9
