reservoir,value
1,52234.87223315678
2,5632.074778008615
3,8939.104487321369
4,10681.517750245366
