reservoir,value
1,112033.56648350714
2,15866.040949768141
3,39276.18338120721
4,3369.4299353397173
