reservoir,value
1,41122.0399971046
2,11907.529258951445
3,10200.456194435505
4,5582.464021970549
