reservoir,value
1,14360.685325030398
2,19617.2
3,299.55619443550495
4,184.4300573781402
