reservoir,value
1,68900.18491129379
2,0.0
3,15375.025706210543
4,11859.359787195672
