reservoir,value
1,79606.74732288718
2,17024.82306748775
3,10555.958365538332
4,9698.424794844517
