reservoir,value
1,75872.83589887674
2,11110.600999149585
3,5576.658365538332
4,2068.5247948445176
