reservoir,value
1,11959.757223652772
2,9210.80074539126
3,2345.4394974362813
4,1707.964053851146
