reservoir,value
1,35230.726978326195
2,2686.571862158159
3,13063.001461409336
4,16751.94006642572
