reservoir,value
1,114077.30035058437
2,0.0
3,51806.1
4,9122.040066425267
