reservoir,value
1,29844.664841837824
2,7771.938380103913
3,4484.844206633447
4,4042.015990055308
