reservoir,value
1,21487.98757015085
2,4518.372749601052
3,2643.7690674173773
4,3631.820588153326
