reservoir,value
1,137759.65533812996
2,0.0
3,0.0
4,7850.617791490982
