reservoir,value
1,32212.60780956403
2,14800.863850385413
3,2796.7543343596703
4,6281.743480556181
