reservoir,value
1,35981.500094351584
2,8624.374445417228
3,14404.657694225682
4,15682.303883541786
