reservoir,value
1,40404.59436177183
2,2085.279891737365
3,9174.285425300468
4,9891.106743637836
