reservoir,value
1,41604.58570381841
2,4273.901538843165
3,8366.780158518919
4,6310.613983084204
