reservoir,value
1,21820.00573564572
2,10923.818610245835
3,3337.293878728441
4,4642.041619155031
