reservoir,value
1,76268.07818856444
2,1818.0485864044035
3,47758.025419397425
4,21913.192971286535
