reservoir,value
1,0.0
2,0.0
3,89092.05034652501
4,12174.581655245544
