reservoir,value
1,25184.847317569896
2,6322.842648419091
3,7867.195027979763
4,5597.372496132761
