reservoir,value
1,117217.1608716033
2,0.0
3,49772.39502797976
4,10712.37249613276
