reservoir,value
1,22526.335157889313
2,6144.709794916654
3,4528.229789607942
4,4710.851963043115
