reservoir,value
1,57577.63794436385
2,0.0
3,10130.154361156758
4,12744.9
