reservoir,value
1,21687.955046846317
2,17068.56147360542
3,3715.502683477874
4,8695.291028905041
