reservoir,value
1,0.0
2,3987.0614736054195
3,0.0
4,1065.3910289050418
