reservoir,value
1,78152.64248716431
2,19617.2
3,13426.072113328244
4,12744.9
