reservoir,value
1,25332.69445852301
2,37353.58603838882
3,3453.5824187103344
4,6259.8728690936605
