reservoir,value
1,56033.374758800004
2,5753.386396559999
3,12562.03831442
4,18411.92206777
