reservoir,value
1,127303.97485536
2,0.0
3,21447.366414420005
4,12744.9
