reservoir,value
1,30896.29830013049
2,6078.198092914048
3,4395.326949497586
4,2421.1753471064562
