reservoir,value
1,60912.808896549825
2,0.0
3,0.0
4,201.37508638394937
