reservoir,value
1,26124.08052036263
2,33367.15822219558
3,2495.416360523158
4,1474.4776727585968
