reservoir,value
1,33400.782388603446
2,19617.2
3,2102.123587823153
4,419.2785262440837
