reservoir,value
1,116650.61470000737
2,0.0
3,25555.792100000006
4,12744.9
