reservoir,value
1,60046.27466079433
2,9154.65312615161
3,18593.616319027646
4,5750.242148963801
