reservoir,value
1,75567.97691379752
2,10270.82571161291
3,25284.239816156638
4,0.0
