reservoir,value
1,26649.31552885446
2,5264.231022987826
3,5292.382944031211
4,5164.2827816661975
