reservoir,value
1,56790.6963263482
2,13245.30116652215
3,4640.65675332976
4,480.1905537700577
