reservoir,value
1,33983.02688398785
2,7402.118932149504
3,5922.378977601457
4,6225.501713142792
