reservoir,value
1,156724.53439672742
2,4484.08464464208
3,38187.54064076299
4,9338.824933925976
