reservoir,value
1,29140.29211761101
2,14665.628789917922
3,10035.793147761427
4,7937.129875779335
