reservoir,value
1,128860.28964531062
2,2271.488893071335
3,36498.16445347281
4,12744.9
