reservoir,value
1,25973.92906563548
2,3181.9762188034015
3,5768.508424557791
4,4953.134551433399
