reservoir,value
1,72900.5791514747
2,19617.2
3,13646.087114476726
4,12044.957393100933
