reservoir,value
1,200717.6
2,4588.381321509284
3,45525.84354611744
4,12744.9
