reservoir,value
1,27175.752794607288
2,15862.545167405267
3,5336.0574002741105
4,2758.13505326503
