reservoir,value
1,97749.48976721044
2,8273.224891847292
3,32924.53086355035
4,325.9198558824263
