reservoir,value
1,26495.568473270458
2,6354.876762682008
3,4908.492831224318
4,2137.985955581604
