reservoir,value
1,32715.06297604099
2,25891.88257615848
3,5020.271504590479
4,3298.1994232438788
