reservoir,value
1,38960.71638833
2,9813.41871152
3,15811.75506595
4,15319.838640609998
