reservoir,value
1,115166.97479985002
2,0.0
3,27450.110565950003
4,7689.938640609998
