reservoir,value
1,50677.14726085859
2,5683.496652029995
3,12088.944242869538
4,8333.375647213099
