reservoir,value
1,103140.85738901819
2,13177.483875678534
3,2188.0442428695387
4,703.4756472130994
