reservoir,value
1,14224.998000374151
2,5753.173520313129
3,3326.0776714652757
4,2464.333182127404
