reservoir,value
1,23237.324843379043
2,3510.4418287996123
3,2614.953047893189
4,1872.5724275286575
