reservoir,value
1,10701.032227441507
2,4890.515710085576
3,4730.258288748055
4,983.3723631145074
