reservoir,value
1,15225.292846309028
2,6757.724562071004
3,3714.020744503292
4,4127.27032657011
