reservoir,value
1,43473.86251713455
2,0.0
3,12551.608829353283
4,12744.9
