reservoir,value
1,33372.90919143846
2,20685.782174432425
3,6469.974983816337
4,3481.4398774909546
