reservoir,value
1,80638.7721964798
2,19617.2
3,20062.58970397802
4,0.0
