reservoir,value
1,73759.86642697241
2,0.0
3,32406.93768000789
4,12744.9
