reservoir,value
1,46945.34087357648
2,4486.864381353045
3,16866.638378484164
4,21226.889540508942
