reservoir,value
1,1531.0408735764258
2,0.0
3,0.0
4,1432.8528013456776
