reservoir,value
1,30263.179607435894
2,59612.23868284729
3,5015.214237453838
4,3197.8740254042655
