reservoir,value
1,67185.92440971
2,4480.8318202
3,28246.00856154
4,21942.88538904
