reservoir,value
1,158859.15092990996
2,0.0
3,43378.40636154
4,0.0
