reservoir,value
1,63049.73975936586
2,14899.555456269205
3,11415.633702497413
4,10179.124904305676
