from,to,value
1,1,0.0
1,2,0.0
1,3,600.0
1,4,0.0
1,5,1948.499999999873
2,1,711.3427160656429
2,2,0.0
2,3,0.0
2,4,0.0
2,5,0.0
3,1,0.0
3,2,0.0
3,3,0.0
3,4,0.0
3,5,0.0
4,1,0.0
4,2,0.0
4,3,0.0
4,4,0.0
4,5,0.0
5,1,0.0
5,2,0.0
5,3,801.6000000000498
5,4,1146.8999999999246
5,5,0.0
