reservoir,value
1,14869.819394496484
2,6924.657283934335
3,3430.3830425670935
4,2009.3415750201796
