reservoir,value
1,49826.70126270001
2,5977.77630786
3,18417.2233205
4,13522.423032839997
