reservoir,value
1,129533.97127056004
2,0.0
3,28314.578320500004
4,12744.9
