reservoir,value
1,41672.95807269796
2,0.0
3,1154.9647914397428
4,11305.286157211918
