reservoir,value
1,15426.692505473777
2,15933.71590625811
3,6220.288914800501
4,3610.7513094270075
