reservoir,value
1,60421.45516186731
2,2852.2159062581104
3,45869.370922941554
4,6541.581465590944
