from,to,value
1,1,0.0
1,2,0.0
1,3,0.0
1,4,0.0
1,5,0.0
2,1,621.126975372212
2,2,0.0
2,3,0.0
2,4,0.0
2,5,0.0
3,1,1000.0
3,2,0.0
3,3,0.0
3,4,0.0
3,5,205.41285173681487
4,1,0.0
4,2,0.0
4,3,0.0
4,4,0.0
4,5,1111.6501728910378
5,1,1317.0630246278524
5,2,0.0
5,3,0.0
5,4,0.0
5,5,0.0
