reservoir,value
1,32812.029922330905
2,6128.626241615142
3,2450.4161355787146
4,4665.284235887751
