reservoir,value
1,24696.144132091133
2,9678.238320945868
3,3853.524993458171
4,3229.8056813696744
