reservoir,value
1,134029.28630703344
2,0.0
3,27304.05819493568
4,8051.2903234317
