reservoir,value
1,12572.920397571008
2,5176.337133556983
3,2288.9372928248713
4,1978.347008090424
