reservoir,value
1,26747.569462918236
2,0.0
3,4118.015529686496
4,367.97791055716647
