reservoir,value
1,41423.154500000004
2,11418.5111
3,12725.350699999999
4,11151.3214
