reservoir,value
1,21734.685199684034
2,6530.474428009133
3,4648.4559245741375
4,3539.185581444735
