reservoir,value
1,31893.04053585197
2,16457.739553047395
3,4041.7877434733196
4,3242.5432376489834
