reservoir,value
1,174665.54950029112
2,19617.2
3,22684.223534983877
4,9409.443237648982
