reservoir,value
1,74427.28111460776
2,710.2479557341594
3,35841.15857086946
4,11771.679632491398
