reservoir,value
1,19844.755186744536
2,0.0
3,1099.4625971720907
4,1610.186905710415
