reservoir,value
1,18810.19878112232
2,3658.222130612382
3,4088.936651343222
4,5739.581484980639
