reservoir,value
1,23045.52275304447
2,4276.164583347747
3,7610.182445490798
4,9704.524899100263
