reservoir,value
1,146667.57319429092
2,0.0
3,41304.311816934285
4,9434.852854950854
