reservoir,value
1,47258.55369395
2,7314.88621472
3,16147.77134469
4,15014.41384064
