reservoir,value
1,123203.21120866999
2,0.0
3,32918.02604469001
4,11022.146069868866
