reservoir,value
1,36692.135831990694
2,4509.579644652469
3,17083.04441876655
4,2919.0332512027558
