reservoir,value
1,63604.80385297891
2,0.0
3,22295.209142244785
4,12679.355575384063
