reservoir,value
1,55866.38697498622
2,19617.2
3,28323.774771353164
4,1439.400183737297
