reservoir,value
1,0.0
2,0.0
3,15902.247450397666
4,14172.4251949
