reservoir,value
1,118388.01666533004
2,0.0
3,45980.314587952336
4,12744.9
