reservoir,value
1,186364.7275616241
2,0.0
3,29688.26089460516
4,12744.9
