reservoir,value
1,97300.04305688418
2,8981.617516822851
3,31594.831100473028
4,12031.895027485061
