reservoir,value
1,47614.00070608192
2,19617.2
3,25186.83503236633
4,1570.962114489035
