reservoir,value
1,29375.343419831064
2,3203.4013771411333
3,9698.989241408968
4,19916.364946540103
