reservoir,value
1,18914.208487648175
2,14113.143358641795
3,48050.409285409696
4,12744.9
