reservoir,value
1,70856.07808135543
2,5769.260879878429
3,10866.791499699862
4,15118.71136667058
