reservoir,value
1,16627.0888509552
2,5754.493633981977
3,4293.993723170875
4,2908.0687224619937
