reservoir,value
1,67193.33900320446
2,0.0
3,29910.765720364678
4,9438.02696596093
