reservoir,value
1,85767.64216143654
2,5002.421135023078
3,25578.999638980087
4,12048.57190459254
