reservoir,value
1,156747.81373915254
2,18136.34113502308
3,38139.628579440716
4,6935.661918906086
