reservoir,value
1,37381.53502960685
2,18484.31809176171
3,2932.114753493688
4,3377.597107611678
