reservoir,value
1,112178.07075686658
2,5402.818091762289
3,33858.71020513549
4,12506.497107611678
