reservoir,value
1,21375.852870608753
2,6352.720960218481
3,3678.2379822567773
4,1742.6370230164664
