reservoir,value
1,137247.53071797366
2,0.0
3,34181.61490054929
4,5048.4937527313705
