reservoir,value
1,9689.370737197993
2,4956.783441857991
3,2877.3164386507538
4,2111.0049212677936
