reservoir,value
1,11293.450149801003
2,1820.5919443961952
3,3289.1945480361856
4,1711.4692742748862
