reservoir,value
1,51930.09762820501
2,0.0
3,30006.98282046919
4,4093.96735588483
