reservoir,value
1,16758.84685169235
2,15322.330570397919
3,2675.668273225381
4,1739.0613920050318
