reservoir,value
1,47341.45070309448
2,10945.18299843028
3,8271.402511523955
4,8152.492510660602
