reservoir,value
1,13580.92448799562
2,7916.397747054227
3,3258.2507424548176
4,2005.0323609811398
