plant,value
1,38873.929361587594
2,13081.5
3,9900.900000000016
4,7629.900000000014
