reservoir,value
1,123861.76523841245
2,16136.628999999979
3,27741.42100000004
4,6117.552000000005
