reservoir,value
1,27356.820458396105
2,19987.59126600047
3,4094.552069346964
4,5701.908245604803
