reservoir,value
1,153000.6956887372
2,17049.423008393896
3,23406.231938127814
4,12744.9
