reservoir,value
1,24005.226525111862
2,6585.206387669952
3,4960.056154419983
4,3928.7903812672243
