reservoir,value
1,9138.50947113231
2,3914.5535924918404
3,2678.0060346670416
4,1659.6035569206067
