reservoir,value
1,42599.8286639
2,8488.9650562
3,7984.7359885000005
4,14381.842258329998
