reservoir,value
1,12174.952243472104
2,28950.73869244028
3,1932.5953313708712
4,1662.9288532078356
