reservoir,value
1,28069.69700291721
2,15869.238692440278
3,19641.860295172864
4,4074.1802575417514
