reservoir,value
1,178514.75315924
2,0.0
3,10612.36717752645
4,12744.9
