reservoir,value
1,6491.341073929223
2,19617.2
3,20881.26389100938
4,2170.311919086467
