reservoir,value
1,99704.80395868493
2,0.0
3,15000.756061962782
4,3928.6010208642183
