reservoir,value
1,25559.414388381643
2,12039.144496507412
3,3292.8098481796733
4,2880.935477889471
