reservoir,value
1,123718.46160892633
2,0.0
3,16381.52985477517
4,12744.9
