reservoir,value
1,19105.097079409108
2,15117.131355408725
3,3196.0240833834564
4,1440.2598685683752
