reservoir,value
1,95661.8264867104
2,19617.2
3,32516.535411684603
4,2706.8158934771027
