reservoir,value
1,28979.832714132182
2,3859.0612336814797
3,9275.393876613483
4,9471.392773065601
