reservoir,value
1,17029.90829572999
2,7040.363787507276
3,2935.609297489822
4,2162.1300256007994
