reservoir,value
1,42797.665311915596
2,0.0
3,6363.877982128466
4,11520.0300256008
