reservoir,value
1,106019.06435960653
2,16961.262951205565
3,6305.514345019859
4,4565.935888520304
