reservoir,value
1,131492.80994460726
2,0.0
3,26118.058164612623
4,7095.501717524125
