reservoir,value
1,17423.84471770033
2,4547.758195661336
3,4623.502875306946
4,2676.445578281148
