reservoir,value
1,118125.75865617557
2,0.0
3,27088.593866741885
4,12744.9
