reservoir,value
1,38182.45562327299
2,24098.98803566486
3,7456.883980207365
4,11991.903933496302
