reservoir,value
1,154007.3881000779
2,12181.028389214862
3,12902.318263427367
4,5820.889105437512
