reservoir,value
1,102841.82427292083
2,0.0
3,2113.357997259117
4,7645.30569870973
