reservoir,value
1,129531.09302100303
2,0.0
3,28235.63000906472
4,12426.692860211126
