reservoir,value
1,70762.55321432
2,5858.9500736
3,21784.496788880002
4,17271.80630936
