reservoir,value
1,33569.843125368476
2,19617.2
3,3309.5665293502143
4,1766.1488484196102
