reservoir,value
1,45939.85612367024
2,6222.086258518057
3,5077.97743155896
4,8776.380084157912
