reservoir,value
1,97813.9411461936
2,0.0
3,46957.84815341474
4,12744.9
