reservoir,value
1,75888.0754928
2,2850.31169832
3,15442.04987984
4,18324.147727950003
