reservoir,value
1,148940.83789112003
2,0.0
3,24954.93347984
4,3096.180886028349
