reservoir,value
1,17115.941678508367
2,12836.333472244412
3,3378.4438810705246
4,4789.430434923923
