reservoir,value
1,137464.76858998003
2,5158.224703489999
3,53641.32636225
4,30098.1794669
