reservoir,value
1,38446.10486670543
2,0.0
3,33310.017862250024
4,22468.2794669
