reservoir,value
1,31752.115623659465
2,15042.069911783394
3,4283.420083135086
4,6135.589078497314
