reservoir,value
1,187055.4156236594
2,3660.463484119715
3,19581.63253013518
4,12260.489078497314
