reservoir,value
1,18907.997199632526
2,22732.53349364936
3,5712.181528774056
4,4433.363104333571
