reservoir,value
1,101743.47548758631
2,9651.03349364936
3,45567.949600537315
4,12744.9
