reservoir,value
1,51329.75581866185
2,4742.94538412902
3,20421.25545992915
4,22493.021831597474
