reservoir,value
1,91007.91233294187
2,0.0
3,27098.256500315372
4,8791.536260207182
