reservoir,value
1,26573.05393956106
2,7219.9482313479475
3,5892.258834730977
4,3190.526798411581
