reservoir,value
1,84828.07418716777
2,11405.34464350678
3,23440.184298420558
4,0.0
