reservoir,value
1,71064.89952252072
2,2576.500906655081
3,20850.461271476568
4,17708.55462174469
