reservoir,value
1,147512.54886506626
2,3686.426755277884
3,38287.10831005118
4,12744.9
