reservoir,value
1,98701.36750184777
2,3136.471008638445
3,11478.28021377833
4,11873.862009151366
