reservoir,value
1,41229.5154795872
2,4614.090719250352
3,12597.692064565766
4,18288.30279975632
