reservoir,value
1,146122.10205059755
2,0.0
3,50135.902812975764
4,9805.26601820737
