reservoir,value
1,37825.737873394304
2,4415.2136933161
3,10454.695200321145
4,8639.192299380364
