reservoir,value
1,22046.443838196195
2,6828.610256214846
3,6896.127541028297
4,3244.875006971815
