reservoir,value
1,79424.86710923901
2,3036.6293420741736
3,12569.739961731142
4,7625.387020010916
