reservoir,value
1,90793.2837530935
2,3275.2968897845853
3,5426.796743794713
4,0.0
