reservoir,value
1,16619.727453528703
2,11989.750944080719
3,2713.195809314395
4,2548.0365831613317
