reservoir,value
1,65597.73110623375
2,0.0
3,4363.305569027774
4,10824.842833369017
