reservoir,value
1,27565.426817069485
2,7859.504899343625
3,8509.043533131866
4,7211.5258023442
