reservoir,value
1,47016.706944674275
2,1096.2270072194901
3,5985.923940485929
4,285.28355860523425
