plant,value
1,42737.35999999998
2,10168.760000000015
3,9584.5
4,6626.999999999997
