reservoir,value
1,0.0
2,2431.0399999999845
3,65752.6
4,12673.000000000004
