reservoir,value
1,34461.80946657268
2,5366.186601273921
3,18712.391624625594
4,14884.744450947992
