reservoir,value
1,12425.647724599501
2,7028.546302450232
3,3012.068207344946
4,2379.2728195670184
