reservoir,value
1,52245.399540231214
2,13564.246302450232
3,13749.122836101007
4,8657.39488829761
