reservoir,value
1,14891.06200166588
2,4091.2407436335693
3,2755.3396328226586
4,1783.559828916892
