reservoir,value
1,58062.21472432453
2,0.0
3,0.0
4,346.35824021998997
