reservoir,value
1,19311.15240272053
2,5369.733781369649
3,3938.061827503
4,2414.7049953753485
