reservoir,value
1,40202.16049313279
2,0.0
3,20752.653970095424
4,7613.256703025885
