reservoir,value
1,4432.092721360255
2,2864.774130634586
3,0.0
4,23.444745263209146
