reservoir,value
1,48100.9898735444
2,6342.474628765645
3,13066.08154819488
4,13764.285806627173
