reservoir,value
1,83295.82839989872
2,1838.8065442321495
3,15725.288896285156
4,12545.408211803364
