reservoir,value
1,22239.040802392967
2,18996.098483572387
3,5055.422271668238
4,2794.64617226104
