reservoir,value
1,24636.743699823375
2,5994.76557543269
3,5701.043365526298
4,2249.887450870449
