reservoir,value
1,71747.91510907792
2,2215.9641811644506
3,4702.9760235732665
4,1208.472812561969
