reservoir,value
1,48934.94404232
2,5091.359336
3,25435.257860609992
4,18353.671939
