reservoir,value
1,35204.54730080095
2,11419.486546389191
3,6755.909704211565
4,3034.0091027401554
