reservoir,value
1,137411.21260045836
2,0.0
3,28763.270646240002
4,8995.643657971652
