reservoir,value
1,20474.245230372366
2,12210.346163767927
3,3645.6039439006995
4,2487.4070466598305
