reservoir,value
1,43063.31138228955
2,19617.2
3,6555.8975022627055
4,1219.5708990971953
