reservoir,value
1,51791.27795781859
2,8226.641693896416
3,11522.998977276602
4,10221.349846282994
