reservoir,value
1,133463.36634523296
2,9028.236804078473
3,11358.9631889127
4,8846.840767180493
