reservoir,value
1,15595.706760863764
2,25283.509621193873
3,2905.7771252077955
4,2092.3494707341792
