reservoir,value
1,85977.98056228682
2,4804.666720634588
3,11271.992392260097
4,19872.34033699527
