reservoir,value
1,151956.3988443974
2,4842.189641756956
3,15544.702599016393
4,12744.9
