reservoir,value
1,3994.668627746278
2,1166.7979182527038
3,9811.863591440451
4,5254.866997840901
