reservoir,value
1,53233.37184451156
2,7954.907484890091
3,13621.794635149581
4,9920.929062180516
