reservoir,value
1,7819.071844511556
2,0.0
3,0.0
4,127.83411909583097
