reservoir,value
1,22133.193579210656
2,16808.592295297145
3,5388.082593117318
4,11123.485419557512
