reservoir,value
1,99396.85926081784
2,3727.092295297145
3,21311.82747823108
4,12744.9
