reservoir,value
1,20398.51496409341
2,8385.106657583197
3,8752.339621904472
4,7969.724712876945
