reservoir,value
1,42343.67890508585
2,10592.802698331992
3,10869.050118203999
4,13369.265325201999
