reservoir,value
1,126419.04539764047
2,0.0
3,21954.260071804
4,12744.9
