reservoir,value
1,38674.22762417561
2,22284.129472744433
3,4492.347554271618
4,9898.338794423784
