reservoir,value
1,184525.42519692553
2,18554.99959298278
3,12503.356396959703
4,12744.9
