reservoir,value
1,124830.41036113835
2,0.0
3,37550.729642510836
4,12744.9
