reservoir,value
1,31263.61362600692
2,3861.251895358224
3,11984.055627477439
4,18362.945682761987
