reservoir,value
1,107543.04540276519
2,0.0
3,32361.411563877435
4,10578.636724656364
