reservoir,value
1,24749.864131699956
2,13795.040848224122
3,6407.371583105808
4,3346.1510320337547
