reservoir,value
1,2858.9299440971517
2,10269.16573488122
3,0.0
4,12.106892675395263
