reservoir,value
1,24795.199639438106
2,71332.27023983671
3,4735.2041265019925
4,8919.317420633655
