reservoir,value
1,137010.86212695454
2,19617.2
3,27792.1019909058
4,6874.865542150388
