reservoir,value
1,15146.563207869378
2,7432.2076072126765
3,4428.325230454766
4,3608.027709818212
