reservoir,value
1,50171.54216930362
2,0.0
3,37764.1985657593
4,8097.279985208462
