reservoir,value
1,44769.390889298185
2,7135.4531420143385
3,19313.23657909339
4,9314.128925039418
