reservoir,value
1,20710.490432700914
2,6766.014168429
3,10622.986559343999
4,4596.745347306241
