reservoir,value
1,17003.963794455063
2,5500.740129919008
3,2788.0319473431423
4,2007.5850623577264
