reservoir,value
1,53235.56713520582
2,19617.2
3,17280.528941629967
4,3925.475481013615
