reservoir,value
1,93442.63474222629
2,14799.632510313448
3,15043.766509459776
4,14655.215181690557
