reservoir,value
1,110898.3600846433
2,19617.2
3,38770.24280352923
4,7025.315181690557
