reservoir,value
1,62655.4725649046
2,3957.944374074216
3,13097.061611662426
4,13900.955012006722
