reservoir,value
1,99622.84203432963
2,5318.522289802337
3,8855.841910432868
4,6436.015232768795
