reservoir,value
1,27299.140317841386
2,7438.286743075278
3,4534.847331946712
4,5605.509732959312
