reservoir,value
1,36424.189999999755
2,5071.572885593287
3,51806.1
4,12744.9
