reservoir,value
1,24349.496699249685
2,35568.803806763426
3,4659.564882381141
4,7892.176689442466
