reservoir,value
1,93465.45542260501
2,19617.2
3,26398.530410171414
4,12546.838709619087
