reservoir,value
1,22904.89852921086
2,4944.684200265856
3,3720.679039773333
4,2498.413747444707
