reservoir,value
1,295.48468134690853
2,3389.1879639380786
3,0.0
4,0.0
