reservoir,value
1,47999.39500398438
2,16538.42973742701
3,5235.5899971949475
4,6711.974337293327
