reservoir,value
1,18900.68034693719
2,18453.926325124296
3,4260.253255456752
4,2647.548057898983
