reservoir,value
1,85117.55652770583
2,11300.350926605104
3,37640.42066690508
4,7762.548057898983
