reservoir,value
1,110922.44655989637
2,0.0
3,28908.401485784496
4,12744.9
