reservoir,value
1,60994.713369262776
2,4768.471843666619
3,14118.420780455983
4,10790.14661085316
