reservoir,value
1,104475.46009968963
2,11720.746926966322
3,12555.621316570792
4,3606.29687626725
