from,to,value
1,1,0.0
1,2,0.0
1,3,0.0
1,4,0.0
1,5,0.0
2,1,1751.1156550205997
2,2,0.0
2,3,0.0
2,4,0.0
2,5,0.0
3,1,1000.0
3,2,0.0
3,3,0.0
3,4,0.0
3,5,67.95361690655625
4,1,0.0
4,2,0.0
4,3,0.0
4,4,0.0
4,5,920.6765562833025
5,1,988.6301731898587
5,2,0.0
5,3,0.0
5,4,0.0
5,5,0.0
