reservoir,value
1,20972.374026006473
2,5206.6343449794
3,3473.202333151845
4,7099.082912880571
