reservoir,value
1,25553.704856417164
2,22801.8094618041
3,3346.5221211005464
4,5268.530901371496
