reservoir,value
1,74948.6114960889
2,4438.464271838862
3,18403.384851723193
4,19328.30383256624
