reservoir,value
1,19087.87320856521
2,14943.959282292977
3,0.0
4,0.0
