reservoir,value
1,34581.140712053166
2,5341.23101450896
3,18359.14099386611
4,14978.121591386638
