reservoir,value
1,21653.370840660195
2,19617.2
3,7359.200000000001
4,12744.9
