reservoir,value
1,56395.64965788615
2,6719.6002305892325
3,10554.02627372552
4,11190.953943690307
