reservoir,value
1,200717.6
2,6424.1543664691235
3,32045.075755053273
4,9372.681899820795
