reservoir,value
1,39107.593458651856
2,3554.334074794827
3,10230.281044462801
4,19208.40871685188
