reservoir,value
1,69551.15724104476
2,0.0
3,27939.17713183414
4,8057.906649331365
