reservoir,value
1,26384.434086290654
2,14007.251935163702
3,2582.960267237639
4,1566.7216712798868
