reservoir,value
1,32228.864558442267
2,19617.2
3,8457.302296375523
4,5330.294888088649
