reservoir,value
1,75536.07503959998
2,4573.875165210115
3,24379.508573503528
4,10026.546033419792
