reservoir,value
1,45049.81025897181
2,10604.035730912974
3,29501.289670942017
4,2396.6460334197927
