reservoir,value
1,140148.22996356833
2,0.0
3,18986.830185964805
4,12744.9
