reservoir,value
1,15032.691294150834
2,6923.142329537148
3,2966.406120319339
4,1649.8919911421224
