reservoir,value
1,26387.706243558576
2,11231.478862972175
3,3087.390180696499
4,3047.192243686859
