reservoir,value
1,36145.47838430894
2,7336.104720679366
3,4659.475697647853
4,3552.7662087062
