reservoir,value
1,187966.04962586676
2,15955.839284283376
3,42667.04403635635
4,12744.9
