reservoir,value
1,0.0
2,793.5000000019809
3,2383.1000299880925
4,10448.1
