reservoir,value
1,48770.85774415602
2,6383.473039144672
3,30343.006155382114
4,25202.042642945624
