reservoir,value
1,155805.8863815507
2,0.0
3,51806.1
4,4720.60313849772
