reservoir,value
1,43276.583492904785
2,4175.93086488533
3,21465.772780379557
4,22137.958796153107
