reservoir,value
1,49108.3272010355
2,5964.271455790979
3,6452.959456681266
4,13521.328948129747
