reservoir,value
1,25229.95280279987
2,10097.874300595993
3,3401.826016504615
4,4454.3774116290015
