reservoir,value
1,96558.18479225578
2,0.0
3,37473.815597010835
4,11736.178542644204
