reservoir,value
1,12062.56444665965
2,8159.300993254378
3,0.0
4,0.0
