reservoir,value
1,24572.766305439894
2,2920.7000000000007
3,51806.1
4,12744.9
