reservoir,value
1,33889.67715509064
2,4784.076724275418
3,14350.717967932847
4,15730.593121617769
