reservoir,value
1,140336.05306485793
2,0.0
3,51806.1
4,11868.897906419217
