reservoir,value
1,25426.0142497469
2,15607.339763324944
3,2922.312181611919
4,4054.6395514692417
