reservoir,value
1,17974.21551049446
2,18168.677152036675
3,2949.885658472993
4,2230.6455862439398
