reservoir,value
1,11858.673324824886
2,9075.583995056048
3,3648.732602897837
4,2438.204196307381
