reservoir,value
1,53675.41945889363
2,0.0
3,5123.6280969222535
4,6233.87388917737
