reservoir,value
1,15180.863357380938
2,11271.394093861918
3,2325.1166289303846
4,1907.251365545346
