reservoir,value
1,21726.9277207292
2,11214.492941622068
3,3123.8703526385257
4,6315.054812739521
