reservoir,value
1,116890.24197084876
2,0.0
3,6610.565570387989
4,12744.9
