reservoir,value
1,2712.2684052320255
2,19617.2
3,50694.80233800191
4,12744.9
