reservoir,value
1,158899.49035964487
2,0.0
3,41469.03422136605
4,3875.6436375200224
