reservoir,value
1,48837.85481304059
2,13345.988759374533
3,12747.030906952374
4,4926.606447712957
