reservoir,value
1,107039.00539459646
2,6946.27004980912
3,24331.879529540056
4,0.0
