reservoir,value
1,27900.989863760267
2,4440.542685947663
3,6810.410000749147
4,13258.164212360409
