reservoir,value
1,121128.63836415001
2,0.0
3,44450.9765877529
4,12744.9
