reservoir,value
1,75931.03353395197
2,19617.2
3,9963.159241067522
4,3912.6353261194417
