reservoir,value
1,13477.656890291113
2,20924.39431308634
3,2778.9673694054095
4,1889.6346035903232
