reservoir,value
1,55233.75741688594
2,19617.2
3,4239.176559332379
4,392.9593812125779
