reservoir,value
1,20783.165365526373
2,9855.069957532412
3,4944.075400609288
4,2426.6603210447824
