reservoir,value
1,24554.285947119304
2,19617.2
3,6391.154424176919
4,1547.1329947777413
