reservoir,value
1,36179.92934290822
2,9969.429881962811
3,17238.389147091653
4,14684.194539183985
