reservoir,value
1,23604.55080993098
2,542.7000000000007
3,0.0
4,0.0
