reservoir,value
1,97647.4946491918
2,0.0
3,24987.056692521302
4,12744.9
