reservoir,value
1,80767.8772149
2,7360.855130399999
3,21413.25200176
4,31037.086965649993
