reservoir,value
1,149392.78859835098
2,2140.971996950342
3,35352.10520176001
4,12744.9
