reservoir,value
1,110777.10653447788
2,0.0
3,23681.46143823424
4,12744.9
