reservoir,value
1,19821.85660766277
2,13435.768612726715
3,3533.4434251661687
4,2181.9818566205913
