reservoir,value
1,87461.93870353435
2,11793.018528815694
3,23337.983239604826
4,11145.75036172749
