reservoir,value
1,138038.58984428126
2,0.0
3,39526.22222707927
4,12744.9
