reservoir,value
1,17302.577267636614
2,19617.2
3,2807.8714934296213
4,4605.543807396225
