reservoir,value
1,126594.0158
2,3674.3867999999993
3,29898.557700000005
4,12744.9
