reservoir,value
1,40145.991169971945
2,9223.361433684096
3,6793.962894103557
4,1856.9838163234522
