reservoir,value
1,90779.60301948429
2,0.0
3,4276.860137900399
4,7849.215658610446
