reservoir,value
1,51877.63891216
2,3983.94581511
3,13731.21640265
4,18128.78265797
