reservoir,value
1,117931.46142727007
2,0.0
3,22273.723102649954
4,2407.76186060242
