reservoir,value
1,27766.269973682778
2,7135.525815629218
3,7095.891355758853
4,3988.0082410882433
