reservoir,value
1,23052.29125065726
2,11150.928191542407
3,5562.3766435603175
4,4069.2316747505947
