reservoir,value
1,129849.57457044654
2,0.0
3,38700.211427757524
4,12744.9
