reservoir,value
1,121665.84387705718
2,0.0
3,21195.608604888526
4,12744.9
