reservoir,value
1,95627.59508995691
2,7761.958219584032
3,15967.012915148254
4,20026.862943927965
