reservoir,value
1,113856.54294261886
2,12744.006281306272
3,14035.163496739508
4,12744.9
