reservoir,value
1,105062.39795372002
2,0.0
3,26955.55328975
4,1959.9269764423902
