reservoir,value
1,153834.60673391377
2,2247.1073034025067
3,27643.382778326915
4,5677.686180974546
