reservoir,value
1,44073.67252759
2,10835.47932724
3,43031.46111968
4,21288.440324900002
