reservoir,value
1,0.0
2,0.0
3,34189.30568613676
4,13658.540324900003
