reservoir,value
1,113388.48445483015
2,0.0
3,38905.43473354325
4,12744.9
