reservoir,value
1,29834.61096992263
2,0.0
3,14304.518312329204
4,0.0
