reservoir,value
1,104604.27992061018
2,0.0
3,34823.97006436742
4,12744.9
