reservoir,value
1,75654.7923971
2,5780.96800291
3,21633.95798845
4,24923.454901359997
