reservoir,value
1,157546.69710000954
2,0.0
3,42801.83228845001
4,4000.0564203042272
