reservoir,value
1,90309.91382796202
2,13699.527789119014
3,31367.7706846898
4,3918.884067607845
