reservoir,value
1,30192.56081234992
2,10101.998989174044
3,4726.719709235994
4,10168.277923705398
