reservoir,value
1,131021.67677882475
2,0.0
3,33086.52822167324
4,12744.9
