reservoir,value
1,14252.727800248282
2,4005.6221877242815
3,2891.4004789400083
4,3171.5280875728163
