reservoir,value
1,64963.32731866678
2,0.0
3,2071.7717338040857
4,12744.9
