reservoir,value
1,11518.077167556236
2,11322.098341018998
3,4442.53915584169
4,1588.9687647572289
