reservoir,value
1,29782.015446516445
2,6306.95388758489
3,3585.8896360416034
4,2585.622130968712
