reservoir,value
1,63964.52112228942
2,2416.8106548296996
3,4627.043018953142
4,532.5922785371604
