reservoir,value
1,36896.543401577146
2,0.0
3,7086.598564625876
4,6800.765202386899
