reservoir,value
1,13108.749422365316
2,10837.65178736999
3,2980.3748037197097
4,1658.7807324980204
