reservoir,value
1,58471.85819247528
2,0.0
3,4388.103877616535
4,3295.9225795355774
