reservoir,value
1,15225.2101817891
2,7426.239130854246
3,6564.730385754213
4,3495.7599177285683
