reservoir,value
1,24880.200679484762
2,20097.36152685086
3,6671.2230480176395
4,4841.724724204195
