reservoir,value
1,147365.05741475004
2,5229.937716119685
3,48236.9883324
4,0.0
