reservoir,value
1,30811.497928782388
2,2461.2787636921275
3,8512.15586527303
4,12179.506266823602
