reservoir,value
1,139231.80466269614
2,2801.946067095016
3,26254.638643599945
4,10227.292447797445
