reservoir,value
1,21113.09168013479
2,10608.596373450513
3,4053.1002919482657
4,3060.617493825973
