reservoir,value
1,128248.85958365137
2,6639.156373450474
3,34196.20913462746
4,528.2771918571524
