reservoir,value
1,28356.520783289157
2,9330.473077293313
3,11626.079514531366
4,20358.418447364256
