reservoir,value
1,101022.01670339234
2,0.0
3,21616.6392629115
4,12744.9
