reservoir,value
1,19856.73560807073
2,14002.608380398782
3,4147.821714057901
4,2859.4757662790344
