reservoir,value
1,101626.60619128225
2,7061.50278503809
3,11301.37007705522
4,12362.375766279034
