reservoir,value
1,22432.476274179862
2,13771.680141139914
3,4579.054354115351
4,2081.234694747559
