reservoir,value
1,65406.73445156238
2,5076.5640852094875
3,7564.607242623776
4,5645.81290283795
