reservoir,value
1,33927.42353674913
2,4461.288498453106
3,4628.7768062792575
4,5739.595259380105
