reservoir,value
1,0.0
2,3974.999999632135
3,5404.000001025386
4,32941.1
