reservoir,value
1,23913.618350997334
2,14230.545187068292
3,4620.922071797909
4,5631.660323000724
