reservoir,value
1,145443.04653322962
2,1149.0451870682919
3,38764.26769951264
4,12744.9
