reservoir,value
1,23276.470615397593
2,5303.645828636763
3,2406.0613390626404
4,2334.377343569661
