reservoir,value
1,110144.89564465711
2,0.0
3,10793.892433623343
4,884.9098023317238
