reservoir,value
1,82151.65795053862
2,5794.34052507252
3,39766.82707257968
4,17452.604383469697
