reservoir,value
1,0.0
2,0.0
3,19714.25015828461
4,4305.468914246529
