reservoir,value
1,106174.57763031292
2,14958.539994225974
3,51806.1
4,12744.9
