reservoir,value
1,30498.421643887355
2,5951.3116531439355
3,6355.526013734259
4,4106.647087127028
