reservoir,value
1,41365.82045052927
2,23244.965712492576
3,7620.592452576762
4,10341.463841289682
