reservoir,value
1,131493.37005231425
2,17048.635121937066
3,9734.987036863633
4,12467.362899038571
