reservoir,value
1,144314.063304191
2,10613.341180845491
3,22463.08337222238
4,2124.0562071542195
