reservoir,value
1,99201.41730010693
2,7227.64767154519
3,12851.654675615699
4,7947.330965212897
