reservoir,value
1,18278.336140991974
2,12249.076996207381
3,4911.728546953094
4,1324.0418350476837
