reservoir,value
1,49522.320000747386
2,12032.200000000892
3,46380.2
4,0.0
