reservoir,value
1,27893.943970084103
2,18250.15198968043
3,3693.2063148813327
4,2764.860739437954
