reservoir,value
1,10891.580856080787
2,6557.747336507697
3,2265.5603557664126
4,1416.5794928646314
