reservoir,value
1,43335.36528912746
2,19617.2
3,17890.300045458825
4,12713.100000000004
