reservoir,value
1,2204.074003588634
2,3233.5443757382327
3,24467.993209873828
4,6966.405084822285
