reservoir,value
1,93032.33672918576
2,864.4639170221544
3,41284.654613067825
4,8765.17946900035
