reservoir,value
1,47739.60353069947
2,17696.9496705708
3,2113.2405882619746
4,994.9626039863317
