reservoir,value
1,108358.95598281843
2,0.0
3,17198.861541731476
4,6301.453041301488
