reservoir,value
1,49911.6587153647
2,2183.921882114417
3,14760.978095904673
4,19901.97620672496
