reservoir,value
1,144217.9376091091
2,0.0
3,39363.99820358468
4,12744.9
