reservoir,value
1,33220.57763175499
2,5465.428332109994
3,5738.994799471013
4,10054.871164537704
