reservoir,value
1,85820.64237906288
2,0.0
3,32207.62291277839
4,4341.897781644981
