reservoir,value
1,39541.53064369236
2,5442.49105907033
3,12439.50821628776
4,20878.8353696526
