reservoir,value
1,26311.967037255603
2,7271.670078448213
3,6808.93056835694
4,6792.786779178859
