reservoir,value
1,165829.6949387664
2,13991.084040406226
3,17481.303564051697
4,12744.9
