reservoir,value
1,41379.19549518985
2,5260.821109459223
3,15176.66792112096
4,13586.32975939474
