reservoir,value
1,200717.6
2,19617.2
3,38629.23075641528
4,10326.540409711684
