reservoir,value
1,18052.66878094962
2,9022.980616195598
3,3155.366107946777
4,2953.3541346827724
