reservoir,value
1,43473.284505531024
2,11892.830783791782
3,9857.454208430576
4,14769.91933391704
