reservoir,value
1,53721.8125659596
2,2270.0006222041666
3,24400.694802295835
4,24167.919093317134
