reservoir,value
1,21474.921052362683
2,15589.756530190441
3,3669.813308066946
4,3284.248952086652
