reservoir,value
1,21578.17492892623
2,34286.187035638635
3,3318.7974814189784
4,1922.3609637321902
