reservoir,value
1,48293.367211991805
2,12689.360995090045
3,9958.292622072862
4,10432.702873622453
