reservoir,value
1,64182.40421733488
2,0.0
3,9434.501047535912
4,2802.8028736224533
