reservoir,value
1,14952.501600494053
2,10663.124580728214
3,3687.759119214055
4,1466.1405948672596
