reservoir,value
1,21095.88790997601
2,13844.07712476151
3,4363.117767401415
4,2397.1451076101794
