reservoir,value
1,108715.27360701995
2,19617.2
3,24529.148156930412
4,11383.131612797075
