reservoir,value
1,35801.75988208034
2,9508.84194050157
3,7892.813554404047
4,3346.118339089434
