reservoir,value
1,4838.465935383152
2,2264.953673425065
3,27981.493898828034
4,0.0
