reservoir,value
1,38223.9023483911
2,6478.628701947395
3,13196.565093831283
4,10467.794439275487
