reservoir,value
1,121145.2559366083
2,87.91813800020532
3,18588.09289571014
4,8176.792266116718
