reservoir,value
1,62382.96431158448
2,19617.2
3,15326.36275214567
4,6729.190704195863
