reservoir,value
1,31445.073223725674
2,5547.0568979215295
3,4753.064265325303
4,7013.042834386891
