reservoir,value
1,152540.51162649598
2,0.0
3,12297.112514360677
4,12744.9
