reservoir,value
1,93925.30745631427
2,841.6860448049647
3,29631.352985951995
4,12744.9
