reservoir,value
1,94786.19676225308
2,0.0
3,16169.082456905275
4,12744.9
