reservoir,value
1,28057.006999698027
2,2262.913643685047
3,222.02188803320496
4,3850.561243149629
