reservoir,value
1,35258.62730567374
2,3048.557166155361
3,13475.887174754806
4,11500.836561868882
