reservoir,value
1,144474.00745158925
2,0.0
3,12494.46639255295
4,12744.9
