reservoir,value
1,48667.26427036319
2,18031.968985076255
3,2963.737068998979
4,2624.7518917419784
