reservoir,value
1,39937.42383984563
2,6940.320430710706
3,7837.561251810497
4,4141.245521008353
