reservoir,value
1,32690.23957095908
2,14855.619033101864
3,5706.725138347264
4,2906.62905423574
