reservoir,value
1,152249.23567746006
2,5178.180027447768
3,23201.808580717083
4,5672.636900152913
