reservoir,value
1,24659.603420240695
2,9588.957518182178
3,3791.9534957287037
4,3628.073739474424
