reservoir,value
1,60646.96259293147
2,7504.465212876312
3,16660.347891130416
4,9295.28807376579
