reservoir,value
1,47245.674523512236
2,16710.905212876314
3,6759.447891130416
4,4183.665423851096
