reservoir,value
1,12961.554607095648
2,17683.759668446648
3,1557.775015612444
4,1963.9466353900386
