reservoir,value
1,62543.627113605486
2,5940.1187843760035
3,0.0
4,3590.8521144371643
