reservoir,value
1,46039.09493883867
2,15904.118961173725
3,4133.289117639612
4,3999.239375021916
