reservoir,value
1,46358.90318342037
2,7926.884395890807
3,9862.342823612677
4,6671.560916905
