reservoir,value
1,4695.132149911915
2,17133.324395890806
3,0.0
4,824.7380023357064
