reservoir,value
1,104807.80085773685
2,7201.470777335489
3,38400.77026300624
4,1070.389499540977
