reservoir,value
1,36006.08209502124
2,15223.366384829616
3,3418.411711645519
4,2567.27497091125
