reservoir,value
1,53581.86656822701
2,14280.149420240617
3,4634.610740596994
4,0.0
