from,to,value
1,1,0.0
1,2,988.1663190546462
1,3,0.0
1,4,0.0
1,5,0.0
2,1,0.0
2,2,0.0
2,3,0.0
2,4,0.0
2,5,0.0
3,1,0.0
3,2,0.0
3,3,0.0
3,4,0.0
3,5,0.0
4,1,0.0
4,2,0.0
4,3,0.0
4,4,0.0
4,5,3053.0
5,1,2767.399999999931
5,2,0.0
5,3,285.6000000000596
5,4,0.0
5,5,0.0
