reservoir,value
1,19883.62548396185
2,10394.286669211822
3,3213.7973306341905
4,2605.776731926026
