reservoir,value
1,72906.67110736405
2,4413.754341308613
3,11671.419394443561
4,11631.676731926025
