reservoir,value
1,30206.35678561591
2,13361.942641549917
3,8260.618904298559
4,2034.6234423793517
