reservoir,value
1,32679.350794228132
2,1670.0849205285685
3,44854.47133282824
4,617.4076299652838
