reservoir,value
1,13500.969083253169
2,8192.951170178032
3,2672.228707114444
4,2331.5292770331876
