reservoir,value
1,35786.49250589576
2,0.0
3,10144.993827537895
4,7706.379319227621
