reservoir,value
1,117357.51251110998
2,0.0
3,50666.74160008347
4,12744.9
