reservoir,value
1,0.0
2,0.0
3,7943.326989012621
4,20402.112464266505
