reservoir,value
1,147173.33918549187
2,0.0
3,51806.1
4,3768.204784801448
