reservoir,value
1,64518.35408555406
2,14698.216908074108
3,5250.929327167026
4,8259.503583129295
