reservoir,value
1,51340.98758231211
2,1606.1174238997733
3,51806.1
4,6329.593566026602
