reservoir,value
1,52200.890181257484
2,10959.803058301848
3,9351.034638469935
4,11987.659242107206
