reservoir,value
1,125525.13057030994
2,17495.50305830185
3,12815.767568160561
4,4357.759242107375
