reservoir,value
1,48993.59122578838
2,6817.564354247819
3,11489.918604231692
4,6931.336343455028
