reservoir,value
1,98451.30161953252
2,19617.2
3,13070.857473925284
4,0.0
