reservoir,value
1,41693.63117413953
2,2958.6234525450773
3,16904.549849271905
4,12363.630307325438
