reservoir,value
1,14790.558834467322
2,7609.709680633781
3,4471.961024152712
4,4607.544485076288
