reservoir,value
1,64843.50809482571
2,3309.3292269014078
3,10961.726384805843
4,6738.5787912018395
