reservoir,value
1,134371.95443322827
2,0.0
3,14113.166561771553
4,397.8528843150789
