reservoir,value
1,14449.202331477964
2,18207.93123687708
3,4518.6309303981225
4,3553.7223873334137
