reservoir,value
1,19950.67251026267
2,20676.13738840277
3,2183.77957767534
4,998.6953333129062
