reservoir,value
1,9745.686714912834
2,19617.2
3,2221.377891125948
4,1445.0677359558008
