reservoir,value
1,93740.8077734068
2,0.0
3,16316.619124225108
4,7243.401804363573
