reservoir,value
1,20900.731461651627
2,6280.179034298735
3,2828.4455164157994
4,2229.8749158577743
