reservoir,value
1,26934.79010736464
2,12815.879034298736
3,3575.8839917172804
4,10077.049861137268
