reservoir,value
1,26985.129016774023
2,2578.9296963675138
3,5239.226799763737
4,6550.2450744012285
