reservoir,value
1,185055.61871314156
2,0.0
3,35399.11674223304
4,11665.245074401228
