reservoir,value
1,0.0
2,15958.239679991142
3,18575.070044447777
4,0.0
