reservoir,value
1,71737.94646917011
2,4950.152553380805
3,20330.83204095722
4,18347.432199898543
