reservoir,value
1,86030.59344001584
2,2610.7125533807057
3,15618.03940896577
4,12744.9
