reservoir,value
1,118197.67590245421
2,571.4327601408659
3,35778.74137427614
4,12744.9
