reservoir,value
1,85366.47116632949
2,8824.048943917718
3,13865.18303357008
4,18821.412716876446
