reservoir,value
1,11726.193445742843
2,12960.91375335367
3,1906.20510518107
4,1715.9264487246314
