reservoir,value
1,84354.50029332135
2,6594.156405456582
3,3131.2306077701824
4,5459.247472918065
