reservoir,value
1,33374.863102252
2,5602.7569304177305
3,1770.581034279463
4,0.0
