reservoir,value
1,85084.16664090955
2,0.0
3,5543.10657319503
4,12744.9
