reservoir,value
1,24934.054746252237
2,17199.057928748058
3,3635.377025376525
4,2868.3402273095717
