reservoir,value
1,159100.82786728485
2,9876.53679816046
3,6799.146648083718
4,7983.340227310091
