reservoir,value
1,1900.8877525264772
2,2066.7999079388064
3,0.0
4,0.0
