reservoir,value
1,116684.4153
2,4805.774599999999
3,14513.439300000004
4,7086.126000000001
