reservoir,value
1,20246.161288073064
2,7556.552422597813
3,3321.1776059641866
4,2167.7683282645967
