reservoir,value
1,26781.364405200933
2,20600.716869150332
3,4381.236721612102
4,2251.6326125486657
