reservoir,value
1,27236.543589141274
2,5804.812016864616
3,10420.180805811415
4,9688.558911373542
