reservoir,value
1,117821.1261742397
2,0.0
3,31807.469784781973
4,12744.9
