reservoir,value
1,18274.49971872285
2,18598.0311719129
3,3967.347548562263
4,1764.7554990113963
