reservoir,value
1,60736.224818176575
2,12961.446160509453
3,855.2898700674396
4,1283.928857386348
