reservoir,value
1,137924.08202771842
2,0.0
3,5993.712764588947
4,12744.9
