reservoir,value
1,18196.152190220644
2,25419.9842719891
3,3255.9815960382725
4,1906.6163129368774
