reservoir,value
1,20109.96048608636
2,34132.94846151137
3,2708.5355036546234
4,1339.8161986043924
