reservoir,value
1,21318.386483461047
2,19617.2
3,5546.627712966787
4,4761.997610887163
