reservoir,value
1,41320.931090015685
2,8682.133184050705
3,7316.852546435412
4,5228.543810500054
