reservoir,value
1,50376.63985912383
2,8143.1331840507155
3,0.0
4,0.0
