reservoir,value
1,33146.58714728591
2,8766.27626972095
3,7053.695115148098
4,6972.423391443017
