reservoir,value
1,19722.53185188662
2,16019.949787538611
3,2485.8705178133077
4,1849.6258691598782
