reservoir,value
1,42613.34086916549
2,7184.298664620514
3,7251.188582851103
4,6432.766272184126
