reservoir,value
1,17296.064277451555
2,22278.04724842919
3,2854.5086312766944
4,1987.755083027434
