reservoir,value
1,102035.14981564418
2,19617.2
3,17486.372050037666
4,2743.267660154114
