reservoir,value
1,40347.35321056
2,4437.19796069
3,8654.34648078
4,14617.195472820002
