reservoir,value
1,15611.479710832193
2,7446.15010097248
3,3385.482768445656
4,2256.7857015116715
