reservoir,value
1,150854.05974727406
2,0.0
3,32750.333519737465
4,4334.400269727047
