reservoir,value
1,39731.36164478003
2,8035.629210368
3,21882.55452335139
4,18885.704388101512
