reservoir,value
1,133581.8515410677
2,0.0
3,47727.7101219114
4,12744.9
