reservoir,value
1,18955.630952833497
2,8407.195307084778
3,3320.0998445198493
4,4286.574213912818
