from,to,value
1,1,0.0
1,2,4995.5
1,3,190.14913435082417
1,4,0.0
1,5,949.4415874073495
2,1,0.0
2,2,0.0
2,3,0.0
2,4,0.0
2,5,0.0
3,1,0.0
3,2,0.0
3,3,0.0
3,4,0.0
3,5,0.0
4,1,0.0
4,2,0.0
4,3,0.0
4,4,0.0
4,5,0.0
5,1,0.0
5,2,0.0
5,3,0.0
5,4,949.4415874073511
5,5,0.0
