reservoir,value
1,35815.481265813316
2,11195.088358301979
3,7508.449134350842
4,7124.441587407351
