reservoir,value
1,135621.35000000082
2,19617.2
3,31279.199999999997
4,12744.9
