reservoir,value
1,19790.679013186815
2,7335.9928115335015
3,4184.168280615423
4,5385.345885700382
