reservoir,value
1,25538.655764739997
2,6251.835085583896
3,6878.717776100818
4,8956.013634132412
