reservoir,value
1,129462.39576175071
2,0.0
3,19541.318738042948
4,12744.9
