reservoir,value
1,134391.90324208
2,0.0
3,22711.985818550005
4,6347.616052150688
