reservoir,value
1,114060.75527632164
2,0.0
3,8740.65428036725
4,9107.002316974795
