reservoir,value
1,34170.61733045525
2,10780.390397465726
3,4872.093939893647
4,10574.537528756526
