reservoir,value
1,181139.5677227369
2,12141.581304468189
3,19438.253711102083
4,10426.308629610752
