reservoir,value
1,23055.051926776803
2,7944.94533813185
3,3170.7646554035764
4,2680.74921356502
