reservoir,value
1,126687.77457238332
2,0.0
3,10357.511812829785
4,12183.649213570156
