reservoir,value
1,74123.82612956982
2,3671.6190968769915
3,10804.172759873552
4,10692.033184504067
