reservoir,value
1,26064.064024213512
2,10437.465791348503
3,6591.623541794951
4,2851.7876680235595
