reservoir,value
1,20459.206959054973
2,17563.84579134851
3,0.0
4,0.0
