reservoir,value
1,129176.49506129434
2,18242.343316274193
3,0.0
4,0.0
