reservoir,value
1,32979.03464714762
2,5813.748455627428
3,9070.2285359021
4,12835.591856778527
