reservoir,value
1,107392.42650384469
2,0.0
3,17682.010232608947
4,12744.9
