reservoir,value
1,86491.59530381701
2,2704.5438848951108
3,29343.829077407754
4,21525.622968603057
