reservoir,value
1,29835.07833362716
2,8299.063210838853
3,5550.1101225158045
4,4233.0341310501435
