reservoir,value
1,29657.36072223266
2,14834.763210836796
3,2196.2463676331845
4,0.0
