reservoir,value
1,35274.99860801652
2,2300.008714750158
3,9274.810362590808
4,17726.69738334427
