reservoir,value
1,147767.08392437996
2,958.8748088499751
3,15454.323296491883
4,8246.901226690185
