reservoir,value
1,35134.77210752361
2,14539.226173641036
3,16527.250479170812
4,399.7664258686036
