reservoir,value
1,18740.72289483458
2,11155.99120183175
3,5372.242781296583
4,2433.719105091468
