reservoir,value
1,18913.20554536602
2,17691.691201831753
3,0.0
4,2900.874626457594
