reservoir,value
1,26881.4460800402
2,3850.0048816053377
3,5819.728496209267
4,6893.658519119197
