reservoir,value
1,113034.46905729256
2,8181.0138218280945
3,20649.17846979528
4,12744.9
