reservoir,value
1,15794.49907879741
2,11170.64533052083
3,5175.191744607239
4,3496.2510204927853
