reservoir,value
1,47341.62913921111
2,0.0
3,31135.325401951442
4,11237.378347241643
