reservoir,value
1,14896.460697017861
2,13393.791250660772
3,2973.143710293851
4,1742.7945876471185
