reservoir,value
1,8198.03832605719
2,383.791250660488
3,8955.215991057754
4,1737.342988151466
