reservoir,value
1,44176.411796204564
2,24303.975476172807
3,3122.2755863165594
4,6073.079326052796
