reservoir,value
1,24397.408047400793
2,6703.803875649317
3,8758.347926730617
4,13543.350244033569
