reservoir,value
1,75423.47914119806
2,0.0
3,18008.875801122835
4,5913.450244032032
