reservoir,value
1,60548.32722659642
2,0.0
3,0.0
4,10179.136668088351
