from,to,value
1,1,0.0
1,2,0.0
1,3,0.0
1,4,0.0
1,5,0.0
2,1,2840.3677747983616
2,2,0.0
2,3,0.0
2,4,0.0
2,5,0.0
3,1,152.4000000000101
3,2,0.0
3,3,0.0
3,4,0.0
3,5,0.0
4,1,0.0
4,2,0.0
4,3,0.0
4,4,0.0
4,5,2384.732225201622
5,1,2384.732225201635
5,2,0.0
5,3,0.0
5,4,0.0
5,5,0.0
