reservoir,value
1,29399.259701281873
2,6858.915599241187
3,4582.146066582762
4,3169.8067217418593
