reservoir,value
1,79656.52547335374
2,1022.985897834586
3,13522.295350930799
4,2081.837230552406
