reservoir,value
1,33582.05614645645
2,4256.952063449799
3,7702.796253116072
4,6760.974927256918
