reservoir,value
1,53716.17939388722
2,0.0
3,0.0
4,252.42458652246387
