reservoir,value
1,31021.476205225903
2,6084.07169328571
3,10323.110119582088
4,4511.021321392432
