reservoir,value
1,48527.64626289711
2,10487.677928991769
3,8620.070624115911
4,14752.12542457265
