reservoir,value
1,186186.06251539438
2,0.0
3,22254.36584289356
4,12744.9
