reservoir,value
1,140581.79305905927
2,4053.557053950497
3,23848.63698180963
4,12015.5191654899
