reservoir,value
1,30013.46332327305
2,17158.656822802142
3,4812.437826503725
4,2572.647747987467
