reservoir,value
1,54264.598816065576
2,17627.736079130977
3,0.0
4,0.0
