reservoir,value
1,22076.764871417538
2,26613.22409127104
3,5076.781651795235
4,1793.2697017590012
