reservoir,value
1,124637.4934780908
2,2568.0696420592876
3,30609.379224119857
4,11876.224071152285
