reservoir,value
1,131140.21999999986
2,19617.2
3,46243.399999999994
4,12744.9
