reservoir,value
1,73846.26721235037
2,19617.2
3,5196.13250486019
4,37.68783190411784
