reservoir,value
1,19787.524842622002
2,23863.146548431512
3,3818.58912053424
4,2942.1540772909643
