reservoir,value
1,91584.10737335385
2,11933.587815043207
3,8719.432304963
4,12445.054077291521
