reservoir,value
1,27220.67488343365
2,10654.114651778473
3,6066.9637266219925
4,8625.64499607327
