reservoir,value
1,130267.78090443685
2,467.44465177794257
3,23669.381521720028
4,12744.9
