reservoir,value
1,73983.34195301768
2,2389.392627388861
3,1722.3843545599684
4,903.8125296137478
