reservoir,value
1,21402.34816841642
2,18353.119332744045
3,2359.2323356498227
4,1842.2712832228133
