reservoir,value
1,59977.279085314774
2,10479.837587051657
3,0.0
4,4213.683288153183
