reservoir,value
1,38924.96178664236
2,13088.848269551278
3,7597.891355599233
4,9642.510020907428
