reservoir,value
1,198437.8663298874
2,4172.173726306869
3,49503.0913555988
4,12744.9
