reservoir,value
1,0.0
2,0.0
3,27936.442878627313
4,70.01965789273163
