reservoir,value
1,44329.74345265978
2,7293.241119222326
3,12053.666908864907
4,12187.95440635989
