reservoir,value
1,77087.64522618128
2,4904.217050123079
3,18838.728132786346
4,6172.738038894451
