reservoir,value
1,77460.12826713968
2,9895.396305307931
3,13523.479582647997
4,22896.019887029208
