reservoir,value
1,72858.5775546723
2,3312.016839756215
3,6880.5241311722
4,12744.9
