reservoir,value
1,98824.73125439999
2,0.0
3,22384.30763519001
4,12744.9
