reservoir,value
1,18802.05588169702
2,13311.685416280416
3,3580.6373370633287
4,2881.915123036052
