reservoir,value
1,103565.30007384093
2,10849.694674649283
3,27903.906883129137
4,12384.815123038688
