reservoir,value
1,25907.936596912106
2,27850.0484348957
3,3383.759414949598
4,2154.7819168897263
