reservoir,value
1,156039.55908464902
2,19617.2
3,17256.789962487663
4,7845.225154538708
