reservoir,value
1,27351.45318380164
2,10510.12781781382
3,3557.285452345696
4,3605.8712324002518
