reservoir,value
1,150775.52761707024
2,2131.057829979564
3,14407.0160617404
4,12744.9
