reservoir,value
1,113544.01758086639
2,2219.1536000064784
3,13730.571414078433
4,12744.9
