reservoir,value
1,27775.89178313964
2,5133.099192780815
3,3309.6721871512755
4,5474.440429721803
