reservoir,value
1,24393.37170608787
2,30985.28293314869
3,9041.640530346593
4,18938.18405796963
