reservoir,value
1,125739.46015486402
2,17903.78293314869
3,27335.70360633784
4,11308.284057970099
