reservoir,value
1,122106.47580000616
2,0.0
3,26717.857500000006
4,12744.9
