reservoir,value
1,23333.16187954219
2,6052.3505958433425
3,5533.254918743287
4,2986.6964251648865
