reservoir,value
1,0.0
2,236.377690528452
3,0.0
4,185.57224682012637
