reservoir,value
1,66480.59961315863
2,5024.212432000973
3,0.0
4,10768.759307080127
