reservoir,value
1,78968.90829823563
2,0.0
3,8837.924998551076
4,10349.446131497967
