reservoir,value
1,22892.59160162372
2,8869.148818846841
3,4052.203306665622
4,2356.43200432828
