reservoir,value
1,32509.272716714317
2,15404.848818846842
3,2728.004239820715
4,1561.7481474266006
