reservoir,value
1,22037.203651608314
2,4859.71752718235
3,5346.071975312096
4,5670.939504231449
