reservoir,value
1,60496.548024927775
2,0.0
3,24263.188456592048
4,11160.839504231448
