reservoir,value
1,43267.87276954448
2,7591.622990087604
3,8681.559786598764
4,3128.425203995154
