reservoir,value
1,58031.76889750832
2,2888.10761276861
3,6516.781252250234
4,0.0
