reservoir,value
1,28049.578432104307
2,4336.292430020088
3,5676.845976151407
4,2744.9317873369905
