reservoir,value
1,31384.194549431944
2,3938.292430020089
3,7648.989708629598
4,844.2904985045303
