reservoir,value
1,26728.991066499493
2,3992.7409675530125
3,3569.7267213516207
4,2581.7862810558354
