reservoir,value
1,23500.50984881621
2,34852.44917327541
3,3786.500152560531
4,1711.5527627146778
