reservoir,value
1,15440.951763036137
2,6973.15371852074
3,3518.119780404508
4,2780.5144934919517
