reservoir,value
1,18917.385825052083
2,9148.133156854434
3,3170.842306057034
4,2446.53004754513
