reservoir,value
1,62586.123072436756
2,0.0
3,10926.11650305472
4,3172.361174853079
