reservoir,value
1,35710.60945296034
2,20106.724615753712
3,7522.737509030213
4,16593.42313072978
