reservoir,value
1,96020.95813230026
2,18990.114946030975
3,13865.052529298446
4,12744.9
