reservoir,value
1,139006.91618203314
2,0.0
3,16612.612510676365
4,12661.67366944483
