reservoir,value
1,47081.03213295627
2,6180.90671943011
3,34169.4178272644
4,17867.07860686011
