reservoir,value
1,0.0
2,0.0
3,8185.779152456035
4,10237.178606855987
