reservoir,value
1,25344.81378054958
2,2948.0435645297302
3,5132.7158261149125
4,3675.8906425801233
