reservoir,value
1,45794.819008352206
2,6763.815373172174
3,618.3401867498087
4,749.0819591580848
