reservoir,value
1,70304.32739793858
2,0.0
3,3212.5376273422025
4,0.0
