reservoir,value
1,14193.843517032168
2,21207.422495952964
3,2047.8854788244464
4,2112.867304803102
