reservoir,value
1,34305.73114490672
2,7450.946335984593
3,6758.164613507426
4,1759.696805578988
