reservoir,value
1,159333.0484979062
2,10450.780017282037
3,16220.681675098072
4,5378.712674897206
