reservoir,value
1,52245.742140830625
2,15836.232137302337
3,7726.278728787293
4,14146.308660306284
