reservoir,value
1,112776.28563047333
2,19617.2
3,11556.428851584698
4,0.0
