reservoir,value
1,21986.232915079254
2,9425.789445785978
3,2970.020930618596
4,5524.83301406061
