reservoir,value
1,105503.73984588355
2,0.0
3,9162.775029916313
4,12744.9
