reservoir,value
1,36338.970720324214
2,4043.784532054196
3,7475.409155794351
4,4497.5433667324705
