reservoir,value
1,132915.10045080766
2,0.0
3,35682.357616732515
4,12744.9
