reservoir,value
1,20429.74922431059
2,13644.977337911445
3,4079.670643350246
4,2024.6026272185247
