reservoir,value
1,8335.592728312808
2,563.4773379113985
3,3694.4067387971554
4,5806.025615251936
