reservoir,value
1,78384.21553314917
2,17450.066033522486
3,9194.134941899083
4,23908.360168789746
