reservoir,value
1,163646.8845710349
2,16578.069444423913
3,31145.673591784827
4,0.0
