reservoir,value
1,39255.79980744668
2,15005.174131663072
3,5238.994781539467
4,1585.6368679712882
