from,to,value
1,1,0.0
1,2,0.0
1,3,0.0
1,4,0.0
1,5,0.0
2,1,2705.5384011494657
2,2,0.0
2,3,0.0
2,4,0.0
2,5,0.0
3,1,490.65159885060365
3,2,0.0
3,3,0.0
3,4,0.0
3,5,736.9553045715778
4,1,0.0
4,2,0.0
4,3,0.0
4,4,0.0
4,5,0.0
5,1,0.0
5,2,0.0
5,3,0.0
5,4,736.9553045716435
5,5,0.0
