reservoir,value
1,27602.85307135833
2,6341.292322419544
3,3933.167127843202
4,2082.1832704740964
