reservoir,value
1,18663.31739232169
2,8744.299451228479
3,3468.29479670507
4,3626.2071157051173
