reservoir,value
1,76063.29252510895
2,0.0
3,21007.366259349896
4,12744.9
