plant,value
1,37571.89220038729
2,11063.03760674403
3,9900.9
4,7629.9
