reservoir,value
1,65422.965434071215
2,8656.769667726163
3,2419.178087872388
4,973.8034163946866
