reservoir,value
1,56191.752784574164
2,8528.955036053425
3,1097.5802059629505
4,0.0
