reservoir,value
1,32716.90770662229
2,12143.412953298088
3,9746.694420917247
4,11786.083671688639
