reservoir,value
1,129675.61697730079
2,0.0
3,38260.708512437246
4,12744.9
