reservoir,value
1,37440.25814539743
2,8792.567459713453
3,3335.657232476252
4,2524.95691428147
