reservoir,value
1,65618.53603007186
2,3550.164545945464
3,0.0
4,1722.3844695087869
