reservoir,value
1,0.0
2,0.0
3,1212.1592438741172
4,935.53543373709
