reservoir,value
1,17886.2294269285
2,2525.351727575195
3,3092.6076066695
4,2016.8483528654751
