reservoir,value
1,73282.04571468731
2,5152.452389112921
3,10069.123380881505
4,4894.432066303552
