reservoir,value
1,95122.20797427825
2,13128.092972329434
3,6051.647477582028
4,433.3883552051757
