reservoir,value
1,96416.33433013872
2,14783.992850719893
3,24747.192269150262
4,12744.9
