reservoir,value
1,68178.07422566
2,6803.109574499999
3,6966.1170115899995
4,16843.46849
