reservoir,value
1,55001.28760973
2,8847.99599664
3,11266.908510399999
4,19961.84084951
