reservoir,value
1,124922.33110636982
2,0.0
3,21265.8605104
4,2505.6344011023616
