reservoir,value
1,50314.2222964298
2,3186.922739934724
3,11417.856759522305
4,8318.703548822075
