reservoir,value
1,38593.94382874614
2,7389.88484152412
3,13884.354310579072
4,7910.961909359297
