reservoir,value
1,122685.47495872808
2,13305.52660221504
3,5499.352759794665
4,281.0619093592977
