reservoir,value
1,42083.72839455255
2,32751.007492450233
3,2998.425499827353
4,2273.5652175056703
