reservoir,value
1,71882.4516339178
2,19617.2
3,2340.1769488925934
4,1044.3816438930714
