reservoir,value
1,15272.139674914693
2,3475.989788122415
3,3188.4424964421682
4,2009.9055083979422
