reservoir,value
1,55488.652366142414
2,0.0
3,14353.524987716268
4,10430.557632338843
