reservoir,value
1,63368.59700876096
2,9006.121451302652
3,24791.268866165083
4,24370.921822607357
