reservoir,value
1,49567.65152295242
2,2214.6219121553586
3,51806.1
4,12744.9
