reservoir,value
1,27865.161024039127
2,5663.2800113065
3,3330.0841038066173
4,10696.313487140425
