reservoir,value
1,52353.70570476016
2,7553.658136270558
3,11407.296000534
4,5835.43461967239
