reservoir,value
1,6939.40570476016
2,0.0
3,1506.3960005339995
4,0.0
