reservoir,value
1,40625.42344724508
2,5906.335955883761
3,7467.700754033406
4,18242.571398385433
