reservoir,value
1,130856.19936730982
2,0.0
3,20592.49100643242
4,12744.9
