reservoir,value
1,0.0
2,0.0
3,13327.646392872266
4,14555.949344011977
