reservoir,value
1,188259.32490590645
2,1403.091144840164
3,40679.01841310217
4,10141.32560750375
