reservoir,value
1,135851.64192804304
2,0.0
3,19951.41947043296
4,12744.9
