reservoir,value
1,22962.307153364498
2,9449.179503646013
3,3663.663595569595
4,2108.8055656403717
