reservoir,value
1,30578.902320508198
2,0.0
3,7674.882756236621
4,9200.2962914836
