reservoir,value
1,35271.13233855615
2,4605.574096042257
3,10328.19228075113
4,9080.313298182671
