reservoir,value
1,65880.18434603483
2,2865.49776806543
3,7848.775341086379
4,1450.4132981826715
