reservoir,value
1,45003.0857931332
2,10743.824151740115
3,9720.808848790333
4,8934.669192770867
