reservoir,value
1,8014.595641294851
2,18534.2
3,27073.300000000003
4,12744.9
