reservoir,value
1,41561.90538306051
2,19713.60498602256
3,7027.937030454133
4,8702.279127132286
