reservoir,value
1,111391.36034457605
2,6632.104986022561
3,48933.13703045413
4,12744.9
