reservoir,value
1,121678.38022243422
2,4839.905991979491
3,13251.69011786264
4,12744.9
