reservoir,value
1,67247.406001024
2,3726.4983246619067
3,13218.569686300936
4,11055.144124120283
