reservoir,value
1,127969.67764675916
2,7624.766953988386
3,21811.705176951604
4,1424.1128780148006
