reservoir,value
1,42206.65923147157
2,13023.545351310318
3,3266.217977579565
4,3424.054314363366
