reservoir,value
1,175307.11239071202
2,5293.605351309647
3,9911.285155107891
4,9590.954314361665
