reservoir,value
1,20382.80757495697
2,21824.995036049535
3,3057.2099748035953
4,3252.1987640679863
