reservoir,value
1,108899.97971489714
2,19617.2
3,4481.815676028916
4,12423.098764067985
