reservoir,value
1,25854.009817661827
2,2530.58690458003
3,6488.667234116582
4,5120.951619608097
