reservoir,value
1,35857.3546837808
2,19466.97778210135
3,5976.932580129839
4,2262.743581517763
