reservoir,value
1,38433.388342250386
2,11614.49062917515
3,11700.004062804679
4,11655.654186611731
