reservoir,value
1,54233.327571930786
2,2078.1688195247443
3,22549.134451122878
4,9194.334636566211
