reservoir,value
1,41586.1286392314
2,5733.273200372349
3,9621.658745042092
4,9295.692728435575
