reservoir,value
1,22407.09025004769
2,4343.122659233407
3,9022.983452942788
4,11158.7214354772
