reservoir,value
1,118856.56854717995
2,0.0
3,21566.40708493533
4,12744.9
