reservoir,value
1,88273.50101224572
2,19617.2
3,34759.63196587641
4,12336.17073400547
