reservoir,value
1,58064.82782541292
2,0.0
3,7806.115240051347
4,2267.256548898822
