reservoir,value
1,23853.49007944535
2,24317.968928695947
3,4018.6114774834605
4,1654.577702311439
