reservoir,value
1,59957.80783583986
2,10786.020920745643
3,26836.642380326582
4,21800.689190327008
