reservoir,value
1,35026.16852855067
2,16565.81668554932
3,5300.514868255649
4,3094.518941637509
