reservoir,value
1,34704.2907843
2,8038.20451905
3,6850.04605021
4,11224.12203802
