reservoir,value
1,112695.45560335
2,0.0
3,11711.22875021
4,12744.9
