reservoir,value
1,15408.829164006413
2,17074.48445358871
3,3642.3061885612788
4,1911.8074967854043
