reservoir,value
1,33640.38657522219
2,5334.232273851652
3,10752.62681114869
4,6092.470642447885
