reservoir,value
1,14253.305080526816
2,15424.061374590277
3,2281.9657101666608
4,1992.224707996118
