reservoir,value
1,77817.18569576846
2,0.0
3,18200.183191500902
4,3202.112137424874
