reservoir,value
1,60346.78104652876
2,11901.467934867233
3,11982.170944398807
4,13205.224561212175
