reservoir,value
1,96447.30880565348
2,10915.640620714697
3,8138.226358669917
4,11914.04444547334
