reservoir,value
1,75353.0913
2,5893.991400000001
3,8643.9587
4,13176.884600000001
