reservoir,value
1,32381.307076025238
2,8139.0317846536
3,8804.869847132413
4,5257.772417518648
