reservoir,value
1,37573.6655564518
2,7417.777115033357
3,5571.231022328945
4,4433.75598584297
