reservoir,value
1,134284.73158864467
2,0.0
3,28480.013279902152
4,12744.9
