reservoir,value
1,55797.50468500951
2,7286.507526440269
3,12158.30601165011
4,15052.137362425945
