reservoir,value
1,21346.75931755653
2,5309.8749426041595
3,2598.937825384235
4,5425.361094055859
