reservoir,value
1,85981.53867991077
2,0.0
3,3733.008536632873
4,12744.9
