reservoir,value
1,20050.500541139692
2,13519.897647354974
3,2577.5775494473455
4,2894.769436530424
