reservoir,value
1,25563.343413865463
2,9909.28451733658
3,4332.956493273297
4,8675.987871575608
