reservoir,value
1,114284.13073499821
2,0.0
3,14780.97695488205
4,11942.267755288116
