reservoir,value
1,69428.9276365458
2,0.0
3,16234.24469371701
4,9912.744924772942
