reservoir,value
1,21482.964762948206
2,15773.320769942586
3,3600.060419649909
4,2466.339954373835
