reservoir,value
1,3691.6860222320283
2,2691.8207698997608
3,310.54713079175326
4,4152.046770594366
