reservoir,value
1,16696.839293868583
2,7156.030637260607
3,4260.181058633922
4,2800.8051440737863
