reservoir,value
1,110052.68738892567
2,18700.365249786122
3,37841.5460787327
4,8308.868961567627
