reservoir,value
1,33591.547516352075
2,8487.196095772191
3,10033.58072685288
4,15775.380791995573
