reservoir,value
1,65698.11728287468
2,6111.700000000064
3,35827.4
4,12744.9
