reservoir,value
1,129536.21513990154
2,19617.2
3,36980.37894486336
4,10103.304930040704
