reservoir,value
1,44458.95720826664
2,2379.756478719952
3,10835.807909931627
4,13553.931776007732
