reservoir,value
1,25069.5350081337
2,30981.388451125098
3,4164.364873468417
4,1500.1450836577485
