reservoir,value
1,22865.17730568636
2,19617.2
3,28391.66688987641
4,3029.5149100308427
