reservoir,value
1,10507.482570864524
2,10367.236145580084
3,4282.003357229298
4,2086.796242447547
