reservoir,value
1,63822.37264401902
2,0.0
3,8154.642516174534
4,2401.9661464490105
