reservoir,value
1,149279.14661824214
2,0.0
3,16899.17451894356
4,12744.9
