reservoir,value
1,37491.020025088495
2,3694.916192347837
3,6126.911554264803
4,13676.685817007909
