reservoir,value
1,96790.8889144131
2,5541.989384159147
3,6630.780339648813
4,7828.733570203585
