reservoir,value
1,18855.359610176
2,9279.078038968812
3,2704.6374318199214
4,1753.119515994196
