reservoir,value
1,86812.31999999998
2,16764.700000095774
3,51806.1
4,0.0
