reservoir,value
1,27752.113627295003
2,7647.5919252445965
3,5313.432647899413
4,3919.6507561213875
