reservoir,value
1,19280.189566426045
2,7070.362121272797
3,2477.259447673902
4,2343.0234176667927
