reservoir,value
1,87693.79924190001
2,5583.44962304
3,25116.420691400002
4,19196.6065776
