reservoir,value
1,57676.34122970322
2,3779.5769824675363
3,1269.5022069483614
4,0.0
