reservoir,value
1,44935.848061213794
2,4439.1378292343325
3,18365.155524795675
4,21394.848214617854
