reservoir,value
1,0.0
2,0.0
3,6534.935155420002
4,13764.948214617854
