reservoir,value
1,97028.29418100788
2,1641.720155333849
3,12999.098997917537
4,3659.226445811842
