reservoir,value
1,15533.42058812293
2,8167.643511259917
3,1955.988571283398
4,3036.4772611800645
