reservoir,value
1,26563.848106924343
2,5254.211408226545
3,469.72014170598777
4,2818.882149503724
