reservoir,value
1,28243.42184475805
2,17320.383295664604
3,3368.099060393951
4,2317.7547848440176
