reservoir,value
1,284.8702327795544
2,19617.2
3,0.0
4,57.47449936105431
