reservoir,value
1,39788.498120185934
2,10951.996484315905
3,12166.840250019202
4,6550.389836538815
