reservoir,value
1,34337.18470190658
2,9737.57760578502
3,13029.076319812768
4,10709.115233694889
