reservoir,value
1,52512.535955514904
2,5704.178677947211
3,30645.167361063148
4,5228.966446781221
