reservoir,value
1,37888.35694743998
2,3956.5080491534864
3,19844.676949876455
4,20359.78999741908
