reservoir,value
1,49310.68925010266
2,0.0
3,20953.512375176928
4,0.0
