reservoir,value
1,32586.34658600051
2,6453.453862706609
3,6151.691841045021
4,3335.7344924037448
