reservoir,value
1,75101.77777064883
2,5729.578485251358
3,13821.511803294205
4,0.0
