reservoir,value
1,40216.00113810548
2,2914.2967329606145
3,7658.480180524821
4,15860.699656106703
