reservoir,value
1,195519.30113810545
2,0.0
3,43946.35889184576
4,12744.9
