reservoir,value
1,20830.264244789094
2,7002.465769352957
3,6501.925783072131
4,2362.426445209214
