reservoir,value
1,99692.57640000002
2,6193.404
3,32017.740299999998
4,12744.9
