reservoir,value
1,136470.94675969362
2,0.0
3,13554.672324487854
4,12744.9
