reservoir,value
1,12003.5526887054
2,11886.209902041972
3,2811.4002649745144
4,1888.9889766614053
