reservoir,value
1,37277.91843670356
2,9000.690540587731
3,4263.596187910611
4,8942.182058191564
