reservoir,value
1,83908.75353913043
2,0.0
3,17528.596982709187
4,12744.9
