reservoir,value
1,49179.95409091382
2,17823.224934251513
3,7924.184882969702
4,6531.178573404639
