reservoir,value
1,129838.49274584898
2,19617.2
3,10341.17827321864
4,0.0
