reservoir,value
1,92778.72117012677
2,10808.380606974544
3,2083.104695306237
4,7452.322588829564
