reservoir,value
1,100240.4247883512
2,0.0
3,9878.527554879238
4,12744.9
