reservoir,value
1,17186.807649441274
2,2403.521401859773
3,3851.551429971456
4,2506.020175885562
