reservoir,value
1,42577.64462790024
2,0.0
3,1342.813691868566
4,0.0
