reservoir,value
1,24113.97872398979
2,2000.0108876278273
3,9817.539415348641
4,4610.8282370098395
