reservoir,value
1,25711.63076049959
2,27938.44462940916
3,2041.2049611506263
4,1544.754632247428
