reservoir,value
1,100944.95433909581
2,19617.2
3,5055.368195399524
4,5528.642932097626
