reservoir,value
1,48170.44097798328
2,5497.988132936668
3,16494.941710458108
4,13307.358412932068
