reservoir,value
1,66158.59081909081
2,17351.73028734564
3,0.0
4,1658.2851723185838
