reservoir,value
1,16854.875181709598
2,15532.909593931303
3,3308.5389035016747
4,1694.0697483393064
