reservoir,value
1,29248.021909388015
2,19617.2
3,2988.162061792497
4,6390.881175808168
