reservoir,value
1,8073.22404389035
2,19617.2
3,2476.7561928045634
4,2597.465800553477
