reservoir,value
1,11172.08803577241
2,27249.56194726352
3,3045.708363301443
4,1890.3245048589392
