reservoir,value
1,27278.539791925603
2,14168.061947263519
3,0.0
4,5905.23941879512
