reservoir,value
1,30428.94252668157
2,12561.245922020591
3,4341.9461067699485
4,3005.268966833584
