reservoir,value
1,126258.96529900632
2,0.0
3,26005.239155838528
4,12176.168966833584
