from,to,value
1,1,0.0
1,2,4450.059999998
1,3,205.6000000005198
1,4,0.0
1,5,302.43595243614266
2,1,0.0
2,2,0.0
2,3,0.0
2,4,0.0
2,5,0.0
3,1,0.0
3,2,0.0
3,3,0.0
3,4,0.0
3,5,0.0
4,1,0.0
4,2,0.0
4,3,0.0
4,4,0.0
4,5,0.0
5,1,0.0
5,2,0.0
5,3,0.0
5,4,302.4359524363755
5,5,0.0
