reservoir,value
1,21725.30848398978
2,15090.622185588865
3,3857.781481840111
4,2471.5520361344197
