reservoir,value
1,75519.54256352806
2,14027.384195940433
3,15272.608105312189
4,5838.290207160448
