reservoir,value
1,76685.88628333644
2,6858.398278848329
3,30629.286570342774
4,19676.662355886547
