reservoir,value
1,92773.2587132474
2,7180.04012846537
3,20784.862139114663
4,12046.762355886547
