reservoir,value
1,20917.456802967026
2,8941.580521931483
3,3671.1274757096
4,2470.4472828898456
