reservoir,value
1,26728.7952318405
2,3342.001782253861
3,0.0
4,2397.6469092845255
