reservoir,value
1,43575.26271344164
2,10214.958071630352
3,10666.388800711647
4,5993.528107154858
