reservoir,value
1,0.0
2,3767.9453285839936
3,998.9292751919093
4,0.0
