reservoir,value
1,13227.227436024863
2,9735.213988411073
3,3756.231820042284
4,3031.701878049088
