reservoir,value
1,9459.374808622872
2,9354.770871093566
3,2026.7209026445191
4,1424.1922090306614
