reservoir,value
1,30028.722036369567
2,0.0
3,5442.202932339798
4,159.83816997212233
