reservoir,value
1,16659.511442697294
2,24299.625331847466
3,2794.904826681477
4,1564.279781564056
