reservoir,value
1,12302.534974002294
2,11218.125331847466
3,3559.2617344400387
4,2900.2438158705017
