reservoir,value
1,107209.13141142427
2,2441.7885683420427
3,19532.717950291
4,12744.9
