reservoir,value
1,26883.85482176167
2,7085.645244868367
3,4048.908165474497
4,5017.2272991738055
