reservoir,value
1,30109.55937680233
2,12156.578999541249
3,5712.487534689995
4,2713.3131953548786
