reservoir,value
1,1479.3642251946803
2,1930.1234101766568
3,0.0
4,0.0
