reservoir,value
1,113704.38589376275
2,0.0
3,20281.47641384673
4,12744.9
