reservoir,value
1,58255.475764980285
2,18754.834364707483
3,10604.329395798557
4,14087.20854333579
