reservoir,value
1,103034.67093112342
2,7922.718271611094
3,17533.831071933466
4,2800.4173500097118
