reservoir,value
1,121502.69527480748
2,13745.2357630224
3,11782.769114410534
4,1331.4583992750686
