reservoir,value
1,49443.41415513
2,9231.36954262
3,10461.332174000001
4,11859.05909404
