reservoir,value
1,128289.68429775
2,0.0
3,16959.810774000005
4,10806.912471445778
