reservoir,value
1,42611.27728647183
2,8836.23946052512
3,11517.143182013468
4,4492.9826107133085
