reservoir,value
1,26439.124687753363
2,15051.303982588228
3,5103.649048058956
4,0.0
