reservoir,value
1,121362.28819999899
2,0.0
3,23198.798000000003
4,12744.9
