reservoir,value
1,23494.20054503655
2,7744.260456581049
3,2707.2163151848126
4,2529.8837644580444
