reservoir,value
1,12553.844545972632
2,3697.508782812285
3,5354.979870566163
4,3672.541318649734
