from,to,value
1,1,0.0
1,2,1361.1376995486423
1,3,0.0
1,4,0.0
1,5,0.0
2,1,0.0
2,2,0.0
2,3,0.0
2,4,0.0
2,5,0.0
3,1,195.59582134456105
3,2,0.0
3,3,0.0
3,4,0.0
3,5,0.0
4,1,0.0
4,2,0.0
4,3,0.0
4,4,0.0
4,5,792.9204917894413
5,1,792.9204917893996
5,2,0.0
5,3,0.0
5,4,0.0
5,5,0.0
