reservoir,value
1,50642.31187186
2,11124.02505355
3,8486.744183219998
4,14407.2913743
