reservoir,value
1,15106.650103354506
2,5952.690244394256
3,3025.347959126907
4,2392.3109385591015
