reservoir,value
1,17366.077808028134
2,11757.24550142415
3,2921.92004395468
4,1415.3303792858758
