reservoir,value
1,21989.432746863313
2,14579.864462597874
3,1146.8352410569905
4,1984.569754307788
