reservoir,value
1,44612.58181334434
2,11630.820009839517
3,10863.83456293158
4,4791.8259508885
