reservoir,value
1,7094.9332866191035
2,6097.670352665693
3,962.9345629315812
4,0.0
