reservoir,value
1,11003.163321500375
2,7420.400665775371
3,3291.4741974821586
4,1747.066191787697
