reservoir,value
1,100826.41177649851
2,0.0
3,8097.145983650669
4,3311.7397227022966
