reservoir,value
1,44657.19509155278
2,3455.0833995513403
3,10136.63207129483
4,6810.087803182301
