reservoir,value
1,43090.54254103746
2,22891.174521296387
3,7331.853236614673
4,3576.1883671011474
