reservoir,value
1,47383.01069976
2,4888.40227784
3,20738.889790399997
4,17203.91850905
