reservoir,value
1,132064.2011776
2,0.0
3,34036.7877904
4,12744.9
