reservoir,value
1,38848.21506674643
2,4632.3671292747
3,5444.989625590171
4,9805.336139964811
