reservoir,value
1,154376.32832919827
2,0.0
3,13959.590203110853
4,12744.9
