reservoir,value
1,15913.16911692922
2,6447.466058841881
3,3930.5110087732137
4,2757.14165427315
