reservoir,value
1,132666.61851730337
2,0.0
3,14877.755490499028
4,7122.6226842641145
