reservoir,value
1,42460.98287047855
2,6492.202524229857
3,16054.868594746
4,20172.595594304443
