reservoir,value
1,168100.57536558103
2,5966.473567722965
3,31717.64197694417
4,12744.9
