reservoir,value
1,25590.58672262059
2,6803.815039245714
3,0.0
4,4022.687642352268
