reservoir,value
1,38346.034256788196
2,4109.096254830604
3,12062.847242526615
4,7406.096385791974
