reservoir,value
1,32174.406671593842
2,9062.936432552862
3,10357.276993914591
4,3923.0989894661197
