reservoir,value
1,4407.68328399361
2,0.0
3,8622.423476398177
4,5869.337549879639
