reservoir,value
1,28679.624092627113
2,4983.964371262985
3,3657.28561311274
4,4297.254648266565
