reservoir,value
1,60954.66834512001
2,13222.555807050001
3,9734.586772749999
4,12908.91358135
