reservoir,value
1,1662.4579832175987
2,8076.524215625736
3,51806.1
4,60.59961514371116
