reservoir,value
1,123139.00266596422
2,0.0
3,45685.91343339537
4,12744.9
