reservoir,value
1,17755.793418085505
2,36213.746189406455
3,4341.392755844083
4,2281.0906964069277
