reservoir,value
1,37397.5654489877
2,19617.2
3,23679.18169898344
4,7338.410901409688
