reservoir,value
1,24280.327903294587
2,10613.75791073265
3,7285.438533751556
4,6156.462098727849
