reservoir,value
1,125386.8642604911
2,0.0
3,22656.896724576567
4,12744.9
