reservoir,value
1,50588.316372999994
2,6653.466652
3,5497.92661412
4,13959.84472384
