reservoir,value
1,147434.5481755816
2,0.0
3,11159.100314120342
4,12744.9
