reservoir,value
1,42767.7409852555
2,9411.46594664441
3,11965.060724061183
4,13460.854075401794
