reservoir,value
1,74916.94919224
2,7579.100527619999
3,10928.523319189999
4,20360.141236000003
