reservoir,value
1,150442.83331589785
2,0.0
3,22551.978619190002
4,12744.9
