reservoir,value
1,52166.166985056225
2,3570.1205645194746
3,8546.321447919743
4,5622.371787112699
