reservoir,value
1,24639.571764424152
2,17787.936773301837
3,3152.0507923809378
4,1707.1552649750915
