reservoir,value
1,51049.807876904364
2,16310.588061729617
3,16027.449758488547
4,8901.747539754771
