reservoir,value
1,21811.556211794632
2,6748.2180368179415
3,5273.286768256903
4,3718.802976813484
