reservoir,value
1,44913.585234463964
2,5424.870746598195
3,11836.15925566075
4,10149.089273824513
