reservoir,value
1,132835.8973927438
2,0.0
3,51806.1
4,12116.013852817803
