reservoir,value
1,134532.5547495088
2,0.0
3,26211.224629480002
4,12744.9
