reservoir,value
1,143682.98885012526
2,0.0
3,28409.979826294588
4,11236.7238309802
