reservoir,value
1,35926.87158017259
2,24758.596388115697
3,5204.130801034291
4,8128.822048418771
