reservoir,value
1,151239.4621203597
2,3727.1921186757345
3,22004.702610300235
4,12744.9
