reservoir,value
1,68704.68941041609
2,0.0
3,20552.37415549831
4,10752.302571686085
