reservoir,value
1,0.0
2,0.0
3,66750.60000000002
4,18910.999999999993
