reservoir,value
1,104658.09000000037
2,19431.239999999998
3,0.0
4,0.0
