reservoir,value
1,43785.73090727998
2,4658.704671332436
3,0.0
4,0.0
