reservoir,value
1,99832.10420085669
2,1968.9535331792958
3,11439.542680292117
4,12675.376351365121
