reservoir,value
1,200717.6
2,11429.978642501559
3,12739.433634895855
4,4056.9632979876646
