reservoir,value
1,25164.586015457502
2,10239.884758819086
3,4816.067993719891
4,5099.578881159285
