reservoir,value
1,100361.50229635261
2,0.0
3,10576.75857719457
4,12744.9
