reservoir,value
1,71767.6923845827
2,8395.682148915272
3,16398.40370156203
4,17145.79203868732
