reservoir,value
1,144015.80200193342
2,10418.455943277831
3,19941.40225783279
4,10425.102509844739
