reservoir,value
1,21825.650743003796
2,42195.85293144344
3,2746.8203338585045
4,3257.4922628545264
