reservoir,value
1,53457.23014734045
2,2740.2829067777525
3,16794.638564905556
4,9738.049245677299
