reservoir,value
1,18421.532137683866
2,7616.430253941278
3,10816.836946794501
4,2792.709983791905
