reservoir,value
1,62540.04902692548
2,0.0
3,51806.1
4,7835.726020675655
