reservoir,value
1,14178.083673931751
2,9012.541652515241
3,3182.391552969478
4,2953.2385169072472
