reservoir,value
1,64205.9621864004
2,4835.217653900649
3,16406.988351801294
4,8840.722607890362
