reservoir,value
1,0.0
2,5814.692998513963
3,51806.1
4,901.9289251782748
