reservoir,value
1,13108.240423289206
2,9857.732510242768
3,3815.6973806491374
4,1377.8785828647885
