reservoir,value
1,31467.344770438656
2,0.0
3,31505.174808359006
4,1878.7218801249032
