reservoir,value
1,113293.5359153706
2,6500.637058693916
3,27658.29851014831
4,12744.9
