reservoir,value
1,40960.944518470904
2,9961.71622509582
3,8054.435086289969
4,6305.943298726832
