reservoir,value
1,117676.99172722467
2,11733.767452593303
3,36994.97513447686
4,9926.646196212858
