reservoir,value
1,170797.39909546028
2,0.0
3,14677.658616912302
4,9198.133891992242
