reservoir,value
1,96389.99236009922
2,6792.163535371128
3,18162.229910499525
4,12709.916264047803
