reservoir,value
1,18321.60760107544
2,9669.513577079462
3,3392.356699253036
4,5434.840843308246
