reservoir,value
1,113407.71471161809
2,0.0
3,14183.55486540207
4,12744.9
