reservoir,value
1,12972.975436181434
2,9199.324783485292
3,7378.501816334148
4,7688.170112496542
