reservoir,value
1,76790.64923528614
2,0.0
3,45666.98336262384
4,12744.9
