reservoir,value
1,22202.022259020385
2,23252.220576093867
3,2705.554019580338
4,1993.3891659851374
