reservoir,value
1,15145.149385589673
2,14485.491133130517
3,2863.7070810457076
4,2147.157798752336
