reservoir,value
1,81100.77806936776
2,4284.815133092982
3,24483.824834329702
4,20455.941701482756
