reservoir,value
1,51398.30554571017
2,13354.50291072994
3,19209.281892156523
4,6646.767555320173
