reservoir,value
1,17276.693311072464
2,18193.198477603288
3,3857.6278029898513
4,3659.7756545508064
