reservoir,value
1,26504.612733037677
2,4430.509295710036
3,19255.309471172728
4,15313.002215967403
