reservoir,value
1,20037.70356417738
2,13004.736201501186
3,3602.736231818992
4,1933.8394910650115
