reservoir,value
1,99101.23383987458
2,752.4428530246728
3,32005.15299799598
4,8997.51125502728
