reservoir,value
1,75801.00698975536
2,4567.530730814875
3,15911.532165298231
4,24554.035069492602
