reservoir,value
1,5713.238708235382
2,0.0
3,0.0
4,16689.63512432119
