reservoir,value
1,24824.398601733385
2,37073.38794370596
3,3335.251176332475
4,2572.60560521676
