reservoir,value
1,144135.27869780286
2,19617.2
3,4380.327073111752
4,9722.723325490395
