reservoir,value
1,33144.29847651785
2,14562.701662429186
3,12932.593277739434
4,17035.048127675476
