reservoir,value
1,95693.05543864975
2,11653.325178180987
3,36991.22776295611
4,10542.67992966472
