reservoir,value
1,29351.194656085245
2,1592.4456233189924
3,3771.0919933682867
4,9073.835046078088
