reservoir,value
1,29333.55753281934
2,11772.47266026129
3,7617.973232118565
4,10525.348593806319
