reservoir,value
1,48327.8067
2,14487.4719
3,5937.487300000001
4,10669.864399999999
