reservoir,value
1,13136.514020402976
2,15859.639320538448
3,2412.3601441559886
4,1742.363820538752
