reservoir,value
1,42943.365658733106
2,2778.1393205384484
3,559.2499387471133
4,6908.731703176416
