reservoir,value
1,31519.726274355195
2,9090.835149757651
3,25690.104816780742
4,16941.44515495027
