reservoir,value
1,0.0
2,0.0
3,1396.9579835104341
4,9311.54515495027
