reservoir,value
1,136975.86981046372
2,2868.5754899034964
3,51806.1
4,12744.9
