reservoir,value
1,97019.44215577253
2,2992.1111531014703
3,40641.618226761246
4,12744.9
