reservoir,value
1,90380.20897887614
2,0.0
3,12290.42958558531
4,12475.34401109445
