reservoir,value
1,24261.552378718578
2,5153.568300654254
3,3907.760789778895
4,2353.1840724453573
