reservoir,value
1,71288.55447346273
2,12401.727498046197
3,11045.335005581614
4,3591.9741487571714
