reservoir,value
1,48409.33717709533
2,3672.6877011748984
3,15798.375006414362
4,16488.00718195949
