reservoir,value
1,193328.14022006773
2,4934.546161792496
3,15773.671762384849
4,12744.9
