plant,value
1,35078.82821547684
2,12820.428459347972
3,9875.979954707602
4,7535.655335037569
