reservoir,value
1,0.0
2,13954.765770246726
3,20849.88705331997
4,29677.909664962455
