reservoir,value
1,76077.7293509112
2,16689.333220319662
3,34573.27899545372
4,637.245
