reservoir,value
1,47866.98926621243
2,4616.159347416253
3,14107.705774327504
4,11992.569224322058
