reservoir,value
1,187907.389698484
2,8247.08481825529
3,27789.06982313459
4,12744.9
