reservoir,value
1,140549.3720924845
2,19617.2
3,24853.818369244676
4,11574.21797056684
