reservoir,value
1,17200.10530878691
2,5221.60856991469
3,4030.849010696989
4,3669.411959055724
