reservoir,value
1,86466.34756624635
2,17859.337449910363
3,33478.25599903597
4,8921.430000000011
