reservoir,value
1,34414.68322972998
2,7035.389425339261
3,12697.980620227874
4,8807.099574231604
