reservoir,value
1,60789.58415763962
2,10085.380143669265
3,9392.378698852855
4,16808.30757827435
