reservoir,value
1,115043.2579856023
2,10703.40793278828
3,30859.249383541875
4,8915.9343637322
