reservoir,value
1,21663.384728244513
2,3353.58830689639
3,6381.995716070053
4,4010.701981715104
