reservoir,value
1,60162.66695080086
2,0.0
3,27280.364828529706
4,0.0
