reservoir,value
1,23667.120585567725
2,11667.891007728782
3,4510.275318751535
4,3708.8625320810984
