reservoir,value
1,119602.75363348077
2,14524.150669000579
3,22047.91774988322
4,12744.9
