reservoir,value
1,36584.25967471028
2,7574.1368762192
3,5736.178801170692
4,13139.725036523425
