reservoir,value
1,128563.66019611081
2,1265.2338142191984
3,23813.914396730695
4,5657.888518278323
