reservoir,value
1,62273.13862046445
2,2964.4213218441073
3,0.0
4,4140.455566782976
