reservoir,value
1,9882.493379011146
2,15434.34299409587
3,2920.1123394028896
4,2032.5573702685833
