reservoir,value
1,19747.62038281439
2,2522.3429940958704
3,11127.290400475793
4,5308.321448763668
