reservoir,value
1,58237.286512126346
2,5129.36068830114
3,34073.844353797525
4,0.0
