reservoir,value
1,18740.966165692367
2,15912.422143357593
3,3696.5927286375936
4,2145.8979985231367
