reservoir,value
1,84919.22299784202
2,2830.922143357593
3,23676.33106679238
4,2893.186870991911
