reservoir,value
1,43640.352018402016
2,6562.955998660531
3,20060.04555315934
4,13037.026911367204
