reservoir,value
1,5880.565912843872
2,0.0
3,10159.14555315934
4,6592.163952938984
