reservoir,value
1,62827.835145849145
2,6519.740601890329
3,13168.043614796014
4,16078.294019205
