reservoir,value
1,96764.48560241253
2,4256.0743707630545
3,8350.381935969486
4,12744.9
