from,to,value
1,1,0.0
1,2,0.0
1,3,103.59661146548552
1,4,0.0
1,5,0.0
2,1,3700.7062330555163
2,2,0.0
2,3,0.0
2,4,0.0
2,5,0.0
3,1,0.0
3,2,0.0
3,3,0.0
3,4,0.0
3,5,0.0
4,1,0.0
4,2,0.0
4,3,0.0
4,4,0.0
4,5,288.00338853451484
5,1,0.0
5,2,0.0
5,3,288.00338853451484
5,4,0.0
5,5,0.0
