reservoir,value
1,8590.167668021326
2,5251.892486902068
3,5114.677017830564
4,1702.4178018082605
