reservoir,value
1,22661.74106518079
2,8493.916227609414
3,4232.704098038514
4,3987.516792394415
