reservoir,value
1,147344.16616428207
2,0.0
3,26426.58154635781
4,12744.9
