reservoir,value
1,43119.09940570729
2,3833.705849821766
3,15320.800161302235
4,8950.178945896238
