reservoir,value
1,107623.7030068654
2,13773.718763059454
3,21129.291260651342
4,1320.278945896238
