reservoir,value
1,27737.10523276143
2,11107.847351336606
3,11379.438432122757
4,11285.189736101738
