reservoir,value
1,123333.4034935096
2,7738.589298318897
3,51806.1
4,12744.9
