reservoir,value
1,24095.81105604212
2,6029.144010142627
3,7629.596242413918
4,3379.7448683703165
