reservoir,value
1,48897.22837190044
2,7811.175322292071
3,8587.119865346798
4,5727.357277489775
