reservoir,value
1,120315.93534900871
2,6560.658880357814
3,34173.15284553238
4,0.0
