reservoir,value
1,115435.28532179687
2,4184.186605614665
3,30742.861649692884
4,12744.9
