reservoir,value
1,55696.91946732411
2,0.0
3,35772.79072780441
4,7858.2178934686835
