reservoir,value
1,49460.94199681438
2,5254.045154560269
3,8039.904413732523
4,17123.14502098114
