reservoir,value
1,22266.201386819346
2,6760.85467081857
3,2523.4347948954032
4,1894.6630626086687
