reservoir,value
1,22111.838323586097
2,11266.540584953802
3,4933.683134181221
4,3093.277599623381
