reservoir,value
1,147227.52482068754
2,11401.181287795824
3,43125.585302255626
4,7129.951729690622
