reservoir,value
1,18609.343259225392
2,2049.373012190424
3,2904.2089887931306
4,1485.4428704828383
