reservoir,value
1,49847.52686065616
2,25746.449568158358
3,5050.445364930169
4,6115.5519694481345
