reservoir,value
1,361.55772115760374
2,13274.62956815836
3,0.0
4,0.0
