reservoir,value
1,39554.01471540635
2,14855.171104427163
3,17072.726154845375
4,8918.245524995657
