reservoir,value
1,11946.151812810636
2,7608.0579162181675
3,2433.113426560454
4,2232.8345474645207
