reservoir,value
1,32133.180858436514
2,5318.599946404079
3,15404.675207608962
4,6879.176816184201
