reservoir,value
1,0.0
2,1527.557621024776
3,7513.760399066603
4,0.0
