reservoir,value
1,21795.748814249317
2,2610.014362378582
3,3876.365892306357
4,5703.023667362902
