reservoir,value
1,129690.22277544036
2,0.0
3,5883.771849484674
4,10818.023667362902
