reservoir,value
1,50739.5191793946
2,0.0
3,6176.457585953604
4,10920.952124647161
