reservoir,value
1,108360.48123506231
2,0.0
3,48161.32029636402
4,12744.9
