reservoir,value
1,50308.813603917675
2,7703.531584403494
3,14036.914514332664
4,5844.165977955276
