reservoir,value
1,35669.42442514756
2,2896.256064648712
3,4136.0145143326645
4,0.0
