reservoir,value
1,14732.018925861794
2,16401.931216341145
3,2565.332136716368
4,1774.5324563002005
