reservoir,value
1,24130.99250798014
2,3465.931216341145
3,3299.569997183663
4,2114.644681982347
