reservoir,value
1,46842.388995040004
2,11905.18835194
3,17296.55591022
4,20604.2954804
