reservoir,value
1,120776.87139504001
2,5805.434551939999
3,30221.71221022
4,12744.9
