reservoir,value
1,107916.03825049287
2,9443.412333359021
3,31500.242180719295
4,4321.630948205597
