reservoir,value
1,17295.56160117817
2,6730.027419326789
3,3098.857757920524
4,2044.9123451602075
