reservoir,value
1,160860.80329223475
2,0.0
3,33270.20980373116
4,9373.589667751374
