reservoir,value
1,112783.49875837109
2,0.0
3,23263.657471670736
4,2759.617204032375
