reservoir,value
1,31844.39101952671
2,3380.1346489696034
3,5841.755720208201
4,13035.283580489493
