reservoir,value
1,15324.252993044742
2,8679.178972040778
3,2392.334438663944
4,3043.056002653057
