reservoir,value
1,58580.18289545197
2,0.0
3,8057.168096371493
4,9396.956002653056
