reservoir,value
1,19371.524068922714
2,10764.982369513498
3,4815.32773019978
4,2853.024994853349
