reservoir,value
1,140174.2086007349
2,19617.2
3,34656.045024051564
4,11631.727364365355
