reservoir,value
1,23937.39204083602
2,18978.913544905852
3,4794.643854748148
4,2558.4746655698045
