reservoir,value
1,39021.84820185341
2,5897.413544905852
3,20186.174403612713
4,1644.5882639868323
