reservoir,value
1,1079.979600088307
2,0.0
3,876.2190950549139
4,1635.318991310407
