reservoir,value
1,50617.12258700847
2,7047.863938953065
3,6684.709928102105
4,6435.527912473514
