reservoir,value
1,98897.84325690902
2,10521.18758977548
3,18388.73469844675
4,0.0
