reservoir,value
1,33941.834576869696
2,4742.587622668023
3,9696.557334740337
4,6392.76681821625
