reservoir,value
1,85886.58082766611
2,7292.078865579559
3,9500.58965712201
4,7110.434771267905
