reservoir,value
1,17073.062629338056
2,5469.634623446227
3,2912.999906852303
4,3647.9640492867816
