reservoir,value
1,95074.45493448837
2,0.0
3,6549.598811872773
4,12744.9
