reservoir,value
1,44899.142732245105
2,3993.335572853168
3,17398.2312311461
4,6404.681449007086
