reservoir,value
1,33099.10687943732
2,3454.335572853154
3,7497.3312311460995
4,1696.4392792219105
