reservoir,value
1,22551.405755749558
2,3258.7278538236087
3,9600.147687328148
4,10761.964527868717
