reservoir,value
1,101424.13855445161
2,0.0
3,51505.34768732815
4,12744.9
