reservoir,value
1,31253.503724239017
2,4759.220709089859
3,6956.304501821186
4,4609.219208092554
