reservoir,value
1,36587.26284421049
2,6812.933401834956
3,2234.1406862631356
4,0.0
