reservoir,value
1,20854.90755096009
2,5689.196434395657
3,4041.0996531579594
4,3389.863041814586
