reservoir,value
1,123210.3728426434
2,0.0
3,15372.384233585486
4,12560.763041814585
