reservoir,value
1,15024.47353905857
2,13106.625980893976
3,2035.6387662602494
4,1406.1534470748907
