reservoir,value
1,34648.253905510304
2,0.0
3,3684.1452155226502
4,5800.493302136009
