reservoir,value
1,125840.03075563491
2,14499.499611422705
3,32721.891106104933
4,71.87670392874881
