reservoir,value
1,11541.672567847405
2,1566.057352916433
3,3533.6711741686713
4,2396.2384618406786
