reservoir,value
1,85224.2734639108
2,0.0
3,23273.463933074756
4,5563.062132589776
