reservoir,value
1,50014.9928275798
2,11828.30034896093
3,8743.307916056403
4,4977.608096437355
