reservoir,value
1,17901.118523623747
2,10176.72647363744
3,2747.998306292168
4,1823.908840737999
