reservoir,value
1,62422.67054360557
2,2074.85641659091
3,4067.147482995013
4,4091.5252381006762
