reservoir,value
1,102636.72362213014
2,0.0
3,8439.755357254147
4,10728.28595559366
