reservoir,value
1,64657.51587375158
2,0.0
3,29107.17002679224
4,2415.5435792551125
