reservoir,value
1,62040.241230058535
2,12475.170724613614
3,13511.999255708757
4,11372.234552792443
