reservoir,value
1,119546.62063133244
2,3733.2023404635856
3,17369.064509280845
4,4650.0567264705205
