reservoir,value
1,15130.492889241996
2,19725.843628655515
3,3686.3254768583015
4,2007.0546043111738
