reservoir,value
1,28864.498349471884
2,6644.343628655515
3,8990.020186751422
4,6142.865679771803
