reservoir,value
1,80615.0880318323
2,9705.806861356594
3,21622.446750679752
4,16558.213150355263
