reservoir,value
1,161627.41434962675
2,19617.2
3,45226.301292612225
4,3819.5308863235455
