reservoir,value
1,113168.0161215711
2,19617.2
3,29115.661571631328
4,12744.9
