reservoir,value
1,65699.57679102296
2,4474.607395844241
3,23910.27401064198
4,16005.1939629007
