reservoir,value
1,130350.81799571837
2,4008.850854670168
3,41284.933215718236
4,12744.9
