reservoir,value
1,89837.16912074853
2,0.0
3,49576.034779512505
4,12744.9
