reservoir,value
1,21428.491867298588
2,17040.733217426943
3,3405.516291992434
4,3060.7408625533103
