reservoir,value
1,46143.72404374431
2,6118.877635220787
3,17229.827496767633
4,14541.830274127467
