reservoir,value
1,74694.11824633884
2,1048.4948750906533
3,7564.427496767847
4,6911.930274128902
