reservoir,value
1,70882.42012539999
2,3888.1032666700003
3,15767.182424469996
4,13875.993865
