reservoir,value
1,165621.63362539787
2,3301.1989666721056
3,32787.03552447
4,3346.3758229917917
