reservoir,value
1,31463.72226393672
2,18300.963767935333
3,709.2118631541016
4,2232.563598738254
