reservoir,value
1,36282.91002949714
2,20198.207729262896
3,12820.71439988844
4,9903.374015293648
