reservoir,value
1,131902.0678411563
2,7116.7077292628965
3,34801.7768985254
4,12744.9
