reservoir,value
1,69892.43830874491
2,7444.406139367957
3,9514.329967924401
4,10507.269972029218
