reservoir,value
1,90872.38473416306
2,0.0
3,6507.168532829957
4,3504.1387377469932
