reservoir,value
1,37125.644293010766
2,17399.87738924165
3,7555.571937053714
4,4278.76968854335
