reservoir,value
1,25069.97282012325
2,10867.427193300791
3,4630.182541820619
4,2081.776067001209
