reservoir,value
1,103254.47597874465
2,0.0
3,35493.762437126104
4,4065.01473270681
