reservoir,value
1,50390.92139126153
2,6508.57154255999
3,4241.951454391883
4,326.7302931728401
