reservoir,value
1,19790.38929229507
2,14774.209665910921
3,3643.766762485782
4,3085.513621394042
