reservoir,value
1,70620.77685175298
2,17639.349324525036
3,31525.749212937993
4,4848.450879382934
