reservoir,value
1,20079.289389872087
2,16762.859148478194
3,2579.85907944833
4,1338.18245573619
