reservoir,value
1,21286.506441593374
2,6742.368441157272
3,2340.419310188596
4,2548.2391033235376
