reservoir,value
1,123632.747095147
2,0.0
3,32806.99712371998
4,9927.44850078739
