reservoir,value
1,45091.63049281494
2,6828.379532220542
3,13547.490305212174
4,12701.029597615812
