reservoir,value
1,27364.696236313095
2,6508.897951532549
3,8717.258725010395
4,11379.13201664491
