reservoir,value
1,129357.69626579137
2,0.0
3,32892.3932449134
4,12744.9
