reservoir,value
1,41075.45853735769
2,11139.240501997885
3,6254.330079838407
4,11320.853561729915
