reservoir,value
1,86790.95226621995
2,0.0
3,3085.486159388427
4,5762.745108691944
