reservoir,value
1,43978.283099051514
2,11474.950707763717
3,7342.537351242563
4,6945.755347090196
