reservoir,value
1,84561.67621674723
2,4123.029193059382
3,11263.149154536768
4,0.0
