reservoir,value
1,27047.65411005873
2,3649.874932637097
3,9758.407826220146
4,4400.963168103549
