reservoir,value
1,85024.51624357424
2,18790.428063881103
3,19086.297711845287
4,7898.165624863837
