reservoir,value
1,52526.527500000004
2,4749.178800000001
3,18519.684
4,12698.716400000001
