reservoir,value
1,106072.90629998324
2,0.0
3,25734.084000000003
4,12744.9
