reservoir,value
1,26552.45843041789
2,7990.2018877509145
3,3555.9422096308335
4,0.0
