reservoir,value
1,94112.98728287467
2,10736.200000000064
3,30058.300000000003
4,0.0
