reservoir,value
1,13918.233843532285
2,20823.181806129218
3,4210.503259731507
4,1837.3801403609525
