reservoir,value
1,7561.608721244718
2,7741.681806129218
3,25542.623745615838
4,1961.6819205490822
