reservoir,value
1,42886.10283112485
2,0.0
3,31587.624593401364
4,7327.429658759055
