reservoir,value
1,49210.78088290877
2,791.401948103153
3,29288.585712567026
4,4125.720384964194
