reservoir,value
1,24410.739681757776
2,10592.35511902872
3,8693.767425119293
4,13161.572659315776
