reservoir,value
1,73592.57788467444
2,2388.8370862329466
3,1458.9871038171104
4,5727.08321893409
