reservoir,value
1,68612.55161063337
2,11147.298523784099
3,11203.507747263611
4,12139.148314018707
