reservoir,value
1,133522.94275553228
2,14892.19437244862
3,12458.521351062504
4,0.0
