reservoir,value
1,64620.03750165332
2,17753.03967304879
3,8764.63835228328
4,13407.146095497352
