reservoir,value
1,97338.1434892968
2,17196.359801972845
3,7858.450123143315
4,730.7209438868722
