reservoir,value
1,106245.38127042809
2,0.0
3,31412.60184511197
4,9079.690841031383
