reservoir,value
1,59213.43150486708
2,19617.2
3,0.0
4,1357.487853682835
