reservoir,value
1,22491.498701902885
2,15106.865356222137
3,6108.23615437044
4,3448.5147489648507
