reservoir,value
1,31158.259715100907
2,0.0
3,12752.099352346568
4,12744.9
