reservoir,value
1,14322.72793816276
2,9485.644501223382
3,2973.3892298800724
4,1950.4274001729411
