reservoir,value
1,28888.313699104947
2,2101.264160613415
3,8908.340168356
4,7411.745769041303
