reservoir,value
1,19219.535285843005
2,7696.411758566264
3,4437.3250815448655
4,3739.1598011614765
