reservoir,value
1,90381.37414806866
2,0.0
3,18559.290735191113
4,8276.82398315377
