reservoir,value
1,67491.97711803882
2,10046.242530371992
3,9824.024046371887
4,2799.8585730908635
