reservoir,value
1,29355.5644802671
2,7507.875004979134
3,4832.887167251097
4,2279.2068944034836
