reservoir,value
1,0.0
2,9438.774426906468
3,0.0
4,330.3902721839977
