reservoir,value
1,31263.115901889323
2,7104.6654398706705
3,10556.438634076794
4,3861.9516207450647
