reservoir,value
1,33482.42680979736
2,3011.0944548884
3,8064.3390657911
4,15925.55405691687
