reservoir,value
1,101011.31185880558
2,0.0
3,38847.08654155965
4,12148.78468310675
