reservoir,value
1,15154.157120013746
2,1597.1300069017034
3,7717.374926268036
4,4236.144374581181
