reservoir,value
1,99529.86872975921
2,233.6900069023827
3,47773.43532970452
4,7686.038707035176
