reservoir,value
1,32764.82177864005
2,7491.437000664884
3,5542.290272850787
4,7241.606360794361
