reservoir,value
1,19092.1429962331
2,9195.849634446731
3,3578.8556222219786
4,2076.016427872953
