reservoir,value
1,41215.543151211314
2,0.0
3,14014.652443505129
4,11175.733531175436
