reservoir,value
1,30203.949167833052
2,24585.224503074947
3,3517.2001150451397
4,2015.537735676914
