reservoir,value
1,108289.50815700286
2,19617.2
3,15947.197539719224
4,0.0
