reservoir,value
1,53412.55413464729
2,8808.810394186492
3,12529.6874964154
4,14098.984622629043
