reservoir,value
1,95168.71439784596
2,6959.190994823055
3,51806.1
4,12744.9
