reservoir,value
1,24594.83362460356
2,6202.4464768601665
3,7627.08215336936
4,11283.33642223266
