reservoir,value
1,49486.78529296465
2,13182.400354896672
3,15370.050520769302
4,12958.402873070385
