reservoir,value
1,66750.95378888497
2,0.0
3,29809.64863250667
4,1343.3004931756445
