reservoir,value
1,26473.645100369642
2,4914.020671096923
3,11378.963979881877
4,13894.404192392185
