reservoir,value
1,119787.59319034293
2,0.0
3,26969.07406695816
4,12744.9
