reservoir,value
1,48816.923183567844
2,0.0
3,37330.14922107637
4,8455.037586757482
