reservoir,value
1,13603.765034646149
2,3547.6421460200254
3,3092.378315995488
4,1757.6484231696118
