reservoir,value
1,24791.803192925352
2,0.0
3,13439.189820185118
4,1724.3071599309528
