reservoir,value
1,12880.547198363758
2,8273.251818730612
3,2728.4289883019815
4,1812.8446369628857
