reservoir,value
1,16375.759068242174
2,0.0
3,9515.63609544691
4,7929.40742379342
