reservoir,value
1,13774.296827009744
2,8143.087306586749
3,3321.06409847386
4,1888.6191749691736
