reservoir,value
1,29042.839460268482
2,0.0
3,10896.69385213973
4,5812.8535859274125
