reservoir,value
1,19634.156252493674
2,5487.626332302743
3,5225.195802247905
4,4208.6721413156465
