reservoir,value
1,69150.7386509524
2,0.0
3,40733.373699878575
4,10636.10203932969
