reservoir,value
1,28000.152918957625
2,6321.240551731709
3,21618.354970968026
4,0.0
