reservoir,value
1,22294.393020157117
2,4660.339501906779
3,8502.546170855629
4,2476.46927331772
