reservoir,value
1,85231.06845175946
2,0.0
3,44941.1012413002
4,11677.875532825097
