reservoir,value
1,54908.12608671636
2,16714.64788733865
3,14185.997743902213
4,11591.226580743232
