reservoir,value
1,9952.565173851324
2,6601.644241639172
3,3265.4786760159095
4,2047.4693530482755
