reservoir,value
1,83845.73644064809
2,0.0
3,28643.470322189205
4,3176.7620239487287
