reservoir,value
1,50704.716256878964
2,7330.315380558397
3,8423.800580648141
4,18828.1659219181
