reservoir,value
1,102395.94957840735
2,10573.909087336382
3,7150.224139015454
4,3225.2788665870657
