from,to,value
1,1,0.0
1,2,0.0
1,3,0.0
1,4,0.0
1,5,0.0
2,1,4624.521553612048
2,2,0.0
2,3,0.0
2,4,0.0
2,5,0.0
3,1,422.7638898170525
3,2,0.0
3,3,0.0
3,4,0.0
3,5,0.0
4,1,0.0
4,2,0.0
4,3,0.0
4,4,0.0
4,5,1894.512460580828
5,1,1894.5124605822828
5,2,0.0
5,3,0.0
5,4,0.0
5,5,0.0
