reservoir,value
1,24593.540280671194
2,4059.461256177639
3,2891.6017580465514
4,2064.5380401345087
