reservoir,value
1,12342.991290612299
2,1047.9828097898
3,4032.7095064820605
4,814.6790322199461
