reservoir,value
1,48072.644007052804
2,2955.16146599525
3,17676.23258897337
4,16883.372148088638
