reservoir,value
1,20008.41236998511
2,2537.9197307691343
3,3469.4274444046505
4,1911.3378701962185
