reservoir,value
1,85034.07406082342
2,0.0
3,19438.97168288753
4,4271.671334056535
