reservoir,value
1,43061.80917089102
2,8107.884591519907
3,14210.532206800784
4,13492.125010361742
