reservoir,value
1,152322.9426495022
2,0.0
3,38264.11659256078
4,11749.992884947887
