reservoir,value
1,11306.592695925916
2,2783.4442542055804
3,3842.345392779117
4,2513.218978643783
