reservoir,value
1,58137.81736481034
2,0.0
3,9015.247439478111
4,7628.218978643868
