reservoir,value
1,15790.702848368575
2,5533.083638848553
3,4410.569486128204
4,2152.8426377187366
