reservoir,value
1,68004.86721052698
2,0.0
3,31294.914437165367
4,4399.184296896656
