from,to,value
1,1,0.0
1,2,3483.0599999999977
1,3,0.0
1,4,0.0
1,5,0.0
2,1,0.0
2,2,0.0
2,3,0.0
2,4,0.0
2,5,0.0
3,1,0.0
3,2,0.0
3,3,0.0
3,4,0.0
3,5,0.0
4,1,0.0
4,2,0.0
4,3,0.0
4,4,0.0
4,5,2213.38509267083
5,1,1803.785092670816
5,2,0.0
5,3,409.60000000001395
5,4,0.0
5,5,0.0
