reservoir,value
1,23903.75919956865
2,41505.94410041999
3,6149.571575820442
4,2387.9318750439215
