reservoir,value
1,91675.14358939976
2,19617.2
3,43708.14974089383
4,3725.513176005098
