reservoir,value
1,15362.93157325555
2,2756.119717535576
3,2508.9980578790496
4,1911.5675576977858
