reservoir,value
1,54479.58699975805
2,0.0
3,1068.4643208316327
4,5566.611446776448
