reservoir,value
1,49235.209537198876
2,5658.174558785889
3,5631.388204698178
4,12214.64074806133
