reservoir,value
1,23454.59165360006
2,6230.943200067715
3,3435.3890575154637
4,2764.371582508078
