reservoir,value
1,10810.57453157733
2,940.6757030941681
3,4184.6352946286825
4,1056.4638782446823
