reservoir,value
1,96595.31530238687
2,3127.536485742372
3,21271.5776343845
4,2898.481061630112
