reservoir,value
1,112493.66797214157
2,19617.2
3,21869.85926556151
4,742.1754547780548
