reservoir,value
1,86286.02309014782
2,5272.5197309592395
3,9061.27193887287
4,11974.179250803107
