reservoir,value
1,172136.18267942814
2,12958.721496433063
3,5783.489112619256
4,0.0
