reservoir,value
1,27602.435448939934
2,7154.288737559182
3,2572.853002769607
4,1447.1011792274637
