reservoir,value
1,5615.454938414644
2,4877.610342826177
3,0.0
4,1711.030583971622
