reservoir,value
1,112773.77029950406
2,19617.2
3,50343.41368611087
4,10393.629802569933
