reservoir,value
1,63486.63491918607
2,5074.774240036197
3,20380.943429498802
4,9573.386057734228
