reservoir,value
1,96439.69004188551
2,8476.061561561044
3,17533.705050706758
4,0.0
