reservoir,value
1,44870.23642705352
2,0.0
3,0.0
4,482.50638838650127
