reservoir,value
1,21958.261803767327
2,33953.49075498735
3,4656.374637681073
4,2496.0735518924857
