reservoir,value
1,17157.40311194785
2,9880.926513986802
3,2778.537226043595
4,2212.613901366802
