reservoir,value
1,19570.903915221177
2,8368.94983682579
3,3077.5800343209808
4,1371.2593405704913
