reservoir,value
1,18197.951353922064
2,0.0
3,3473.0735250001985
4,2362.289136790706
