reservoir,value
1,29157.08145158052
2,8826.455277447654
3,13696.417829907683
4,15671.31032847194
