reservoir,value
1,18362.99265673723
2,17073.98279605434
3,2216.8897672189714
4,1224.9561587650212
