reservoir,value
1,9805.419020993028
2,4618.087982561205
3,2539.635308678425
4,1525.6399888692656
