reservoir,value
1,118880.60211091781
2,17664.834433098564
3,20600.44276519469
4,2886.6228471536215
