reservoir,value
1,31042.290559086472
2,8439.391249923545
3,5418.988622379503
4,8912.434090032906
