reservoir,value
1,107113.2036631549
2,0.0
3,29655.13052313024
4,12744.9
