reservoir,value
1,16112.421573585623
2,9493.637292174433
3,3241.191469582628
4,6018.3480325052715
