reservoir,value
1,44713.037496169694
2,9908.367678931878
3,20556.44367668224
4,12744.9
