reservoir,value
1,45267.424432180545
2,7040.357824548275
3,10479.908147301609
4,13781.168779590687
