reservoir,value
1,118709.73119331422
2,0.0
3,21357.94964972045
4,11229.78537707499
