reservoir,value
1,73234.1119767349
2,6273.839461868458
3,15537.279213484719
4,10706.724517504883
