reservoir,value
1,75343.5782445674
2,19617.2
3,23777.858068561116
4,0.0
