reservoir,value
1,18682.83099289897
2,6002.107154187708
3,5756.227561657549
4,4167.016249516959
