reservoir,value
1,61364.160192766525
2,9161.923955080909
3,16278.938554502218
4,19074.24185273675
