reservoir,value
1,200717.6
2,19617.2
3,25065.66713628813
4,11444.34185273663
