reservoir,value
1,27455.870232606278
2,24186.071756102014
3,6138.775438320997
4,7415.782667877508
