reservoir,value
1,117368.95604884638
2,11104.571756102014
3,20964.965831547262
4,12744.9
