reservoir,value
1,24399.01129412088
2,7648.003137614662
3,6291.731745248867
4,11364.241997502688
