reservoir,value
1,130826.46119142917
2,0.0
3,9945.504069736722
4,12744.9
