reservoir,value
1,40738.36999999934
2,546.5870055511878
3,51806.1
4,8389.1
