reservoir,value
1,29376.524875409457
2,11219.293183467538
3,7464.057781141539
4,3167.6539127518286
