reservoir,value
1,178195.52129337782
2,11705.1358019009
3,49369.257781141554
4,7923.084319688113
