reservoir,value
1,24592.961038439404
2,0.0
3,894.267670900275
4,3442.2579151502537
