reservoir,value
1,17598.286671513055
2,6612.738514809417
3,3227.992588647603
4,1787.1872668934134
