reservoir,value
1,34901.64494904124
2,0.0
3,9315.890482722607
4,1933.6592888854454
