reservoir,value
1,128553.4399999999
2,12635.7
3,31263.199999999997
4,12744.9
