reservoir,value
1,12610.57581359191
2,25497.42046146943
3,4370.651644882277
4,2758.8633405240803
