reservoir,value
1,51234.672514720005
2,4213.70629266
3,17834.38681979
4,17571.013229700002
