reservoir,value
1,117544.34670738003
2,0.0
3,30215.236719790002
4,8640.948983248496
