reservoir,value
1,102592.54749999999
2,0.0
3,19899.852000000003
4,2184.3660165578267
