reservoir,value
1,69855.4025348771
2,6636.034709165331
3,12766.301533532296
4,9781.862086299348
