reservoir,value
1,22070.04911417682
2,8388.172374309524
3,5557.123977523283
4,3040.3548170674644
