reservoir,value
1,131990.07518891117
2,0.0
3,42952.26279342921
4,4671.303320034747
