reservoir,value
1,51283.35558287442
2,7572.779362821221
3,7857.212810477557
4,13757.91864649265
