reservoir,value
1,116848.50403061547
2,1064.7550729326258
3,18352.43787322309
4,7297.035518486513
