reservoir,value
1,116684.41530000528
2,4805.77459999472
3,14513.439300000004
4,7086.126000000569
