reservoir,value
1,36487.14267699754
2,10057.420265696941
3,5815.987787454369
4,11469.29022867238
