reservoir,value
1,105141.26549347973
2,6491.6202656969435
3,8596.768472939986
4,12744.9
