reservoir,value
1,18707.89066839713
2,25764.75459407414
3,4563.605923075965
4,2810.4559220246597
