reservoir,value
1,68953.14147238538
2,12688.391859634912
3,14566.276977731422
4,11981.355922024659
