reservoir,value
1,19164.109719122716
2,6281.1754008781445
3,3708.0992812611566
4,3063.8775941152935
