reservoir,value
1,108450.85553943148
2,0.0
3,24922.878292623594
4,11954.636769027296
