reservoir,value
1,57985.2320669598
2,8456.070053076359
3,14218.267413879676
4,9043.86446196886
