reservoir,value
1,69211.483293395
2,10435.909288144601
3,10413.120198434697
4,1413.9644619688606
