reservoir,value
1,26115.368042984715
2,13612.994803440859
3,4353.472899358514
4,3131.945095380994
