reservoir,value
1,152982.14358137222
2,531.494803440859
3,24475.999436922735
4,12157.845095381885
