reservoir,value
1,57217.15710266
2,2927.1098348799997
3,17189.82875275
4,15210.615836320001
