reservoir,value
1,114606.85893753955
2,0.0
3,28056.02625275
4,12744.9
