reservoir,value
1,31944.85736282865
2,6120.61446180836
3,3745.2712393544366
4,2021.0619574900916
