reservoir,value
1,93739.20256547887
2,13698.39446180838
3,17856.885640989985
4,3316.740304737019
