reservoir,value
1,31285.930865286362
2,14981.073744145713
3,6617.730539272038
4,1927.3414225810268
