reservoir,value
1,8153.444332782603
2,4583.810166998788
3,11198.70425684366
4,0.0
