reservoir,value
1,36861.12385797339
2,4236.680382574545
3,9710.626598190394
4,4443.247419769168
