reservoir,value
1,101048.47319691775
2,4304.302803979457
3,17050.271782368545
4,21970.127049745093
