reservoir,value
1,200717.6
2,113.52939576377909
3,13329.479604595232
4,0.0
