reservoir,value
1,24695.809805415913
2,6405.114186473532
3,3489.957207662666
4,2637.1081474501275
