reservoir,value
1,15757.474581980758
2,382.5170089947638
3,3411.8695224295257
4,3210.8076802757355
