reservoir,value
1,17864.08000658604
2,4291.7210995233345
3,5158.50308622982
4,3811.916615470198
