reservoir,value
1,24890.49106266565
2,24995.096434295043
3,7408.5264204076575
4,3043.1305316015846
