reservoir,value
1,138014.41430655104
2,0.0
3,22067.32206433596
4,12744.9
