reservoir,value
1,148212.50462610845
2,19617.2
3,48570.57000707197
4,6937.941046359687
