reservoir,value
1,15204.621455709193
2,9911.35084492926
3,5078.05737804889
4,2874.695746317992
