reservoir,value
1,66609.21507117894
2,8423.327291662423
3,12843.70146215288
4,16095.46089391761
