reservoir,value
1,14007.969765676122
2,11825.339134697728
3,2865.6211399254917
4,2929.382786231664
