reservoir,value
1,19052.96320727446
2,0.0
3,4748.002523534247
4,9599.642036240031
