reservoir,value
1,102601.9102185361
2,8235.19684081402
3,21519.095870066296
4,14441.92234227711
