reservoir,value
1,183770.02909202615
2,14817.278017469978
3,23972.785786715587
4,6812.0223422771005
