reservoir,value
1,35217.71371110902
2,9830.429748122264
3,12231.008671294814
4,5387.335452227092
