reservoir,value
1,0.0
2,14304.691704555327
3,2330.1086712948145
4,0.0
