reservoir,value
1,0.0
2,4980.043781905224
3,0.0
4,1797.34502458311
