reservoir,value
1,106744.5583426233
2,19617.2
3,34799.56359044065
4,12744.9
