reservoir,value
1,62543.03457367691
2,9842.583761246622
3,16555.40178216358
4,21044.741821840653
