reservoir,value
1,73875.97617013182
2,15087.589028074473
3,51806.1
4,2566.0505344454796
