reservoir,value
1,37938.82148312
2,8531.04896921
3,13684.40697409
4,14727.892531759999
