reservoir,value
1,0.0
2,19406.831863819523
3,0.0
4,475.88032919012767
