reservoir,value
1,94145.77408568442
2,19617.2
3,23174.108506279244
4,12744.9
