reservoir,value
1,143453.44520157878
2,10638.073430945664
3,25690.507712920506
4,0.0
