reservoir,value
1,51198.200293367154
2,0.0
3,17736.25851092086
4,5233.816177033092
