reservoir,value
1,18851.360625441135
2,4733.202256353521
3,7836.23560646895
4,844.0786268123816
