reservoir,value
1,14394.101386347022
2,2798.1210845217793
3,3637.8947201777432
4,2698.288663493832
