reservoir,value
1,49870.54023826468
2,0.0
3,15185.526054137903
4,8085.188663493831
