reservoir,value
1,50713.89135796239
2,6522.961556111597
3,4751.275630923891
4,11583.71363360009
