reservoir,value
1,143938.18812315247
2,0.0
3,24593.53923685741
4,9074.172311726614
