reservoir,value
1,26354.00962418761
2,2776.980364145208
3,11087.6782151988
4,14271.74007656077
