reservoir,value
1,88303.70236583469
2,0.0
3,21261.815028917095
4,12744.9
