reservoir,value
1,44663.531109122756
2,0.0
3,11743.789101268389
4,3962.669058020283
