reservoir,value
1,16921.008815292647
2,4128.7169931950875
3,4225.699998971886
4,5272.00135011776
