reservoir,value
1,37396.44941945312
2,6736.200000095774
3,34043.2
4,12744.9
