reservoir,value
1,46158.383048168595
2,24423.40812466893
3,9095.460580660247
4,8630.633230690102
