reservoir,value
1,70905.55194567615
2,14230.015737437541
3,12595.941832911225
4,1000.7332306901026
