reservoir,value
1,44745.650000000765
2,807.2000000000007
3,51806.1
4,12744.9
