reservoir,value
1,160284.42343990572
2,6125.293792723629
3,25923.34890155746
4,4920.41884373292
