reservoir,value
1,41878.42248730665
2,13251.141789127847
3,1638.8951391293456
4,838.3440193727469
