plant,value
1,43871.359999999964
2,11046.759999999998
3,9900.9
4,6773.599999999996
