reservoir,value
1,71881.43126544252
2,11835.962920058553
3,34263.64740849643
4,20540.17907037978
