reservoir,value
1,146631.5309956072
2,11109.790539150643
3,51806.1
4,11245.924236409151
