reservoir,value
1,10410.02738976018
2,13886.541147446209
3,2269.8585939190148
4,2171.3950816301303
