reservoir,value
1,7148.828641738135
2,1520.3911474462093
3,11291.83289464122
4,3262.510969903591
