reservoir,value
1,85717.1777541152
2,5212.191920242022
3,15454.709779946275
4,8560.888034350697
