reservoir,value
1,131264.4595891555
2,14292.27176546726
3,6623.117173746363
4,930.9880343506975
