reservoir,value
1,17612.661371292208
2,13287.811810266714
3,5397.903694693634
4,5756.186651435943
