reservoir,value
1,54252.59446841212
2,6816.218205860276
3,14175.784171313555
4,7647.684867907132
