reservoir,value
1,45891.109319838644
2,5362.332113880515
3,11916.375653098967
4,14507.407160276569
