reservoir,value
1,100243.56107463654
2,4187.332113880937
3,8802.57062760244
4,7665.123842120464
