reservoir,value
1,174338.13245122525
2,3769.4726078139647
3,45850.14991301131
4,12744.9
