reservoir,value
1,18459.980173387943
2,13483.642956733285
3,4170.543596127321
4,2483.9157608097007
