reservoir,value
1,43519.458720269104
2,10408.666830172624
3,22225.623502207334
4,2004.8768146081936
