plant,value
1,44389.77449410956
2,8567.805505890536
3,9900.9
4,7629.9
