reservoir,value
1,16655.16526959011
2,24706.620540783253
3,3586.8885432350735
4,2374.48968087291
