reservoir,value
1,70567.6288207364
2,19617.2
3,19768.379764561025
4,11400.38968087291
