reservoir,value
1,77103.61166983814
2,19617.2
3,2421.561018554112
4,12744.9
