reservoir,value
1,38212.047193777806
2,4726.891658151644
3,5651.032797768804
4,11897.653081340368
