reservoir,value
1,132384.95910354072
2,0.0
3,24535.733480607163
4,12744.9
