reservoir,value
1,16791.533978154173
2,7652.425688273212
3,3072.9136307760646
4,3480.4252326794667
