reservoir,value
1,30752.898800887924
2,0.0
3,6206.547451142098
4,12744.9
