reservoir,value
1,40347.27755753063
2,10876.8125073216
3,6369.44461778327
4,15168.502805716242
