reservoir,value
1,145413.9920388428
2,2945.2262850815987
3,18344.83990060344
4,11531.139410541531
