reservoir,value
1,25624.487930015966
2,9959.940060884286
3,3831.5782624686663
4,3049.6721862140275
