reservoir,value
1,128083.64488454867
2,829.001939071617
3,20912.85599090737
4,8004.906462963178
