reservoir,value
1,17718.37759633249
2,3818.547082091387
3,3078.829455003975
4,2459.3482980138483
