reservoir,value
1,1659.4772900217117
2,0.0
3,7196.14238283774
4,3488.3300656469437
