reservoir,value
1,24564.613483102585
2,13302.30620458318
3,2565.1365298076616
4,1431.8449181070705
