reservoir,value
1,60544.49100434332
2,16947.837807179378
3,1639.4348217588583
4,991.0297090480053
