reservoir,value
1,46682.4351739641
2,10510.057034306174
3,11111.119029205329
4,12738.640184405707
