reservoir,value
1,105203.3116643495
2,0.0
3,26553.714042698888
4,8520.324866710956
