reservoir,value
1,17793.70081345057
2,10556.5683543724
3,4145.640917108017
4,6709.482961345364
