reservoir,value
1,118948.28147444199
2,0.0
3,25108.27881032179
4,10618.948497941134
