reservoir,value
1,88642.58302546415
2,986.6127365721102
3,3502.2038020872997
4,2058.84575069678
