reservoir,value
1,32945.066965920385
2,18637.098655071117
3,8072.3438811870155
4,4636.421273050646
