reservoir,value
1,16413.558493405515
2,5961.499145164993
3,3947.1916702646354
4,2708.822062338406
