reservoir,value
1,124707.30220744558
2,10904.746633368914
3,16288.932322657216
4,7553.100568999498
