reservoir,value
1,123745.34496293003
2,0.0
3,21017.981543710004
4,7851.889684945062
