reservoir,value
1,41030.47087614644
2,7706.277931661837
3,8477.082041925938
4,3172.2811134908516
