reservoir,value
1,35946.92857598957
2,7167.277931661837
3,0.0
4,0.0
