reservoir,value
1,112973.9125
2,0.0
3,20951.865500000004
4,383.04696378616677
