reservoir,value
1,63509.682770871645
2,0.0
3,10633.010717050722
4,8679.825489930718
