reservoir,value
1,16732.54055723575
2,4091.120387717894
3,3983.8207772635046
4,6891.521837613646
