reservoir,value
1,109879.13706207805
2,0.0
3,0.0
4,12006.521837614035
