reservoir,value
1,37371.18114020601
2,4504.313800700015
3,9871.457466141457
4,12749.56845471782
