reservoir,value
1,20479.737870266305
2,5771.42042309515
3,7095.600461108036
4,2978.4270925463584
