reservoir,value
1,1737.3786794342031
2,1639.4548591482971
3,3283.0099296757226
4,0.0
