reservoir,value
1,22653.111210933803
2,10084.4594238562
3,6160.625986605628
4,1688.6228570946755
