reservoir,value
1,57811.79031874575
2,8207.97355778286
3,17671.221724496907
4,17639.775556813674
