reservoir,value
1,45622.59978008084
2,15160.866623437776
3,6711.036509569627
4,11004.369387076504
