reservoir,value
1,185379.84326232766
2,2079.366623437776
3,25406.197306392038
4,12744.9
