reservoir,value
1,38038.476735088145
2,8826.220249014415
3,6524.15511958681
4,7123.883878949473
