reservoir,value
1,179579.21512942656
2,0.0
3,17368.995106187813
4,12744.9
