reservoir,value
1,132281.86803925416
2,0.0
3,20513.179027529957
4,12744.9
