reservoir,value
1,3630.87307831591
2,6303.414541906034
3,6550.463519342024
4,0.0
