reservoir,value
1,129271.34175058361
2,1464.9233999999997
3,15562.073700000003
4,12744.9
