reservoir,value
1,23381.774538295547
2,11979.184724410727
3,2864.423608271198
4,2511.711824155256
