reservoir,value
1,141435.10184299405
2,16537.26627359962
3,17809.323056952322
4,11228.4387486593
