reservoir,value
1,41982.311708166955
2,14393.81663003906
3,5880.686624909459
4,5342.566481304593
