reservoir,value
1,166990.78985634772
2,4488.755724072758
3,21347.619285747656
4,12744.9
