reservoir,value
1,18018.060495215963
2,2089.9802372584873
3,5957.121024375876
4,2575.0429744217254
