reservoir,value
1,84016.46417582131
2,366.3551528440139
3,41175.222714869255
4,1502.2820996310656
