reservoir,value
1,155974.75407193796
2,14205.200108442576
3,8311.276433150611
4,8212.242543536735
