reservoir,value
1,35089.32392920357
2,8635.117271975729
3,6547.5811381248095
4,4597.863444191124
