reservoir,value
1,21433.161422408255
2,0.0
3,12795.82426031717
4,0.0
