reservoir,value
1,32652.444445389767
2,24932.398998877245
3,3169.470722500935
4,6798.462570441784
