reservoir,value
1,132103.51867393774
2,11850.898998877245
3,9623.795747940028
4,11913.462570441785
