reservoir,value
1,22888.701928020655
2,5188.298156681605
3,5924.789121545821
4,2189.4797724415757
