reservoir,value
1,36256.690880969545
2,0.0
3,38602.2845298959
4,5189.745562385596
