reservoir,value
1,45841.25021680523
2,5890.494679305567
3,7008.549080281542
4,4204.252412183608
