reservoir,value
1,145351.9666
2,1215.5540999999528
3,33848.556500000006
4,12744.9
