reservoir,value
1,62117.697649124195
2,6827.504377796802
3,23600.008000754962
4,16746.358302222285
