reservoir,value
1,56183.92175122
2,9844.590587480001
3,23689.51674944
4,28491.886815139995
