reservoir,value
1,130737.98453689113
2,0.0
3,44693.24660996
4,0.0
