reservoir,value
1,27771.534120773704
2,14738.097507013666
3,4089.899250597616
4,3818.609594839855
