reservoir,value
1,156128.2378163431
2,19617.2
3,10945.975896779277
4,12744.9
