reservoir,value
1,94738.66900552923
2,13042.389543517125
3,0.0
4,0.0
