reservoir,value
1,26527.889619490557
2,18242.692198772635
3,4904.405790774861
4,6143.428158793028
