reservoir,value
1,115452.10597314482
2,649.3004268551654
3,23864.6336
4,12744.9
