reservoir,value
1,44461.77948291194
2,9285.401221074859
3,6974.938784742242
4,9932.723562812474
