reservoir,value
1,20280.784948287488
2,6156.329569322382
3,4952.037014299823
4,2387.3395899068073
