reservoir,value
1,137061.75720116316
2,6276.729778338522
3,35797.56553313452
4,4003.1449299257547
