reservoir,value
1,17027.801113771035
2,15210.623314746828
3,2660.2567102635508
4,1609.9380692195916
