reservoir,value
1,15955.99555455361
2,8329.401564390551
3,3250.624186336041
4,2182.3474802043693
