reservoir,value
1,78384.84641722457
2,0.0
3,8679.39879632941
4,1642.1001144163613
