reservoir,value
1,27638.49169309999
2,10635.864576161353
3,4189.578054264816
4,6302.482339589042
