reservoir,value
1,94684.31695455677
2,0.0
3,10459.573529184076
4,10696.661937654457
