reservoir,value
1,10742.777312082762
2,2717.3798506711146
3,4870.623530801967
4,2281.867973062607
