reservoir,value
1,55641.52366046192
2,0.0
3,38974.78547559932
4,2354.0200124643998
