reservoir,value
1,21042.836851541488
2,10192.447282920792
3,2668.540023956134
4,1767.5527239293617
