reservoir,value
1,94288.34397778584
2,0.0
3,9372.730500998598
4,4315.232389975087
