reservoir,value
1,47179.36216570057
2,4597.018542391711
3,10794.005912488923
4,3455.822299634373
