reservoir,value
1,139638.36640732034
2,7711.948894456351
3,38242.59302102175
4,10640.178239415032
