reservoir,value
1,52626.039412841295
2,0.0
3,8071.35965658191
4,8017.8642445910455
