reservoir,value
1,150007.13338963455
2,0.0
3,22298.738288030003
4,12744.9
