reservoir,value
1,27800.29600295435
2,3458.3486921358053
3,4734.7864889797165
4,11480.43678492233
