reservoir,value
1,53081.596080273346
2,0.0
3,0.0
4,7854.244345187909
