reservoir,value
1,28225.96394429064
2,11835.401488162956
3,5191.77062620383
4,11715.68029662063
