reservoir,value
1,162410.03192409762
2,16498.37810484125
3,41746.47375811584
4,10276.236138084827
