reservoir,value
1,66444.5274461969
2,21176.8604749132
3,12960.706062290637
4,13200.121138734372
