reservoir,value
1,71406.15116530284
2,8095.360474913199
3,16461.299072298414
4,0.0
