reservoir,value
1,18642.41752834397
2,8840.419400639572
3,4450.003723405356
4,1715.4525805866213
