reservoir,value
1,17767.45143106956
2,8009.61569738576
3,2175.1579835859966
4,2281.897211565823
