reservoir,value
1,103862.21775909464
2,0.0
3,1962.3143117891977
4,11639.797211565823
