reservoir,value
1,105164.26812739676
2,0.0
3,19798.9428853388
4,8005.948564064909
