reservoir,value
1,12404.140803650273
2,3315.261965553068
3,3589.454307048148
4,2349.2801522882696
