reservoir,value
1,67219.71299871778
2,4222.631626115338
3,12757.916960739412
4,13952.457443315085
