reservoir,value
1,100685.17656073497
2,5822.5318932626
3,15186.345903466256
4,6322.557443315085
