reservoir,value
1,19355.98349979456
2,5679.401187667339
3,2577.363734965556
4,2922.255170246134
