reservoir,value
1,195795.07837789113
2,4996.118039109288
3,49366.16399371304
4,12744.9
