reservoir,value
1,15359.871774014675
2,10020.757226221744
3,3796.6831178104926
4,1961.6230041840129
