reservoir,value
1,110119.7803747496
2,19607.197226221746
3,28551.828141862054
4,8366.69036862692
