reservoir,value
1,110468.3665680495
2,0.0
3,35233.30472304855
4,12744.9
