reservoir,value
1,54096.82935894793
2,7052.143212808614
3,14968.141515836116
4,8361.424907306138
