reservoir,value
1,36307.000115540126
2,4248.73481244856
3,10117.52300990349
4,14990.12795584849
