reservoir,value
1,157318.38585789863
2,0.0
3,43595.02937144349
4,7360.227955850591
