reservoir,value
1,23277.01698641105
2,11818.286659522439
3,4917.293031536088
4,3890.1503889780956
