reservoir,value
1,56879.90577668401
2,9307.950414630324
3,13327.770050531668
4,6446.328640144593
