reservoir,value
1,37565.22593427343
2,8903.568899689872
3,19241.426958913165
4,8820.525298327844
