reservoir,value
1,45985.696510358684
2,19617.2
3,431.3408797113459
4,2658.0391706957753
