reservoir,value
1,61329.733901367894
2,16184.675661160565
3,1457.8743140125434
4,9574.990394560067
