reservoir,value
1,16515.25679693938
2,3048.459564407536
3,2600.1732165303138
4,1981.205377797112
