reservoir,value
1,34363.17151259264
2,0.0
3,8314.964103005957
4,2104.4745516273033
