reservoir,value
1,68658.82963713964
2,7283.29962157426
3,9769.631397205838
4,6706.298932201278
