reservoir,value
1,83790.20870054036
2,10126.794447751272
3,0.0
4,0.0
