reservoir,value
1,51815.868722728716
2,7449.129438598096
3,14725.41061911415
4,15300.989553274283
