reservoir,value
1,55836.190928496464
2,7377.978563748299
3,10300.60564523803
4,5389.347386087792
