reservoir,value
1,26542.664302604666
2,7090.403251929761
3,3495.081667863502
4,1796.1195729518467
