reservoir,value
1,80106.94889208338
2,0.0
3,30052.26870034162
4,8299.470127946819
