reservoir,value
1,29355.29410847518
2,2698.0423203957957
3,11477.654137886799
4,15742.47695350898
