reservoir,value
1,114935.45166356419
2,0.0
3,27911.992141886803
4,12744.9
