reservoir,value
1,61518.70362873619
2,14509.166959834967
3,8822.951771343882
4,10311.976170100657
