reservoir,value
1,32010.98727960699
2,3059.7297067830295
3,7832.902849064263
4,11368.66542969639
