reservoir,value
1,120570.45244805314
2,0.0
3,30559.655501149962
4,12744.9
