reservoir,value
1,21547.75837947926
2,3676.1808374003767
3,13042.285203384778
4,4822.391898817632
