reservoir,value
1,37592.64488114877
2,12234.82125988121
3,7175.293258872654
4,12592.329200383741
