reservoir,value
1,144402.91989725773
2,0.0
3,18310.159919300517
4,11873.453866816957
