reservoir,value
1,26523.345572346225
2,6280.482190984487
3,7027.037941078906
4,3799.517121807947
