reservoir,value
1,28971.602057940305
2,13272.867925354496
3,0.0
4,1327.5060001231652
