reservoir,value
1,18634.33426013025
2,3860.4641779849035
3,3449.08938443449
4,3468.6719237036978
