reservoir,value
1,107479.7554579181
2,0.0
3,2742.82698955675
4,11044.6955910666
