reservoir,value
1,24406.41289825303
2,22297.601780529007
3,3173.666377060552
4,3151.624986643081
