reservoir,value
1,62045.44695970739
2,17652.02128778838
3,10845.934563762845
4,12322.52498664308
