reservoir,value
1,53261.320836726816
2,7326.765835389671
3,17518.90855358188
4,9217.983465614165
