reservoir,value
1,43859.99073945825
2,5142.254286016061
3,16208.585528960051
4,21598.447963005277
