reservoir,value
1,44944.458885445325
2,0.0
3,8143.135528960048
4,781.185092506738
