reservoir,value
1,21495.010310317262
2,4738.776829512849
3,4987.469687888799
4,4707.838477619345
