reservoir,value
1,125663.00460778864
2,0.0
3,12422.192464382277
4,12744.9
