reservoir,value
1,0.0
2,19617.2
3,4038.119289446258
4,1913.901838865559
