reservoir,value
1,31937.50567327829
2,9770.750603414977
3,6154.439689618031
4,2890.7992465015873
