reservoir,value
1,9228.811409764909
2,15839.136728035208
3,0.0
4,2892.903590911387
