reservoir,value
1,48996.49001845882
2,6339.014004598081
3,17420.728074921964
4,14869.235428549355
