reservoir,value
1,40619.12192848578
2,0.0
3,7519.828074921965
4,7239.335428549355
