from,to,value
1,1,0.0
1,2,0.0
1,3,0.0
1,4,0.0
1,5,0.0
2,1,3236.1575584712336
2,2,0.0
2,3,0.0
2,4,0.0
2,5,0.0
3,1,1000.0
3,2,0.0
3,3,0.0
3,4,0.0
3,5,2460.624689568001
4,1,0.0
4,2,0.0
4,3,0.0
4,4,0.0
4,5,227.8133252060361
5,1,2688.438014774037
5,2,0.0
5,3,0.0
5,4,0.0
5,5,0.0
