reservoir,value
1,5629.771357539352
2,1867.442441528767
3,1801.5092374377048
4,1442.0354551294588
