reservoir,value
1,24735.25288384567
2,6435.833167734814
3,3275.0785075228264
4,2405.127081164548
