reservoir,value
1,85792.9518122845
2,0.0
3,8986.532681204275
4,3461.7409056968777
