from,to,value
1,1,0.0
1,2,3056.7399999999443
1,3,0.0
1,4,0.0
1,5,0.0
2,1,0.0
2,2,0.0
2,3,0.0
2,4,0.0
2,5,0.0
3,1,0.0
3,2,0.0
3,3,0.0
3,4,0.0
3,5,0.0
4,1,0.0
4,2,0.0
4,3,0.0
4,4,0.0
4,5,1963.9440081604703
5,1,1554.3440081598726
5,2,0.0
5,3,409.6000000000472
5,4,0.0
5,5,0.0
