reservoir,value
1,167222.2543010359
2,16865.078715045
3,21809.53753980352
4,9670.709446758365
