reservoir,value
1,64233.67240093212
2,2890.4504429395893
3,22647.521637329173
4,9606.474490615266
