reservoir,value
1,32121.974524257093
2,1956.450442939595
3,12746.621637329174
4,1976.5744906152668
