reservoir,value
1,17103.023397437933
2,7924.829821704599
3,2923.1223697216014
4,3857.9627926071134
