reservoir,value
1,44513.823761975495
2,0.0
3,21060.26499300118
4,12744.9
