reservoir,value
1,0.0
2,19320.627114406714
3,26598.1
4,901.2000000000007
