reservoir,value
1,44786.42999999975
2,1301.072885593286
3,51806.1
4,12744.9
