plant,value
1,43147.90812777178
2,7163.661872228224
3,9900.9
4,7629.9
