reservoir,value
1,19959.168608635584
2,4069.3715205721146
3,4935.040390008425
4,2690.449787976567
