reservoir,value
1,31730.797322522023
2,5664.355274768295
3,4764.007660195217
4,4056.1301643637967
