reservoir,value
1,150521.25160104787
2,1049.4657613412346
3,43413.494409665516
4,9039.22531297656
