reservoir,value
1,62324.91020607287
2,0.0
3,38550.976960985405
4,7891.6130228717
