reservoir,value
1,37433.429100937006
2,6978.943457223828
3,13552.720436096253
4,8790.320340791324
