reservoir,value
1,124556.22106715853
2,13174.261254369807
3,46945.84161025446
4,3567.972076659957
