reservoir,value
1,38015.09791213827
2,8499.982953523968
3,9373.511882912242
4,14141.16876253155
