reservoir,value
1,136059.30416888374
2,0.0
3,21280.527485730494
4,12744.9
