reservoir,value
1,49715.705682675776
2,6000.791797717384
3,17249.27315111015
4,21039.626232905815
