reservoir,value
1,163606.82980442987
2,0.0
3,47529.13095111166
4,12744.9
