reservoir,value
1,71260.31612593553
2,7243.950974105906
3,0.0
4,389.3134448075998
