reservoir,value
1,30867.501888304756
2,6889.304842485439
3,10710.217378997564
4,14418.96502839296
