reservoir,value
1,78717.13969771539
2,3319.3923825777756
3,30536.26510182621
4,22510.191975636848
