reservoir,value
1,10581.503684405267
2,0.0
3,5288.371133930107
4,19931.202449194603
