reservoir,value
1,23174.113543007225
2,7249.948621727227
3,2793.6747647219854
4,1842.5965665269978
