reservoir,value
1,103004.21648719226
2,0.0
3,24400.756645808982
4,4530.680194080995
