reservoir,value
1,34489.46349867856
2,15329.974792080822
3,4350.549406819205
4,8620.443497837294
