reservoir,value
1,121830.80235577517
2,19617.2
3,21074.877185342346
4,990.5434978385923
