reservoir,value
1,141636.35013909475
2,0.0
3,26307.965757996462
4,12744.9
