reservoir,value
1,22502.453771949244
2,4522.269851932542
3,5238.488812767891
4,5673.591616557118
