reservoir,value
1,80847.48530722996
2,0.0
3,22454.230772463095
4,12744.9
