reservoir,value
1,39001.759513230114
2,9523.664829372636
3,9673.331778672116
4,9059.73488579311
