reservoir,value
1,60417.78240117426
2,5860.488210244595
3,6192.282017896762
4,0.0
