reservoir,value
1,22721.213247023778
2,9645.408643103992
3,5267.7258783763245
4,4235.274379252024
