reservoir,value
1,91962.6586678604
2,0.0
3,35863.21334334653
4,8317.468413641087
