reservoir,value
1,28405.31004761698
2,11218.849286557845
3,3557.7622321048098
4,2234.3172557595403
