reservoir,value
1,23403.551895010074
2,0.0
3,2021.3740484677382
4,5045.767090571523
