reservoir,value
1,27652.893562648555
2,6421.697913118439
3,5243.116542379218
4,7433.934608011297
