reservoir,value
1,114975.76444792832
2,0.0
3,39793.19313013212
4,12744.9
