reservoir,value
1,34432.07498630779
2,5612.336375499113
3,11138.435034387861
4,6605.142004259799
