reservoir,value
1,42934.88806697402
2,3955.35325971379
3,7911.2705425236045
4,15340.391465791578
