reservoir,value
1,132784.35048728695
2,0.0
3,22988.185766475282
4,12744.9
