reservoir,value
1,33370.901149539844
2,3986.37406102352
3,0.0
4,150.7937863733132
