reservoir,value
1,28740.77197991353
2,10708.825379187152
3,4353.80558214741
4,2523.456692098498
