reservoir,value
1,117905.53508972777
2,17244.52537918715
3,30125.523404038307
4,3201.693564808609
