reservoir,value
1,46434.47383311026
2,23188.568859000578
3,7426.2404340566745
4,10815.553332214244
