reservoir,value
1,48471.03356270156
2,26551.329191332137
3,7877.992006843378
4,6597.414492533131
