reservoir,value
1,29248.864039746295
2,27100.994305654916
3,2637.1905344518705
4,2296.929891101626
