reservoir,value
1,153659.0247775524
2,19617.2
3,7540.113646593336
4,5524.683485633877
