reservoir,value
1,118136.24409992478
2,0.0
3,27379.83633341302
4,10560.562386923251
