reservoir,value
1,125941.3681956772
2,0.0
3,11007.387601495444
4,12744.9
