reservoir,value
1,15420.411496359815
2,24593.639873926717
3,4734.526597441258
4,2362.5751143765237
