reservoir,value
1,101651.01030719501
2,11512.139873926813
3,36629.843014721206
4,3531.386800076701
