reservoir,value
1,18479.45634172973
2,12133.671783229054
3,3193.7484221508207
4,2076.959712123318
