reservoir,value
1,38564.992274095486
2,6816.156480895121
3,6731.633791054364
4,13199.61683248487
