reservoir,value
1,133560.0262623068
2,4283.413982416227
3,18333.70482454706
4,12744.9
