reservoir,value
1,39135.72535377581
2,14709.232369445022
3,12613.922610637295
4,22384.914237621433
