reservoir,value
1,0.0
2,340.0867345169918
3,0.0
4,14755.014237621433
