reservoir,value
1,15701.07014965883
2,0.0
3,0.0
4,1236.47057601112
