reservoir,value
1,31171.247555578935
2,19692.528984447665
3,3643.8970322441232
4,3473.1221827420904
