reservoir,value
1,89690.51420087507
2,19617.2
3,3075.4011289189375
4,0.0
