reservoir,value
1,16060.4324262656
2,5036.741189303484
3,2608.9563105201455
4,3413.6514150006506
