reservoir,value
1,57399.27988168446
2,0.0
3,5780.622310545279
4,9741.329238410492
