reservoir,value
1,18631.494149806727
2,8569.13044386854
3,3610.5891803862223
4,2145.8675241359133
