reservoir,value
1,18956.4967020126
2,0.0
3,25297.313773787584
4,4888.887905682484
