reservoir,value
1,20053.56829115549
2,9000.1194959342
3,4001.3120250880693
4,2751.5765954729336
