reservoir,value
1,30952.510831018182
2,3681.762106344575
3,899.0519011424831
4,731.9201408117979
