reservoir,value
1,35976.83387472506
2,7037.17916382429
3,8691.109704308177
4,4947.090413409389
