reservoir,value
1,64475.389778598765
2,5666.77534310875
3,7391.510725613651
4,0.0
