reservoir,value
1,114621.39935551959
2,12186.131314738948
3,31362.670957082148
4,5929.42525656808
