reservoir,value
1,71991.49067415288
2,4721.494299597314
3,16636.495787469063
4,15653.745900728962
