reservoir,value
1,123393.31093722612
2,661.9195656578886
3,29483.73369767361
4,12744.9
