reservoir,value
1,141009.3905
2,6612.847200000005
3,26830.879100000006
4,0.0
