reservoir,value
1,94948.25509860691
2,0.0
3,50012.627712353686
4,12744.9
