reservoir,value
1,45308.399600754885
2,2762.7765913979765
3,18880.857368397094
4,20188.02632774762
