reservoir,value
1,15687.905821379998
2,6970.1155887224395
3,3672.5303370497713
4,3373.4089896662526
