reservoir,value
1,21312.35632946503
2,6780.066827068747
3,2834.739768439067
4,6693.405071214052
