reservoir,value
1,13417.839527564682
2,1177.8573206179087
3,3302.344792805785
4,3276.9649198798243
