reservoir,value
1,85413.83626985253
2,0.0
3,17007.12350875133
4,9241.634190828197
