reservoir,value
1,14250.882625781433
2,6756.01747969349
3,2834.888762633859
4,1349.3595376039223
