reservoir,value
1,42332.16084143943
2,0.0
3,7378.604421845221
4,4402.347443964757
