reservoir,value
1,91545.32755877968
2,7152.342050526862
3,19424.95087908931
4,19396.479539776232
