reservoir,value
1,23073.51172689087
2,10509.723276387678
3,2278.1707529253563
4,1282.3146579802863
