reservoir,value
1,14636.63628542749
2,17045.42327638768
3,3490.7662311234217
4,2850.609546068935
