reservoir,value
1,24187.918335977014
2,6395.282363565813
3,3198.82569147148
4,2631.525368603159
