reservoir,value
1,55871.713204227
2,0.0
3,12863.711301756284
4,0.0
