reservoir,value
1,7081.370173486088
2,828.2000000000007
3,39687.50004597994
4,12744.9
