reservoir,value
1,23425.642793000643
2,4455.0606453035125
3,4231.85338973562
4,3242.9147846733003
