reservoir,value
1,99333.10061949064
2,0.0
3,31274.196245902942
4,12299.799946843126
