reservoir,value
1,20709.69729499372
2,12990.76805317594
3,3670.5421658715736
4,2695.8585850243985
