reservoir,value
1,73495.16269550927
2,6701.431588547068
3,13367.429035954949
4,11686.7748490722
