reservoir,value
1,54781.202081804004
2,4563.79677071669
3,12539.72916728815
4,19339.22750527824
