reservoir,value
1,200717.6
2,0.0
3,30624.89213992133
4,11709.32750527824
