reservoir,value
1,48462.61563571874
2,16527.202985833348
3,10988.09774545403
4,7020.210348727434
