reservoir,value
1,82054.00446348629
2,19617.2
3,6467.6264662774065
4,0.0
