reservoir,value
1,39577.99903366316
2,61558.68780059061
3,3862.6856416598034
4,2202.522332907052
