reservoir,value
1,76655.09869049324
2,5619.533238599826
3,41137.46182644941
4,12744.9
