reservoir,value
1,23965.44941555466
2,13520.17485974072
3,3077.5251408894596
4,1991.4636225732404
