reservoir,value
1,42799.68087311711
2,3589.7676603398854
3,13227.584994320307
4,5328.26352631934
