reservoir,value
1,17200.94652747421
2,19481.828068410716
3,3288.2203570627066
4,2504.5204277237394
