from,to,value
1,1,0.0
1,2,5445.500000001583
1,3,0.0
1,4,0.0
1,5,0.0
2,1,0.0
2,2,0.0
2,3,0.0
2,4,0.0
2,5,0.0
3,1,1000.0
3,2,0.0
3,3,0.0
3,4,0.0
3,5,1287.2946764771916
4,1,0.0
4,2,0.0
4,3,0.0
4,4,0.0
4,5,0.0
5,1,472.39467647611764
5,2,0.0
5,3,0.0
5,4,814.9000000005509
5,5,0.0
