reservoir,value
1,21950.160239302026
2,18569.24019684345
3,5052.726564751693
4,3057.1873147092597
