reservoir,value
1,38743.77995293867
2,5487.74019684345
3,0.0
4,2431.5315428369922
