reservoir,value
1,21797.40014023723
2,9360.538351710456
3,4671.10493674724
4,3152.169187068299
