reservoir,value
1,46356.4978
2,8800.5972
3,15796.349699999999
4,14000.888599999998
