reservoir,value
1,39744.32636422562
2,13768.020703310714
3,11764.44864918811
4,9859.33762110288
