reservoir,value
1,27685.587813853228
2,7767.68829835824
3,7395.039269385382
4,6803.40992748109
