reservoir,value
1,45717.86959713667
2,14303.38829835824
3,0.0
4,0.0
