reservoir,value
1,13582.441942904952
2,3942.521871766974
3,3470.9727743691064
4,2283.8330307591755
