reservoir,value
1,13691.0934033499
2,13682.198677551507
3,2435.5911497453108
4,1923.0499157449135
