from,to,value
1,1,0.0
1,2,2912.7400000000166
1,3,0.0
1,4,0.0
1,5,0.0
2,1,0.0
2,2,0.0
2,3,0.0
2,4,0.0
2,5,0.0
3,1,0.0
3,2,0.0
3,3,0.0
3,4,0.0
3,5,0.0
4,1,0.0
4,2,0.0
4,3,0.0
4,4,0.0
4,5,1548.8658274021327
5,1,1232.4658274021222
5,2,0.0
5,3,316.40000000000146
5,4,0.0
5,5,0.0
