reservoir,value
1,24541.334980186162
2,19965.17462697735
3,5108.617717758376
4,5078.134172597867
