reservoir,value
1,83919.71851962924
2,13658.841240283797
3,42590.6503700152
4,12744.9
