reservoir,value
1,24783.98836135663
2,11664.627773141054
3,5320.616716453118
4,2649.2944418684624
