reservoir,value
1,117521.74307985036
2,1561.9728854702548
3,40764.479895305485
4,5773.238665705601
