reservoir,value
1,66079.9759056
2,2130.98544532
3,10107.549015059998
4,19832.472388799997
