reservoir,value
1,154202.81765618245
2,2348.908845321295
3,15768.722715060001
4,12744.9
