reservoir,value
1,47762.45410237839
2,4323.744402803193
3,11042.293710073236
4,7614.136397412558
