reservoir,value
1,50240.346974474465
2,9030.048631821774
3,16199.57690474841
4,5066.701694210544
