reservoir,value
1,75150.1244737936
2,0.0
3,14616.525719598954
4,0.0
