reservoir,value
1,131838.35889311766
2,0.0
3,49907.58150760185
4,6556.353004752132
