reservoir,value
1,77006.18677801403
2,16030.547038899767
3,19871.422042937116
4,10423.754816132423
