reservoir,value
1,39897.912928814556
2,27605.503704549803
3,15420.757531079553
4,14649.49119863976
