reservoir,value
1,0.0
2,14524.003704549803
3,5519.857531079553
4,2974.001399447221
