reservoir,value
1,24349.376788447295
2,6627.99892106247
3,2857.800391932662
4,3250.323051674971
