reservoir,value
1,92078.09693761881
2,1229.298921062083
3,0.0
4,686.172431929187
