reservoir,value
1,28800.466310533717
2,10825.4135044977
3,5195.019111350546
4,2323.4357481220795
