reservoir,value
1,33351.45727441728
2,8311.662097827852
3,9600.702600540168
4,13701.220383230968
