reservoir,value
1,46104.75404066971
2,3678.753417651657
3,10684.636940114404
4,14180.992665435726
