reservoir,value
1,131517.291842232
2,6402.022628234099
3,31787.654567288955
4,12744.9
