reservoir,value
1,69564.0613396548
2,3349.9824052847234
3,10416.948517243889
4,7378.266810884417
