reservoir,value
1,90776.33046818344
2,3164.4518105265124
3,5981.648517243889
4,0.0
