from,to,value
1,1,0.0
1,2,5304.499999999996
1,3,0.0
1,4,0.0
1,5,0.0
2,1,0.0
2,2,0.0
2,3,0.0
2,4,0.0
2,5,0.0
3,1,1000.0
3,2,0.0
3,3,0.0
3,4,0.0
3,5,3180.5753780034593
4,1,0.0
4,2,0.0
4,3,0.0
4,4,0.0
4,5,819.4246219965672
5,1,4000.0
5,2,0.0
5,3,0.0
5,4,0.0
5,5,0.0
