reservoir,value
1,7880.489010215693
2,2784.0146273134087
3,0.0
4,0.0
