reservoir,value
1,52931.558600113945
2,18393.250260775785
3,14820.417058840687
4,10419.572317523063
