reservoir,value
1,16290.582542005202
2,12813.802296106296
3,8223.822627236226
4,8848.577693596551
