reservoir,value
1,41799.16189455796
2,7889.5620342398615
3,8592.665394878986
4,18795.036055109817
