reservoir,value
1,52736.36932093999
2,4620.62550121
3,12721.060935919999
4,22624.76157766
