reservoir,value
1,17112.216806263572
2,5273.1307552890485
3,2130.8889776461483
4,1257.725573735842
