reservoir,value
1,75937.43797639034
2,3000.0113622635927
3,1982.693672952758
4,2276.048162565014
