reservoir,value
1,39920.67302234619
2,4417.135256743551
3,4031.7285159193607
4,10122.873451508585
