reservoir,value
1,25952.506470339362
2,10722.758539612887
3,5519.800526398925
4,4801.546982348239
