reservoir,value
1,159819.05292324437
2,0.0
3,12441.065841490215
4,9916.54698234643
