reservoir,value
1,37575.78828081887
2,3116.483126910949
3,5541.088702026449
4,11912.958377203973
