reservoir,value
1,23823.403117921916
2,4010.935531487519
3,6591.764196462229
4,5646.415376007055
