reservoir,value
1,163756.5944460018
2,12492.631651086214
3,48496.96419646223
4,9030.24004043698
