reservoir,value
1,119318.94266293259
2,19617.2
3,35399.892616751
4,5650.635422726842
