reservoir,value
1,42982.382369481544
2,9250.627442520432
3,9085.556311745331
4,23293.601309579106
