reservoir,value
1,21980.365024337676
2,3585.98488269909
3,4253.236681328511
4,3536.932234471258
