reservoir,value
1,132158.69078651202
2,0.0
3,16584.781014339867
4,9064.439730919024
