reservoir,value
1,16702.337379122466
2,9071.685751660068
3,4130.856102024858
4,3268.641200045615
