reservoir,value
1,13355.333410891362
2,5745.231027423057
3,2680.873252850301
4,1807.5480556981852
