reservoir,value
1,21208.79828561999
2,9392.19769871765
3,4590.564770695983
4,1862.4089642944925
