reservoir,value
1,29709.495913824285
2,9135.197698718357
3,24696.647591165176
4,2526.3763201793226
