reservoir,value
1,12565.41130095214
2,8833.133573961302
3,2188.620437741153
4,2020.4233179529608
