reservoir,value
1,12183.463505273552
2,10629.693492055447
3,0.0
4,14608.906069103734
