reservoir,value
1,200717.6
2,19617.2
3,39984.67115072006
4,6832.862813305477
