reservoir,value
1,36602.0266122609
2,1214.218785067233
3,8934.95664631523
4,9566.978116939266
