reservoir,value
1,171128.48484185012
2,0.0
3,27267.582132277683
4,11135.31950022424
