reservoir,value
1,59731.48472989262
2,0.0
3,35861.033657344204
4,10983.127326748858
