reservoir,value
1,47294.94904095
2,7040.3086668
3,10146.3142062
4,11909.350268320002
