reservoir,value
1,129256.70840774997
2,0.0
3,19659.197806200005
4,12744.9
