reservoir,value
1,104892.73929770246
2,0.0
3,1753.4867527587455
4,12744.9
