reservoir,value
1,25138.205277428628
2,9987.707598268855
3,4074.1112727873824
4,8393.097017778613
