reservoir,value
1,44696.91881999388
2,7756.707971997369
3,9731.460032712197
4,6260.223094326178
