reservoir,value
1,28095.91526654127
2,3849.9125680395346
3,2751.2626640225794
4,4769.611339121561
