reservoir,value
1,0.0
2,3727.5546555541014
3,0.0
4,10704.317732805768
