reservoir,value
1,34904.042456150135
2,4900.964553084493
3,4603.653718036947
4,10233.759748113624
