reservoir,value
1,129004.7086484721
2,1911.9242172318725
3,35890.937149915146
4,12744.9
