reservoir,value
1,35351.49931481516
2,6100.737619202653
3,8105.626833248494
4,6742.73633422391
