reservoir,value
1,129244.68651146964
2,15503.56161071253
3,30580.59485018429
4,1183.68656061837
