reservoir,value
1,19756.283612671636
2,30742.91184789328
3,2505.4480235209307
4,1374.4501719595132
