reservoir,value
1,55441.57664304788
2,19617.2
3,4261.044977377277
4,2434.097325666435
