reservoir,value
1,47128.25456903626
2,5424.347805086944
3,13899.421979421557
4,14152.127808217501
