reservoir,value
1,0.0
2,0.0
3,3998.5219794215573
4,5495.11297610797
