reservoir,value
1,77012.65533866099
2,10529.738780560972
3,51806.1
4,5023.874078525712
