reservoir,value
1,17629.228882012376
2,6182.107898447301
3,3357.4824601785804
4,3741.2345574978854
