reservoir,value
1,64036.26202612341
2,0.0
3,11590.917577776969
4,9273.134557500172
