reservoir,value
1,13001.810569010871
2,2245.7291135065425
3,2704.262609485843
4,1470.7825009654437
