reservoir,value
1,47664.08162281141
2,7948.073575841279
3,13946.392459054787
4,20298.938818877847
