reservoir,value
1,147009.46706221026
2,0.0
3,44446.36921058477
4,8031.659379493502
