reservoir,value
1,24919.039948384256
2,3129.547949752498
3,12559.8307869735
4,6325.660866593974
