reservoir,value
1,26054.480499108457
2,2731.547949752498
3,43526.205838675094
4,0.0
