reservoir,value
1,24472.07922756065
2,7005.3670233797075
3,9469.854220462592
4,4349.819284731887
