reservoir,value
1,23592.267264064372
2,1121.5195255186136
3,4145.720195999493
4,0.0
