reservoir,value
1,33691.507265194086
2,18799.575032395405
3,3868.5062305995743
4,4700.196000674413
