reservoir,value
1,4599.320533890437
2,8441.59681448048
3,934.1728501936566
4,0.0
