reservoir,value
1,26189.319371334703
2,14888.346369449238
3,3226.307668435114
4,4502.212075531001
