reservoir,value
1,98716.70715238084
2,1806.8463694492384
3,13021.802686741014
4,12744.9
