reservoir,value
1,23225.33715291197
2,10860.572067214256
3,4164.76013672687
4,3163.7640695682258
