reservoir,value
1,52588.59172242955
2,19617.2
3,18307.22048435958
4,10804.735055196874
