reservoir,value
1,21810.966026102513
2,7306.2348060817985
3,2663.3389540732
4,2911.895426050197
