reservoir,value
1,60307.19952694028
2,0.0
3,31376.425812419493
4,6847.443911191872
