reservoir,value
1,138393.236838457
2,0.0
3,15800.546253406648
4,12744.9
