reservoir,value
1,43888.7458494
2,4023.8035254799997
3,16437.883004
4,15290.501396059999
