reservoir,value
1,24097.51501525257
2,8749.450525710112
3,4714.340742904752
4,2640.922554570981
