reservoir,value
1,124753.29647267595
2,0.0
3,38179.33155032899
4,5074.3396491032045
