reservoir,value
1,17001.41965782857
2,7464.050285763067
3,4435.3517174672215
4,2876.2371835431536
