reservoir,value
1,13091.281855145544
2,8114.3407855232845
3,2244.51043145439
4,1296.6906919086143
