reservoir,value
1,9528.171250825033
2,0.0
3,133.7179362886306
4,2604.552065240682
