reservoir,value
1,0.0
2,0.0
3,926.4721333720227
4,10645.197418231704
