reservoir,value
1,36838.2484412427
2,7684.594133675963
3,8056.699485676712
4,21485.087858925064
