reservoir,value
1,134192.08893895868
2,0.0
3,12146.492161646716
4,7708.640422411118
