reservoir,value
1,156936.540584146
2,0.0
3,18832.87192426611
4,12744.9
