reservoir,value
1,25200.82850200991
2,69528.42848271185
3,3572.6289906232555
4,6470.837524757744
