reservoir,value
1,104040.41505702492
2,19617.2
3,21611.054242419872
4,12744.9
