reservoir,value
1,51779.03065691574
2,3380.635014962445
3,15160.822421201232
4,4955.818818403906
