reservoir,value
1,54699.32299709438
2,6932.644445341589
3,5259.922421201232
4,0.0
