reservoir,value
1,58418.35398001279
2,3041.708475141858
3,9999.360152326724
4,20464.782791560803
