reservoir,value
1,166366.4957710525
2,0.0
3,22650.438771516714
4,12744.9
