reservoir,value
1,19566.738798962197
2,6055.282315118932
3,2407.4336271720595
4,2588.011096522903
