reservoir,value
1,44348.33449290852
2,8306.79547664845
3,19758.415496710877
4,14519.900934754824
