reservoir,value
1,29287.05641250405
2,23528.266874450936
3,5575.903473105516
4,2577.3837992602585
