reservoir,value
1,85907.90622814823
2,19617.2
3,13161.375523143211
4,1148.4806303903715
