reservoir,value
1,33298.90025000153
2,5546.093597924782
3,8931.751231910948
4,13730.510430519262
