reservoir,value
1,42708.47593814685
2,17110.560285232437
3,4250.903861566311
4,1609.9062353537777
