reservoir,value
1,88767.13748200782
2,4029.0602852327625
3,13450.24068166054
4,2943.3384685715823
