reservoir,value
1,37997.18584755632
2,6903.68282390888
3,18711.21589956579
4,21775.694686580664
