reservoir,value
1,123714.83158574002
2,0.0
3,38375.23174122579
4,12744.9
