reservoir,value
1,55472.28727174841
2,7090.731239129307
3,15901.61157742432
4,14701.332497289146
