reservoir,value
1,23138.611345892165
2,7858.0911443835985
3,3689.1800608768162
4,1827.5397150692213
