reservoir,value
1,25231.610173486093
2,7782.700000000001
3,33554.40004597994
4,12744.9
