reservoir,value
1,118982.58280632796
2,0.0
3,28228.97679164922
4,12744.9
