reservoir,value
1,80407.971788225
2,5351.128392326308
3,12373.814721540384
4,421.1913894169786
