reservoir,value
1,21173.166790004518
2,14462.956085873204
3,2714.7185215140853
4,3390.38003190046
