reservoir,value
1,108875.52713745844
2,1381.4560858732038
3,5496.260210253324
4,12744.9
