reservoir,value
1,10440.736863339
2,0.0
3,4660.605095939662
4,1178.2949716930998
