reservoir,value
1,30264.053901628213
2,9039.373304181572
3,5943.610762023163
4,8127.399236074738
