reservoir,value
1,0.0
2,0.0
3,46419.11868287007
4,23605.795045480732
