reservoir,value
1,57947.71792032869
2,0.0
3,14543.48050871207
4,0.0
