reservoir,value
1,25567.28613194899
2,35042.64803707783
3,2794.430273565463
4,1498.9840498562141
