reservoir,value
1,84414.70121907782
2,19617.2
3,3358.034810702058
4,844.5048731824198
