from,to,value
1,1,0.0
1,2,0.0
1,3,600.0
1,4,0.0
1,5,441.8484603135494
2,1,3532.89099091615
2,2,0.0
2,3,0.0
2,4,0.0
2,5,0.0
3,1,0.0
3,2,0.0
3,3,0.0
3,4,0.0
3,5,0.0
4,1,0.0
4,2,0.0
4,3,0.0
4,4,0.0
4,5,99.75153968721676
5,1,0.0
5,2,0.0
5,3,541.6000000007297
5,4,0.0
5,5,0.0
