reservoir,value
1,18962.746551654964
2,4005.10900908385
3,5308.0472606566855
4,1930.6270671675838
