reservoir,value
1,32375.643280860913
2,0.0
3,24407.299903477495
4,2100.7726660827357
