reservoir,value
1,57025.299756100736
2,1967.05829372606
3,12023.5375426282
4,17180.59929057882
