reservoir,value
1,164545.40364860673
2,0.0
3,28701.61856312821
4,12744.9
