reservoir,value
1,47742.133538369824
2,19617.2
3,3531.86543537521
4,405.4241384447827
