reservoir,value
1,37053.96748748378
2,10507.498514122111
3,5307.885060073524
4,4858.6313283464115
