reservoir,value
1,162149.18931413704
2,0.0
3,51806.1
4,9260.932424981727
