plant,value
1,44987.170000000006
2,6271.200000000001
3,9900.9
4,7629.9
