reservoir,value
1,14772.957241686632
2,12681.343594306272
3,3090.1272345750267
4,2944.759587077196
