reservoir,value
1,59087.57861872575
2,0.0
3,17373.66512042345
4,10149.745282469483
