reservoir,value
1,0.0
2,11113.499999999918
3,554.1999999999971
4,6273.200000000001
