reservoir,value
1,87971.91152802146
2,0.0
3,11215.33480161258
4,12744.9
