reservoir,value
1,31779.995952118654
2,17967.74665903049
3,3166.791389440138
4,5340.178026477339
