reservoir,value
1,106267.42173690541
2,4886.24665903049
3,19587.933489026153
4,12744.9
