reservoir,value
1,11684.553266761723
2,9091.161853134496
3,2846.917670710317
4,1233.7832502074054
