reservoir,value
1,49389.58643301732
2,30011.17855180934
3,8339.002562910562
4,6558.0697510265945
