reservoir,value
1,113688.38038905298
2,19617.2
3,7816.0329296901
4,0.0
