reservoir,value
1,115859.67692444623
2,0.0
3,18895.469749280004
4,9859.626313093147
