reservoir,value
1,24136.050524887112
2,14609.139310044835
3,5106.716991278454
4,3438.1066820577103
