reservoir,value
1,32372.542011880956
2,2487.6609661789203
3,7525.3343797648395
4,15649.269199408734
