reservoir,value
1,108505.8437227996
2,0.0
3,16639.41943316551
4,12744.9
