reservoir,value
1,21122.454337602197
2,7477.704909219812
3,4546.065828125924
4,4118.511540798412
