reservoir,value
1,108740.47531589397
2,0.0
3,36134.782382787256
4,7132.521636861387
