reservoir,value
1,106190.25880000004
2,3446.783199999966
3,22150.228500000005
4,1695.4872355190435
