reservoir,value
1,74145.24595697723
2,12614.296035883244
3,41158.03381672639
4,3468.54998943426
