reservoir,value
1,66259.3517198
2,7125.358488559999
3,19998.36486063
4,17840.846757839998
