reservoir,value
1,142916.5607198
2,6579.086188559957
3,41166.23916063001
4,12744.9
