reservoir,value
1,23988.864582198352
2,17316.771864928705
3,3363.152638848961
4,8563.143756551457
