reservoir,value
1,116242.3284914126
2,8704.858536249896
3,9943.442083425147
4,12744.9
