reservoir,value
1,53392.76240600479
2,2360.133688601778
3,17198.311627070834
4,19705.584371005993
