reservoir,value
1,0.0
2,0.0
3,5179.328590850151
4,1262.6150274196334
