reservoir,value
1,155707.80726963314
2,3248.8638976507136
3,51806.1
4,10813.069343586361
