reservoir,value
1,30946.754686897657
2,14258.265108005278
3,6747.923718816003
4,2640.70288605938
