reservoir,value
1,60898.70080993096
2,18133.7
3,11717.200045458825
4,0.0
