reservoir,value
1,47462.136042595186
2,9575.456182131797
3,10482.019006557604
4,16362.01336011204
