reservoir,value
1,67618.09565527961
2,4632.550027674064
3,26950.848748783945
4,24003.692345761636
