reservoir,value
1,2825.900737754854
2,0.0
3,0.0
4,27336.444161645377
