reservoir,value
1,200717.6
2,1576.49871338941
3,46613.85996525162
4,1782.2481841163797
