reservoir,value
1,113183.60692166026
2,0.0
3,49756.66807176326
4,12611.840102151085
