reservoir,value
1,23561.89282465645
2,17829.86783939359
3,3171.3290231828673
4,1924.6577483077197
