reservoir,value
1,96231.269408308
2,9755.78018718964
3,9659.861957480407
4,7016.62552745426
