reservoir,value
1,36730.105077416076
2,10016.04097307422
3,8602.63614506349
4,12108.589011078566
