reservoir,value
1,147684.4727945361
2,32.57590687227457
3,39398.02894276346
4,4478.689011078566
