reservoir,value
1,30568.06408225798
2,16973.00007117745
3,9728.23245054019
4,7049.309686650362
