reservoir,value
1,19370.76187899417
2,7793.642292255715
3,5416.62025560573
4,6527.288316610554
