reservoir,value
1,144051.98268686558
2,0.0
3,44893.609129033386
4,12744.9
