reservoir,value
1,24573.734126354815
2,16244.448888837167
3,3310.5410610310887
4,1499.798073447836
