reservoir,value
1,33811.12104247388
2,3162.948888837167
3,3278.119408196465
4,2472.145517412593
