reservoir,value
1,20749.20861731912
2,11254.786566411221
3,5386.957267940852
4,4034.9230789821295
