reservoir,value
1,96717.96474016589
2,0.0
3,23902.519835657855
4,12744.9
