reservoir,value
1,18529.57616518134
2,29282.096723913193
3,2601.169676913775
4,1787.743381747154
