reservoir,value
1,95471.99395241002
2,18500.5245831618
3,2782.718496710103
4,3837.8747670389803
