reservoir,value
1,33047.16186615118
2,23458.476796354436
3,4799.132859854423
4,4110.895987313737
