reservoir,value
1,142825.62437640387
2,19617.2
3,29857.344731280697
4,12744.9
