reservoir,value
1,25166.818363856502
2,22988.27581435768
3,2314.832493252879
4,1454.2724934607554
