reservoir,value
1,79733.05903225316
2,18145.328497822153
3,19757.804390205943
4,8836.899686056737
