reservoir,value
1,22619.047589193025
2,10485.60154353489
3,944.2372255086428
4,583.6224383160596
