reservoir,value
1,39577.33487170145
2,9207.686207415509
3,9315.736688977799
4,14964.94701401808
