reservoir,value
1,123624.478126417
2,0.0
3,24503.367011997798
4,10214.670195726329
