reservoir,value
1,52533.00498161562
2,0.0
3,13101.567467326226
4,1665.4707297639088
