reservoir,value
1,12042.098742084376
2,2894.8439932739984
3,3174.0240580611257
4,2868.859746046511
