reservoir,value
1,61998.18763266341
2,6334.780867347177
3,14637.66003153887
4,17196.35293935992
