reservoir,value
1,16136.659259146323
2,4282.601293279473
3,2341.508872820426
4,1268.667915185747
