reservoir,value
1,19207.494911391128
2,18141.659290837055
3,5239.789517966544
4,2909.4092544144314
