reservoir,value
1,94202.94691973299
2,19617.2
3,42589.254969360394
4,11935.309254414431
