reservoir,value
1,20297.935548174926
2,8264.776252020336
3,7147.893617680333
4,2498.1789554660436
