reservoir,value
1,13622.971519039282
2,26780.905705780628
3,2630.2945955424934
4,2087.76453503874
