reservoir,value
1,39133.52295100265
2,5150.524904518492
3,5641.7817544161835
4,3574.095397224214
