reservoir,value
1,114516.86915596618
2,5047.967955534965
3,13052.34017696571
4,360.27409311323936
