reservoir,value
1,14509.724332765023
2,6067.600422576605
3,3221.9838099111807
4,2589.8791575052915
