reservoir,value
1,91149.76200917494
2,13273.198984962992
3,7912.6913900079
4,11713.14534892956
