reservoir,value
1,6146.88583168319
2,828.2000000000007
3,51806.1
4,12744.9
