reservoir,value
1,25265.683176968592
2,5274.316092665837
3,10173.1769750304
4,3737.9652960197263
