reservoir,value
1,94500.72414787117
2,2067.7792637732623
3,51806.1
4,12744.9
