reservoir,value
1,27959.565539194806
2,8409.763845825952
3,3897.8637859832343
4,3504.9981111852226
