reservoir,value
1,54019.01562812517
2,9727.227022406152
3,16810.949061024563
4,9046.380116884118
