reservoir,value
1,28256.624151316668
2,0.0
3,10554.31176842956
4,5576.2338683913495
