reservoir,value
1,94051.03489420569
2,8372.12830442758
3,16653.668064244008
4,12391.29137533324
