reservoir,value
1,28680.784608483074
2,13520.656668957603
3,2746.050939649512
4,1525.6508319184657
