reservoir,value
1,101309.85013467455
2,8800.35682606881
3,5462.879605782459
4,2073.057446159269
