reservoir,value
1,44291.82607760083
2,5361.43331343235
3,8413.381535909155
4,17962.217144174323
