reservoir,value
1,73311.91650593781
2,0.0
3,9578.985299470332
4,9416.849834380058
