reservoir,value
1,109491.09690000002
2,0.0
3,20106.337300000003
4,12744.9
