reservoir,value
1,126200.22908450602
2,0.0
3,30308.093887148916
4,12744.9
