reservoir,value
1,168171.80040818214
2,0.0
3,18348.955988759157
4,4941.420941022139
