reservoir,value
1,23074.824815553533
2,18774.204372703374
3,3619.601358955838
4,1922.541987936428
