reservoir,value
1,10666.167933105076
2,10571.99250937171
3,12501.344544650436
4,3106.5929634434992
