reservoir,value
1,145576.2241882029
2,0.0
3,17957.322903960667
4,12710.442226528385
