reservoir,value
1,61804.217682234084
2,17824.170691619183
3,9600.39226135609
4,12744.9
