reservoir,value
1,24316.27884765155
2,6391.781881616789
3,4101.4061060587
4,3059.897476176945
