reservoir,value
1,20672.58694082494
2,13773.449180292708
3,2271.065167657412
4,1630.3503981982356
