reservoir,value
1,85952.01800645169
2,1980.8791802926946
3,1902.8606323742151
4,3324.1128038237316
