reservoir,value
1,16232.113116150122
2,12160.816095293996
3,3063.558975280923
4,2159.8779545319985
