reservoir,value
1,1483.8817438906117
2,1085.6670173165953
3,3750.1225667383264
4,645.606765147968
