reservoir,value
1,19953.6438407074
2,12667.973250599189
3,3906.6530654121757
4,3559.930588647285
