reservoir,value
1,82680.67416687674
2,3542.602893978323
3,14690.496923373232
4,12585.830588647284
