reservoir,value
1,122837.75922422
2,0.0
3,22375.303839200005
4,7601.348197135421
