reservoir,value
1,105803.26373297969
2,0.0
3,15223.728643159775
4,12744.9
