reservoir,value
1,32630.102429952225
2,11698.548939194667
3,3970.7795402798156
4,10169.898584902736
