reservoir,value
1,69030.20226948665
2,0.0
3,9865.061233339915
4,12744.9
