reservoir,value
1,48397.06984197062
2,9790.645256473243
3,6385.860582409756
4,10579.636494359156
