reservoir,value
1,33449.124571595814
2,12650.189934956776
3,2429.9738205034123
4,1709.8945808522435
