reservoir,value
1,164938.04440140762
2,2448.9312865848606
3,2698.3066468589227
4,8555.691826817638
