reservoir,value
1,19352.348453439976
2,24921.601290472587
3,2721.3203865124924
4,1952.0063145663075
