reservoir,value
1,47370.193554255864
2,5365.440562902306
3,14467.464421457098
4,12744.9
