reservoir,value
1,58814.461283814635
2,18917.169769916574
3,11518.25390822302
4,16217.400704021526
