reservoir,value
1,76178.66229848
2,7139.289671349999
3,21760.0410084
4,18556.420879600002
