reservoir,value
1,140652.56419852763
2,4657.5496713506645
3,37841.268208400004
4,12744.9
