reservoir,value
1,41242.51739432034
2,0.0
3,50227.51543177664
4,2116.0619813018106
