reservoir,value
1,28720.92559197927
2,5806.949151579183
3,5523.512878970214
4,2612.4494269912525
