reservoir,value
1,71426.45362351934
2,1184.2491515788843
3,1365.986448483863
4,316.104605067079
