from,to,value
1,1,0.0
1,2,4325.412466038938
1,3,143.78166285433326
1,4,0.0
1,5,142.40996550545924
2,1,0.0
2,2,0.0
2,3,0.0
2,4,0.0
2,5,0.0
3,1,0.0
3,2,0.0
3,3,0.0
3,4,0.0
3,5,0.0
4,1,0.0
4,2,0.0
4,3,0.0
4,4,0.0
4,5,0.0
5,1,0.0
5,2,0.0
5,3,0.0
5,4,142.40996550545796
5,5,0.0
