reservoir,value
1,27086.7390995193
2,20430.51216124507
3,5199.262020400387
4,1876.6099197564379
