reservoir,value
1,30934.174562921962
2,29595.411254633138
3,3165.8780141644843
4,4749.981133057534
