reservoir,value
1,110882.0891572203
2,19617.2
3,23381.86941328639
4,12744.9
