reservoir,value
1,14776.744166463512
2,14511.022946137164
3,2646.955204782915
4,1168.8356142776522
