reservoir,value
1,65601.86824111285
2,19617.2
3,1125.9843060745943
4,3814.265216554256
