reservoir,value
1,18834.96127703829
2,8284.008690413519
3,5787.289233959958
4,2830.0076248134606
