reservoir,value
1,13489.092560488441
2,2913.173291651711
3,3043.185927642252
4,2745.5984811701546
