reservoir,value
1,15384.043873564922
2,13141.656056112308
3,2417.860895045563
4,2235.2730967196103
