reservoir,value
1,108635.13742478404
2,60.15605611230785
3,10203.814266924965
4,8314.652577721114
