reservoir,value
1,138212.71697519484
2,19617.2
3,17785.78729049518
4,12744.9
