reservoir,value
1,42691.959073187165
2,8967.957115720254
3,7422.830414602181
4,8611.719259285697
