reservoir,value
1,98203.88442541387
2,1569.3821381541436
3,2684.018103346987
4,1027.5604541382693
