reservoir,value
1,24831.699810141352
2,3906.58568322847
3,10625.217839325342
4,12812.50763446059
