reservoir,value
1,112297.07358580478
2,0.0
3,30548.12755764328
4,12744.9
