reservoir,value
1,39111.64004995506
2,3290.774686088913
3,8431.249491892853
4,10610.395015875729
