reservoir,value
1,38147.507118211855
2,3569.3868726075043
3,12214.52344657661
4,12342.281474754607
