reservoir,value
1,79373.78488480838
2,0.0
3,40139.189634100156
4,11927.796747401757
