reservoir,value
1,21237.248466061064
2,6997.1578721178885
3,6400.045294807836
4,2881.539873931254
