reservoir,value
1,82651.0399439403
2,0.0
3,47431.26161790974
4,5381.3519332492215
