reservoir,value
1,21231.636227234616
2,11310.960772601924
3,3390.9487885188937
4,2016.4497099836487
