reservoir,value
1,138073.51392288168
2,0.0
3,26592.406227493117
4,5281.721091178475
