reservoir,value
1,18691.873648283705
2,10432.346192892051
3,2929.316376977957
4,2099.8475212982376
