reservoir,value
1,33486.2317328121
2,3692.6528640551824
3,7109.60556798977
4,12984.719194587004
