reservoir,value
1,40381.06013174652
2,0.0
3,28389.52425448317
4,12744.9
