reservoir,value
1,52448.68113106066
2,6821.698437182256
3,17959.911060724
4,23828.76209780555
