reservoir,value
1,134245.96758318893
2,0.0
3,43300.3628267279
4,5004.451120631852
