reservoir,value
1,131003.24182942574
2,0.0
3,27454.38516958848
4,11329.88891340724
