reservoir,value
1,45235.940508654116
2,3522.1223303719958
3,14487.366042115329
4,18258.431281222052
