reservoir,value
1,154661.50053325703
2,134.02951522874628
3,29559.46108630833
4,7662.161674860782
