reservoir,value
1,39150.11384844294
2,10959.678821074842
3,3081.5788525421895
4,3024.753747406924
