reservoir,value
1,13442.505741524936
2,8201.512148776292
3,5474.513155826464
4,3288.5463809464054
