reservoir,value
1,46132.96201664
2,9713.901577069999
3,18536.73832189
4,17375.9183528
