reservoir,value
1,140549.75229371001
2,0.0
3,36523.71622189
4,12744.9
