reservoir,value
1,61768.78493787214
2,1835.5497873623858
3,36068.59514802621
4,28140.79073704824
