reservoir,value
1,0.0
2,0.0
3,17475.05871546795
4,28834.5638060613
