reservoir,value
1,67377.04935978388
2,6770.035901610387
3,11894.86205460975
4,11108.024521653235
