reservoir,value
1,21067.516916584038
2,3814.9811079241163
3,7142.541154993032
4,9504.589669245968
