reservoir,value
1,94946.51042145566
2,0.0
3,36471.1690423671
4,12744.9
