reservoir,value
1,72014.66946
2,3839.47361793
3,21550.30378942
4,19355.9906906
