reservoir,value
1,15804.37162676677
2,3357.164740455667
3,2656.42565158615
4,2448.1301252346766
