reservoir,value
1,14932.344843274754
2,8274.224480245224
3,0.0
4,0.0
