reservoir,value
1,18489.32249896107
2,7977.247428548188
3,3920.2332000056244
4,2403.468911664693
