reservoir,value
1,16767.035975740597
2,0.0
3,20547.926388205236
4,1128.1982304569813
