reservoir,value
1,45466.25407231787
2,10182.514024360797
3,11704.913425331806
4,6641.368510013741
