reservoir,value
1,26701.187622099333
2,7349.436459494842
3,1804.0134253318065
4,0.0
