reservoir,value
1,14030.6342683632
2,5623.395847093586
3,2856.070538508878
4,2511.3062529095578
