reservoir,value
1,72720.49216013902
2,0.0
3,2445.6908843048604
4,10750.225325246585
