reservoir,value
1,29317.615372796652
2,8165.185046689254
3,7842.436459940617
4,13158.661186920564
