reservoir,value
1,151723.66785923176
2,0.0
3,44044.24562771419
4,12744.9
