reservoir,value
1,59304.343357548845
2,3271.51763935021
3,19955.8376108981
4,19682.431097954475
