reservoir,value
1,9307.814940130838
2,0.0
3,15823.81335673556
4,16158.045290371427
