reservoir,value
1,200717.6
2,1979.0556264070515
3,31632.75919457517
4,8639.385807583049
