reservoir,value
1,146674.6822964106
2,6319.4643105710265
3,51806.1
4,12744.9
