reservoir,value
1,73186.41778820104
2,8333.906126163538
3,12247.302263774282
4,10448.766593425331
