reservoir,value
1,12940.468517354304
2,0.0
3,23368.69759404267
4,1590.9373917690646
