reservoir,value
1,27704.329068811734
2,10672.59797491072
3,5193.602850660239
4,3714.2832406372913
