reservoir,value
1,18915.266320147937
2,5331.700000000001
3,0.0
4,12744.9
