reservoir,value
1,26819.224944237416
2,5373.544254915854
3,5184.995654627427
4,12421.227760588892
