reservoir,value
1,119119.49274171525
2,0.0
3,20910.695146765753
4,12744.9
