reservoir,value
1,113555.10469928072
2,0.0
3,47013.576173155074
4,12744.9
