reservoir,value
1,47063.979604671425
2,5730.201685047785
3,8091.551174433484
4,6093.8137503354765
