reservoir,value
1,55182.0122125455
2,0.0
3,5336.2459948344385
4,0.0
