reservoir,value
1,39199.21855161239
2,18989.074873080503
3,4509.294101219025
4,4539.304695233959
