reservoir,value
1,96882.69439303996
2,5907.574873080503
3,41566.24225463377
4,12744.9
