reservoir,value
1,14579.214290843165
2,8837.13065027749
3,3767.562421697293
4,2406.0341754123842
