reservoir,value
1,77162.17081397036
2,0.0
3,12316.519257298107
4,6690.019936851504
