reservoir,value
1,36929.75957996407
2,9223.931223605858
3,11269.711230712783
4,8749.288927214096
