reservoir,value
1,0.0
2,0.0
3,1368.811230712783
4,1119.3889272140968
