reservoir,value
1,87190.47756058339
2,10153.022674154394
3,30157.63823314836
4,4569.728467610086
