reservoir,value
1,30885.468854830182
2,107930.89994619018
3,3592.43918281291
4,4688.6536835393645
