reservoir,value
1,107478.66256624594
2,19617.2
3,23510.966957432785
4,12074.2812567144
