reservoir,value
1,17018.11036030748
2,9773.893502461871
3,3034.82429594632
4,1886.7591980479951
