reservoir,value
1,28191.020328573723
2,11705.217697476528
3,6420.599922191181
4,3022.5689672821027
