reservoir,value
1,40664.99907045854
2,7236.504018406492
3,14100.134513555375
4,12487.386402662
