reservoir,value
1,123459.61392064102
2,0.0
3,28328.38631783538
4,12744.9
