reservoir,value
1,32844.56240675027
2,5936.224113974844
3,6886.204742907601
4,4282.932092062614
