reservoir,value
1,34802.904114283294
2,11679.58622048686
3,7924.669885506754
4,11524.332429524453
