reservoir,value
1,26622.095505743368
2,17894.014527696865
3,3191.045808601941
4,14354.862185213391
