reservoir,value
1,121251.74389019399
2,8505.271572076606
3,2101.306461915978
4,12744.9
