reservoir,value
1,41546.4483156782
2,4512.200000000001
3,51806.1
4,0.0
