reservoir,value
1,82733.16333854994
2,13265.730915434482
3,38934.78962875232
4,704.1785535466133
