reservoir,value
1,91364.29540884562
2,13392.354137046275
3,17154.80061049423
4,0.0
