reservoir,value
1,16331.136276427736
2,10796.6334134688
3,3148.5478038634838
4,2433.241683478426
