reservoir,value
1,105710.32261810271
2,17052.14810452338
3,10090.63369583843
4,7557.695498505805
