reservoir,value
1,15651.514511873991
2,14964.34132075019
3,2470.9066178069115
4,1477.291966273777
