reservoir,value
1,16126.382227723425
2,1882.8413207501908
3,3849.645840668932
4,5857.497073739551
