reservoir,value
1,27147.908480598308
2,4069.607399278538
3,6076.284301653756
4,12161.302368601557
