reservoir,value
1,35230.822483553246
2,3378.1205376813477
3,6805.002815784977
4,4944.023016492521
