reservoir,value
1,45154.99808028522
2,4107.620669542406
3,12629.510623266327
4,13015.595213533265
