reservoir,value
1,62976.79085297313
2,0.0
3,29613.11542774623
4,5385.695213533265
