reservoir,value
1,35697.650621141176
2,1867.7000000000007
3,51806.1
4,12744.9
