reservoir,value
1,17956.625525368447
2,11506.708828279912
3,5706.398249062868
4,2988.0943310435205
