reservoir,value
1,124760.79315361723
2,0.0
3,45960.01297889748
4,6865.455554419809
