reservoir,value
1,111144.24006383595
2,19211.32371761607
3,13154.225438605496
4,7445.3002864107975
