reservoir,value
1,24136.477150865478
2,9605.394188903938
3,5111.9458045376
4,1737.9546064587855
