reservoir,value
1,85868.10641589561
2,15503.890478159246
3,8218.292881448502
4,2595.27956642728
