reservoir,value
1,55552.196169856594
2,3162.2577573597437
3,70039.59164688055
4,13119.188337417869
