reservoir,value
1,22668.508517909453
2,5933.225642734094
3,7256.45046818047
4,5103.052584734687
