reservoir,value
1,42552.72777295647
2,6390.935246213955
3,11495.212547625333
4,7668.143575733042
