reservoir,value
1,18923.286538707714
2,16023.30021808837
3,3152.8993456088992
4,4779.356495162496
