reservoir,value
1,97686.40105016503
2,2941.8002180883705
3,3581.360457552764
4,12744.9
