reservoir,value
1,103478.0025000001
2,0.0
3,18103.684800000003
4,12674.769
