reservoir,value
1,74019.66276395114
2,0.0
3,3401.65346527428
4,4684.751725523198
