reservoir,value
1,25853.139570982545
2,24032.286495439985
3,5369.603170806004
4,5091.4160143052395
