reservoir,value
1,93871.64275429636
2,19617.2
3,30268.266761246654
4,12744.9
