reservoir,value
1,22813.542818097398
2,19487.027466395775
3,2464.1903815028977
4,2737.96820259654
