reservoir,value
1,21954.65528574323
2,5501.46510870077
3,4181.659314579616
4,4235.438950354635
