reservoir,value
1,48892.054541479694
2,5940.484335893565
3,12444.689816454207
4,9254.327853534473
