reservoir,value
1,75475.10747647956
2,14965.932780073472
3,2543.7898164542075
4,1624.427853534473
