reservoir,value
1,19027.427657647688
2,20154.654922850204
3,4908.807104901593
4,2254.0516402056505
