reservoir,value
1,10777.213282840035
2,7073.1549228502045
3,26839.654140221217
4,1863.8261418490415
