reservoir,value
1,56494.203918121566
2,4813.431557919299
3,10451.481898914459
4,5717.5894849802025
