reservoir,value
1,34871.23394930562
2,9784.726952259112
3,5651.722294419175
4,5730.9691743463845
