reservoir,value
1,39345.005383833806
2,5775.980107024712
3,14389.500615291192
4,16465.981351521164
