reservoir,value
1,105360.25670863452
2,0.0
3,51806.1
4,11998.885787011484
