reservoir,value
1,118770.41710087587
2,19617.2
3,16936.53789057171
4,10323.286329308765
