reservoir,value
1,86335.35498448118
2,4467.447276648083
3,15046.445559213422
4,11676.456818510933
