reservoir,value
1,37172.62445050209
2,1472.9342331361472
3,12728.654019742451
4,15888.231131608243
