reservoir,value
1,192475.92445048975
2,72.50128085925465
3,51806.1
4,12744.9
