reservoir,value
1,39581.71004145224
2,9233.937956414087
3,10429.76109246044
4,6333.424823717121
