reservoir,value
1,73933.45999999986
2,2329.7000000000007
3,51806.1
4,12744.9
