reservoir,value
1,23881.196888257502
2,19617.2
3,2383.1000000000004
4,10448.1
