reservoir,value
1,17251.801150966854
2,24281.058871386256
3,4538.41351296667
4,3589.6887271575374
