reservoir,value
1,100244.85524373848
2,19617.2
3,29942.66492890797
4,12744.9
