reservoir,value
1,91551.18864446176
2,6259.747880926843
3,20599.024285844403
4,13416.712716946788
