reservoir,value
1,67889.43907987833
2,14199.898978003155
3,20466.490563090858
4,8989.377408474436
