reservoir,value
1,26682.923924718216
2,0.0
3,0.0
4,2724.3745710358853
