reservoir,value
1,13854.44255118728
2,5049.344248993621
3,3705.356708130905
4,3158.384956829949
