reservoir,value
1,16370.249030769424
2,20988.20971012715
3,4003.718663749359
4,2351.866223685745
