reservoir,value
1,40554.65820890077
2,19617.2
3,17801.718606292365
4,5062.269141454868
