reservoir,value
1,20614.89746961534
2,19927.42030165548
3,3295.6282672312145
4,2087.132105196337
