reservoir,value
1,37121.1615078695
2,6845.920301655479
3,0.0
4,3012.6122753618242
