reservoir,value
1,18861.98031312699
2,17468.26431404342
3,2982.563454571445
4,1447.030115702527
