reservoir,value
1,56484.720308699274
2,18708.12824460662
3,5470.0698469623
4,5906.386544177097
