reservoir,value
1,38031.66767862235
2,11322.60292068429
3,7312.213338692466
4,4677.263680650378
