reservoir,value
1,90173.68901918246
2,17858.302920684506
3,1580.3020552585515
4,0.0
