reservoir,value
1,72143.68641210483
2,1729.2794527308079
3,0.0
4,212.7652903941357
