reservoir,value
1,16632.424710647312
2,8664.627561365338
3,3852.7131925960684
4,2639.184153228477
