reservoir,value
1,36003.20816027683
2,0.0
3,13884.037749783014
4,6910.451815192882
