reservoir,value
1,19983.419424107262
2,11756.607859961416
3,3352.3692444597273
4,1612.2504009753154
