reservoir,value
1,59305.317636317195
2,18292.307859961416
3,10132.146565717916
4,8376.071029322422
