reservoir,value
1,99862.00580040747
2,9709.00625910615
3,36501.4798615212
4,10484.602857730308
