reservoir,value
1,57376.15239539372
2,16541.934229767034
3,7642.68885035578
4,13719.94398557379
