reservoir,value
1,118841.3340560697
2,8085.009080861482
3,7800.319061684557
4,0.0
