reservoir,value
1,16503.424857203707
2,21633.14736805133
3,4197.900874209401
4,2528.3450568131875
