reservoir,value
1,13155.008101590212
2,2031.7929407251818
3,3919.5364711373445
4,2245.2175921922853
