reservoir,value
1,42772.22138767287
2,0.0
3,16228.304580525526
4,9901.14674446343
