reservoir,value
1,36617.11495700949
2,5366.662533844901
3,9641.580838172524
4,11351.237668233678
