reservoir,value
1,145864.3154902665
2,0.0
3,29300.141924480908
4,12029.610193071723
