reservoir,value
1,79028.47200047527
2,18812.460757663033
3,0.0
4,0.0
