reservoir,value
1,0.0
2,2948.499999653482
3,18434.300000000003
4,45411.0
