reservoir,value
1,16812.477088210184
2,7212.372751653045
3,4091.482844199361
4,2520.8658854870696
