reservoir,value
1,18560.71575630114
2,0.0
3,621.2433724588179
4,3798.712432880105
