reservoir,value
1,101981.32862183431
2,0.0
3,13443.369401501866
4,12744.9
