reservoir,value
1,102255.29266932393
2,0.0
3,43429.3331930682
4,12744.9
