reservoir,value
1,42349.94585536252
2,4130.114188851338
3,13516.351204021455
4,11984.939276609715
