reservoir,value
1,42978.365997868525
2,6430.23257894656
3,11228.534141985416
4,22940.965349748
