reservoir,value
1,136251.28851809513
2,0.0
3,44325.78024441541
4,4112.232244286905
