reservoir,value
1,32465.2959149711
2,17283.90957577899
3,4474.063715284809
4,2250.780793347435
