reservoir,value
1,200717.6
2,5679.369210498232
3,20674.70529400603
4,9331.696471261777
