reservoir,value
1,38774.76538660732
2,7177.797430130872
3,6359.829996316001
4,11448.493691388026
