reservoir,value
1,124031.46120826364
2,0.0
3,24638.65431293606
4,12744.9
