reservoir,value
1,18736.899444570045
2,12765.514532467996
3,3586.009660529999
4,3277.3471093291864
