reservoir,value
1,21003.704817504084
2,7625.57177395635
3,4446.99510815845
4,2054.949730936717
