reservoir,value
1,21382.948939080597
2,0.0
3,20152.838457727346
4,4929.291039874185
