reservoir,value
1,51724.51681075075
2,10439.686386198504
3,14027.144203285465
4,12414.347991565599
