reservoir,value
1,79159.16583472744
2,0.0
3,14225.516222519493
4,12046.647538981493
