reservoir,value
1,129564.85781902299
2,19617.2
3,9644.518530286576
4,12065.319851684755
