reservoir,value
1,0.0
2,22538.500000000007
3,7214.400000000003
4,18425.1
