reservoir,value
1,125897.25736811204
2,15048.427297509319
3,12242.64428150342
4,3634.480137051796
