reservoir,value
1,6623.177848197884
2,0.0
3,7379.123528118846
4,539.126818649737
