reservoir,value
1,17571.28237404446
2,3385.951785803125
3,4182.206658136904
4,4816.126512561066
