reservoir,value
1,71086.20490212942
2,0.0
3,18121.2876048356
4,12744.9
