reservoir,value
1,102022.01497177503
2,0.0
3,21069.705578409095
4,12744.9
