reservoir,value
1,152028.04736542876
2,2679.509953869833
3,39800.311190012166
4,12744.9
