reservoir,value
1,33619.89444183239
2,5499.825998843178
3,9031.838539185543
4,4727.224900738651
