reservoir,value
1,89403.3149520299
2,0.0
3,7860.037088790021
4,12744.9
