reservoir,value
1,25073.068037006393
2,3043.71078827759
3,5762.372941080464
4,12393.821231947391
