reservoir,value
1,91655.56853288622
2,0.0
3,27063.697806911
4,12744.9
