reservoir,value
1,63561.13432447467
2,6282.727753400055
3,12313.88555076746
4,11929.926555328375
