reservoir,value
1,63364.763947679996
2,4950.9455936
3,20881.305802429997
4,25800.11593
