reservoir,value
1,129862.18994128003
2,0.0
3,42998.14610242999
4,0.0
