reservoir,value
1,19774.05224062632
2,7380.765098738875
3,3989.8972583350023
4,2507.0446362941443
