reservoir,value
1,28662.68699874191
2,0.0
3,15705.236631533142
4,12672.644636294142
