reservoir,value
1,38417.88098824944
2,17824.58151548401
3,5601.957602824814
4,5408.880661248463
