reservoir,value
1,180601.40619231906
2,19617.2
3,46637.09766140707
4,12744.9
