reservoir,value
1,58957.495621087946
2,5562.525396683068
3,18826.264689679418
4,9448.374065959924
