reservoir,value
1,33302.928899784085
2,7432.662696897455
3,5140.429738769725
4,3302.7512523899627
