reservoir,value
1,26230.01863529729
2,16800.26081617458
3,3370.713472910911
4,3108.1365416864446
