reservoir,value
1,96709.66760266968
2,11914.256676507148
3,9403.234308518327
4,12279.036541686444
