reservoir,value
1,44191.53157225036
2,4477.114409008788
3,5318.605385630113
4,6590.751430917955
