reservoir,value
1,192077.67992176377
2,387.05440900879057
3,44970.385464834726
4,11705.751430917955
