reservoir,value
1,40400.16167826379
2,3844.806405850174
3,9494.06233311541
4,5721.186312835862
