reservoir,value
1,40906.48619262272
2,2045.9603179463538
3,32224.888173524276
4,6674.885070327196
