reservoir,value
1,84835.41370199948
2,8707.379663538184
3,10363.40945284059
4,10954.849792340407
