reservoir,value
1,11155.59823607215
2,125.35829370081272
3,930.1534854051641
4,2272.801126768113
