reservoir,value
1,155994.14872855414
2,11819.823432112893
3,7462.850406860351
4,7156.629645747193
