reservoir,value
1,29238.595572927632
2,6396.743294578333
3,3853.739085463865
4,2962.174233963497
