reservoir,value
1,22934.245858233448
2,2539.837560460285
3,12502.786621534868
4,11984.232438475732
