reservoir,value
1,67924.91575422316
2,0.0
3,46953.416550027156
4,12744.9
