reservoir,value
1,17144.510281251216
2,11283.869294551729
3,2744.9628757842406
4,2222.005129635187
