reservoir,value
1,32724.686205357604
2,9603.618449361653
3,8107.363138446695
4,6584.3451931729
