reservoir,value
1,62374.57536944037
2,0.0
3,6077.107378278744
4,0.0
