reservoir,value
1,37629.313594573614
2,4124.7614996572565
3,10568.457750085536
4,9405.028103633342
