reservoir,value
1,173636.8518409855
2,0.0
3,49841.43235768326
4,12744.9
