reservoir,value
1,20875.578802100943
2,10929.402172488479
3,2386.5012014292965
4,1577.0650258399544
