reservoir,value
1,43496.942415932215
2,7217.6036359708
3,10387.453024686001
4,13645.553435514918
