reservoir,value
1,50850.6123755258
2,3643.861548315869
3,46513.922641812926
4,21777.66489879197
