reservoir,value
1,0.0
2,0.0
3,19129.027507934486
4,14147.76489879197
