reservoir,value
1,141349.93304791304
2,12321.577129189853
3,27438.54243113169
4,12744.9
