reservoir,value
1,15233.465936233968
2,6074.158118355907
3,4342.657985984494
4,3749.7054275325954
