reservoir,value
1,81897.1434031404
2,0.0
3,16153.783224765852
4,12744.9
