reservoir,value
1,86047.22060279356
2,7538.1664056231
3,9952.984349771794
4,5529.598898150341
