reservoir,value
1,200717.6
2,18151.78530377341
3,21293.136206259027
4,0.0
