reservoir,value
1,14893.071264480684
2,16633.585784262235
3,1856.8869682301527
4,2241.5339557185002
