reservoir,value
1,52946.903015308344
2,10019.646445532404
3,3072.03157042259
4,7091.170208029008
