reservoir,value
1,25475.41025980083
2,10507.148471493048
3,6601.558831299952
4,8923.83230380933
