reservoir,value
1,56852.95293818051
2,1442.3090814043221
3,433.8064466705482
4,0.0
