reservoir,value
1,104585.52659038469
2,4955.677009169869
3,27952.903420111103
4,23155.877738004638
