reservoir,value
1,87320.74066777618
2,0.0
3,9333.420754706396
4,7841.342712746871
