reservoir,value
1,93845.85621734337
2,6665.649047948769
3,19672.041487269515
4,10887.60544664026
