reservoir,value
1,103688.48239999947
2,6981.7462
3,22826.056300000004
4,12744.9
