reservoir,value
1,0.0
2,1130.6738908894185
3,0.0
4,297.0921424702665
