reservoir,value
1,82340.52931289296
2,19617.2
3,29374.22467795428
4,12744.9
