reservoir,value
1,25055.828897842253
2,9353.993210688557
3,5024.535107861872
4,4595.041563166962
