reservoir,value
1,20756.784232489037
2,12601.303845312399
3,3210.0337394209437
4,2935.840656639354
