reservoir,value
1,111332.07395125134
2,14540.459059493764
3,30915.188095081365
4,12106.740656639318
