reservoir,value
1,56821.00052543243
2,5261.458511781901
3,13980.498348970443
4,15884.770228916383
