reservoir,value
1,62935.3287446626
2,0.0
3,19307.85189888763
4,8254.870228916383
