reservoir,value
1,25047.981773125328
2,4974.6467867327365
3,5860.13355441927
4,10297.45193712836
