reservoir,value
1,119752.41467402065
2,5967.247239024679
3,47765.33355441927
4,12744.9
