reservoir,value
1,115160.21653307772
2,0.0
3,26622.83998004227
4,12744.9
