reservoir,value
1,50114.800472151306
2,19617.2
3,10717.642029129065
4,10557.573216817726
