reservoir,value
1,17508.156264938538
2,11588.924780634621
3,4659.331880074322
4,1418.3052667877866
