reservoir,value
1,16878.02581601174
2,0.0
3,26263.606688433327
4,548.5271469127047
