reservoir,value
1,62607.62502188924
2,11885.26954883738
3,28428.955444645762
4,16050.314406246805
