reservoir,value
1,171837.4053402626
2,19617.2
3,35445.79264511064
4,0.0
