reservoir,value
1,41387.566144439006
2,2571.6647521541104
3,10803.899433235674
4,21207.031767954297
