reservoir,value
1,66445.16513196354
2,0.0
3,12479.022313887055
4,12744.9
