reservoir,value
1,19826.699350133273
2,2248.270750327036
3,8683.90025964694
4,10455.07684894597
