reservoir,value
1,78485.62547998568
2,0.0
3,22323.867024180887
4,12744.9
