reservoir,value
1,117630.0301
2,3171.1201
3,15530.395000000002
4,10995.181700000001
