reservoir,value
1,57948.46591563
2,4988.405669080001
3,5922.9571898
4,14993.085912080001
