reservoir,value
1,150145.65428471
2,0.0
3,11880.415889800002
4,9456.713020476527
