reservoir,value
1,22873.695219741865
2,6777.235314594796
3,4680.446445697053
4,3882.198310798387
