reservoir,value
1,142575.38625732024
2,777.2710125826716
3,30838.39898825348
4,10242.501106200005
