reservoir,value
1,25731.634452627462
2,7284.0684507408005
3,3818.5612494589022
4,2136.310096779692
