reservoir,value
1,106576.29975163378
2,0.0
3,25641.50040529756
4,7142.329232749671
