reservoir,value
1,64802.00000000019
2,11539.553403551592
3,24781.1
4,0.0
