reservoir,value
1,40656.34780484948
2,6869.56196402262
3,15415.435931974185
4,6008.176146967765
