reservoir,value
1,51414.07146552935
2,807.2000000003773
3,30573.4
4,8389.1
