reservoir,value
1,47837.54756068431
2,6328.89711024734
3,15840.875160118592
4,18609.8512009785
