reservoir,value
1,153249.6803820117
2,0.0
3,35295.3722674786
4,12594.589283998526
