reservoir,value
1,16391.993378337203
2,6503.238852764748
3,2933.660916568153
4,1325.8310634422423
