reservoir,value
1,86680.18457022926
2,0.0
3,8526.867333451139
4,4740.411896046107
