reservoir,value
1,75777.87803992571
2,0.0
3,9813.082159475502
4,8836.092710294399
