reservoir,value
1,47670.02418762
2,3701.44179369
3,10679.307631599999
4,15951.35815352
