reservoir,value
1,113795.63328131
2,0.0
3,18645.7236316
4,7309.820304268742
