reservoir,value
1,51198.33265216159
2,0.0
3,16755.354889607708
4,8305.476689819961
