reservoir,value
1,74101.23816812917
2,0.0
3,15308.9122514618
4,7870.527314264554
