reservoir,value
1,31870.475037870383
2,8932.984927848272
3,3854.8514211600336
4,1798.760107079178
