reservoir,value
1,4769.667135102456
2,2979.5869791623454
3,2959.9510473274563
4,3347.910613642187
