reservoir,value
1,47506.02772938248
2,1675.744698126402
3,6272.799873447441
4,8890.163528502324
