reservoir,value
1,19218.871563956935
2,14243.968471989796
3,3907.5403958158204
4,1729.6687989321215
