reservoir,value
1,120141.20684533399
2,19617.2
3,18759.552012953543
4,5698.623166422236
