reservoir,value
1,10805.052797978504
2,3912.740851143184
3,2937.569840184006
4,2327.9465699626016
