reservoir,value
1,19617.193679903274
2,5023.7451569338855
3,2988.4116549124683
4,4142.936535951643
