reservoir,value
1,109927.62763433743
2,0.0
3,24028.083672240467
4,12744.9
