reservoir,value
1,24917.968684636016
2,13286.375835926081
3,5381.323631277144
4,4767.771459217876
