reservoir,value
1,14776.502462089971
2,5067.40739335269
3,3469.399582259073
4,2337.3893082119425
