reservoir,value
1,94573.59820529334
2,19617.2
3,27497.542170912206
4,6459.741926698649
