reservoir,value
1,23825.149053393357
2,1933.8605493087143
3,6327.336699958343
4,11186.886963316472
