reservoir,value
1,109221.23337151983
2,0.0
3,17116.551280625186
4,12744.9
