reservoir,value
1,33628.967049483166
2,11287.501037830298
3,6582.0715279433125
4,4776.089303584636
