reservoir,value
1,32809.24045092616
2,10807.191858258342
3,5728.592016135553
4,4455.953716833747
