reservoir,value
1,94313.33412051536
2,5732.564119324985
3,44932.54796192382
4,12744.9
