reservoir,value
1,18200.416537313133
2,4226.991983903968
3,4514.148108359001
4,4597.938148353076
