reservoir,value
1,96223.60679582518
2,0.0
3,25566.526366956023
4,5301.333451497372
