reservoir,value
1,146611.08999999985
2,18996.7
3,42917.299999999996
4,12744.9
