reservoir,value
1,46579.51564872692
2,15799.744511066498
3,7909.986412670378
4,4341.389982509037
