reservoir,value
1,8202.196289471885
2,5898.9376640894925
3,2174.064173305607
4,1978.4770964202544
