reservoir,value
1,32172.555300186337
2,0.0
3,180.89563714727956
4,5208.413986637518
