reservoir,value
1,25093.90248569079
2,6905.634103949914
3,5998.24051333339
4,1788.7530730747856
