reservoir,value
1,135231.3151620218
2,8066.367034132947
3,42152.626324007535
4,4404.587557433479
