reservoir,value
1,34722.03342301938
2,19617.2
3,23836.606553810554
4,4922.2579861056565
