reservoir,value
1,21164.36656860653
2,8382.638885320399
3,5089.446951957021
4,5528.910096062975
