reservoir,value
1,98069.19015338772
2,5861.852567801434
3,52826.299502472815
4,33239.12633876765
