reservoir,value
1,0.0
2,0.0
3,68017.76857283138
4,16323.949622585496
