reservoir,value
1,16731.638830697877
2,4729.0354731245925
3,3135.5822989954527
4,1929.899272326247
