reservoir,value
1,30607.18472870616
2,0.0
3,15514.790637374332
4,10854.947851924644
