reservoir,value
1,26356.78963854519
2,12789.503024426178
3,3507.6443989918293
4,2267.975889605376
