reservoir,value
1,73431.72149880775
2,14289.385596613229
3,0.0
4,508.31416352656333
