reservoir,value
1,22362.088022471442
2,8163.103054030964
3,3022.760991210298
4,2771.5828626022594
