reservoir,value
1,88106.59680101814
2,4452.587545557582
3,11813.423916976699
4,11942.482862602259
