reservoir,value
1,143154.7089373569
2,1107.353840486647
3,36444.609872012465
4,12726.43539336858
