reservoir,value
1,30352.89104740932
2,17234.05219387338
3,8904.745842406848
4,7105.502962065849
