reservoir,value
1,134427.88516163384
2,10627.98891522345
3,50809.94584240684
4,12744.9
