reservoir,value
1,36137.831188265176
2,4887.975517957719
3,13485.49797705977
4,15274.729708953784
