reservoir,value
1,0.0
2,0.0
3,3584.5979770597696
4,5712.999052540146
