reservoir,value
1,13380.660628890562
2,6034.834520162199
3,5014.441663216441
4,2937.7317464378025
