reservoir,value
1,77426.46834279406
2,0.0
3,28974.467340582323
4,4763.970072438698
