reservoir,value
1,44511.85654974439
2,9717.888856979998
3,3971.3937453906933
4,2009.147337163356
