reservoir,value
1,153413.44538917003
2,14996.008691375777
3,15425.921023102146
4,4122.268982560092
