reservoir,value
1,107136.35664814431
2,0.0
3,11850.593956565495
4,11770.036150939723
