reservoir,value
1,126647.58930197253
2,0.0
3,23636.43429699869
4,4586.27438070274
