reservoir,value
1,33789.25975647805
2,16944.73409856393
3,5558.5123183269225
4,7014.0324151817185
