reservoir,value
1,119209.59132916208
2,3863.2340985639244
3,40491.04442608796
4,12744.9
