reservoir,value
1,28108.838915473876
2,12161.886504762319
3,9010.985706596528
4,13058.270393313613
