reservoir,value
1,92078.29343139194
2,18697.58650476232
3,25379.52998503517
4,10259.007876800688
