reservoir,value
1,16581.603179468766
2,6718.016059146276
3,1286.3275029970391
4,2568.889349040076
