reservoir,value
1,47244.1980186
2,11446.10090288
3,12025.98250654
4,19362.0320223
