reservoir,value
1,28043.166914995327
2,3454.9394157843817
3,5366.809985460589
4,3879.374171688142
