reservoir,value
1,4020.247607901867
2,0.0
3,2004.8233489269105
4,1333.7234899269374
