reservoir,value
1,102132.31768226979
2,19617.2
3,7298.2089576846465
4,9572.830057124987
