reservoir,value
1,18723.55146671134
2,28860.42771491784
3,3300.282907203996
4,1876.5369954975429
