reservoir,value
1,13359.127570117846
2,19617.2
3,25909.288444929363
4,4184.12547149492
