reservoir,value
1,97649.31079949127
2,0.0
3,26302.700115817464
4,12744.9
