reservoir,value
1,35166.41217558417
2,12018.2813305699
3,4105.125523689424
4,2139.8682545488928
