reservoir,value
1,149056.9285989932
2,6965.792372759417
3,10050.762103413752
4,4777.917520499197
