reservoir,value
1,19618.590295507427
2,20031.927819067474
3,2983.561610753484
4,3503.822756570661
