reservoir,value
1,76102.40524753742
2,6950.427819067474
3,5330.121456113982
4,12744.9
