reservoir,value
1,184337.44195575718
2,7329.404596908021
3,45255.290617944156
4,9718.755462542871
