reservoir,value
1,64111.67802430812
2,6813.630059191318
3,17468.829119412214
4,17556.645283069054
