reservoir,value
1,23121.112472421657
2,9723.803265047989
3,7402.181622606123
4,4472.924476342916
