reservoir,value
1,91867.88680948509
2,19617.2
3,15631.746378199081
4,8112.050279305761
