reservoir,value
1,111336.40614018436
2,0.0
3,29032.162733628473
4,12744.9
