reservoir,value
1,24660.263674598984
2,3087.5897347037244
3,3188.7733296999736
4,6342.86630841951
