reservoir,value
1,131505.3237624362
2,0.0
3,5043.369023390317
4,12744.9
