region,depth,value
1,1,206.28554057564162
1,2,44.728871582092324
1,3,39.74778137294129
1,4,51.53250000000002
2,1,160.30823116740737
2,2,33.468
2,3,27.11937797991698
2,4,29.16915265865043
3,1,184.14
3,2,47.57074988750846
3,3,29.608303742130346
3,4,39.75636347137363
4,1,26.29236482148453
4,2,21.346641646655353
4,3,0.33839513518240893
4,4,4.68653694126441
