from,to,value
1,1,0.0
1,2,2485.974665674538
1,3,64.82332142396862
1,4,0.0
1,5,200.50811333508838
2,1,540.7685452854386
2,2,0.0
2,3,0.0
2,4,0.0
2,5,0.0
3,1,516.5498277158699
3,2,0.0
3,3,0.0
3,4,0.0
3,5,791.4476960727478
4,1,0.0
4,2,0.0
4,3,0.0
4,4,0.0
4,5,1551.0837592976727
5,1,2121.263031173157
5,2,0.0
5,3,250.04842869994525
5,4,171.72810881848548
5,5,0.0
