reservoir,value
1,20894.636798702515
2,14443.794942324703
3,3471.164145800684
4,2099.923913169993
