reservoir,value
1,28193.670290078488
2,10442.416816519519
3,6110.728096213748
4,3334.746177937426
