reservoir,value
1,22939.852328179404
2,16037.104079506304
3,3662.260329641477
4,2176.0620428382845
