reservoir,value
1,0.0
2,1339.8422187527738
3,196.1565763774753
4,0.0
