reservoir,value
1,15786.660664426903
2,8681.448692352198
3,6423.028327114567
4,780.3668177497187
