reservoir,value
1,15991.20441286728
2,7305.979142394367
3,2884.7134157259416
4,2040.1927763221543
