reservoir,value
1,38980.54921070342
2,2051.93615813936
3,37789.99706443942
4,28060.950913593377
