reservoir,value
1,127939.60468061226
2,0.0
3,51806.1
4,6072.220189242829
