reservoir,value
1,43466.21799826122
2,6317.604383959583
3,5720.022094440743
4,3839.6277644789525
