reservoir,value
1,25374.360965666747
2,17095.638219302007
3,4322.88800473679
4,2413.688116594555
