reservoir,value
1,43041.51855198963
2,4014.138219302007
3,3100.402024623094
4,0.0
