reservoir,value
1,19778.653381130433
2,4554.5795163730645
3,5074.025081436087
4,1598.5519135233778
