reservoir,value
1,137532.77933560492
2,11040.398722380149
3,18833.732816229887
4,6762.080234802298
