reservoir,value
1,23064.90924687479
2,5155.183130348333
3,5888.945670176895
4,5988.48923861197
