reservoir,value
1,91664.15725440734
2,0.0
3,19770.232440143307
4,12744.9
