reservoir,value
1,57867.69309572628
2,4594.806146686254
3,12275.554244085926
4,16706.73161872849
