reservoir,value
1,105870.22401433579
2,7213.2524942015825
3,17699.934233328837
4,5517.684530706861
