reservoir,value
1,21909.105817025214
2,19795.706570998635
3,2942.718257200996
4,2046.2175116337148
