reservoir,value
1,20028.88156056463
2,6714.206570998651
3,469.763540563351
4,4056.6336829230763
