reservoir,value
1,75342.90546278734
2,5733.260235300233
3,9873.121362361897
4,12341.487864879826
