reservoir,value
1,69484.0353265374
2,1065.0519152252818
3,18417.21183409308
4,6808.091922072722
