reservoir,value
1,20178.255792275846
2,7984.435564548266
3,7354.95231290733
4,6919.878835778239
