reservoir,value
1,102107.73334735754
2,0.0
3,49260.152312907325
4,12744.9
