reservoir,value
1,18125.926562965986
2,0.0
3,1156.5696052251133
4,3294.985056227927
