reservoir,value
1,22432.823418863496
2,9372.246723453547
3,4009.900780254274
4,3859.570108333379
