reservoir,value
1,96684.44391380798
2,0.0
3,23764.131303382026
4,12744.9
