reservoir,value
1,17986.767016934467
2,17729.671242628396
3,2655.8628509086893
4,4922.279117022909
