reservoir,value
1,86360.47999999978
2,14003.7
3,47783.299999999996
4,12744.9
