reservoir,value
1,22740.122488862693
2,4001.274293331544
3,13838.127470835072
4,5902.9570901215575
