reservoir,value
1,72067.69967867661
2,0.0
3,3937.2274708350724
4,0.0
