reservoir,value
1,45585.90954770455
2,1319.5595583094316
3,16535.3726413568
4,19526.098177570886
