reservoir,value
1,45659.28505300566
2,5718.357761363675
3,6365.956193798395
4,6258.213254150105
