reservoir,value
1,189198.58869813883
2,0.0
3,46764.3492228706
4,12744.9
