plant,value
1,42882.36000000008
2,10258.759999999998
3,9816.499999999993
4,6645.000000000001
