reservoir,value
1,138082.69999999882
2,6255.240000000002
3,51806.1
4,12744.9
