reservoir,value
1,29765.75005125388
2,4835.077271667415
3,6529.493985768184
4,3753.4254004622535
