reservoir,value
1,117157.69112481113
2,8896.73292992494
3,40839.53674941689
4,12744.9
