reservoir,value
1,17356.12424228878
2,6759.206625278242
3,4126.298764874455
4,4711.63674404703
