reservoir,value
1,19163.6044585015
2,7428.404489959379
3,4006.6938886972152
4,2321.227204881702
