reservoir,value
1,58481.1419503706
2,0.0
3,17417.18300304734
4,7436.227204882052
