reservoir,value
1,25328.040185466823
2,4886.853318971674
3,7722.395574795397
4,2867.03260271047
