reservoir,value
1,26063.976401762884
2,45289.656839240706
3,3407.445695995691
4,3724.489349379095
