reservoir,value
1,13688.764068804616
2,13900.50058248113
3,2699.0080907938823
4,2450.5694346723676
