reservoir,value
1,84120.00416118029
2,819.0005824811306
3,8454.378422386435
4,2361.2355179404963
