reservoir,value
1,106536.32659211893
2,1760.5061284610708
3,24671.359634745822
4,12231.916483474251
