reservoir,value
1,30064.959828657393
2,17955.993238777795
3,2861.2757093465257
4,2412.2028535936865
