reservoir,value
1,45966.82956522625
2,4874.493238777795
3,282.9991874610077
4,663.1733906868672
