reservoir,value
1,0.0
2,65592.5
3,6789.199999999999
4,270.2000000000007
