reservoir,value
1,98316.49355309822
2,0.0
3,20029.85841335135
4,5801.041920598743
