reservoir,value
1,16923.254352738124
2,7518.029209537097
3,4005.7093880738844
4,2816.9861391857526
