reservoir,value
1,124239.04972655728
2,0.0
3,20531.39093443172
4,11842.886139185752
