reservoir,value
1,68763.9495162
2,6148.16155454
3,18329.9410087
4,16449.863125879998
