reservoir,value
1,20093.6080696552
2,12313.120274739767
3,4707.955898421459
4,5158.403045735444
