reservoir,value
1,18048.530057287688
2,18848.820274739766
3,1198.2103225983783
4,0.0
