reservoir,value
1,15105.739640204989
2,2555.7727002719016
3,3001.0976234046025
4,2225.281333846209
