reservoir,value
1,22387.75805700919
2,0.0
3,6513.863128113247
4,476.32760821968213
