reservoir,value
1,186905.06137725504
2,3608.4772296738565
3,47576.03576249186
4,3957.900304610202
