reservoir,value
1,73685.7307516434
2,5198.135625014845
3,18026.921802458044
4,22347.36359371271
