reservoir,value
1,143751.8186253676
2,4023.417981196746
3,16212.639061489508
4,0.0
