reservoir,value
1,56068.48429455891
2,15161.650948766024
3,10592.25883321026
4,15001.134310574156
