reservoir,value
1,20666.00849851388
2,24193.999844525155
3,3102.703234966038
4,3237.923604111396
