reservoir,value
1,100969.26880095532
2,19617.2
3,4574.69284019753
4,9736.823604111396
