reservoir,value
1,9626.395497538182
2,3712.661073343882
3,2956.2809426292542
4,2373.3192306012793
