reservoir,value
1,99339.85454034322
2,0.0
3,17001.423089237163
4,2332.6745258861524
