reservoir,value
1,81552.48149693308
2,3539.8167599964436
3,16697.106087234817
4,16011.673008261143
