reservoir,value
1,29935.812030203695
2,2054.3418338950087
3,10190.017624970493
4,16230.773621928476
