reservoir,value
1,91856.71588369636
2,7926.88713589688
3,7712.030390503606
4,7400.104767612107
