reservoir,value
1,128400.57633422002
2,0.0
3,18147.43069533991
4,12337.506674250002
