reservoir,value
1,32931.39920588538
2,3692.162552664213
3,5842.862120046964
4,6632.102769546924
