reservoir,value
1,153940.52455752253
2,0.0
3,34099.9111768799
4,11747.102769546924
