reservoir,value
1,38291.97613119801
2,6103.424088496436
3,12595.242445681492
4,8051.163530074386
