reservoir,value
1,54207.062178951055
2,0.0
3,10273.368850484812
4,421.2635300743859
