reservoir,value
1,45486.31261373923
2,2688.6397242742887
3,20253.78499834761
4,10878.769833500754
