reservoir,value
1,22808.51923312415
2,9000.063218502892
3,12216.718788673845
4,4518.599575146421
