reservoir,value
1,29228.303285106005
2,25435.73055346216
3,14931.290748311429
4,12131.08028778697
