reservoir,value
1,0.0
2,12354.23055346216
3,0.0
4,4501.18028778697
