reservoir,value
1,59478.48760461581
2,4346.058690248417
3,14502.888807099731
4,10525.664567332211
