reservoir,value
1,74768.60656981962
2,10522.43426359581
3,4601.988807099731
4,2895.7645673322113
