reservoir,value
1,41500.05461812717
2,5966.515768036265
3,21804.72637091115
4,21367.404070760032
