reservoir,value
1,149448.15243025345
2,0.0
3,51806.1
4,8234.198031492606
