reservoir,value
1,32269.439925102117
2,7472.719298082311
3,8220.097472631143
4,4253.130204562286
