reservoir,value
1,103265.52809831756
2,14924.722276104765
3,0.0
4,0.0
