reservoir,value
1,25738.246186525765
2,23701.009258368867
3,4517.440894056464
4,5182.475304373523
