reservoir,value
1,114536.11493163381
2,10619.509258368867
3,33245.19880657858
4,12744.9
