reservoir,value
1,45502.4419794751
2,19617.2
3,17898.70026977391
4,9994.288845995428
