reservoir,value
1,21332.6021189765
2,11302.762561700354
3,3588.227950393465
4,1553.6048288735205
