reservoir,value
1,35702.70847064155
2,0.0
3,6894.425000800642
4,6240.4256030097495
