reservoir,value
1,45769.63837240478
2,8996.83081005883
3,12339.444214157407
4,14526.844167375028
