reservoir,value
1,26010.260343367758
2,13450.762864668777
3,3244.2224957999115
4,5501.880451075606
