reservoir,value
1,136121.80493053028
2,369.2628646687772
3,18320.34153398948
4,12744.9
