reservoir,value
1,34378.202703082796
2,9344.770533339033
3,6643.2293793514755
4,7254.316307496286
