reservoir,value
1,151646.71419032352
2,0.0
3,16149.474981845113
4,12461.95934065643
