reservoir,value
1,34036.4565000774
2,7257.713321883466
3,2931.5332440958573
4,1664.0445499854068
