reservoir,value
1,14469.472917279274
2,13793.413321883467
3,1453.0667928044481
4,2090.45882854264
