reservoir,value
1,20583.419818728144
2,28482.940118546572
3,2862.67254275326
4,2054.542967183404
