reservoir,value
1,44649.84618743439
2,19617.2
3,1776.571699540903
4,1621.0375767520386
