reservoir,value
1,47081.09719765863
2,27315.566189107405
3,5212.896135115371
4,4547.25169648252
