reservoir,value
1,21791.259248171176
2,2812.347769512636
3,11016.443800105004
4,5104.492076390634
