reservoir,value
1,15576.36727052589
2,42088.443231204954
3,2951.7668708853275
4,2366.5592309587105
