reservoir,value
1,97369.26608614848
2,0.0
3,51043.85758722296
4,12744.9
