reservoir,value
1,55266.92118784
2,4503.980759980001
3,12225.11063599
4,17331.30578735
