reservoir,value
1,35982.10953511146
2,9266.065364024067
3,8913.094430839881
4,14959.161340819264
