reservoir,value
1,105780.63267810833
2,0.0
3,30759.273469879263
4,12535.15302738011
