reservoir,value
1,21406.246076515505
2,28857.929106502892
3,3212.9337459605636
4,1833.6485976165104
