reservoir,value
1,13536.704349228055
2,19617.2
3,8505.108632330135
4,2570.1440509499007
