reservoir,value
1,10044.409381108835
2,9705.084289525832
3,1996.2969723937147
4,1516.176675979707
