reservoir,value
1,9372.534075761178
2,0.0
3,2937.1610736447237
4,1664.6908295414792
