reservoir,value
1,16702.77542850109
2,4289.60094842985
3,2251.782635641021
4,1744.2315136402103
