reservoir,value
1,56313.242539862695
2,7149.05279050831
3,5382.239876054414
4,1798.3435453388643
