reservoir,value
1,25427.28185036684
2,9163.295269139082
3,4281.751027239812
4,2314.9226936516593
