reservoir,value
1,27043.063250279498
2,30239.49406872731
3,2888.9026301337835
4,2143.7534713743958
