reservoir,value
1,880.9676121154266
2,19617.2
3,2499.8689958273517
4,947.5590334058927
