reservoir,value
1,115893.94896737195
2,6407.4154915412
3,12817.82083560716
4,12744.9
