reservoir,value
1,142109.23174974477
2,18367.321350412058
3,37522.9311216849
4,10750.39500552757
