reservoir,value
1,20446.286847098112
2,13333.886592196415
3,3633.107364639084
4,2066.392769908734
