reservoir,value
1,41405.11242258
2,6477.67150783
3,7098.503813999999
4,14284.68219611
