reservoir,value
1,111701.45123040999
2,0.0
3,15314.419814
4,12744.9
