reservoir,value
1,30456.398412090235
2,7077.630127628647
3,6925.364794936272
4,8044.905009022223
