reservoir,value
1,109179.97476414726
2,0.0
3,20392.73000603612
4,12744.9
