reservoir,value
1,35537.249794743766
2,11598.251020615107
3,8276.119678016918
4,12397.090808717003
