reservoir,value
1,20464.810850193975
2,9589.685205690264
3,5171.851092412981
4,3295.5756808157207
