reservoir,value
1,5193.472480005132
2,417.0367864202781
3,0.0
4,138.83202594748408
