reservoir,value
1,32374.804695896455
2,5941.708238629917
3,9659.17672829971
4,6604.172146239614
