reservoir,value
1,90232.83199547927
2,5463.195306334568
3,13224.367074475502
4,128.31274015788767
