reservoir,value
1,33339.85849813195
2,5800.606783528576
3,18170.948173609086
4,9581.803958285876
