reservoir,value
1,0.0
2,0.0
3,4824.473906740101
4,1709.646836576896
