reservoir,value
1,51097.148613378566
2,4608.9336983414605
3,12957.670973629489
4,9220.917349545907
