reservoir,value
1,19050.23339522685
2,4138.173125773828
3,2637.586912943981
4,3451.507593486573
