reservoir,value
1,20957.43573481954
2,33399.96969249057
3,3025.170716631422
4,2839.010783083263
