reservoir,value
1,43813.37866802714
2,9039.38098555395
3,10282.961709889829
4,10286.605882491578
