reservoir,value
1,25489.626713395308
2,9244.21072579553
3,3886.8434493759823
4,1740.395034548197
