reservoir,value
1,0.0
2,10270.015135232516
3,17247.90995074367
4,1016.134194012566
