reservoir,value
1,36264.74444075945
2,5289.685093242882
3,12489.65904063173
4,4813.666158791104
