reservoir,value
1,16639.642908641057
2,8237.90675013156
3,2972.642631923931
4,5307.040964767965
