reservoir,value
1,98253.2119141012
2,8823.061024917064
3,10291.36215886196
4,12744.9
