reservoir,value
1,0.0
2,4030.9164363571435
3,233.4404744802614
4,0.0
