reservoir,value
1,56550.552069951285
2,5496.657561309132
3,20805.434796538604
4,17986.039153511505
