reservoir,value
1,0.0
2,0.0
3,9919.179953217646
4,3275.778406129413
