reservoir,value
1,121573.61730349717
2,9143.447274760341
3,36864.839411653295
4,12744.9
