reservoir,value
1,66163.62861962803
2,0.0
3,14336.433890086491
4,12744.9
