reservoir,value
1,103688.48240000001
2,6981.7462
3,22826.056300000004
4,12744.9
