reservoir,value
1,16595.63608778317
2,6416.044194874262
3,3448.930800729715
4,1620.4156638177471
