reservoir,value
1,94255.75758652482
2,6174.944194874163
3,16997.698766275054
4,2284.0900945159224
