from,to,value
1,1,0.0
1,2,0.0
1,3,25.700016699542953
1,4,0.0
1,5,0.0
2,1,4458.200016699568
2,2,0.0
2,3,0.0
2,4,0.0
2,5,0.0
3,1,0.0
3,2,0.0
3,3,0.0
3,4,0.0
3,5,0.0
4,1,0.0
4,2,0.0
4,3,0.0
4,4,0.0
4,5,80.89998330054073
5,1,0.0
5,2,0.0
5,3,80.89998330076054
5,4,0.0
5,5,0.0
