reservoir,value
1,18989.432563539467
2,5006.239983300433
3,3909.00119197546
4,2318.683064513426
