reservoir,value
1,51405.68571487074
2,0.0
3,6331.364053881294
4,4567.619285105333
