reservoir,value
1,88209.7885361541
2,3946.3559200867858
3,9508.220966547597
4,4973.837295761305
