reservoir,value
1,13016.738066074584
2,3103.426293875157
3,6815.154921100503
4,5473.327532136716
