reservoir,value
1,61461.170382494485
2,3366.717123803438
3,18232.937314847477
4,15847.857446443148
