reservoir,value
1,126109.63476546937
2,8014.591170354864
3,19686.316628203196
4,5341.088733641171
