reservoir,value
1,79627.18781230398
2,0.0
3,2102.1522180409665
4,9724.489848095598
