reservoir,value
1,46829.841866920004
2,5576.32457884
3,12475.327566650001
4,14090.049342409999
