reservoir,value
1,121843.91044576
2,0.0
3,24180.267066650005
4,6460.149342409999
