reservoir,value
1,13927.01022364995
2,5414.7068387415575
3,3342.5486960911294
4,2099.409215570941
