reservoir,value
1,75334.56425486207
2,0.0
3,8353.033925463775
4,5615.338807006299
