reservoir,value
1,26245.36803053497
2,27484.433345007903
3,3376.642996903289
4,5111.292308169822
