reservoir,value
1,81083.76270002064
2,19617.2
3,14150.764797828793
4,12744.9
