reservoir,value
1,143130.52443720002
2,0.0
3,15453.965228630004
4,10030.206381391348
