reservoir,value
1,27985.10612465992
2,10342.0515260689
3,4193.402842660921
4,6122.784128270953
