reservoir,value
1,46016.972213844725
2,9673.809799925933
3,6206.578914878399
4,14393.269490549897
