reservoir,value
1,86144.26109392165
2,11334.897823681711
3,14780.7296249514
4,6123.173008413542
