reservoir,value
1,65879.8518309408
2,16656.24651890652
3,12194.144558239645
4,9450.34920149088
