reservoir,value
1,40543.53025375335
2,19617.2
3,5618.113634680965
4,8866.488914145486
