reservoir,value
1,68457.38445646597
2,7047.49287914034
3,29853.865233962144
4,21692.80653069864
