reservoir,value
1,14595.335108442676
2,1425.0982759856633
3,1694.420365399028
4,1731.6054028024014
