reservoir,value
1,98901.89953833565
2,7663.161236513062
3,15344.78233982529
4,16621.0609789962
