reservoir,value
1,178799.2174929136
2,19261.081236513062
3,37888.03775532606
4,12744.9
