reservoir,value
1,85218.61307882704
2,0.0
3,15997.524135475644
4,7340.77392227824
