reservoir,value
1,41546.08287900261
2,9704.554007630622
3,8028.416123571367
4,3928.605614159368
