reservoir,value
1,32884.6847940604
2,15384.867583559284
3,3684.379870931788
4,1999.731098757395
