reservoir,value
1,76529.73037656157
2,17942.33963387668
3,5094.839131580768
4,3843.1209087801344
