reservoir,value
1,23262.096233516786
2,4955.716942105082
3,6162.717415580828
4,3293.304452082637
