reservoir,value
1,30964.030292421303
2,11429.092069143433
3,3388.6031538554907
4,1917.6805295309132
