reservoir,value
1,68251.24208602915
2,2808.7276033651033
3,0.0
4,1024.4665295896743
