reservoir,value
1,35797.62851046224
2,17194.985216376022
3,4443.744698504736
4,3075.423106768568
