reservoir,value
1,116429.50008153051
2,19617.2
3,12317.893390248937
4,0.0
