reservoir,value
1,10576.49388089525
2,12340.784318873393
3,1878.879227272882
4,1575.734463216542
