reservoir,value
1,25156.405633098686
2,4585.002521150731
3,4814.309497035923
4,3571.0032026315894
