reservoir,value
1,46439.12783496136
2,12627.23054952351
3,38571.63805815224
4,65.50446685414227
