reservoir,value
1,38144.957703099935
2,20644.8912487974
3,5229.371186708768
4,5991.399363799978
