reservoir,value
1,101958.11389827792
2,13983.242549945164
3,25015.561579368667
4,12744.9
