reservoir,value
1,22315.801002478565
2,50745.73517402413
3,3837.134815184466
4,3347.9607595720017
