reservoir,value
1,86646.40926986685
2,19617.2
3,33710.80666082651
4,6113.7941798479005
