reservoir,value
1,24760.727689158495
2,6577.980746355624
3,4024.9667316110185
4,2334.218719552597
