reservoir,value
1,27972.9170065484
2,0.0
3,735.311813978555
4,0.0
