reservoir,value
1,18054.827157447722
2,24797.244141206447
3,4077.650656525041
4,2816.447462549197
