reservoir,value
1,89045.42340289059
2,8588.897483501334
3,24981.994259932682
4,21551.2125979902
