reservoir,value
1,190698.333406406
2,7084.848112488067
3,47669.59297902505
4,0.0
