reservoir,value
1,53282.963394331804
2,7417.852769228497
3,8864.806282107613
4,4851.5123802315475
