reservoir,value
1,95456.80558878294
2,0.0
3,10232.706189657969
4,12744.9
