reservoir,value
1,14659.708109550667
2,14101.852071595495
3,2623.3785092028297
4,1931.3981402422432
