reservoir,value
1,40913.28995295491
2,1020.3520715954946
3,8753.810533035472
4,7763.473695729406
