reservoir,value
1,33624.218752299086
2,3758.754500190275
3,16007.145330094063
4,10640.646117287886
