reservoir,value
1,0.0
2,0.0
3,6106.245330094063
4,3543.363906519493
