reservoir,value
1,39403.19766681566
2,9639.948159465617
3,9621.51588814685
4,3416.921872239014
