from,to,value
1,1,0.0
1,2,639.3575270301644
1,3,0.0
1,4,0.0
1,5,0.0
2,1,0.0
2,2,0.0
2,3,0.0
2,4,0.0
2,5,0.0
3,1,1000.0
3,2,0.0
3,3,0.0
3,4,0.0
3,5,68.73602069974896
4,1,0.0
4,2,0.0
4,3,0.0
4,4,0.0
4,5,2523.811506330422
5,1,2592.547527030163
5,2,0.0
5,3,0.0
5,4,0.0
5,5,0.0
