reservoir,value
1,66878.55791306907
2,610.3492134663686
3,5050.373221684087
4,7056.39664356507
