reservoir,value
1,135303.1154758628
2,19617.2
3,40333.49396791552
4,10348.155357546964
