reservoir,value
1,144245.5440899373
2,1985.0011339269122
3,15064.711564267625
4,8693.486528125135
