reservoir,value
1,36447.925726818314
2,13657.758041238658
3,8032.534006346163
4,12502.54746304126
