reservoir,value
1,132409.28023589661
2,9868.93950994997
3,16270.572383220766
4,9027.690503594278
