reservoir,value
1,156654.15381159607
2,11897.535873594003
3,50829.05986974763
4,12744.9
