reservoir,value
1,38732.78305428343
2,0.0
3,9129.39879181901
4,6322.1418349297
