reservoir,value
1,51242.375595250254
2,11823.837392175501
3,8702.772965074142
4,7107.732235765192
