reservoir,value
1,31149.419259520007
2,4861.129906178436
3,5063.045545287125
4,3482.6430264595365
