reservoir,value
1,4536.651251282667
2,2948.431943943856
3,0.0
4,1833.4274620975943
