reservoir,value
1,35830.871299490325
2,10895.702317916664
3,8457.287343877633
4,5275.214327940591
