reservoir,value
1,84448.42562298012
2,0.0
3,36615.6697000457
4,12744.9
