reservoir,value
1,59236.97709051433
2,3935.811520579061
3,12399.158390278479
4,8010.491164257647
