reservoir,value
1,33916.56607047983
2,3744.074796936648
3,6129.643919385289
4,15650.71496002787
