reservoir,value
1,122026.77135867954
2,0.0
3,2141.0253782671316
4,8020.81496002787
