reservoir,value
1,16275.546974175359
2,8612.567829789255
3,2255.738795262026
4,1490.2526474229037
