reservoir,value
1,13911.771625585625
2,2610.628622705006
3,2042.9314069064953
4,1155.8208409290194
