reservoir,value
1,19426.232263107246
2,12768.090179079803
3,4205.874395318977
4,4010.910279945918
