reservoir,value
1,108776.19859189953
2,10791.161935181817
3,15269.94022686624
4,12744.9
