reservoir,value
1,68715.41806175729
2,837.55559268217
3,36382.4306502287
4,31622.909035596356
