reservoir,value
1,5552.9789401572925
2,0.0
3,31490.69566737041
4,11248.109035596357
