reservoir,value
1,15418.753520613274
2,20196.610277814332
3,2525.0654539545976
4,1767.3814171805852
