reservoir,value
1,35035.70360035392
2,7115.110277814332
3,1954.102655683565
4,9665.857338222024
