reservoir,value
1,58723.51243743074
2,14008.42576757834
3,8030.614411177973
4,16000.112277722636
