reservoir,value
1,0.0
2,12624.175326876602
3,0.0
4,11442.461413311696
