reservoir,value
1,60895.00999925635
2,19617.2
3,22557.746119266445
4,0.0
