reservoir,value
1,75567.10154343078
2,19617.2
3,8649.616128445092
4,7621.222032868585
