from,to,value
1,1,0.0
1,2,0.0
1,3,0.0
1,4,0.0
1,5,0.0
2,1,5071.298584258198
2,2,0.0
2,3,0.0
2,4,0.0
2,5,0.0
3,1,132.39999999999054
3,2,0.0
3,3,0.0
3,4,0.0
3,5,0.0
4,1,0.0
4,2,0.0
4,3,0.0
4,4,0.0
4,5,520.2092490333816
5,1,520.2092490333883
5,2,0.0
5,3,0.0
5,4,0.0
5,5,0.0
