reservoir,value
1,58895.53628503101
2,4773.14141574198
3,16508.688441724764
4,6180.790750966618
