reservoir,value
1,88115.29832722238
2,0.0
3,18520.93536891321
4,0.0
