reservoir,value
1,83138.80955396856
2,8531.132668905408
3,6249.451971146837
4,12744.9
