reservoir,value
1,49939.24373838185
2,3779.9171142843716
3,9216.790519977816
4,11233.75534981619
