reservoir,value
1,200717.6
2,4791.664519954613
3,13155.99555460353
4,7717.0188849794
