reservoir,value
1,18466.1528742789
2,15487.643065940989
3,2025.9409014350313
4,1566.4386725297911
