reservoir,value
1,67695.40343607105
2,19617.2
3,14900.313089696412
4,5531.446287029349
