reservoir,value
1,15581.922483788443
2,3518.445895484626
3,2363.7156846343905
4,2903.8458060601706
