reservoir,value
1,97219.68779010396
2,0.0
3,8728.064875651507
4,8018.845806060171
