reservoir,value
1,45165.900216199996
2,10843.28335656
3,11499.70501185
4,13395.811927519999
