reservoir,value
1,86066.79990000001
2,0.0
3,17810.092699999554
4,10437.3754
