reservoir,value
1,31521.381301638794
2,17468.6062201086
3,2470.9125595913847
4,3452.502442075249
