reservoir,value
1,29143.220308017517
2,8479.310542865804
3,5744.243587210854
4,10602.475355797184
