reservoir,value
1,135829.06574388416
2,0.0
3,4199.525833474244
4,12744.9
