reservoir,value
1,80365.40251749862
2,0.0
3,16787.2197052075
4,12744.9
