reservoir,value
1,19797.64556884744
2,9540.332072625759
3,3188.7839305956877
4,3772.2108579380047
