reservoir,value
1,51364.79439124999
2,6691.65744665
3,18560.47213355
4,15330.12448953
