reservoir,value
1,130301.58923789952
2,0.0
3,35079.27763355
4,10006.390374941882
