reservoir,value
1,29602.438930609384
2,8567.250364895792
3,5868.7738665326915
4,5572.365741256409
