reservoir,value
1,169465.40072944894
2,1746.9124610490708
3,46796.37957527194
4,12241.276849551181
