reservoir,value
1,39063.00033906262
2,5183.309497212638
3,10050.003474539502
4,5623.151988303786
