reservoir,value
1,23340.408006585487
2,3391.1384767724003
3,5526.803940799564
4,6208.6615676816855
