reservoir,value
1,117681.6582412394
2,0.0
3,40272.807314008096
4,11323.661567681685
