reservoir,value
1,102345.30523354589
2,16728.28971345121
3,35879.48456833234
4,5664.53925261794
