reservoir,value
1,104412.65560000003
2,0.0
3,16186.343300000004
4,12744.9
