reservoir,value
1,24075.76196209929
2,16994.316762650564
3,3992.8911738613806
4,1929.3485582762721
