reservoir,value
1,21957.106841791978
2,32666.34642092317
3,2096.061145294151
4,2300.302655643059
