reservoir,value
1,59164.482132174366
2,19617.2
3,10962.841902780689
4,5342.964881845398
