reservoir,value
1,32658.702381560437
2,5492.315081321127
3,6039.212115251536
4,3738.954676478529
