reservoir,value
1,68643.89968842338
2,19617.2
3,32795.86589506281
4,3106.458511117962
