reservoir,value
1,44794.48045612284
2,19617.2
3,13315.771147787367
4,12583.980792449183
