reservoir,value
1,115108.09000000026
2,19617.2
3,32060.199999999997
4,0.0
