reservoir,value
1,23144.229867777012
2,11693.185755483777
3,6977.686514631072
4,3018.2663050848723
