reservoir,value
1,33117.42279859215
2,3600.8740390179337
3,5750.531429041537
4,13271.91740259794
