reservoir,value
1,10036.48892541259
2,6347.838431581472
3,2628.3708406763253
4,1842.4914443909802
