reservoir,value
1,23353.843053638335
2,0.0
3,11813.248211661235
4,4143.099310770633
