reservoir,value
1,34317.65307682182
2,3814.4178289958954
3,10334.995628607976
4,13438.368532844965
