reservoir,value
1,153542.74115134374
2,0.0
3,14019.673241621704
4,12012.190717119438
