reservoir,value
1,26989.598463176593
2,24485.89001939855
3,6635.178398004264
4,10043.327724655179
