reservoir,value
1,27113.382672502663
2,2185.909118005774
3,13562.629021882742
4,9765.004121170956
