reservoir,value
1,140518.88167603893
2,0.0
3,51806.1
4,11770.517022082317
