reservoir,value
1,8464.234314567173
2,0.0
3,7798.767495914166
4,10144.071684547072
