reservoir,value
1,161436.57737318033
2,9572.58045673647
3,51806.1
4,12744.9
