reservoir,value
1,17598.876533204282
2,5160.279920318247
3,3221.346993658014
4,3496.2200586760623
