from,to,value
1,1,0.0
1,2,5163.49999999997
1,3,0.0
1,4,0.0
1,5,0.0
2,1,0.0
2,2,0.0
2,3,0.0
2,4,0.0
2,5,0.0
3,1,0.0
3,2,0.0
3,3,0.0
3,4,0.0
3,5,0.0
4,1,0.0
4,2,0.0
4,3,0.0
4,4,0.0
4,5,985.8647934754199
5,1,33.26479347543053
5,2,0.0
5,3,952.5999999999837
5,4,0.0
5,5,0.0
