reservoir,value
1,40363.944250038716
2,14164.744490235264
3,10514.29719563729
4,4425.059023097589
