reservoir,value
1,26451.82075964839
2,19617.2
3,5893.209187421363
4,0.0
