reservoir,value
1,15077.960108287794
2,3592.5291586449266
3,3955.8482891409344
4,3270.3049929687186
