reservoir,value
1,23009.03404352998
2,25932.44765035168
3,5297.383149200371
4,3150.408151391844
