reservoir,value
1,33989.15622017727
2,16901.25607057286
3,8120.06919636408
4,9630.878081546607
