reservoir,value
1,165137.9303957882
2,19617.2
3,28422.714677974785
4,12744.9
