reservoir,value
1,113824.50509914184
2,2763.63454945299
3,6729.67871986726
4,3103.7025698612724
