reservoir,value
1,23469.074486800593
2,12891.35821304056
3,4562.952904619792
4,2487.3442805201485
