reservoir,value
1,43549.82464280573
2,7449.43456873254
3,8599.055466954174
4,6711.56983117446
