reservoir,value
1,8243.07005135117
2,2643.2443589527993
3,0.0
4,1115.2626983931168
