reservoir,value
1,44500.15543173314
2,5575.736280142196
3,13673.708076628343
4,10879.305420874702
