reservoir,value
1,27870.26681912884
2,3535.0971307496166
3,3375.4831004731586
4,6345.540735446848
