reservoir,value
1,132085.98416263438
2,0.0
3,23535.063868464847
4,12744.9
