reservoir,value
1,20365.9148201066
2,6841.341929340841
3,4912.377365140837
4,2747.4830215009843
