reservoir,value
1,10044.661225414757
2,0.0
3,16186.28463912551
4,78.54773727098174
