reservoir,value
1,37195.33608657607
2,5420.538329104516
3,6057.103924206362
4,4705.2967657838035
