reservoir,value
1,76147.40217747692
2,4242.3947778630845
3,11596.763710969328
4,15069.25732451362
