reservoir,value
1,21919.492959431056
2,32581.87413326409
3,2525.4236902500397
4,1877.3559133844476
