reservoir,value
1,98954.28715077907
2,19617.2
3,12437.82942449566
4,4004.3721082905295
