reservoir,value
1,56113.87017086066
2,7344.469464536691
3,10352.042697084336
4,5546.391797547063
