reservoir,value
1,93695.02066990056
2,5819.495738348896
3,15001.324770344645
4,0.0
