reservoir,value
1,16460.355330855153
2,10687.971050630942
3,2966.4382379524254
4,3822.14611067491
