reservoir,value
1,5100.438452639834
2,0.0
3,0.0
4,4250.341834656378
