reservoir,value
1,23000.86555513623
2,4187.593628342651
3,5957.321534486711
4,9120.48340204489
