reservoir,value
1,108969.12241425808
2,0.0
3,20055.004038145864
4,12744.9
