reservoir,value
1,51385.698051289044
2,4450.022664660168
3,12285.037358438203
4,19339.876111885933
