reservoir,value
1,102463.49412768308
2,0.0
3,19158.624401423564
4,9611.662446649818
