reservoir,value
1,16047.680965797044
2,8756.056222877287
3,2548.9279450893746
4,2471.7674530720874
