reservoir,value
1,60070.24692104364
2,0.0
3,18281.337866030706
4,3013.786426346874
