reservoir,value
1,28255.561626612936
2,14435.041212381027
3,3238.3143306112383
4,2110.9764578359636
