reservoir,value
1,52861.20900698403
2,8413.902606291504
3,12773.076543955249
4,0.0
