reservoir,value
1,44159.99102743231
2,0.0
3,9976.120193808629
4,5880.946274373473
