reservoir,value
1,57836.658337473375
2,3180.0385410748127
3,15131.256394378543
4,5848.006736168597
