reservoir,value
1,43792.474700250255
2,2053.7344368515755
3,5230.356394378543
4,0.0
