reservoir,value
1,122813.28093784367
2,0.0
3,17605.513720484414
4,9857.769771778883
