reservoir,value
1,25883.056549418958
2,15652.529855355922
3,4295.43298786485
4,4494.817783124293
