reservoir,value
1,1102.2799235011626
2,5377.277103401975
3,0.0
4,47.38564785701441
