reservoir,value
1,28554.69999999927
2,10142.200000000008
3,46828.4
4,12744.9
