reservoir,value
1,28085.777327633157
2,2831.8622777891164
3,3393.819171809513
4,4297.428052536489
