reservoir,value
1,104047.45098376423
2,0.0
3,19974.81531695478
4,12406.562110232288
