reservoir,value
1,12536.317896647275
2,10372.728269775333
3,2230.1170279320036
4,1629.6242644576469
