reservoir,value
1,20473.568175866752
2,37102.363513451804
3,2829.126527830066
4,1711.5257047306409
