reservoir,value
1,100944.84527674316
2,19617.2
3,9864.764418401282
4,8244.812034039545
