reservoir,value
1,30084.23249874729
2,14889.83418518621
3,2694.757357607194
4,1456.9586119689175
