reservoir,value
1,88279.50989169818
2,6311.326713115428
3,4405.302145295668
4,3619.3479770042495
