reservoir,value
1,77360.19196698468
2,0.0
3,24927.492190882473
4,10925.59879771768
