reservoir,value
1,39784.61620548321
2,8382.513730225484
3,7587.723410148102
4,13429.103354304942
