reservoir,value
1,29288.905027759996
2,1677.3588322123858
3,0.0
4,5799.203354304501
