reservoir,value
1,60324.68783454762
2,7037.69033868458
3,7607.1827861405645
4,27771.73547435265
