reservoir,value
1,200717.6
2,18299.324527504235
3,32439.60879891986
4,12744.9
