reservoir,value
1,110603.6902
2,0.0
3,16342.587600000004
4,7520.197432498515
