reservoir,value
1,46552.66195925417
2,0.0
3,7295.526404803454
4,0.0
