reservoir,value
1,32815.361223006235
2,12328.080358588428
3,7502.368145860264
4,4908.684703567049
