reservoir,value
1,63534.188474445786
2,9799.448284730437
3,21621.764042653722
4,0.0
