reservoir,value
1,16217.363092644673
2,5100.592788235018
3,6053.9215469764795
4,4341.138326000304
