reservoir,value
1,26030.989048649233
2,12614.18612462022
3,3315.085721585833
4,1858.5228184636837
