reservoir,value
1,21344.13930240221
2,19149.88612462022
3,608.6067444665288
4,6873.104344409665
