reservoir,value
1,29936.798408832645
2,14734.64555137535
3,4481.254547715148
4,10099.439492045729
