reservoir,value
1,111249.63708590498
2,1653.14555137535
3,18751.393236703803
4,12744.9
