reservoir,value
1,59432.080501925026
2,7199.372791254234
3,15833.61004262406
4,15560.918526616248
