reservoir,value
1,57224.55176294785
2,3811.3829811151554
3,18355.61829284599
4,9908.145405800271
