reservoir,value
1,94639.60365748985
2,724.942981115148
3,9385.568626460305
4,2278.2454058002713
