reservoir,value
1,89647.5296346978
2,19617.2
3,15103.227582329026
4,713.9358753338856
