reservoir,value
1,143495.3640341778
2,12958.087071969358
3,28396.6219358534
4,10282.620384816117
