reservoir,value
1,111025.63207817271
2,0.0
3,17409.786546300038
4,10426.689670859992
