reservoir,value
1,22710.53606235871
2,20539.80531150428
3,2775.5907982449908
4,2036.6461123762042
