reservoir,value
1,141419.58552781004
2,19617.2
3,21682.477128001785
4,6398.785263707443
