reservoir,value
1,40459.547767119846
2,12818.118281751129
3,5483.15729548893
4,6237.123456165963
