reservoir,value
1,24584.16820112736
2,18915.852335570664
3,2404.079681629063
4,1803.6386607166605
