reservoir,value
1,46865.271637198406
2,19617.2
3,8917.994850045998
4,3199.9028690254872
