reservoir,value
1,144899.94997120273
2,19617.2
3,39497.001870388405
4,7788.782555182719
