reservoir,value
1,106532.14454875057
2,3540.729062728293
3,17063.076778739833
4,12744.9
