reservoir,value
1,9014.428026286767
2,3980.2036786775097
3,2274.181623314905
4,1607.011953851219
