reservoir,value
1,13441.941181687316
2,7144.2203701966155
3,3985.008681548058
4,2990.982406546561
