reservoir,value
1,45267.26546507876
2,6860.58715628012
3,6821.128620876136
4,14395.597043339938
