reservoir,value
1,141455.95455410212
2,0.0
3,28999.305562756137
4,12744.9
