reservoir,value
1,153072.52442200517
2,9479.500611483565
3,32756.16460682521
4,10584.79149490548
