reservoir,value
1,149195.89553325594
2,4844.290105430293
3,11158.685607506126
4,0.0
