reservoir,value
1,34768.81069424224
2,3254.566198326247
3,5124.7270270717745
4,10615.811039036256
