reservoir,value
1,103618.31910517094
2,0.0
3,27358.3733539652
4,12744.9
