reservoir,value
1,15003.956443823654
2,9511.82431644147
3,3333.1851372441774
4,2418.3489850143224
