reservoir,value
1,33474.294910097626
2,0.0
3,28914.289692779443
4,1084.4578277091207
