reservoir,value
1,67128.84189050867
2,1581.2000000000007
3,0.0
4,0.0
