reservoir,value
1,38006.30185348676
2,2201.7654012446033
3,14169.11646786761
4,19451.59584844111
