reservoir,value
1,15437.175471380157
2,10129.676273187677
3,2849.013298554968
4,2187.0186026438982
