reservoir,value
1,114360.9177872283
2,2299.92785924861
3,3470.848819796328
4,8512.131385292258
