reservoir,value
1,53428.988795280005
2,8088.625805489999
3,12288.113250249997
4,14684.071151300002
