reservoir,value
1,135303.13450077
2,0.0
3,19607.13275025
4,7440.47070285616
