reservoir,value
1,24588.23593161631
2,9019.899223593775
3,3883.1899083871094
4,1733.198980279087
