reservoir,value
1,107064.26590490842
2,2413.5457602224437
3,10664.382188982672
4,5768.880400307022
