reservoir,value
1,19450.37911182182
2,8113.218109715776
3,4516.958924485623
4,3474.833159087883
