reservoir,value
1,40359.52000000009
2,18767.7
3,32306.300000000003
4,12744.9
