reservoir,value
1,30223.16087622653
2,13852.724065447543
3,6395.51548519656
4,8249.307226560557
