reservoir,value
1,64253.69877544983
2,9071.923567702657
3,11779.806067806192
4,3251.1835541367304
