reservoir,value
1,25654.490620568267
2,17874.254626552505
3,6189.299312812447
4,8212.34949609539
