reservoir,value
1,111144.08284401626
2,18320.679591461027
3,19555.85846109705
4,8479.581769490776
