reservoir,value
1,34250.03693128274
2,12220.610679773621
3,12399.186609823164
4,6196.380921870146
