reservoir,value
1,114649.34097090257
2,4781.457875087702
3,51806.1
4,12744.9
