reservoir,value
1,36616.142896601006
2,15377.87524557784
3,7591.172334430431
4,10556.004954124308
