reservoir,value
1,17498.430737480332
2,4888.544879610221
3,4946.651576270792
4,3174.82075495593
