reservoir,value
1,16009.391719537298
2,4141.882408942851
3,4299.673189237161
4,2982.473750408726
