reservoir,value
1,0.0
2,1993.8800716788091
3,9906.261535106418
4,0.0
