reservoir,value
1,25114.425443229586
2,11922.678373883695
3,8788.536941416944
4,3199.4096366983385
