reservoir,value
1,59381.7957774636
2,18458.378373883694
3,6037.831358383029
4,0.0
