reservoir,value
1,13724.038646776897
2,9737.674650421272
3,3029.282556891262
4,2262.7550188047367
