reservoir,value
1,37127.850504694106
2,0.0
3,14435.519140295888
4,11620.655018804737
