reservoir,value
1,91166.10134004045
2,0.0
3,15478.175761086233
4,12744.9
