reservoir,value
1,27996.184878602107
2,10642.499626605502
3,3131.786372047183
4,3100.6431195941423
