reservoir,value
1,183592.30670521225
2,9136.557039741367
3,28755.467767913735
4,12271.543119594142
