reservoir,value
1,16267.85989417215
2,11928.375872179633
3,3804.813200537622
4,3442.116511633891
