reservoir,value
1,50670.45728179911
2,11719.641753683549
3,18434.847610734607
4,12744.9
