reservoir,value
1,13421.52975447846
2,15988.087595687091
3,5944.368252911545
4,3113.3219721588334
