reservoir,value
1,35547.8449163458
2,5758.803501945171
3,41912.8391758531
4,5864.903437749777
