reservoir,value
1,28360.036963652594
2,16191.762183318733
3,2905.3274095456345
4,1556.6141802313134
