reservoir,value
1,63810.492614630435
2,5342.782443085847
3,16394.741985309487
4,11757.04485433541
