reservoir,value
1,93380.42326151808
2,6862.011089908881
3,31014.12220919478
4,4284.685221199126
