reservoir,value
1,46194.49278047486
2,4300.912662593702
3,6030.90324179813
4,8322.244174833984
