reservoir,value
1,19619.886105799334
2,7575.274793993389
3,2990.714247143575
4,1750.1451197133356
