reservoir,value
1,137619.59963033264
2,0.0
3,15832.521653334694
4,6747.00833836212
