reservoir,value
1,61681.59228387539
2,7042.229843187226
3,9258.881523432316
4,5890.502094254765
