reservoir,value
1,25872.74410651281
2,13345.65830649461
3,3627.019616047533
4,2190.235284400278
