reservoir,value
1,81732.00043649721
2,5460.206211731793
3,23223.76828919538
4,25770.08991934939
