reservoir,value
1,0.0
2,0.0
3,2648.8105566336308
4,18140.189919385724
