reservoir,value
1,18108.460289025315
2,7253.556392496115
3,2928.6578571717228
4,1615.3372899034503
