reservoir,value
1,10800.665523871363
2,0.0
3,3362.734210549391
4,3170.604078507053
