reservoir,value
1,27607.057855131934
2,9237.368958608982
3,5280.561571651629
4,2165.7711615711482
