reservoir,value
1,62745.760046990006
2,20950.75754705
3,8085.77562685
4,13998.04517636
