reservoir,value
1,170123.26803229604
2,19617.2
3,42746.26302417142
4,11055.54503096381
