reservoir,value
1,14959.055982902704
2,0.0
3,8022.299818003801
4,4021.51303118524
