reservoir,value
1,16912.79822382005
2,10681.129402054801
3,2907.979042757828
4,1565.2107770755501
