reservoir,value
1,39934.34500444193
2,2792.4859156599196
3,12113.14646987679
4,15149.46963563328
