reservoir,value
1,119062.9459370005
2,0.0
3,43921.40506238445
4,12091.516053707255
