reservoir,value
1,40559.185955097426
2,15345.356641464732
3,2139.9719586770148
4,9813.961192830677
