reservoir,value
1,141338.7682646949
2,2263.8566414647003
3,6170.628295522636
4,12744.9
