reservoir,value
1,17681.73331781335
2,7338.426694607703
3,3005.026092881459
4,3204.6146195581796
