reservoir,value
1,105081.38461125082
2,0.0
3,11470.981600884406
4,12230.514619559175
