reservoir,value
1,101703.25032024924
2,0.0
3,48022.632405030236
4,12744.9
