reservoir,value
1,6686.863609887972
2,28370.333909449626
3,0.0
4,0.0
