reservoir,value
1,200717.6
2,5420.756290237396
3,19718.66248862401
4,10550.81554934614
