reservoir,value
1,19550.950479771658
2,8011.569997794826
3,2521.4294523568988
4,1629.1756424585417
