reservoir,value
1,113361.26339209013
2,14547.269997794827
3,3898.4127551730135
4,7731.458952698147
