reservoir,value
1,34035.54442592397
2,5264.593779664431
3,12691.082970224863
4,7562.611830297866
