reservoir,value
1,16725.20327939178
2,19245.58684297285
3,0.0
4,0.0
