reservoir,value
1,55198.09119595392
2,7178.181767823874
3,7434.419619603282
4,15730.649293640889
