reservoir,value
1,123417.82520323366
2,0.0
3,16497.621912982093
4,5028.973793480439
