reservoir,value
1,38720.47393587936
2,0.0
3,9497.25783242278
4,12263.108886865304
