reservoir,value
1,76903.24750028
2,4341.78860736
3,13204.381238400001
4,13081.334016600002
