reservoir,value
1,146586.22630764003
2,0.0
3,19646.068838400006
4,12251.786770166394
