reservoir,value
1,67804.47158855142
2,5282.559429331715
3,15430.528810907095
4,28385.39374232675
