reservoir,value
1,87439.30958276983
2,0.0
3,28728.58742429403
4,12744.9
