reservoir,value
1,49856.33137213607
2,12553.026289179568
3,7344.648488485361
4,15571.389040801198
