reservoir,value
1,16234.382858985213
2,13210.334489049757
3,2964.3115554291685
4,2818.5274475972583
