reservoir,value
1,99883.7062202603
2,128.8344890497574
3,2730.984250526989
4,9172.427447599828
