reservoir,value
1,38649.12185601202
2,4177.1025940956715
3,11941.990399582266
4,7167.875222285184
