reservoir,value
1,75697.71645256512
2,3226.759935096577
3,23791.150525720557
4,11953.424878291917
