reservoir,value
1,81624.40403487723
2,2566.4373589960915
3,51806.1
4,10653.11844431852
