reservoir,value
1,35907.31110408956
2,5497.969109045058
3,9714.364046713146
4,11408.517993109166
