reservoir,value
1,142320.84348809766
2,0.0
3,43120.00557114178
4,12744.9
