reservoir,value
1,79847.90459001306
2,7825.588503273281
3,36655.680684851555
4,29956.69227388368
