reservoir,value
1,0.0
2,0.0
3,10679.017297210075
4,35071.69227388368
