reservoir,value
1,25887.691785111023
2,8891.192244809641
3,3395.3525161022853
4,1626.315934589201
