reservoir,value
1,21068.792243126045
2,15212.793002836199
3,3975.549632073161
4,3461.1667931972597
