reservoir,value
1,69522.54890108836
2,5405.484776792744
3,25043.678431021526
4,12970.243011241524
