reservoir,value
1,28786.552763828025
2,27584.161960843376
3,4949.602217430668
4,4334.825345412492
