reservoir,value
1,9800.699324802263
2,3030.215530930778
3,0.0
4,0.0
