reservoir,value
1,20591.96146552937
2,9339.200000000377
3,0.0
4,0.0
