reservoir,value
1,45073.294514882306
2,2606.97788152912
3,9362.641550424749
4,14571.093333430732
