reservoir,value
1,124063.15125949409
2,0.0
3,29731.176534874754
4,12744.9
