reservoir,value
1,101375.95050000044
2,0.0
3,18433.447000000004
4,12627.428100000001
