reservoir,value
1,28676.51649925317
2,4618.731372164872
3,4706.1225700824825
4,2670.1861460583864
