reservoir,value
1,89707.22225883503
2,0.0
3,15687.262733692125
4,192.99386573243797
