reservoir,value
1,72905.3452323989
2,3959.0385028103083
3,14119.96042222926
4,8321.24620095369
