reservoir,value
1,98485.199065133
2,5983.220823001013
3,4699.940135552976
4,691.3462009536906
