reservoir,value
1,83669.19764719256
2,19617.2
3,1514.3604411174708
4,1863.3292096211228
