reservoir,value
1,41451.835942878446
2,7160.243712681755
3,10880.543838710319
4,10902.011010225335
