reservoir,value
1,85682.30558203303
2,9268.05503790549
3,17536.257612484747
4,8716.418176717361
