reservoir,value
1,41106.952299175304
2,14917.513493272309
3,5852.7339812546
4,2359.0970914767836
