reservoir,value
1,22222.772486874754
2,4215.674768890921
3,11530.805343493224
4,11946.273939430184
