reservoir,value
1,20587.00763180505
2,5850.957339172524
3,3667.4365951738787
4,2590.6068583640354
