reservoir,value
1,47180.39097630452
2,3168.641635689117
3,82.9146805569171
4,0.0
