reservoir,value
1,31594.8282580048
2,13256.478436949801
3,6400.51699198011
4,3550.643819260048
