reservoir,value
1,54474.943268181756
2,174.9784369498011
3,0.0
4,0.0
