reservoir,value
1,43821.65485166643
2,3301.8645347341917
3,17928.939334851035
4,10754.511464279132
