reservoir,value
1,67510.5168808462
2,14679.022896035698
3,36426.08159458238
4,3910.6691748154262
