reservoir,value
1,32134.80635757738
2,11489.133411699077
3,5670.053620112433
4,8974.398231182711
