reservoir,value
1,175672.69762575018
2,19617.2
3,45721.753360849325
4,12744.9
