reservoir,value
1,19440.335969139378
2,18276.162468674695
3,5250.319906561444
4,2221.8483879853984
