reservoir,value
1,29700.704124913485
2,15509.940639770291
3,9995.591182227276
4,1164.539602049223
