reservoir,value
1,51049.100165989556
2,3174.007681049341
3,15242.496689752748
4,13810.386433535496
