reservoir,value
1,75566.4070177043
2,0.0
3,12777.260354205951
4,11557.248177055235
