reservoir,value
1,59045.46045739652
2,0.0
3,0.0
4,7863.751598553161
