reservoir,value
1,189973.74703857914
2,10688.313358997646
3,22174.58339946071
4,8438.416400341397
