reservoir,value
1,18130.20012849822
2,5447.220393978681
3,3518.535713137722
4,2919.4131147243215
