reservoir,value
1,78184.20298427518
2,2306.002877866791
3,32860.50327932183
4,24550.211714132758
