reservoir,value
1,0.0
2,0.0
3,6085.772432382547
4,14018.047156731393
