reservoir,value
1,179833.01931583748
2,10005.10235274056
3,51806.1
4,4763.618089118737
