reservoir,value
1,33175.97160963054
2,8870.986828870711
3,4615.994187384096
4,3963.2711825680917
