reservoir,value
1,179599.0471800135
2,5253.255658436925
3,21587.058732073077
4,9078.271182568113
