reservoir,value
1,96097.83810777022
2,5722.18204333894
3,19218.98338961816
4,13585.856417836683
