reservoir,value
1,0.0
2,0.0
3,11130.817578358601
4,11972.224503300024
