reservoir,value
1,200543.3942250712
2,0.0
3,49993.36581125826
4,6728.63191453666
