reservoir,value
1,32218.57083219761
2,4967.5354426066915
3,4842.5006065853795
4,9538.157736519475
