reservoir,value
1,74486.41123397289
2,0.0
3,14817.869790720773
4,12744.9
