reservoir,value
1,52957.67797041
2,6543.13522964
3,11876.917096899999
4,15198.0743665
