reservoir,value
1,86638.46049298684
2,0.0
3,32061.655943427413
4,9561.756225047213
