reservoir,value
1,22438.355897168047
2,4511.859564289518
3,4295.840055025596
4,3976.8304152411647
