reservoir,value
1,195444.23288066557
2,0.0
3,49444.94765836387
4,12744.9
