reservoir,value
1,119067.14101721239
2,0.0
3,36561.868557650625
4,7426.446582320379
