reservoir,value
1,52022.78681979503
2,19813.555437784424
3,4043.3457800115816
4,4277.463935432822
