reservoir,value
1,200717.6
2,18280.367739713343
3,25118.312313138817
4,12744.9
