reservoir,value
1,120675.90773518657
2,0.0
3,37576.2027931998
4,3335.7718373528232
