reservoir,value
1,38151.29872934193
2,2493.866002681804
3,12088.804871937306
4,11209.2504331433
