reservoir,value
1,45981.29775136964
2,12976.80992462832
3,10630.386264166365
4,8281.816542273773
