reservoir,value
1,30815.646212191103
2,3216.647364890426
3,3011.3592745743426
4,651.9165422737733
