reservoir,value
1,12502.06528533573
2,11509.896568969754
3,4760.111873743528
4,2762.328401929445
