reservoir,value
1,50352.63008058138
2,0.0
3,22755.268178589573
4,3934.1794628069
