reservoir,value
1,13039.71411333453
2,9124.400457112788
3,4087.90320197105
4,2649.9237659344267
