reservoir,value
1,35586.24314174078
2,6504.317118179082
3,4306.823176048313
4,2129.2183556062664
