reservoir,value
1,31096.488840061713
2,15657.494845025514
3,4466.1167871696
4,4641.691678592333
