reservoir,value
1,143047.44574465734
2,2575.994845025514
3,12459.65707490499
4,12744.9
