reservoir,value
1,167089.4813340098
2,2871.8127264853856
3,29430.46045747911
4,13559.560868899192
