reservoir,value
1,176726.08099040785
2,0.0
3,0.0
4,5929.660868901093
