reservoir,value
1,132240.68631970324
2,0.0
3,31679.03835940608
4,0.0
