reservoir,value
1,37163.84037976907
2,4582.122558378013
3,13270.824053542132
4,11327.371138905779
