reservoir,value
1,26485.85337421286
2,4703.696751572303
3,0.0
4,1323.2703900999409
