reservoir,value
1,183163.94461867114
2,0.0
3,17027.296130478215
4,12744.9
