reservoir,value
1,27136.410881421165
2,6419.447448624445
3,3425.674170743033
4,3667.6149009234387
