reservoir,value
1,98682.59535833888
2,0.0
3,12729.503364467357
4,12744.9
