reservoir,value
1,61308.79840138096
2,0.0
3,31561.859812863902
4,9851.804176685451
