reservoir,value
1,71931.90845897407
2,3132.69607031896
3,30700.18924229445
4,16622.981169433493
