reservoir,value
1,23957.12179359316
2,14800.498978482261
3,3448.1502772885633
4,4774.431084039714
