reservoir,value
1,30559.630577657474
2,3671.578813926526
3,8085.878008916747
4,11053.6699237902
