reservoir,value
1,23064.44541977898
2,10750.602993456729
3,4418.48549065919
4,6089.928731387048
