reservoir,value
1,45709.43177173374
2,8407.042612160278
3,10003.239860387794
4,5324.984183048912
