reservoir,value
1,32921.246617789584
2,23438.855967054664
3,4214.15573707949
4,4174.733900264677
