reservoir,value
1,114144.71479212279
2,14316.589184481607
3,15121.93022400768
4,26.96508625000388
