reservoir,value
1,0.0
2,11174.995947521362
3,5129.937671645719
4,2423.207587253455
