reservoir,value
1,69335.87009409201
2,0.0
3,36206.86197797652
4,12744.9
