reservoir,value
1,37868.59062728645
2,8139.4299639061555
3,7230.423381605155
4,10006.440248117526
