reservoir,value
1,119345.61125672031
2,0.0
3,28772.89314896807
4,12744.9
