reservoir,value
1,122612.64195589565
2,0.0
3,14992.310980169143
4,12744.9
