reservoir,value
1,56617.72231909498
2,3282.233480995715
3,32041.932418307268
4,19480.328670709787
