reservoir,value
1,0.0
2,0.0
3,22141.032418307692
4,20318.864083259417
