reservoir,value
1,128394.40192937989
2,13576.32725059455
3,51806.1
4,4276.46458743441
