reservoir,value
1,16448.42164796253
2,15458.095644096415
3,2360.371147996305
4,1461.1199158103714
