reservoir,value
1,103271.29218055558
2,2806.3626949280897
3,4284.975200664253
4,5924.711292701657
