reservoir,value
1,13971.907996289667
2,5423.74188376492
3,3316.0437330889185
4,2889.7467550520732
