reservoir,value
1,53000.3105873988
2,7949.420422017209
3,9893.617118497912
4,6152.0540679950955
