reservoir,value
1,80305.41312983955
2,4667.368706747646
3,21614.481161151634
4,0.0
