reservoir,value
1,63946.29993445947
2,4846.627430520867
3,10898.872008089777
4,8418.218509076703
