reservoir,value
1,13545.19341665625
2,26651.88837534399
3,2886.6866470315963
4,1867.0460918031295
