reservoir,value
1,58251.82223739233
2,19617.2
3,12754.166411592621
4,5637.535772676039
