reservoir,value
1,58737.27120162904
2,6285.9026798955365
3,9525.932998505967
4,14810.32874516265
