reservoir,value
1,24563.08921498822
2,6158.547383659354
3,4829.799007504688
4,2709.8457274112006
