reservoir,value
1,36423.36797287345
2,4906.125254601084
3,18145.872967840653
4,436.32726121064024
