reservoir,value
1,121866.17359836056
2,0.0
3,19418.25904071226
4,12744.9
