reservoir,value
1,51753.55345377767
2,6147.469880940408
3,12274.44425541762
4,7251.237371514301
