reservoir,value
1,106136.57164573515
2,13937.308629324982
3,13444.435490650643
4,0.0
