reservoir,value
1,18879.9840522867
2,13134.223379723182
3,2219.026468154181
4,2408.529000714101
