reservoir,value
1,103298.99687658821
2,13850.258073030893
3,6812.913597199629
4,9229.014922395621
