reservoir,value
1,36629.82200991557
2,15640.68817942986
3,6412.724022491563
4,3078.4949923473864
