reservoir,value
1,0.0
2,11307.779409573883
3,424.65597483317106
4,0.0
