reservoir,value
1,77487.4534410112
2,4110.418600011742
3,45349.50339950406
4,21894.648932390697
