reservoir,value
1,0.0
2,0.0
3,50446.540893698
4,14264.748932667055
