reservoir,value
1,38001.454471208854
2,14926.645320892661
3,2984.5049302030625
4,4856.904552528292
