reservoir,value
1,173753.92167115392
2,19617.2
3,12994.439078641703
4,12744.9
