reservoir,value
1,113556.50968270111
2,1329.7871351714712
3,0.0
4,9942.06993370734
