reservoir,value
1,54748.53142222289
2,15841.233646140474
3,11820.748663408087
4,14162.02064426065
