reservoir,value
1,193613.4143391133
2,6468.089682250476
3,24637.474928367566
4,12144.780403227052
