reservoir,value
1,59169.8292957067
2,5512.165396384531
3,13219.936443489401
4,16525.27087903632
