reservoir,value
1,94768.97490868102
2,0.0
3,11515.269459371564
4,3951.4259375069228
