reservoir,value
1,155598.22029805667
2,5279.809812117335
3,29613.564528550625
4,476.08675590752694
