reservoir,value
1,38520.294994573145
2,4206.308430504634
3,10473.087912684417
4,13218.1176290756
