reservoir,value
1,156445.02320732037
2,0.0
3,37337.51545743584
4,12744.9
