reservoir,value
1,77780.17427050449
2,19617.2
3,1621.230051306722
4,0.0
