reservoir,value
1,0.0
2,15358.049951179039
3,0.0
4,465.01471098463526
