reservoir,value
1,28528.174954083755
2,8196.07285158343
3,5118.458046411331
4,9032.381802456543
