reservoir,value
1,97634.78048377577
2,0.0
3,32874.43151628983
4,12744.9
