from,to,value
1,1,0.0
1,2,1763.4867508943826
1,3,0.0
1,4,0.0
1,5,0.0
2,1,0.0
2,2,0.0
2,3,0.0
2,4,0.0
2,5,0.0
3,1,0.0
3,2,0.0
3,3,0.0
3,4,0.0
3,5,0.0
4,1,0.0
4,2,0.0
4,3,0.0
4,4,0.0
4,5,2459.9347325060967
5,1,799.3347325061532
5,2,0.0
5,3,1660.6000000017748
5,4,0.0
5,5,0.0
