reservoir,value
1,14832.587709037023
2,7172.778874533567
3,3071.7712932952977
4,1702.096217782954
