reservoir,value
1,82766.76218563667
2,0.0
3,17581.653113978897
4,8501.394062284262
