reservoir,value
1,29539.71124321448
2,5797.930069538614
3,9266.213097961407
4,3190.142603925942
