reservoir,value
1,60161.91523812081
2,11565.237736599145
3,9161.765182168647
4,4763.374422275498
