reservoir,value
1,8014.595641294865
2,1687.0870618989068
3,51806.1
4,12744.9
