reservoir,value
1,35071.64467590199
2,6817.311866587899
3,15567.720190125036
4,18906.2436458694
