reservoir,value
1,35283.095307356765
2,4537.562772437998
3,14280.966490323406
4,22299.713513439183
