reservoir,value
1,109473.92311922598
2,0.0
3,26528.451249627484
4,12744.9
