reservoir,value
1,73328.95183747576
2,0.0
3,7635.047858935643
4,12744.9
