reservoir,value
1,119743.38197582291
2,11823.419007055047
3,19884.898023522735
4,1439.5230361853896
