reservoir,value
1,117184.32974883728
2,6282.037435947704
3,22387.62502936326
4,18162.296938803884
