reservoir,value
1,177996.26398668988
2,8941.000946287635
3,21564.399850054288
4,12744.9
