reservoir,value
1,47302.87342671037
2,23917.61714150839
3,8504.939313382802
4,18887.70699218258
