reservoir,value
1,162578.7062208623
2,13834.46349872781
3,44069.990030732064
4,11257.806992182579
