reservoir,value
1,18220.410384082537
2,5201.224849247752
3,5060.42401966359
4,5402.248877660708
