reservoir,value
1,83168.47110681832
2,0.0
3,29278.505825808363
4,10892.148877660708
