reservoir,value
1,139940.623131135
2,5874.572440659773
3,20007.857702319227
4,12744.9
