reservoir,value
1,39225.720617365296
2,19617.2
3,247.49149575331532
4,0.0
