reservoir,value
1,40889.10974846958
2,15982.83517017993
3,8598.428262938234
4,12392.17494102791
