reservoir,value
1,110438.80719113752
2,5136.801802468544
3,37796.657543939626
4,12744.9
