reservoir,value
1,43419.121102050005
2,10907.275930799999
3,8498.362284500003
4,15288.248678599999
