reservoir,value
1,128055.89073284999
2,0.0
3,18395.71728450001
4,7658.348678601459
