reservoir,value
1,22904.770530396483
2,8791.071103003904
3,3523.2257084661364
4,1445.8808593092876
