reservoir,value
1,20293.32368655943
2,4388.99885597227
3,2667.079174455491
4,5220.743438612622
