reservoir,value
1,20127.584013009196
2,9566.554991776055
3,3733.2882690028127
4,3763.454968500772
