reservoir,value
1,79781.41308658876
2,0.0
3,17220.656710988304
4,12744.9
