reservoir,value
1,42813.044898265754
2,4116.60301584545
3,14347.88250378726
4,24699.538721402692
