reservoir,value
1,87757.46840970546
2,0.0
3,8975.018551613519
4,5056.548956131838
