reservoir,value
1,34364.349910575416
2,19617.2
3,5780.306945406865
4,2829.576372558099
