reservoir,value
1,25355.010631568563
2,22094.66120525601
3,5115.854871991973
4,7666.464525350714
