reservoir,value
1,116840.55300330502
2,19617.2
3,28684.44169012161
4,12119.19465242427
