reservoir,value
1,18305.286176686488
2,8506.33889917042
3,9881.94551585685
4,5135.243397550854
