reservoir,value
1,59295.54470693941
2,17584.41666255329
3,32476.56363523326
4,0.0
