reservoir,value
1,12592.812228518429
2,10370.566635189887
3,2827.043152693297
4,2795.8557421244586
