reservoir,value
1,56045.6814089707
2,0.0
3,10976.198672407343
4,8078.1001691905785
