reservoir,value
1,51620.041156038504
2,11570.002020467227
3,5422.083588558456
4,14426.919969082159
