reservoir,value
1,44778.78307619777
2,11946.03122073631
3,8240.98939237683
4,4046.2312069028394
