reservoir,value
1,20866.033156112197
2,9057.395906187076
3,3676.456268206814
4,3323.7883279483444
