reservoir,value
1,34038.68208394194
2,9488.504489163179
3,8420.9186292451
4,14853.362201720978
