reservoir,value
1,99092.18705233745
2,0.0
3,24002.87011646243
4,12744.9
