reservoir,value
1,13821.156102739445
2,3932.0337173921703
3,2693.6538629136553
4,2173.1513739120405
