reservoir,value
1,72230.26227516716
2,0.0
3,8074.587806217536
4,889.4053398108721
