reservoir,value
1,34369.625826847325
2,5060.868532877148
3,6443.824556130611
4,4247.514505136359
