reservoir,value
1,166070.86557731425
2,19617.2
3,28423.63784067624
4,9545.697153446525
