reservoir,value
1,103527.83031976019
2,0.0
3,17941.189449296293
4,12744.9
