reservoir,value
1,17117.478602767624
2,23092.951322864148
3,2563.5321713015596
4,2436.15203053615
