reservoir,value
1,14432.523427495515
2,19617.2
3,1315.7760470472251
4,5629.153898433563
