reservoir,value
1,21218.56876549836
2,15679.81279204742
3,2361.7408985548304
4,1961.9550009834322
