reservoir,value
1,91025.63312940745
2,2598.31279204742
3,2033.9618576264575
4,5537.977120051952
