reservoir,value
1,34132.68061931329
2,36528.41655345609
3,6398.187749757671
4,5068.2440932799545
