reservoir,value
1,196275.2813538339
2,19617.2
3,48303.38774975767
4,10183.244093279955
