reservoir,value
1,21056.85260566261
2,10567.62097133869
3,4214.276720306113
4,3060.302569887611
