reservoir,value
1,58450.331283058695
2,16093.863927426799
3,11670.821120287317
4,8943.479011835036
