reservoir,value
1,77054.98767861509
2,3012.363927426799
3,19325.18381607578
4,1313.579011835036
