reservoir,value
1,197626.23996204513
2,6473.2387987034845
3,39868.797922034646
4,12744.9
