reservoir,value
1,46645.96612675842
2,9972.59732545435
3,12600.71123518093
4,15943.982887178136
