reservoir,value
1,114290.6728891686
2,3970.764496849333
3,19463.469700861282
4,7138.98986246682
