from,to,value
1,1,0.0
1,2,0.0
1,3,0.0
1,4,0.0
1,5,0.0
2,1,1733.515244756676
2,2,0.0
2,3,0.0
2,4,0.0
2,5,0.0
3,1,624.216708559984
3,2,0.0
3,3,0.0
3,4,0.0
3,5,0.0
4,1,0.0
4,2,0.0
4,3,0.0
4,4,0.0
4,5,2678.846978905226
5,1,2678.846978905225
5,2,0.0
5,3,0.0
5,4,0.0
5,5,0.0
