reservoir,value
1,39860.291978272144
2,3845.495900665186
3,5834.032314270315
4,3690.153021094774
