reservoir,value
1,13611.47721470461
2,4001.5484366015226
3,3208.9988817669364
4,2712.2576207010056
