reservoir,value
1,48526.894220531365
2,20722.927005219033
3,7151.387174048596
4,4539.9263621703585
