reservoir,value
1,97557.86771974189
2,11116.98376200042
3,20497.923461111335
4,0.0
