reservoir,value
1,46962.07761282785
2,3556.960345590509
3,13123.185613930056
4,8980.539261462583
