reservoir,value
1,14470.037958418361
2,0.0
3,4111.085613930056
4,1350.6392614625838
