reservoir,value
1,75497.71903483072
2,10776.701639971723
3,20259.20029277144
4,7463.560718203013
