reservoir,value
1,116684.4153
2,4805.774600001252
3,14513.439300000004
4,7086.126000001131
