reservoir,value
1,22949.76143607502
2,18127.356577979044
3,3469.663147248579
4,2124.083094634303
