reservoir,value
1,13951.771024719083
2,9476.654460428417
3,3852.1854836920947
4,3668.4497114425712
