reservoir,value
1,104774.69552008319
2,16012.354460428418
3,21009.056346607376
4,12744.9
