reservoir,value
1,34601.49032559162
2,8310.233445640082
3,12343.609494728726
4,15218.83115196344
