reservoir,value
1,186363.3543890197
2,11717.52102605818
3,51806.1
4,10846.274784223482
