reservoir,value
1,24363.53347121973
2,24719.26016300587
3,2301.8693368979652
4,1317.7964489338888
