reservoir,value
1,39450.87520346305
2,19617.2
3,4999.40745281594
4,7345.061929404578
