reservoir,value
1,48410.05361896923
2,3627.2794604401997
3,4939.8982300291555
4,15443.258171173002
