reservoir,value
1,143114.5724795698
2,0.0
3,14988.158541613499
4,12744.9
