reservoir,value
1,29743.69466979811
2,655.8020091409295
3,8851.881111210701
4,9855.819385981813
