reservoir,value
1,54556.14417215435
2,3343.7189592142504
3,23859.554007534956
4,21205.971848888097
