reservoir,value
1,88410.59667362069
2,7278.192338678407
3,43067.697965366606
4,0.0
