reservoir,value
1,0.0
2,11256.291841126196
3,85772.6
4,24157.100000000006
