reservoir,value
1,118002.39886568513
2,4831.10958255126
3,0.0
4,12744.9
