reservoir,value
1,43797.00073282715
2,10870.031242577412
3,11441.388908506948
4,4851.874182769769
