reservoir,value
1,59426.31757778874
2,19617.2
3,1681.0016191722734
4,0.0
