reservoir,value
1,46178.199996066774
2,5171.072285139384
3,8154.059626078238
4,3240.6891638341
