reservoir,value
1,38785.106351422335
2,28328.511057483094
3,5888.399822316698
4,2504.9964969168846
