reservoir,value
1,32615.75120515926
2,10998.211168892201
3,7404.684052507867
4,5481.043091140293
