reservoir,value
1,48188.21002638079
2,2666.554344264139
3,19017.794149332487
4,9372.658643494538
