reservoir,value
1,40398.376579896736
2,0.0
3,36414.61382643586
4,1742.7586434945388
