reservoir,value
1,16612.957147450114
2,12338.617518625433
3,3242.806345257825
4,2032.4005031447848
