reservoir,value
1,89034.644200011
2,2923.753618125309
3,26883.08300162254
4,10559.969796905058
