reservoir,value
1,143426.73571108002
2,0.0
3,29355.397107360004
4,1614.6380830200246
