reservoir,value
1,25003.90443174666
2,4985.917778111016
3,4064.649886342059
4,3441.842629224628
