reservoir,value
1,54450.20572931694
2,0.0
3,1461.5692015479583
4,1121.3496592655458
