reservoir,value
1,26005.771882236095
2,6738.164782316505
3,8034.951345333212
4,3650.2647155404325
