reservoir,value
1,4498.189622844069
2,13273.864782316505
3,22708.26905854329
4,0.0
