reservoir,value
1,32356.994974568373
2,12137.081014324613
3,4997.415973749881
4,4389.7485876818455
