reservoir,value
1,22835.750741427335
2,6656.914362544526
3,2814.2552735990193
4,2555.400276026629
