reservoir,value
1,11253.752543207178
2,0.0
3,1134.4528269683638
4,0.0
