reservoir,value
1,51957.597267786616
2,19617.2
3,4821.508537307301
4,7257.936173869519
