reservoir,value
1,27888.598135254928
2,4347.718621525994
3,2749.008274573984
4,1764.5028563907163
