reservoir,value
1,128569.44366306515
2,10883.418621525994
3,18601.152715070162
4,2356.320807603767
