reservoir,value
1,39745.9365558599
2,5194.835305943714
3,15567.158442472122
4,6540.356150519958
