reservoir,value
1,20464.622596688718
2,8290.187313681181
3,5599.977936074905
4,5376.004611402822
