reservoir,value
1,163998.900374724
2,0.0
3,44923.74784875358
4,10491.00461140011
