reservoir,value
1,94141.95085528989
2,19617.2
3,20572.820383103237
4,2320.1035817311895
