reservoir,value
1,100089.9493337504
2,19617.2
3,51152.20163186891
4,12744.9
