reservoir,value
1,13358.734363791265
2,2245.2629603248724
3,5541.582455655623
4,2142.928933589804
