reservoir,value
1,37037.4861253438
2,10120.21540701926
3,4520.303533825039
4,2718.433315268054
