reservoir,value
1,16486.304011505137
2,2186.3219334819655
3,592.6612984295543
4,1948.1790909692297
