reservoir,value
1,21280.917690777445
2,4044.4626980392945
3,2363.57778731566
4,2093.7539341094566
