reservoir,value
1,47978.500903609136
2,0.0
3,0.0
4,9141.931721425115
