reservoir,value
1,24360.74157527864
2,11700.698043891185
3,3561.784492501937
4,2919.663486915849
