reservoir,value
1,21820.977255870563
2,8043.530173467873
3,4217.468756228273
4,3165.947372817467
