reservoir,value
1,90795.56428859256
2,0.0
3,17670.137499775876
4,12744.9
