reservoir,value
1,21106.43200107992
2,15142.29212343428
3,4185.986051359029
4,1624.6500089117328
