reservoir,value
1,46741.482359837806
2,17033.5633242411
3,12602.765306389087
4,16906.433957000434
