reservoir,value
1,134526.7137209272
2,19617.2
3,23606.132673968485
4,12744.9
