reservoir,value
1,62611.26812578123
2,3260.4522882456877
3,10463.26041848224
4,6366.8381675664505
