reservoir,value
1,114647.43853702187
2,7240.571018782471
3,5936.798586048691
4,0.0
