reservoir,value
1,25018.648664040193
2,4864.28261201273
3,7551.194220563924
4,2612.6849880542827
