reservoir,value
1,63902.94713145869
2,0.0
3,4144.286000322865
4,0.0
