reservoir,value
1,9942.750940192267
2,4845.974532801492
3,2220.9213171539504
4,1606.514774442147
