reservoir,value
1,29101.741114157223
2,25697.81565970568
3,2654.2575991175718
4,2113.6352310485318
