reservoir,value
1,23887.61339500171
2,22746.665726469586
3,2777.654636410307
4,3052.317619626326
