reservoir,value
1,69316.21633758195
2,19617.2
3,15133.267408280342
4,12223.217619626326
