reservoir,value
1,19024.884728173376
2,25211.81531250994
3,2876.932466139895
4,1766.4611242070605
