reservoir,value
1,36345.87566899846
2,19309.42748329188
3,2713.2076005903655
4,1579.0029332959502
