reservoir,value
1,111998.74222537897
2,8709.555103188562
3,10654.141621575582
4,14464.281289536953
