reservoir,value
1,54451.30953300597
2,0.0
3,0.0
4,15532.058124735879
