reservoir,value
1,158682.26313276362
2,2103.4851031886183
3,12542.444132809778
4,0.0
