reservoir,value
1,23917.19801140262
2,4213.874389034517
3,4842.46897676615
4,3558.7754690877678
