reservoir,value
1,62386.16976595073
2,9042.628029472717
3,15569.444423159635
4,17333.88137684845
