reservoir,value
1,40677.157926759275
2,12395.423382065457
3,12617.220299048096
4,9954.533761289416
