reservoir,value
1,174919.60498417946
2,7615.048054909888
3,20396.699511051374
4,12744.9
