reservoir,value
1,21519.55716122355
2,6858.446684828834
3,5726.705606084834
4,6821.4798750202035
