reservoir,value
1,88487.50784490073
2,0.0
3,22719.40785311147
4,12744.9
