reservoir,value
1,17500.376815914053
2,16076.970207252154
3,2101.0966901818942
4,2194.882125620247
