reservoir,value
1,96210.68283905543
2,7631.538807713793
3,4083.1912686165715
4,4405.409498013643
