reservoir,value
1,18974.451019891334
2,22614.184784815014
3,2813.4036589956445
4,3880.254286302199
