reservoir,value
1,88332.74756421387
2,9532.684784815014
3,13715.238083828344
4,12744.9
