reservoir,value
1,2298.3975591868493
2,10532.937797775909
3,2801.943862937795
4,0.0
