reservoir,value
1,0.0
2,0.0
3,2877.1000000000004
4,8923.300000000001
