reservoir,value
1,23927.600431880684
2,8908.32738139403
3,3383.4180585158974
4,2835.3271257143874
