reservoir,value
1,74462.95056305965
2,0.0
3,23504.08727088983
4,2077.7128524741584
