reservoir,value
1,18574.03860623072
2,6352.898298066825
3,3629.105248581134
4,2490.6582260529876
