reservoir,value
1,71618.82129192179
2,0.0
3,11773.151897948715
4,11993.558226052988
