reservoir,value
1,27694.80287368432
2,9612.732965096948
3,7258.8628385253605
4,9681.130907697607
