reservoir,value
1,125535.2649232873
2,0.0
3,27666.05672567428
4,12744.9
