reservoir,value
1,90288.12514025765
2,0.0
3,25753.051618823316
4,12464.8591852602
