reservoir,value
1,25810.357607242866
2,6313.435312885214
3,6595.106024460424
4,4058.9188815490206
