reservoir,value
1,72459.22868187977
2,0.0
3,41495.65030583234
4,9173.91888154902
