reservoir,value
1,54399.55200747868
2,11341.423672023173
3,7256.983060335249
4,0.0
