plant,value
1,36256.940576553105
2,12884.355
3,9900.900000000016
4,7629.900000000014
