reservoir,value
1,32483.038531766375
2,10959.334999999994
3,0.0
4,0.0
