reservoir,value
1,17553.289099362544
2,17925.589918114856
3,3898.928675710979
4,2061.574462611143
