reservoir,value
1,62093.19407884947
2,19617.2
3,11543.2270273122
4,9402.977797486303
