reservoir,value
1,23916.932021550536
2,9164.662771588046
3,2100.3848283157836
4,2353.0280656212367
