reservoir,value
1,81163.91817647906
2,1076.3504868935668
3,0.0
4,1495.4854225178137
