reservoir,value
1,19223.463806217394
2,6561.196897106784
3,4060.8436331964463
4,3468.787261765144
