reservoir,value
1,141950.0656223891
2,11215.946130845125
3,37397.352131026055
4,5681.9801101648245
