reservoir,value
1,22237.536882112418
2,2428.404427748197
3,2962.913198259105
4,1855.5463433457248
