reservoir,value
1,74659.89459841751
2,0.0
3,5914.3577472491925
4,7552.884261455829
