reservoir,value
1,71310.44133244488
2,5357.116037902846
3,18243.597345408656
4,18916.349123314798
