reservoir,value
1,200717.6
2,1448.611057811398
3,43993.41746085866
4,10581.705056915373
