reservoir,value
1,37079.830054716585
2,7763.880529508898
3,6380.109304851416
4,9830.856552765554
