reservoir,value
1,61149.2929337211
2,10907.533056398534
3,9423.185904743845
4,9690.684057394643
