reservoir,value
1,129878.07321696603
2,9030.085665995675
3,9421.745034778876
4,6865.122241473683
