reservoir,value
1,46567.00823804
2,8330.97609092
3,16895.449342890002
4,17748.901500580003
