reservoir,value
1,29825.960538595416
2,19700.57709012905
3,2923.140757118075
4,2136.1524187782893
