reservoir,value
1,21902.16772726016
2,10380.837158825541
3,2965.7128770476156
4,1143.9711148780436
