reservoir,value
1,63477.462077213524
2,10123.837158825541
3,4009.4308547174433
4,1712.1225869813554
