reservoir,value
1,30441.546770730263
2,7337.660672283273
3,4992.530488310233
4,2953.303546144526
