reservoir,value
1,177334.74875460664
2,0.0
3,29448.223164349536
4,9699.458887246306
