from,to,value
1,1,0.0
1,2,0.0
1,3,600.0
1,4,0.0
1,5,2179.500000000036
2,1,2605.1335602081053
2,2,0.0
2,3,0.0
2,4,0.0
2,5,0.0
3,1,0.0
3,2,0.0
3,3,0.0
3,4,0.0
3,5,0.0
4,1,0.0
4,2,0.0
4,3,0.0
4,4,0.0
4,5,0.0
5,1,0.0
5,2,0.0
5,3,1060.6000000000183
5,4,1118.9000000000572
5,5,0.0
