reservoir,value
1,26523.804475967358
2,0.0
3,21174.807273984672
4,761.0647157700002
