reservoir,value
1,174263.28518630285
2,1100.6323671426244
3,23781.559468221607
4,12744.9
