reservoir,value
1,67809.52174039627
2,0.0
3,2191.688959851863
4,2840.9325990323387
