reservoir,value
1,15229.461591646086
2,2675.8171908330205
3,4251.867409093914
4,4453.666501421515
