reservoir,value
1,111321.67454422981
2,0.0
3,14320.886147136862
4,9943.566501421516
