reservoir,value
1,30282.944762850162
2,10549.643928545524
3,3166.8634987351934
4,1876.4711827703975
