reservoir,value
1,143668.92883478812
2,11673.3440369881
3,1577.2399318858284
4,6326.713726307133
