reservoir,value
1,77507.21601612814
2,10430.190011063152
3,11133.050974863689
4,4581.6399339948675
