reservoir,value
1,20183.25866202791
2,28483.963928171674
3,3816.520838265506
4,3319.223886208357
