reservoir,value
1,92645.64241607672
2,19617.2
3,14798.747075893423
4,12490.123886208356
