reservoir,value
1,20772.028879118698
2,15699.858771645915
3,4528.930265570371
4,2051.767535092977
