reservoir,value
1,51876.159119920434
2,19617.2
3,7082.21732522398
4,629.1823908641411
