reservoir,value
1,32042.004171332665
2,8372.25791029214
3,4215.711123227372
4,2635.873949890947
