reservoir,value
1,16461.01749003044
2,4639.672212363614
3,5899.180733021629
4,5042.826245991391
