reservoir,value
1,75384.10724113866
2,0.0
3,23097.55921126214
4,10532.726245991415
