reservoir,value
1,55032.36219228
2,7126.4224784
3,16539.590762599997
4,15093.953082099999
