reservoir,value
1,41147.33907565157
2,3489.9811475544
3,8146.3171767773
4,17416.0420110216
