reservoir,value
1,120978.62117212596
2,0.0
3,19333.137608577304
4,12744.9
