reservoir,value
1,139489.24442855112
2,0.0
3,16430.551116970004
4,12744.9
