reservoir,value
1,41682.60637093981
2,11040.29670182363
3,4966.588108592681
4,5313.391089762771
