reservoir,value
1,21369.619970204
2,3148.2593850384615
3,4562.151055794048
4,4976.351209414175
