reservoir,value
1,54537.745473980154
2,26717.411308319213
3,7722.862858313425
4,8909.202082404716
