reservoir,value
1,160939.86185884944
2,19617.2
3,18637.41227437774
4,4537.007529044977
