reservoir,value
1,63191.15654166687
2,10718.5515430306
3,22526.79935991949
4,15789.621333007217
