reservoir,value
1,105410.07725336996
2,2655.562550266765
3,18100.176325827022
4,386.3898703351529
