reservoir,value
1,28938.0275189054
2,3098.9241369304
3,10651.081147584418
4,8140.836246182027
