reservoir,value
1,92858.82315043673
2,11936.956915223436
3,33739.64226984602
4,0.0
