reservoir,value
1,122425.50303051516
2,0.0
3,42981.513150604645
4,10279.162990228588
