reservoir,value
1,34143.355348508856
2,5181.818004864092
3,7340.390370716737
4,4058.4126969905083
