reservoir,value
1,35851.31673598489
2,4869.818004864117
3,0.0
4,0.0
