reservoir,value
1,37028.01169010887
2,26012.476870181767
3,3936.518029217703
4,1733.8310800293757
