reservoir,value
1,43316.06272872223
2,3954.227485094878
3,7252.069420746826
4,3847.729072654752
