reservoir,value
1,65864.30522780263
2,16867.351808643085
3,3970.124360579968
4,891.1913166322552
