reservoir,value
1,29155.915927073675
2,4098.626684869064
3,7559.0145765344305
4,9516.287228664796
