reservoir,value
1,109088.88201616157
2,0.0
3,25338.624647247732
4,12744.9
