reservoir,value
1,22993.112687624052
2,5868.712262366649
3,3446.596877201335
4,1806.4591342174078
