reservoir,value
1,15612.83997693039
2,14860.801062570574
3,2628.2135858168367
4,1365.9630251213841
