reservoir,value
1,17991.100689590385
2,5778.8159232141315
3,3815.9980254399425
4,4065.8678667622708
