reservoir,value
1,107674.88855638274
2,0.0
3,983.8209663905509
4,12177.922494660368
