plant,value
1,42882.36000000001
2,10258.759999999998
3,9816.49999999998
4,6645.000000000017
