reservoir,value
1,0.0
2,0.0
3,21921.500000000022
4,24681.99999999998
