reservoir,value
1,34755.45167092365
2,27073.899613447917
3,7458.741917956968
4,2349.4763712954787
