reservoir,value
1,77666.75616928657
2,10061.583489162622
3,0.0
4,0.0
