reservoir,value
1,14684.078309564837
2,19617.2
3,24837.30017682958
4,12744.9
