reservoir,value
1,27984.12185458761
2,1801.9140355990025
3,5967.706498354093
4,15922.415762823484
