reservoir,value
1,139233.96395977616
2,0.0
3,33659.92130775
4,12744.9
