reservoir,value
1,106886.1168100618
2,1276.487545068272
3,37526.58879742795
4,11170.87040200387
