reservoir,value
1,17880.337257964184
2,10771.468305803315
3,4006.779799124183
4,7286.438469799929
