reservoir,value
1,25672.295265581273
2,8725.945182075979
3,6003.73524072235
4,2897.5713850333823
