reservoir,value
1,167066.04362925957
2,2394.4416833077485
3,43401.890215083426
4,7878.455121388797
