reservoir,value
1,26510.7429931199
2,15591.801571696096
3,2966.4077915296584
4,831.8112827932164
