reservoir,value
1,73117.5672436998
2,19617.2
3,9686.735120618046
4,7560.231197828444
