reservoir,value
1,35871.85988104859
2,3507.0180144579585
3,3874.6701582615906
4,10235.413161745662
