reservoir,value
1,67578.4297178601
2,11908.201945964662
3,11829.644287405285
4,6683.605910000811
