reservoir,value
1,31275.00316961371
2,11666.33299047268
3,7500.246691024435
4,7551.110985531875
