reservoir,value
1,185921.57135290667
2,0.0
3,49405.44669102443
4,11920.548230806326
