reservoir,value
1,147858.07322675848
2,5095.388547406807
3,29643.361418606408
4,8906.498331335233
