reservoir,value
1,16749.387485883475
2,11623.525073968909
3,3815.6265192607825
4,2178.7530967613766
