reservoir,value
1,33078.589849380194
2,15256.67296130756
3,8100.724263162996
4,8466.963490485878
