reservoir,value
1,19982.99266855743
2,22292.462085301544
3,2576.6740049207488
4,1976.8115528078795
