reservoir,value
1,76522.9362082755
2,0.0
3,29542.131778709994
4,11066.031288431433
