reservoir,value
1,33236.32878779276
2,13651.460184859106
3,4464.497925411548
4,2624.627703957417
