reservoir,value
1,24660.22893390183
2,5028.1219535743585
3,4855.453421538904
4,2145.076360971571
