reservoir,value
1,0.0
2,2996.9013037992772
3,0.0
4,956.9933819022666
