reservoir,value
1,29543.894991447636
2,38646.03218619832
3,3568.04767403901
4,7153.576356326581
