reservoir,value
1,126707.92149050288
2,19617.2
3,13526.498494001607
4,12407.099358106047
