reservoir,value
1,14480.36601859505
2,7561.71033351374
3,3172.1115400586345
4,1425.379221378873
