reservoir,value
1,72036.51307529813
2,0.0
3,8162.041580094443
4,4866.489114154962
