reservoir,value
1,21706.8685830671
2,3795.046216727219
3,2482.99873792784
4,11086.430674293808
