reservoir,value
1,92122.3670343117
2,0.0
3,11902.395543721519
4,12744.9
