reservoir,value
1,24349.09271248992
2,5440.205968920442
3,4464.225742827946
4,7515.696905783945
