reservoir,value
1,135594.38895784735
2,0.0
3,17076.97245493957
4,12744.9
