reservoir,value
1,31970.884491704008
2,9426.21972656911
3,3629.883098577381
4,2272.5261643954764
