reservoir,value
1,26754.98001809841
2,7993.753276387242
3,4131.599900380644
4,7962.306457090496
