reservoir,value
1,30954.557310017175
2,6140.293773170322
3,5207.530662108743
4,2649.0089634051965
