reservoir,value
1,23937.7291427638
2,20974.916405210777
3,2544.2957914027384
4,3498.8751672538065
