reservoir,value
1,119279.51282430149
2,13797.53469330771
3,9140.89788347316
4,12669.775167253807
