reservoir,value
1,46727.75369634389
2,4849.33842648571
3,13998.083947097108
4,6033.803304503936
