reservoir,value
1,74452.7052036071
2,195.4240361808462
3,14939.094038310168
4,0.0
