reservoir,value
1,31108.158305081015
2,33825.679635324785
3,7425.360034925274
4,9131.501260497802
