reservoir,value
1,16348.194370080691
2,10818.467338592229
3,2033.2967299083705
4,3675.009827356824
