reservoir,value
1,28679.205592514787
2,17354.16733859223
3,0.0
4,0.0
