reservoir,value
1,45275.32003730173
2,20228.41350905202
3,7057.609104576918
4,19220.394961133385
