reservoir,value
1,92543.03399579918
2,10363.357069694717
3,6757.601832504376
4,12744.9
