reservoir,value
1,18793.776401871863
2,10610.327984037078
3,4269.63299907557
4,3353.0356027094786
