reservoir,value
1,136307.19334022398
2,0.0
3,21041.169585595107
4,10326.387060547548
