reservoir,value
1,38541.27912014924
2,9559.494797770343
3,10662.41116103049
4,6332.61726245857
