reservoir,value
1,90927.8209546232
2,7281.371175329557
3,16518.89700932007
4,11670.59486355155
