reservoir,value
1,130804.39479567017
2,4837.619206920965
3,20403.357010339547
4,4040.694863551551
