reservoir,value
1,15237.789992070528
2,15327.637524265783
3,4699.422813240239
4,1604.3634202587289
