reservoir,value
1,41763.34734793719
2,13294.392904182907
3,19582.700977564855
4,6791.933043227436
