reservoir,value
1,14572.401838419213
2,8210.346928705927
3,3832.8323135210885
4,3134.9035256287675
