reservoir,value
1,142636.69703504237
2,0.0
3,24300.925347337354
4,3817.6160306957495
