reservoir,value
1,20202.99235364978
2,9597.389535758244
3,4387.529025555928
4,2916.6394728755163
