reservoir,value
1,5219.486431080128
2,3924.7330652872492
3,0.0
4,999.157526135973
