reservoir,value
1,76659.4803544193
2,11600.82163044546
3,28813.556974352632
4,0.0
