reservoir,value
1,52797.09778588901
2,3626.861781835692
3,16490.345075223046
4,11558.423483391844
