reservoir,value
1,20943.508022750982
2,4972.867865768309
3,3775.0045140330612
4,1972.7625981001086
