reservoir,value
1,20533.363481018223
2,19201.61101353206
3,2969.1626928835394
4,1488.5114506410353
