reservoir,value
1,15843.86016052069
2,40735.45473655176
3,2586.7424614648658
4,1759.5938369552423
