reservoir,value
1,14106.810739167548
2,19617.2
3,863.9893543867584
4,4615.736786665993
