reservoir,value
1,21247.52527474212
2,19108.62949362144
3,3208.2872768142906
4,2775.2385141770865
