reservoir,value
1,132200.1608674068
2,19617.2
3,16057.634449930232
4,11946.138514177086
