reservoir,value
1,129125.26549608409
2,0.0
3,24417.700504815133
4,12744.9
