reservoir,value
1,169533.51286341035
2,0.0
3,10148.492984182401
4,11550.055197734164
