reservoir,value
1,34423.90730286963
2,6750.738095325834
3,7493.280023169209
4,12570.376478809567
