reservoir,value
1,101451.65957626245
2,9126.474473274238
3,923.0039042740345
4,5895.174392024132
