reservoir,value
1,27841.817398969783
2,24005.547172135724
3,3214.1427709396644
4,2115.2910448623825
