reservoir,value
1,54673.334408891606
2,8914.427484039352
3,4731.677226320207
4,0.0
