reservoir,value
1,23422.10731095415
2,24781.912478597347
3,2791.5503608708536
4,2051.220336211691
