reservoir,value
1,30281.55449332846
2,408.13589577676345
3,0.0
4,1591.755133279518
