reservoir,value
1,45149.02684495463
2,10575.092963947174
3,14247.12959094074
4,13792.457906221993
