reservoir,value
1,31620.205994693082
2,0.0
3,16121.336218639768
4,11643.055857836425
