reservoir,value
1,50210.482678942106
2,7047.070745864717
3,11638.588560341628
4,4185.147025818933
