reservoir,value
1,76486.577538141
2,4178.266887756068
3,1864.7839394344446
4,0.0
