reservoir,value
1,41745.905922951766
2,5314.127004157375
3,8770.694316653062
4,7098.477947783474
