reservoir,value
1,45163.22086521005
2,19617.2
3,9163.944571152755
4,10752.121242574824
