reservoir,value
1,43079.37057333834
2,5767.768450019112
3,5420.026280441858
4,7346.849017950135
