reservoir,value
1,198382.67057333834
2,2261.4280281702604
3,43923.15849627477
4,12744.9
