reservoir,value
1,49570.64682433683
2,9710.599384836158
3,44934.286888797425
4,6099.457710841247
