reservoir,value
1,20827.349420018483
2,6612.792200006044
3,4314.883787511303
4,2921.3852161766363
