reservoir,value
1,54928.41272724823
2,3984.362823698017
3,9000.70804684624
4,6054.233470264955
