reservoir,value
1,27103.595969844486
2,2326.266275424048
3,6926.921957253004
4,5347.42558945509
