reservoir,value
1,46401.1151771687
2,1928.2662754240482
3,0.0
4,0.0
