reservoir,value
1,42233.75568019139
2,24671.453206775528
3,4840.4944804061615
4,14897.870030600316
