reservoir,value
1,120887.15305970953
2,11589.953206775528
3,6628.848570562396
4,10987.543383106471
