reservoir,value
1,134036.7032621
2,0.0
3,32776.53118142
4,11994.438087924307
