reservoir,value
1,33102.16159899178
2,2406.3742449953993
3,14772.08483433336
4,15606.327412814153
