reservoir,value
1,101109.49124933696
2,0.0
3,27434.08568913285
4,12744.9
