reservoir,value
1,36439.98046540826
2,4306.3882419569145
3,11838.35691596822
4,9824.40224391069
