reservoir,value
1,52118.30265925895
2,0.0
3,8206.88085645415
4,2479.785802515925
