reservoir,value
1,65888.74606456734
2,8242.580467193351
3,8987.152702324987
4,8172.28678779067
