reservoir,value
1,72298.65832136673
2,8166.0259133675645
3,18205.829857367076
4,12720.123302204653
