reservoir,value
1,60919.32999999968
2,8924.918183635235
3,51806.1
4,0.0
