reservoir,value
1,100952.92710365826
2,0.0
3,24022.865653646248
4,12167.564181993723
