reservoir,value
1,114971.15877667094
2,0.0
3,15522.217309043845
4,8469.286104574338
