reservoir,value
1,33137.452901361685
2,6119.96368785138
3,8214.049783107343
4,4653.386977983052
