reservoir,value
1,55102.05619423794
2,6156.0815119833405
3,8336.978030127744
4,13913.208103861425
