reservoir,value
1,89020.91414231388
2,6313.959269419731
3,11086.88704298536
4,8594.165829474397
