reservoir,value
1,32405.260694228593
2,5293.124855107072
3,8303.8534696875
4,5184.9582843009075
