reservoir,value
1,102613.37669998915
2,0.0
3,18443.406700000003
4,12744.9
