reservoir,value
1,31790.463846798244
2,19116.25393855746
3,6461.073242874468
4,5433.681854114323
