reservoir,value
1,43331.21648748
2,4007.7988410200005
3,19688.374609519997
4,16906.77564981
