reservoir,value
1,60703.265343961386
2,1944.1107210248927
3,6569.908389082769
4,12816.096190919634
