reservoir,value
1,67798.79152570787
2,318.28898633292897
3,12491.380430205572
4,11443.409673289054
