reservoir,value
1,11989.379974750656
2,0.0
3,9526.789671479652
4,7456.119316897455
