reservoir,value
1,80302.51186290346
2,0.0
3,8747.36820435015
4,12700.769452880153
