reservoir,value
1,17633.097560016064
2,15978.410295796082
3,2509.818977741749
4,3217.842289655293
