reservoir,value
1,22844.623221740214
2,6672.407225876845
3,3511.4184555838556
4,3451.985779253575
