reservoir,value
1,144419.51614530262
2,0.0
3,7128.165707261474
4,11902.887392705517
