reservoir,value
1,41462.5806802223
2,5472.638056349528
3,10582.56615430233
4,4990.075256061282
