reservoir,value
1,62802.81275867001
2,7595.1533232
3,14348.13639442
4,22132.39114505
