reservoir,value
1,31835.84165279795
2,29497.388995620942
3,4470.0141659042465
4,4448.810610776061
