reservoir,value
1,116742.41313713518
2,19617.2
3,25399.121089744363
4,11228.887230836135
