reservoir,value
1,3466.4640329066115
2,7221.596126652463
3,0.0
4,0.0
