reservoir,value
1,22215.010673606797
2,21627.48609305755
3,3983.706751086703
4,2135.8227668135405
