reservoir,value
1,123522.82970227115
2,19617.2
3,10262.41546229665
4,9683.292432086933
