reservoir,value
1,49873.572569430005
2,4202.596340669999
3,32004.990402429998
4,22032.7514964
