reservoir,value
1,54180.87614387793
2,0.0
3,4649.535814461864
4,2315.6594970446195
