reservoir,value
1,26209.987144463757
2,13609.497244650898
3,2778.577884696634
4,3723.3967856178688
