reservoir,value
1,12618.671979807903
2,6819.689978108504
3,3183.8156207009824
4,2377.4283783541428
