reservoir,value
1,48695.793794978825
2,0.0
3,32272.667094311597
4,10713.560951992458
