reservoir,value
1,26946.841512601583
2,19481.877996785486
3,3238.426416412485
4,2029.61719808096
