reservoir,value
1,69025.78043319398
2,6400.377996785486
3,981.4943535320244
4,9810.101134846516
