reservoir,value
1,26032.92703499832
2,6550.901688418758
3,12564.573161530523
4,7567.116584329575
