reservoir,value
1,18185.313923005215
2,15497.360059108483
3,2937.0049382533243
4,3065.367085065387
