reservoir,value
1,37250.61398806562
2,4266.334849520694
3,9597.72457746412
4,12744.9
