reservoir,value
1,65008.923247147875
2,3561.205024773366
3,34711.96324754899
4,24038.008620063243
