reservoir,value
1,0.0
2,0.0
3,22406.222324921815
4,9056.151632870919
