reservoir,value
1,119810.03882103664
2,0.0
3,51806.1
4,7351.956987192326
