reservoir,value
1,18290.37516245
2,3398.5532465823308
3,6019.234166775996
4,4682.966596871964
