reservoir,value
1,31989.28465699553
2,4845.608788254045
3,7199.106337643983
4,5290.477753091395
