reservoir,value
1,51877.59339935884
2,9742.161905097193
3,0.0
4,0.0
