reservoir,value
1,17730.423651500194
2,10601.846739896755
3,3146.0814945748502
4,2220.2410642091972
