reservoir,value
1,64811.730562671604
2,0.0
3,3248.8416423834356
4,0.0
