reservoir,value
1,47167.68721366495
2,4473.124099402816
3,10767.346173664264
4,8884.33579983042
