reservoir,value
1,1753.3872136649443
2,0.0
3,866.4461736642643
4,1463.6258085465543
