reservoir,value
1,12551.623962258296
2,12332.869817922905
3,2726.772461878889
4,1809.3970111509525
