reservoir,value
1,20332.013043798797
2,14892.973287870122
3,2817.7268983754566
4,2133.5576104113075
