reservoir,value
1,67471.07349463658
2,1811.4732878701216
3,12106.531939822162
4,6514.266420767459
