reservoir,value
1,124246.44076195137
2,19617.2
3,2992.3003619496603
4,7945.286797252769
