reservoir,value
1,34402.09623435612
2,7735.3979588840975
3,9056.945578700288
4,7147.179840710051
