reservoir,value
1,77487.78023793429
2,14271.0979588841
3,0.0
4,0.0
