reservoir,value
1,39831.31283398047
2,6350.111232935201
3,14465.092990127334
4,14501.17570704233
