reservoir,value
1,78657.91611052347
2,7135.281778104221
3,28358.679246498818
4,8084.298869091601
