reservoir,value
1,61004.87971800886
2,0.0
3,3116.0397482699072
4,3549.3929139723236
