reservoir,value
1,12816.713856468408
2,14393.469482863737
3,2745.5351506426105
4,1559.7866348274474
