reservoir,value
1,27314.840703476944
2,5494.02263069826
3,7788.741694527702
4,4093.16530954088
