reservoir,value
1,38547.84577977235
2,3716.7454849099527
3,11788.710667077943
4,10652.82219564386
