reservoir,value
1,190897.9741664991
2,0.0
3,43467.15528066075
4,12744.9
