reservoir,value
1,36886.70920407596
2,11203.745399462374
3,5321.317501621121
4,15165.366929309286
