reservoir,value
1,131599.75552456977
2,4340.5084302423575
3,15081.361357852871
4,12744.9
