reservoir,value
1,62429.69659995788
2,1243.167867020108
3,19559.043553865762
4,23156.318060499656
