reservoir,value
1,44784.13878568478
2,0.0
3,2585.599479361762
4,4071.7478190566308
