reservoir,value
1,23102.13491411428
2,14706.070712651801
3,4627.033997805123
4,6421.846898202575
