reservoir,value
1,17243.22553208663
2,2122.37071265068
3,25776.57325077719
4,12744.9
