reservoir,value
1,16844.824325769885
2,8080.387558165525
3,3000.3519870023338
4,2323.407638920085
