reservoir,value
1,108071.2623079285
2,3558.639199999912
3,23987.986100000002
4,12744.9
