reservoir,value
1,78116.01048041879
2,8738.820888718905
3,17802.057665381995
4,25343.15449737027
