reservoir,value
1,200717.6
2,1114.6594462256905
3,46188.77871132094
4,12744.9
