reservoir,value
1,16915.652768742744
2,7049.330632745845
3,4033.249387238299
4,2272.864764228383
