reservoir,value
1,39488.874282136596
2,13585.030632745846
3,32593.009860107093
4,10853.215204941403
