reservoir,value
1,36543.412727438845
2,18453.722695948687
3,6843.064614554121
4,8773.51800561769
