reservoir,value
1,70520.58305573999
2,13005.463118259999
3,13765.10325386
4,16478.55805136
