reservoir,value
1,47208.56949294707
2,3421.3914102993376
3,15926.655150710594
4,10168.22167608035
