reservoir,value
1,182904.84723763782
2,0.0
3,45392.92971650053
4,0.0
