reservoir,value
1,85803.53687836177
2,731.1051129321413
3,24191.403380603122
4,0.0
