reservoir,value
1,53860.140879636194
2,3136.4233830910384
3,18539.75427387728
4,9657.36008428108
