reservoir,value
1,46855.13535663362
2,4461.908088229746
3,15212.180712338337
4,2027.4600842810796
