reservoir,value
1,25668.12504333526
2,15341.193637774064
3,2977.0033030084064
4,1735.2437398858556
