reservoir,value
1,74128.9646882936
2,5261.169829519486
3,14620.42524754425
4,14731.126906581838
