reservoir,value
1,25623.30465033887
2,0.0
3,0.0
4,15186.883861049213
