reservoir,value
1,200717.6
2,3681.138628222802
3,44588.32316957889
4,4659.243045532624
