reservoir,value
1,29604.55146128244
2,15618.190459769936
3,4737.000187432075
4,4917.504329760421
