reservoir,value
1,138102.60366587088
2,7735.729662093832
3,32398.53896956938
4,12744.9
