reservoir,value
1,61358.17205059291
2,126.88725086491942
3,51806.1
4,12744.9
