reservoir,value
1,21955.68641918103
2,5148.5102821651735
3,3775.5707375456877
4,3754.257980491103
