reservoir,value
1,86995.57927329958
2,0.0
3,5289.170050209805
4,12744.9
