reservoir,value
1,75608.92524566676
2,0.0
3,17128.43511759841
4,12744.9
