reservoir,value
1,0.0
2,432.75195516208623
3,0.0
4,13528.400000000001
