reservoir,value
1,41567.78293330928
2,9737.453712408244
3,7597.6228284319095
4,6723.0655299656655
