reservoir,value
1,94582.73920626985
2,0.0
3,22012.23476452016
4,2394.183640113453
