reservoir,value
1,22709.3628468428
2,4059.7706501472467
3,7597.450709140529
4,17762.114443936513
