reservoir,value
1,14963.295656554443
2,8153.742597476451
3,3380.2577303712646
4,2310.7318051764287
