reservoir,value
1,76496.77418204998
2,0.0
3,17443.02846975384
4,6736.675165407153
