reservoir,value
1,46393.267917699006
2,6186.473439415801
3,17225.285421923938
4,18356.186078820836
