reservoir,value
1,25189.046233695557
2,5771.287645455633
3,5809.283971972823
4,2902.0376363153605
