reservoir,value
1,2307.638168140649
2,1977.1989544866258
3,0.0
4,107.77187851932258
