reservoir,value
1,19499.780754600353
2,9605.170573586573
3,2219.825184219966
4,1298.229345994009
