reservoir,value
1,71103.67308319257
2,0.0
3,14829.816794514967
4,12744.9
