reservoir,value
1,24702.82354683359
2,19617.2
3,37408.299999999996
4,12744.9
