reservoir,value
1,16180.374805670115
2,3914.798402783399
3,2352.33925927442
4,2088.779549929403
