reservoir,value
1,101565.96992375061
2,0.0
3,16569.32583762826
4,10821.5219512322
