reservoir,value
1,73373.54515895902
2,4196.446856907072
3,13790.0263803776
4,18941.49798768774
