reservoir,value
1,175584.47832350555
2,0.0
3,23535.195218777604
4,9273.010444147953
