reservoir,value
1,25977.97689283543
2,34789.99489655499
3,4476.343478119663
4,4963.990779784308
