reservoir,value
1,129583.91423176102
2,19617.2
3,24802.254263979754
4,12744.9
