reservoir,value
1,27816.30934024459
2,16069.644167812941
3,4899.225074854391
4,1896.7417470483945
