reservoir,value
1,87356.27362422262
2,19617.2
3,7561.6983975462335
4,1625.8735031538333
