reservoir,value
1,18805.610219159353
2,6215.084893066305
3,4054.8106287074556
4,2781.0331227087345
