reservoir,value
1,95101.8110865044
2,0.0
3,33253.45829578241
4,4114.260364807982
