reservoir,value
1,18767.14344657993
2,7188.707441102487
3,3577.103664684789
4,2554.197426996917
