reservoir,value
1,47646.56351249131
2,3450.31715915776
3,10100.11538769931
4,17754.29526955498
