reservoir,value
1,145850.19157561313
2,0.0
3,28962.486033939313
4,12744.9
