reservoir,value
1,31982.318740907725
2,11411.034433113924
3,11631.833008140416
4,10228.030911153364
