reservoir,value
1,31834.562770465378
2,15879.278247651533
3,4384.9808715177505
4,3910.204622523536
