reservoir,value
1,110297.01274142003
2,19617.2
3,9591.212667684209
4,10098.415241038274
