reservoir,value
1,120100.81202264394
2,2667.0800932826523
3,28566.522479400835
4,20232.034383372807
