reservoir,value
1,49754.88809772
2,9629.908562910001
3,7229.24972395
4,15859.349908839999
