reservoir,value
1,131815.20916060178
2,0.0
3,18280.215223950003
4,6063.183115816645
