reservoir,value
1,19332.777544870503
2,4699.747241436214
3,2934.1602466221225
4,1295.9474619892148
