reservoir,value
1,60152.12817861023
2,6366.234546973592
3,0.0
4,1549.5423923195476
