reservoir,value
1,36914.0608249292
2,14307.75262671038
3,9406.679362560215
4,8498.429164422838
