reservoir,value
1,77665.66242523314
2,3771.4135500987413
3,0.0
4,0.0
