reservoir,value
1,81451.93885591008
2,831.762913589064
3,12360.74686241079
4,0.0
