reservoir,value
1,21159.9955050302
2,6232.253084641536
3,14135.454766433086
4,12644.563605381572
