reservoir,value
1,0.0
2,0.0
3,156.164888344485
4,5014.663605381573
