reservoir,value
1,0.0
2,1065.6130450235069
3,0.0
4,4534.508772131141
