reservoir,value
1,189545.50083212834
2,19617.2
3,33282.987290236866
4,2487.1034666128435
