reservoir,value
1,13200.109591115324
2,7667.654688824137
3,3440.2792401881234
4,1897.8473950353446
