reservoir,value
1,73159.09799034982
2,0.0
3,1878.7923103945086
4,3974.629117617089
