reservoir,value
1,142768.69883473657
2,0.0
3,25542.2261140592
4,12744.9
