reservoir,value
1,47129.43011663116
2,13749.444164874849
3,11729.937718721083
4,13616.800615549579
