reservoir,value
1,0.0
2,0.0
3,1829.0377187210834
4,8836.356948544766
