reservoir,value
1,16637.160588327268
2,5507.219461000136
3,2685.591918056553
4,2287.5132937758744
