reservoir,value
1,18066.3787400319
2,4838.947584037952
3,2113.795287965306
4,3782.08415400354
