reservoir,value
1,29169.499979949127
2,11593.137595553904
3,4344.519760275786
4,1971.8804639984246
