reservoir,value
1,73326.35524001994
2,19617.2
3,13107.26045836643
4,3986.239320945852
