reservoir,value
1,53239.847617353524
2,18386.393754725315
3,27769.044868786368
4,18350.84952072635
