reservoir,value
1,0.0
2,5304.893754725315
3,17868.14486878636
4,8894.524040605422
