reservoir,value
1,14725.849062903566
2,12774.539274358682
3,3359.8407311499773
4,1304.6473227896906
