reservoir,value
1,157152.2568450031
2,69.10783940282089
3,19441.59489273075
4,11057.462277590377
