reservoir,value
1,23265.33903630857
2,4909.04048067628
3,4220.3910065908085
4,2642.100310194706
