reservoir,value
1,101178.27661233554
2,13502.803241711488
3,18329.621030101283
4,1957.5373220092474
