plant,value
1,40921.131594773535
2,12705.988405226464
3,9900.9
4,7044.6
