reservoir,value
1,0.0
2,8959.511594773536
3,273.3000000000029
4,0.0
