reservoir,value
1,41486.34539744
2,10405.590909319999
3,14414.5681818
4,14986.744818799998
