reservoir,value
1,14768.087487404011
2,8766.0004941562
3,3927.1859674752986
4,3730.460818032616
