reservoir,value
1,42375.70972608496
2,9479.115445870157
3,7738.5560795495985
4,9701.691546962304
