reservoir,value
1,72567.25322686437
2,0.0
3,5758.256079550017
4,2071.791546962304
