reservoir,value
1,38842.39647165759
2,14031.020903089971
3,10617.204192574754
4,7213.009686715456
