reservoir,value
1,8538.68478188871
2,10991.624650509964
3,1589.5166434739785
4,2186.6699956660013
