reservoir,value
1,9536.199474288424
2,4191.3675024969625
3,3001.1429000142734
4,1583.290955745489
