reservoir,value
1,40387.77616868039
2,0.0
3,12922.77754479
4,9249.450997183269
