reservoir,value
1,12456.22777676252
2,12595.958679680036
3,4422.165010395744
4,2109.8284523236644
