reservoir,value
1,17069.059388828144
2,7373.423825312072
3,4678.181185069157
4,3130.9702861497835
