reservoir,value
1,57798.63589179724
2,0.0
3,34196.7191668917
4,5125.532545232687
