reservoir,value
1,64170.10385140213
2,8704.352428032362
3,11586.034238298571
4,9800.43111865557
