reservoir,value
1,29046.56654666167
2,8476.965960644855
3,5842.753410958821
4,10100.481626598314
