reservoir,value
1,137411.48124958578
2,13535.324366944182
3,16702.02892946801
4,12744.9
