reservoir,value
1,66635.08145239297
2,4338.8135778934075
3,28125.66110980552
4,26087.46097978092
