reservoir,value
1,38394.541927847386
2,6958.078241609264
3,7331.071816530915
4,17850.79585712079
