reservoir,value
1,50024.99064935869
2,9616.556960898934
3,15758.684424873558
4,6844.728525417044
