reservoir,value
1,57498.490062548095
2,0.0
3,13355.115656019658
4,911.2678046389547
