reservoir,value
1,18260.776385479214
2,8424.743980939716
3,3893.676213866587
4,4103.959056832703
