reservoir,value
1,65189.73744920716
2,0.0
3,14952.40794751036
4,12744.9
