reservoir,value
1,56297.688850240214
2,0.0
3,20641.36712217902
4,12744.9
