reservoir,value
1,57430.11494795926
2,10309.308599249318
3,12649.740923571211
4,7727.682958817143
