reservoir,value
1,25689.405248064977
2,19515.748599249317
3,2748.8409235712115
4,4406.190539631723
