reservoir,value
1,75105.01677500352
2,0.0
3,9763.146386921033
4,12744.9
