reservoir,value
1,124245.21673504366
2,0.0
3,31923.956230012744
4,9973.3912597701
