reservoir,value
1,37913.87281256668
2,4614.586143487871
3,9547.897274066552
4,4222.041822872922
