reservoir,value
1,65789.70606779309
2,19617.2
3,765.4103400087733
4,0.0
