reservoir,value
1,15587.717245253923
2,4635.116885890553
3,4135.002916095956
4,4158.048043652492
