reservoir,value
1,14040.504140806996
2,0.0
3,104.12020335848698
4,0.0
