reservoir,value
1,39214.41580980905
2,2130.994521985411
3,20916.72876987263
4,21374.510707905967
