reservoir,value
1,23719.63018831355
2,4956.853489058881
3,4485.6219529302925
4,7995.1707546185235
