reservoir,value
1,19459.827194589
2,19149.253719528813
3,5704.962359064871
4,2563.2416407020464
