reservoir,value
1,36067.80497716727
2,7578.432428727811
3,17347.15890660887
4,14003.7233093143
