reservoir,value
1,124989.23157409889
2,4017.7826254747624
3,51806.1
4,10161.631067200036
