reservoir,value
1,35248.41462076277
2,4600.365651421417
3,5275.168579134981
4,5696.384102992624
