reservoir,value
1,18495.316042983748
2,4638.733027536586
3,2945.220759444349
4,1963.6846563531687
