reservoir,value
1,102390.88551096315
2,11174.433027536586
3,5339.9200083274545
4,10487.153579319487
