reservoir,value
1,59694.840804717016
2,12440.273598688873
3,1302.038595546759
4,0.0
