reservoir,value
1,111076.16703419614
2,13995.539235523987
3,28239.287336079135
4,1388.092994752909
