reservoir,value
1,17224.331361108794
2,9102.633627783325
3,3143.6550180004997
4,1720.4070158912164
