reservoir,value
1,13560.60343842973
2,10232.497018476119
3,11544.460520869716
4,5519.042619454348
