reservoir,value
1,62242.71321701673
2,4425.278960056736
3,15995.705070335262
4,12546.93848991115
