reservoir,value
1,36481.8648791246
2,0.0
3,13354.003818669149
4,1087.7735857310786
