reservoir,value
1,28145.775831492374
2,20003.70382402658
3,6989.5022774152685
4,6470.53572496779
