reservoir,value
1,174845.0099313047
2,6922.203824026579
3,38918.33298532804
4,12744.9
