reservoir,value
1,64135.163104372
2,2174.9881060570965
3,14854.218027068819
4,16828.1413832849
