reservoir,value
1,122071.50900000002
2,1935.4676999999615
3,31068.774300000005
4,12744.9
