reservoir,value
1,45653.30650639384
2,7826.94880848723
3,6057.747003488638
4,14838.996849717762
