reservoir,value
1,19414.771139355842
2,294.48139994936355
3,4044.1249885440257
4,3381.4038384360265
