reservoir,value
1,42153.97937734351
2,6009.141448620121
3,10413.85571236549
4,6028.143182482177
