reservoir,value
1,49612.19737003716
2,11355.537534091134
3,0.0
4,0.0
