reservoir,value
1,48230.18987342099
2,7609.766617671394
3,8416.04336031888
4,11712.579268610843
