reservoir,value
1,139156.6569545327
2,3950.561878187331
3,20862.577728438704
4,11533.23427674915
