reservoir,value
1,110044.11148205512
2,19617.2
3,20485.485952013063
4,11300.91948083112
