reservoir,value
1,98545.05294869686
2,19617.2
3,1303.7809968479683
4,4688.338181620158
