reservoir,value
1,21828.609909909555
2,3121.6294178076423
3,10108.201822938649
4,6368.499222908684
