reservoir,value
1,62442.74249999999
2,5074.6948999999995
3,19205.3055
4,13141.6193
