reservoir,value
1,85037.65429912534
2,17201.156902119477
3,21615.924949021748
4,12175.151651950462
