reservoir,value
1,4462.475596446551
2,19617.2
3,4301.337388426275
4,586.4025641168728
