reservoir,value
1,50533.66749808
2,4198.68295084
3,12555.1734318
4,15968.634892400001
