reservoir,value
1,115564.80094892
2,0.0
3,21087.720431800004
4,4621.5222651054655
