reservoir,value
1,36548.66212813578
2,6860.9006867336075
3,7422.277111019752
4,13886.490143353629
