reservoir,value
1,57030.263176766166
2,11219.094583739927
3,17549.933998327677
4,7778.524754949278
