reservoir,value
1,22097.109215072418
2,0.0
3,8737.724732784995
4,4819.360472740392
