reservoir,value
1,24899.753503031843
2,3769.861403267416
3,4051.789596367685
4,2363.666189271384
