reservoir,value
1,73029.86184448708
2,13947.489579457033
3,32798.83028275655
4,0.0
