reservoir,value
1,18331.62544658582
2,26925.328075653462
3,3105.8480579942434
4,2292.9720840379314
