reservoir,value
1,58368.84545958029
2,19617.2
3,20156.099796917293
4,0.0
