reservoir,value
1,52191.6647843434
2,4444.225966754416
3,11606.52380876736
4,14962.020155705095
