reservoir,value
1,6777.364784343394
2,0.0
3,1705.6238087198292
4,10358.901835277395
