reservoir,value
1,200717.6
2,5599.383759286023
3,51806.1
4,9718.1183204277
