reservoir,value
1,31110.84240699957
2,6065.151509615739
3,5265.828799218958
4,10135.24053954407
