reservoir,value
1,146500.66577265278
2,0.0
3,14771.815167709372
4,12744.9
