reservoir,value
1,41518.449495478344
2,2558.422624518024
3,32062.24543744279
4,19067.66458094687
