reservoir,value
1,0.0
2,0.0
3,3487.5674616264837
4,2739.297355115017
