reservoir,value
1,125212.11813862303
2,1954.1610266000407
3,51806.1
4,12744.9
