reservoir,value
1,120419.28534372545
2,8959.358305815282
3,27419.288525716594
4,2262.147727582903
