reservoir,value
1,14649.442015190614
2,7609.626952126748
3,3350.6418713230196
4,3474.088692409732
