reservoir,value
1,91414.63331602563
2,0.0
3,8663.082784407283
4,12744.9
