reservoir,value
1,16996.77605094183
2,16870.94296535488
3,5164.550470155669
4,2093.8127387827863
