reservoir,value
1,165172.26339535296
2,0.0
3,22862.628439336833
4,12744.9
