reservoir,value
1,0.0
2,0.0
3,4373.286475530438
4,1304.4318283725079
