reservoir,value
1,123034.42654645366
2,2744.952709856707
3,51806.1
4,12744.9
