reservoir,value
1,40011.59847032001
2,2893.5362765429827
3,15370.200812665717
4,16362.266127783972
