reservoir,value
1,86351.97584077265
2,0.0
3,18018.433763588233
4,10725.886588603636
