reservoir,value
1,7985.168064964417
2,0.0
3,1738.1888182267394
4,4149.629228619071
