reservoir,value
1,77904.52779673148
2,6730.890217654475
3,11749.927047436768
4,30647.01753915217
