reservoir,value
1,193374.1444982349
2,14708.679662078388
3,32994.70063922187
4,12744.9
