reservoir,value
1,112119.49484781954
2,19617.2
3,14871.701358344611
4,0.0
