reservoir,value
1,46105.09905157795
2,6403.867927038969
3,15253.455817088015
4,15088.309021503204
