reservoir,value
1,89637.64537948296
2,12939.56792703897
3,11504.730148199185
4,8655.66920886012
