reservoir,value
1,140355.10044173413
2,19617.2
3,20954.651270344162
4,10185.055720930839
