reservoir,value
1,74205.2229169056
2,5640.890567519723
3,1344.509314985392
4,0.0
