reservoir,value
1,20921.84524907138
2,11683.582513716905
3,3510.305756049968
4,3026.858344058911
