reservoir,value
1,30424.60911811718
2,16134.68933201305
3,5866.582461649297
4,6177.273652160516
