reservoir,value
1,112696.01731286196
2,0.0
3,37707.904130389594
4,12744.9
