reservoir,value
1,39356.30251290268
2,5203.904077012513
3,6399.629631188114
4,3399.7467365831285
