reservoir,value
1,21183.03888404744
2,13180.268743204164
3,4478.940657635627
4,6198.877594838994
