reservoir,value
1,97520.5053386175
2,98.76874318600366
3,19967.685428123965
4,12744.9
