reservoir,value
1,85158.4023063521
2,0.0
3,30464.48324353514
4,12744.9
