reservoir,value
1,18683.072187437312
2,5728.181587609517
3,4154.791500224529
4,4163.030444197539
