reservoir,value
1,132123.5651381489
2,7186.048281334884
3,35341.557005609
4,7426.560155320665
