reservoir,value
1,51839.44000318665
2,14486.213404813743
3,12607.347519760931
4,4403.99697257401
