reservoir,value
1,97119.42550749265
2,19617.2
3,11116.91960086217
4,1599.626256684056
