reservoir,value
1,54022.94980355575
2,4281.015322890069
3,21985.165414594107
4,16270.366992702398
