reservoir,value
1,149302.92082752843
2,0.0
3,42956.09479926407
4,10437.56125740892
