reservoir,value
1,41648.11426331111
2,17278.55917091743
3,7359.653152709089
4,7959.635560945451
