reservoir,value
1,66620.02119685768
2,19132.132601976347
3,5001.353152708919
4,329.73556094545165
