reservoir,value
1,17413.062382063996
2,17280.696098340188
3,3954.2383596588265
4,3275.346683030376
