reservoir,value
1,55342.457021907125
2,3016.9413146978563
3,10676.12037422038
4,11046.882982228773
