reservoir,value
1,23632.80239410069
2,19932.952259760088
3,3262.6914101515777
4,2947.5187017060202
