reservoir,value
1,96960.96309096564
2,6851.452259760088
3,15405.142540742207
4,8426.903806002232
