reservoir,value
1,30542.311701749673
2,10083.217770295949
3,6427.117894636725
4,2042.3933741682138
