reservoir,value
1,67612.61994460136
2,5423.334632681192
3,6900.266091444453
4,24963.24888089444
