reservoir,value
1,187832.50112618963
2,7127.1182686865195
3,36795.82629957075
4,7117.49598428134
