reservoir,value
1,36418.94656414615
2,5375.864049119559
3,9029.636462829892
4,19698.5541471459
