reservoir,value
1,72899.0471132674
2,0.0
3,14024.695192745752
4,12744.9
