reservoir,value
1,30998.12399645472
2,19657.697180995576
3,6678.595894424894
4,12464.104032547999
