reservoir,value
1,28728.058772554843
2,9791.278201978883
3,5665.2936409908325
4,9146.30565613918
