reservoir,value
1,115966.41520281212
2,0.0
3,33144.098275669196
4,12744.9
