reservoir,value
1,44431.15379791669
2,14981.667249254904
3,6620.255530224507
4,10647.91761563873
