reservoir,value
1,48369.62628988439
2,11673.861035268023
3,10651.034862785016
4,20865.155959228046
