reservoir,value
1,174971.85259808454
2,0.0
3,49923.99309638118
4,12744.9
