reservoir,value
1,18525.74953940897
2,11547.91231198387
3,3840.2062582063254
4,3671.059597690433
