reservoir,value
1,61092.239921584616
2,0.0
3,36478.02028684783
4,6445.144297123068
