reservoir,value
1,37834.1523509894
2,15204.78751648923
3,3369.0405603677464
4,4202.024846097947
