reservoir,value
1,187093.0912966642
2,19617.2
3,27440.942066127704
4,10326.924846097947
