reservoir,value
1,13425.928903516826
2,3150.6775387324938
3,6869.862165673465
4,4236.970597651017
