reservoir,value
1,46007.02217804544
2,0.0
3,40867.275051701596
4,377.1575060848145
