reservoir,value
1,37373.999626794444
2,14391.480098169362
3,6131.018229028937
4,3587.93756877945
