reservoir,value
1,128130.23819560712
2,12439.795759063134
3,1175.985587505343
4,349.41145863498787
