reservoir,value
1,45988.49320334988
2,9506.618129458268
3,7929.957973376418
4,6283.4777638334635
