reservoir,value
1,121321.70532133778
2,14433.372317479298
3,9929.870027901954
4,0.0
