reservoir,value
1,25268.35137045804
2,34790.96827653315
3,4514.446189174894
4,4014.7738742109946
