reservoir,value
1,48747.09853415682
2,6235.384729447462
3,6483.299388358165
4,9886.51612296395
