reservoir,value
1,14531.507439507755
2,19617.2
3,0.0
4,4744.584942301667
