reservoir,value
1,62054.13292827016
2,6675.850678413606
3,12524.745916359689
4,16645.05092309972
