reservoir,value
1,108425.18514093402
2,6509.650480730095
3,18781.290896596474
4,12744.9
