reservoir,value
1,13847.009560289356
2,16369.057762929922
3,3848.437139439369
4,2230.647393428215
