reservoir,value
1,37399.696742318905
2,3287.557762929924
3,7553.82530235243
4,10188.210568857487
