reservoir,value
1,22973.457260948268
2,3240.6299634514735
3,3609.5971032625234
4,3409.6396079492065
