reservoir,value
1,96284.56641320231
2,6724.719675974926
3,10987.88582952383
4,8208.94172778123
