reservoir,value
1,0.0
2,1988.8416607032764
3,0.0
4,16623.614789189425
