reservoir,value
1,133301.73934821045
2,19617.2
3,31650.866915028128
4,0.0
