reservoir,value
1,31685.209372533827
2,17263.983711488716
3,10868.096210323312
4,8788.910535198835
