reservoir,value
1,18685.841042499178
2,2998.0492804239707
3,4327.933192191777
4,2877.75968606695
