reservoir,value
1,15221.637400774336
2,10989.766284201338
3,3055.318354331139
4,1720.540200218753
