reservoir,value
1,31111.980442067717
2,5028.090105307634
3,5130.075915025169
4,11020.765077965954
