reservoir,value
1,149220.97111007763
2,0.0
3,14138.713968397584
4,12744.9
