reservoir,value
1,12160.775485684153
2,4486.526616645603
3,2872.6899046946032
4,1366.3214972744927
