reservoir,value
1,33908.190475598625
2,24982.91663639537
3,3605.9582844222323
4,5953.325975215752
