reservoir,value
1,17982.36477622503
2,6560.301121418262
3,4175.067236084576
4,3052.645180611437
