reservoir,value
1,40478.662988825956
2,0.0
3,18342.21610927845
4,8915.89518061234
