reservoir,value
1,20031.432448731655
2,3166.666635621984
3,3397.0801866714037
4,2905.90441104257
