reservoir,value
1,122252.20385584416
2,0.0
3,17775.835696104536
4,8998.827278071294
