reservoir,value
1,46194.70787590994
2,0.0
3,18276.486696023494
4,7204.530414198584
