reservoir,value
1,34901.690697582286
2,6518.924581338672
3,7469.458147932846
4,3495.9657256971855
