reservoir,value
1,38727.48278019793
2,6916.2794219326815
3,9358.413646461024
4,15613.411439612582
