reservoir,value
1,45690.6642596
2,7318.680565279999
3,12112.225581030001
4,10881.26491374
