reservoir,value
1,122520.15242488004
2,0.0
3,17560.354881030005
4,9778.588328992604
