reservoir,value
1,37323.004264664574
2,10024.585301041125
3,15696.65445759115
4,9220.714774945833
