reservoir,value
1,12780.147186730475
2,0.0
3,13700.54586404282
4,1590.814774945833
