reservoir,value
1,34094.12447593114
2,0.0
3,814.3898945715046
4,4665.018881518094
