reservoir,value
1,135869.77388541435
2,0.0
3,19131.13986086544
4,12744.9
