reservoir,value
1,29263.726914908973
2,6369.733729228679
3,5894.561823023587
4,10069.064658660538
