reservoir,value
1,152837.6535559143
2,0.0
3,18584.823069696384
4,12182.619575170163
