reservoir,value
1,30705.78581356556
2,7839.427744931318
3,5602.045495049089
4,6657.017087988763
