reservoir,value
1,184939.59956689106
2,3096.040019187232
3,23642.70031736428
4,11808.334813733367
