reservoir,value
1,50673.34794547471
2,3283.890286387118
3,8883.363041136115
4,11413.501702308698
