reservoir,value
1,24315.38036801158
2,17877.383194963284
3,5174.1832090119415
4,3231.3040076216084
