reservoir,value
1,131458.27449273024
2,18084.005608189604
3,44811.75409012189
4,9211.198500832605
