reservoir,value
1,103478.00249999997
2,0.0
3,18103.684800000003
4,12674.769
