reservoir,value
1,45894.69966333191
2,12533.460894015567
3,11149.190627246626
4,9836.683135424468
