reservoir,value
1,52564.11125093889
2,9117.555240296351
3,25076.479532221427
4,2206.783135424468
