reservoir,value
1,25205.541580511286
2,5816.109288851527
3,3800.013564257298
4,2238.910768994974
