reservoir,value
1,147096.49052661288
2,0.0
3,9811.63461342541
4,3161.375701469386
