reservoir,value
1,13885.664111815991
2,4358.658303098702
3,3960.0873986384936
4,2586.354797278071
