reservoir,value
1,3506.910391510275
2,4358.658303098695
3,3148.0925313083703
4,2045.0284606412865
