reservoir,value
1,56015.401559236416
2,20857.81806169556
3,11244.615099190863
4,4725.244354539081
