reservoir,value
1,80581.70409053065
2,0.0
3,11563.574196997042
4,8355.731127307949
