reservoir,value
1,28774.671143158223
2,5344.600330994529
3,5015.990461570837
4,11079.273472921104
