reservoir,value
1,115795.39586484275
2,4103.825440266088
3,23569.64187908449
4,12744.9
