reservoir,value
1,25659.321514488704
2,0.0
3,28132.811353438614
4,7727.47054291241
