reservoir,value
1,17978.505547293986
2,14186.512966266573
3,4804.498433219972
4,2530.4743188795005
