reservoir,value
1,21274.382477678104
2,1195.2606714266967
3,6439.688458686599
4,3460.9035780435825
