reservoir,value
1,17061.116207524814
2,13150.846004966126
3,3332.589087034925
4,1885.4472652507147
