reservoir,value
1,68351.31596410151
2,11369.696931571782
3,31072.109753940007
4,5857.995323149698
