plant,value
1,43409.35999999992
2,10164.760000000002
3,9799.499999999996
4,6772.000000000002
