reservoir,value
1,0.0
2,33682.439999999995
3,8922.500038507882
4,9663.999999999998
