reservoir,value
1,28747.522785129713
2,9818.54887887931
3,6844.250259333909
4,9374.281245093776
