reservoir,value
1,169229.5279132921
2,0.0
3,16822.16531509129
4,12744.9
