reservoir,value
1,15407.468488778555
2,4404.063156438253
3,4432.892673544093
4,1659.6034777969871
