reservoir,value
1,70949.38315491294
2,0.0
3,22983.543282143175
4,6001.634369869522
