reservoir,value
1,30650.903100748987
2,13360.116489149945
3,6983.583578514587
4,9442.344608966341
