reservoir,value
1,147284.10225486677
2,278.61648914994475
3,20429.57005647861
4,12744.9
