reservoir,value
1,40515.074441305434
2,13279.222690688366
3,8191.76987717534
4,6314.436905799526
