reservoir,value
1,22237.11302623099
2,46102.849264079996
3,2946.980322665011
4,2543.2582025696015
