reservoir,value
1,126364.78776071113
2,19617.2
3,16114.150984005331
4,5963.070056461662
