reservoir,value
1,60205.096568100606
2,3557.8119948622784
3,16760.668133388255
4,10007.892126955228
