reservoir,value
1,87748.34061205859
2,498.018670507816
3,31233.102239561376
4,2567.605508775123
