from,to,value
1,1,0.0
1,2,1141.267557613188
1,3,0.0
1,4,0.0
1,5,0.0
2,1,0.0
2,2,0.0
2,3,0.0
2,4,0.0
2,5,0.0
3,1,1000.0
3,2,0.0
3,3,0.0
3,4,0.0
3,5,2966.218547357109
4,1,0.0
4,2,0.0
4,3,0.0
4,4,0.0
4,5,0.0
5,1,1819.3185473570331
5,2,0.0
5,3,0.0
5,4,1146.9000000000833
5,5,0.0
