reservoir,value
1,23570.195909941343
2,8550.267557613168
3,3598.5475175602064
4,1910.40398316255
