reservoir,value
1,3254.754652172708
2,0.0
3,2776.393640973281
4,3443.1745488952224
