reservoir,value
1,27804.21760605762
2,5171.904561203146
3,5327.098522479246
4,2213.082639799916
