reservoir,value
1,0.0
2,0.0
3,2299.8125695879135
4,531.4968250471438
