reservoir,value
1,21921.374468434748
2,9833.553644900021
3,3154.0905757157984
4,2226.2652528710105
