reservoir,value
1,17328.42480037981
2,5004.671090270116
3,4803.908459983008
4,4732.701522136462
