reservoir,value
1,96535.27663576933
2,0.0
3,43933.720923842164
4,6377.031162082378
