reservoir,value
1,18493.85176938069
2,23103.615546513814
3,2718.12110677714
4,2186.8782926377417
