reservoir,value
1,15975.294982780855
2,30228.579232577486
3,3848.9830316721955
4,1782.867569736541
