reservoir,value
1,112297.62257726843
2,16335.370119085263
3,18923.800882946063
4,12744.9
