reservoir,value
1,67346.2327498093
2,12981.430149508233
3,27726.395003133766
4,6892.853818734695
