reservoir,value
1,31052.326885751252
2,12218.633004599007
3,4787.299080903704
4,5132.642717593757
