reservoir,value
1,36224.53772016152
2,3210.9580078098497
3,5375.643802068293
4,12274.295429354997
