reservoir,value
1,27580.676380183388
2,12728.564839219986
3,4878.44957876452
4,7817.84258970695
