reservoir,value
1,82980.18823816936
2,19264.264839219984
3,21675.52876317717
4,11266.117715213593
