reservoir,value
1,61718.18936222723
2,0.0
3,6812.51072822497
4,12661.499360338761
