reservoir,value
1,67002.63202740802
2,19617.2
3,22409.6431980142
4,12541.750036649313
