reservoir,value
1,65438.26509216553
2,19617.2
3,16171.656511486417
4,1733.6465750414995
