reservoir,value
1,21779.213057366913
2,20790.87160054582
3,3196.5834329834975
4,7745.421557406922
