reservoir,value
1,35885.617114461435
2,5994.801124843783
3,8587.092453892208
4,8017.148691095941
