reservoir,value
1,109534.2630514684
2,4141.225869649317
3,42607.59751626804
4,12744.9
