reservoir,value
1,33328.76545958032
2,19617.2
3,33538.29980058382
4,12713.1
