reservoir,value
1,18812.788498132744
2,13100.119397944718
3,2110.385168901096
4,1383.9528906392775
