reservoir,value
1,53144.294370514166
2,15375.823655284266
3,0.0
4,1971.1875569511885
