reservoir,value
1,103763.15334667289
2,3578.7780440883985
3,28623.21071596693
4,12521.94154307619
