reservoir,value
1,117894.02542040328
2,0.0
3,48724.437771425764
4,4892.04154307619
