reservoir,value
1,31866.02858256205
2,13077.397881021752
3,7239.893294676687
4,3041.9353452142104
