reservoir,value
1,44337.990964589444
2,10732.472246903188
3,2230.128575235879
4,2096.3978490001973
