reservoir,value
1,23762.918986988094
2,4943.47917282289
3,5474.5039439568645
4,4024.582929043259
