reservoir,value
1,31871.785554182403
2,12056.417135686916
3,2642.2247299633027
4,2427.500207622469
