reservoir,value
1,19500.402890777223
2,10586.022125296246
3,4871.987260067407
4,7358.173957835185
