reservoir,value
1,71607.91352144707
2,5415.780215100799
3,22658.796522525776
4,24005.614899568638
