reservoir,value
1,191029.6247383071
2,3499.8414630988404
3,51686.147116175765
4,12744.9
