reservoir,value
1,61114.91787474822
2,5031.970042169087
3,17336.982832301805
4,14113.052142282624
