reservoir,value
1,87171.1106777269
2,10452.14835246089
3,24107.505259401558
4,7975.754052226367
