reservoir,value
1,196202.1147562592
2,19617.2
3,49925.467162094836
4,12744.9
