reservoir,value
1,23888.298088452597
2,12688.900460511115
3,4143.439783536057
4,5753.379806458747
