reservoir,value
1,101156.46490814084
2,0.0
3,23561.39669250646
4,12679.092569683718
