reservoir,value
1,186752.33746898494
2,5315.141097831933
3,37431.90586526544
4,8782.847553921434
