reservoir,value
1,43739.59338776994
2,7628.082635520128
3,9151.64584109162
4,14982.89280986831
