reservoir,value
1,124748.97439600065
2,0.0
3,15090.480812711896
4,12744.9
