reservoir,value
1,7621.549584270877
2,5568.652543530094
3,7223.286696641891
4,4784.441032990764
