reservoir,value
1,39298.07154339815
2,3293.8894648344644
3,11407.93244139346
4,9744.374820536908
