reservoir,value
1,22834.239734195362
2,7971.6462677119
3,3733.4107779257247
4,3058.2791277218835
