reservoir,value
1,136942.90954384953
2,0.0
3,24416.89034188866
4,5679.690609592267
