reservoir,value
1,78839.4878861325
2,19617.2
3,12717.136077499872
4,9589.344733314689
