reservoir,value
1,33883.399593368034
2,4697.975825465677
3,12006.89063769583
4,6311.65123419584
