reservoir,value
1,141911.04205552133
2,0.0
3,19190.856146393086
4,12744.9
