reservoir,value
1,33494.38522705062
2,0.0
3,9877.637916854084
4,9365.490382678867
