plant,value
1,42368.17367864906
2,10688.546321350943
3,9900.9
4,6645.0
