reservoir,value
1,117171.54632135082
2,13506.453678649057
3,0.0
4,12744.9
