reservoir,value
1,90682.5800988105
2,0.0
3,4298.7514603030595
4,12083.478770415792
