reservoir,value
1,106614.36301116343
2,0.0
3,34026.96181777275
4,12744.9
