reservoir,value
1,116634.81941083088
2,0.0
3,16265.249191017116
4,12744.9
