reservoir,value
1,82541.35251583553
2,0.0
3,49702.756900465356
4,11339.298208957398
