reservoir,value
1,48168.85747893425
2,4957.066302218433
3,22585.584794358554
4,28308.14666451681
