reservoir,value
1,0.0
2,0.0
3,5492.9373898146005
4,33423.14666451681
