reservoir,value
1,109245.55849068068
2,15854.082149884882
3,51806.1
4,0.0
