reservoir,value
1,125675.50973091603
2,0.0
3,18617.148065319772
4,12744.9
