reservoir,value
1,36597.01060174236
2,5214.725552793257
3,10115.649530888539
4,13885.324614236317
