reservoir,value
1,39673.771506737365
2,11049.77503354671
3,10876.825269100404
4,12256.773441433339
