reservoir,value
1,77601.7842500948
2,0.0
3,8037.829683891654
4,8617.605027422906
