reservoir,value
1,34342.773864785195
2,11602.482159535082
3,5460.792408987297
4,2569.015487146112
