reservoir,value
1,36210.506073933066
2,8357.02620649149
3,10908.089679439763
4,5878.15978217597
