reservoir,value
1,63280.89814199231
2,12816.700523764022
3,1007.1896794397635
4,0.0
