reservoir,value
1,109981.24400000002
2,0.0
3,21605.839500000002
4,0.0
