reservoir,value
1,23589.709974548194
2,14610.298470477152
3,2936.5814503533284
4,2061.4367334173207
