reservoir,value
1,51100.51552572769
2,10787.178428737201
3,15790.00549279643
4,7018.801331565601
