reservoir,value
1,62296.712220539506
2,0.0
3,18578.361867355397
4,12149.81398527867
