reservoir,value
1,2198.7672413534747
2,1083.0617201093814
3,0.0
4,35.482430603086236
