reservoir,value
1,36096.65598407212
2,12646.307027097857
3,7357.436104248381
4,11628.121917492343
