reservoir,value
1,164515.70935980306
2,1541.3523475494458
3,40130.509060524084
4,12744.9
