reservoir,value
1,59659.94493067929
2,19617.2
3,21710.789547151428
4,0.0
