reservoir,value
1,17064.420421896746
2,9305.392328007434
3,2819.0188853046902
4,2346.8198470533284
