reservoir,value
1,20936.705439838322
2,4326.343999657944
3,3509.941790458396
4,1706.6943310215709
