reservoir,value
1,102781.37274782262
2,0.0
3,27857.146170239175
4,6683.642896547342
