reservoir,value
1,33847.27858788958
2,10015.91991405654
3,4709.272402047886
4,7699.998163517995
