reservoir,value
1,146571.5082074164
2,0.0
3,25521.922558585167
4,12744.9
