reservoir,value
1,10485.417136638796
2,4472.504657553987
3,4192.953879841362
4,1477.4412932077669
