reservoir,value
1,134836.63302461905
2,4924.813665721211
3,32711.361512919277
4,2332.955215001727
