reservoir,value
1,27090.94334154292
2,21138.648692331626
3,2263.34608002272
4,2069.883541487486
