reservoir,value
1,134016.4282185603
2,0.0
3,25766.07787622735
4,12744.9
