reservoir,value
1,74036.6775943675
2,18404.4855884701
3,3673.545066129416
4,0.0
