reservoir,value
1,78819.43558621843
2,7612.834441538036
3,19462.775206318238
4,23896.298017551213
