reservoir,value
1,157512.81338561466
2,3568.798059236792
3,27456.787444635454
4,0.0
