reservoir,value
1,18307.832513814963
2,15939.759011498048
3,2510.3623559230555
4,1850.3491181696902
