reservoir,value
1,45127.318039205486
2,2858.2590114980485
3,10400.805625379124
4,10742.300172674166
