reservoir,value
1,87963.88503201857
2,4994.500614516184
3,22832.988796810907
4,21483.387497269294
