reservoir,value
1,12904.06112186145
2,5569.632613371387
3,4416.208463456654
4,2118.597958151845
