reservoir,value
1,61908.13807067593
2,984.2181417749771
3,15214.346539544076
4,7905.529406475919
