reservoir,value
1,27921.520021292978
2,9747.931316514088
3,3522.3530492627915
4,1847.0359709391544
