reservoir,value
1,21337.19566923757
2,6018.647006604953
3,3611.479066012935
4,1933.332175162219
