reservoir,value
1,33466.015015410674
2,10072.462549967071
3,3261.8224651502283
4,6470.295178486611
