reservoir,value
1,118565.90572726046
2,0.0
3,38536.095451641646
4,12744.9
