reservoir,value
1,124980.51068840004
2,249.83593567999924
3,19051.452306130006
4,12744.9
