reservoir,value
1,59385.63847971003
2,7495.15801667499
3,11161.23040138595
4,11702.845630874155
