reservoir,value
1,96564.4082349219
2,8565.7773735821
3,22355.743171416056
4,7219.096044041968
