reservoir,value
1,112968.68110000007
2,0.0
3,24851.713600000003
4,0.0
