reservoir,value
1,19640.77574855555
2,28494.84435303627
3,2366.8116081790836
4,2213.627036229111
