reservoir,value
1,71715.86955356786
2,5079.842958317449
3,12448.253062956133
4,7385.309190406326
