reservoir,value
1,20118.552538950153
2,6892.315803971833
3,3133.549178568543
4,3395.8050667584967
