reservoir,value
1,30863.045357720548
2,1706.7387223996288
3,19177.830865699507
4,20663.248337923713
