reservoir,value
1,0.0
2,0.0
3,9276.930865699542
4,13033.348337923713
