reservoir,value
1,20535.529378857158
2,21533.54231802292
3,3207.3706790981023
4,1986.1334826300929
