reservoir,value
1,73500.67200946435
2,19617.2
3,5183.586203173556
4,8148.272684635262
