reservoir,value
1,40224.231753052234
2,5035.514703649751
3,6782.81799536527
4,7887.373970112769
