reservoir,value
1,150070.9371245285
2,0.0
3,19591.29549122695
4,12744.9
