reservoir,value
1,36773.77764501613
2,20573.834548353665
3,4067.1292072465617
4,3568.338581110203
