reservoir,value
1,174981.90343974088
2,16628.866801223092
3,27852.611599754906
4,12739.238581110203
