reservoir,value
1,72309.09844550134
2,0.0
3,1544.1380703943228
4,5487.030508633308
