reservoir,value
1,16443.37648704809
2,18513.491454402618
3,4078.9609810635034
4,2463.415534592586
