reservoir,value
1,80634.40497948692
2,19617.2
3,14947.598351601137
4,11131.403334875242
