reservoir,value
1,37206.37080292512
2,3160.3898427037693
3,16203.86062703285
4,13106.459734435773
