reservoir,value
1,57867.234601608005
2,0.0
3,15633.614129250655
4,9087.56020522138
