reservoir,value
1,19129.473991778035
2,17521.266839021424
3,2453.1653442851866
4,1739.2796938569759
