reservoir,value
1,56025.07112263504
2,3324.6930339481996
3,18682.55030058117
4,15413.918567297118
