reservoir,value
1,148479.68695362908
2,0.0
3,44825.00039506117
4,11354.094502248496
