reservoir,value
1,23208.006267002012
2,14004.371769021778
3,6212.318189711302
4,2518.8935801103403
