reservoir,value
1,97053.22479610295
2,19617.2
3,44387.625603433225
4,5740.53388165542
