reservoir,value
1,39861.489448622095
2,4028.643170671022
3,7087.754035992079
4,5670.133932639498
