reservoir,value
1,24035.626867091807
2,8045.22436638469
3,0.0
4,0.0
