reservoir,value
1,16274.647835994765
2,12047.75457832545
3,5224.641019828748
4,3248.2511050165485
