reservoir,value
1,88580.22332358109
2,8617.28807197481
3,40891.69062036606
4,12744.9
