reservoir,value
1,22492.415454796235
2,17175.73178410447
3,3928.04683398247
4,5153.415954815297
