reservoir,value
1,100659.89120678621
2,14369.919743035678
3,28993.367202314435
4,12744.9
