reservoir,value
1,155968.88121180824
2,445.38953333783047
3,13855.793505104897
4,12744.9
