reservoir,value
1,95707.04203499638
2,5460.264014932318
3,13541.188756117597
4,16851.81579407245
