reservoir,value
1,25274.045948918843
2,10563.097701403743
3,3233.082305950358
4,4294.212122845806
