reservoir,value
1,25863.89870481365
2,18045.938271126142
3,3132.524103971551
4,5207.487163215108
