reservoir,value
1,45720.67115595096
2,6768.487077927721
3,8163.1437455790165
4,4422.209110638276
