reservoir,value
1,34668.825624397825
2,8640.626981684114
3,9208.951174695501
4,4050.2012146235693
