reservoir,value
1,57079.85804411282
2,6653.562622908724
3,13367.165394805661
4,0.0
