reservoir,value
1,21552.501071608087
2,3778.8336101631253
3,3306.4988295629146
4,1916.0948868896985
