reservoir,value
1,81805.05881789677
2,0.0
3,10613.452456676603
4,8565.885148539412
