reservoir,value
1,112973.91250000376
2,0.0
3,20951.865500000004
4,12744.9
