reservoir,value
1,20869.535369020996
2,38040.07580757901
3,2592.445450300006
4,2247.3387022949864
