reservoir,value
1,18845.304142143577
2,11219.236010717597
3,5563.235960089654
4,3943.381269545454
