reservoir,value
1,18296.28958311086
2,12713.27283925576
3,3419.5667724371688
4,2730.5317641124093
