reservoir,value
1,98278.58817501037
2,10422.934774437577
3,8788.606999303942
4,12233.431764112409
