reservoir,value
1,38617.142456263864
2,5185.343402150545
3,7613.988053562327
4,12441.59296068749
