reservoir,value
1,22122.310880262572
2,14397.690318096356
3,7433.785040886917
4,5583.536399417091
