reservoir,value
1,69441.28246518591
2,16926.91300463252
3,10001.439875990556
4,0.0
