reservoir,value
1,151370.27109562824
2,2620.738566798924
3,4972.771518821209
4,3263.722720339303
