reservoir,value
1,29207.60113911713
2,3184.8438752414227
3,6530.395440248034
4,16617.877370623584
