reservoir,value
1,140163.46805921523
2,0.0
3,13289.187879329731
4,12744.9
