reservoir,value
1,19077.74603851034
2,11587.535880986896
3,4825.197957874333
4,5646.6045594883135
