reservoir,value
1,103961.57275385773
2,0.0
3,18750.270736756167
4,12744.9
