reservoir,value
1,80759.70277422016
2,6634.610208887266
3,3097.0002957052475
4,8220.72028716185
