reservoir,value
1,25363.882851285794
2,8362.324900414584
3,3609.8925862988995
4,1743.5700433465727
