reservoir,value
1,67724.23550358933
2,0.0
3,1952.3126363052545
4,2103.008513946993
