reservoir,value
1,56506.58559821214
2,3187.8005275658443
3,44938.84836206212
4,20568.665103342493
