reservoir,value
1,0.0
2,0.0
3,24516.781577780377
4,23049.258478563745
