reservoir,value
1,141443.10359393116
2,2491.240514993919
3,51806.1
4,2634.4066247787496
