reservoir,value
1,33925.724887154116
2,7824.760045480496
3,7714.388879331105
4,5321.329704631201
