reservoir,value
1,0.0
2,0.0
3,18944.545941743276
4,16857.816029208363
