reservoir,value
1,199600.8088515232
2,2092.0833924553112
3,23444.866256379664
4,7811.48508811021
