reservoir,value
1,37664.6116528
2,5380.825229370001
3,12587.18305343
4,17993.12187268
