reservoir,value
1,109866.15058217004
2,0.0
3,21586.01115343
4,10363.22187268
