reservoir,value
1,71342.52280919072
2,3273.5626884035146
3,7780.59813864526
4,8695.560508464334
