reservoir,value
1,15167.254302917063
2,16282.5280808432
3,2844.747364902907
4,2098.7718856278134
