reservoir,value
1,117876.84654275698
2,3201.028080844022
3,9544.394578434803
4,5972.527372393612
