reservoir,value
1,89932.70954745568
2,0.0
3,31416.56361977577
4,12744.9
