reservoir,value
1,184932.0279015108
2,13363.148534825876
3,20573.272995694755
4,12069.558647953225
