reservoir,value
1,50055.30367558096
2,9615.739962582289
3,9836.065521880413
4,17233.22716752814
