reservoir,value
1,118612.63087586677
2,13546.778206481495
3,50061.912861055505
4,12744.9
