reservoir,value
1,62325.66879104
2,9479.15396072
3,22832.35064841
4,21776.3758071
