reservoir,value
1,29696.28597794348
2,9021.868365694332
3,51806.1
4,0.0
