reservoir,value
1,23273.92460817009
2,2845.9226329516364
3,4081.817829486458
4,3115.8853741333533
