reservoir,value
1,51057.1383198479
2,19617.2
3,6544.5914290066285
4,706.668875060341
