reservoir,value
1,43076.836609878
2,2843.6743738110235
3,762.4389090028617
4,4547.288990736106
