reservoir,value
1,155074.5565021907
2,0.0
3,27077.582076808292
4,12744.9
