reservoir,value
1,46963.57772868808
2,2401.065386552904
3,10808.60348096367
4,19046.868880923004
