reservoir,value
1,135580.32524810135
2,0.0
3,22355.069895383676
4,12744.9
