reservoir,value
1,46193.371869958646
2,17264.47218404984
3,8762.719962664069
4,9016.43165580689
