reservoir,value
1,89075.93099894939
2,19579.838332694253
3,0.0
4,1386.5316558068898
