reservoir,value
1,109901.79880442868
2,0.0
3,34786.11807489295
4,12744.9
