reservoir,value
1,59118.21632307001
2,9819.31079428
3,15713.633533
4,16289.93086062
