reservoir,value
1,149659.23201734925
2,0.0
3,27030.737233
4,1615.1964854819064
