reservoir,value
1,168527.54553838543
2,0.0
3,30023.42653756422
4,12744.9
