reservoir,value
1,154492.06739017996
2,0.0
3,20712.876035248322
4,7645.679191115947
