reservoir,value
1,84628.2554784
2,5993.40437083
3,27038.55808582
4,16281.698856399998
