reservoir,value
1,34145.58676847415
2,30550.027004937925
3,5629.219711955983
4,7118.012411905203
