reservoir,value
1,191583.10276549176
2,19617.2
3,45135.75328106018
4,12744.9
