reservoir,value
1,58879.58511157948
2,10156.044278543199
3,15677.47255229509
4,15360.413291559085
