reservoir,value
1,107335.99116564168
2,16691.7442785432
3,50126.7473391751
4,10470.695571435632
