reservoir,value
1,22981.789879810593
2,11545.586573864759
3,3191.874982313918
4,3563.570585792225
