reservoir,value
1,64215.39322867826
2,0.0
3,8101.56868463857
4,12744.9
