reservoir,value
1,166919.29198936294
2,6658.350898595041
3,51806.1
4,10663.457128822645
