reservoir,value
1,53260.192919738125
2,1707.450673250523
3,8390.220703448971
4,6687.278780773317
