reservoir,value
1,60971.06360805511
2,21194.649950567822
3,9651.87131787176
4,14021.29047169814
