reservoir,value
1,25600.146299034044
2,49747.19843163392
3,3759.783216705934
4,3013.5953271469616
