reservoir,value
1,115829.14488485272
2,11634.202988012281
3,12195.352187608842
4,12142.49532714696
