reservoir,value
1,28135.112451379868
2,10661.251874144382
3,3309.1546146760465
4,2585.437918109642
