reservoir,value
1,96662.95328855656
2,0.0
3,5809.229851890021
4,12088.337918109668
