reservoir,value
1,59458.26526306066
2,5012.14826464989
3,11633.276706284518
4,17162.54934846307
