reservoir,value
1,14043.965263060658
2,0.0
3,1732.3767062845181
4,0.0
