reservoir,value
1,200717.6
2,2353.5315464598148
3,51806.1
4,9532.649348463072
