reservoir,value
1,42272.17259569569
2,12804.214868183482
3,3739.8798611149646
4,2266.405415124934
