reservoir,value
1,9741.536090337213
2,16611.770913322754
3,2387.0397646963374
4,2185.678431873475
