reservoir,value
1,39474.76331693345
2,3675.7709133227545
3,414.7397646955566
4,4734.915099962224
