reservoir,value
1,20295.698596901508
2,7907.295111657415
3,3404.9234995374172
4,3514.5254674644257
