reservoir,value
1,71321.90761904434
2,13340.207736283806
3,3182.814768153987
4,290.03496547806935
