reservoir,value
1,88656.09716943969
2,2199.370635458691
3,18369.335193739953
4,10308.771353908338
