reservoir,value
1,26239.782228100456
2,10453.049754547243
3,9673.695494940299
4,3824.465925599857
