reservoir,value
1,53178.50182926323
2,10332.995915056696
3,628.0853650077388
4,0.0
