reservoir,value
1,50302.33165878695
2,6026.945747555676
3,7552.172154188063
4,16028.073975092317
