reservoir,value
1,115102.54458952
2,7852.7033377200005
3,36314.97708152
4,21487.5403174
