reservoir,value
1,14198.026189520087
2,0.0
3,18823.906708030398
4,13857.64031739891
