reservoir,value
1,200717.6
2,6567.520237720042
3,36853.01927348961
4,0.0
