reservoir,value
1,33289.253103866184
2,7663.583840171756
3,3926.9492789993246
4,6256.345044960172
