reservoir,value
1,109562.77441979742
2,0.0
3,11049.485727760844
4,12744.9
