reservoir,value
1,51473.12965887999
2,3903.8759723399994
3,21903.44050668
4,19749.7750624
