from,to,value
1,1,0.0
1,2,0.0
1,3,381.01281595466276
1,4,0.0
1,5,0.0
2,1,1489.6143865855781
2,2,0.0
2,3,0.0
2,4,0.0
2,5,0.0
3,1,0.0
3,2,0.0
3,3,0.0
3,4,0.0
3,5,0.0
4,1,0.0
4,2,0.0
4,3,0.0
4,4,0.0
4,5,361.9355902886976
5,1,0.0
5,2,0.0
5,3,361.9355902886985
5,4,0.0
5,5,0.0
