reservoir,value
1,12479.127412346414
2,5517.556311631823
3,2496.588965873174
4,3595.983595669293
