reservoir,value
1,12761.762108573297
2,0.0
3,1783.2530324829004
4,0.0
