reservoir,value
1,23728.1831681009
2,48091.2474614704
3,3400.8472196014
4,6573.094441307156
