reservoir,value
1,111569.07189288063
2,19617.2
3,2192.9481228247582
4,12744.9
