reservoir,value
1,55665.81279158598
2,2520.759204021696
3,15336.095661422998
4,17884.70199992448
