reservoir,value
1,180285.91671400485
2,778.540991780646
3,43429.847202623
4,9805.76196216376
