reservoir,value
1,26806.21270571871
2,2537.0579855815768
3,3655.990581484098
4,2549.8278882663158
