reservoir,value
1,39630.761043758816
2,0.0
3,30058.563703238156
4,4179.109571642006
