reservoir,value
1,49898.52321467155
2,5218.994847307655
3,9194.868779557615
4,4757.674831216511
