reservoir,value
1,37894.442475097494
2,6220.392280423346
3,272.99476136151316
4,793.0878587477987
