reservoir,value
1,30464.298967180788
2,15835.898878374312
3,9817.312970202844
4,10283.004392554674
