reservoir,value
1,133016.34140727457
2,8911.493696381338
3,17270.711675027313
4,12374.373994843452
