reservoir,value
1,18350.106168046113
2,14253.737992555782
3,3125.580852927469
4,1572.5768004007823
