reservoir,value
1,23892.822108510198
2,11796.908944464216
3,6584.5324634282015
4,4261.107614240228
