reservoir,value
1,0.0
2,18332.608944464217
3,706.7046617735296
4,0.0
