reservoir,value
1,38354.22761216556
2,7621.069735604478
3,8144.344464205323
4,3411.0138446216415
