reservoir,value
1,71140.8358950947
2,0.0
3,27311.27226092345
4,12744.9
