reservoir,value
1,93183.28501386163
2,7869.355572001587
3,17943.061828656035
4,3228.8036033290064
