reservoir,value
1,29738.52630586763
2,9909.536075254937
3,3148.660848843829
4,4255.574122921415
