reservoir,value
1,23528.26569326715
2,11363.074940315302
3,6308.229254756277
4,5838.803260831884
