reservoir,value
1,91796.89262077492
2,0.0
3,25246.487908634677
4,12744.9
