reservoir,value
1,17170.456736042222
2,8296.457105577887
3,3407.10260858634
4,2554.914271588685
