reservoir,value
1,27663.40605758024
2,24428.54917341169
3,4534.777888594419
4,3009.685128761487
