reservoir,value
1,17692.80374271168
2,12195.557878137048
3,2180.1194178629403
4,2367.1694136137626
