reservoir,value
1,24548.312770701425
2,7362.013950615088
3,3540.3570193988585
4,2583.0235906143616
