reservoir,value
1,121804.86349037224
2,0.0
3,31288.29879949625
4,7999.997541230497
