reservoir,value
1,53723.73366022
2,6456.51718804
3,10572.051667169999
4,14816.65541572
