reservoir,value
1,120615.42014826
2,0.0
3,21028.61996717
4,8694.407711725193
