reservoir,value
1,17816.327827583536
2,2983.580240508289
3,0.0
4,3334.247673944141
