reservoir,value
1,3868.501826500131
2,7384.200000000001
3,51806.1
4,12744.9
