reservoir,value
1,30510.08131569275
2,7346.097462400912
3,3341.5874261255963
4,2400.8713920785676
