reservoir,value
1,128269.38168456857
2,19617.2
3,22899.81380203009
4,10281.937409045335
