reservoir,value
1,20695.134295550382
2,21920.98794902969
3,3700.296714716217
4,1478.1213204335154
