reservoir,value
1,121341.83851688466
2,19617.2
3,20255.934354798515
4,2388.5568573949035
