reservoir,value
1,35182.43412708195
2,7117.825679195557
3,8117.549898728287
4,2879.6435163225233
