reservoir,value
1,43287.890193311636
2,7533.967483364468
3,10824.635237587983
4,7132.301060849438
