reservoir,value
1,17058.299266721402
2,7397.523713821807
3,2448.4182302001745
4,2177.6462129171737
