reservoir,value
1,18453.7708790783
2,10866.870015259045
3,3756.843076628074
4,2887.187697150588
