from,to,value
1,1,0.0
1,2,0.0
1,3,0.0
1,4,0.0
1,5,175.6219099063992
2,1,5701.0340885647465
2,2,0.0
2,3,0.0
2,4,0.0
2,5,0.0
3,1,0.0
3,2,0.0
3,3,0.0
3,4,0.0
3,5,132.39999999999964
4,1,0.0
4,2,0.0
4,3,0.0
4,4,0.0
4,5,0.0
5,1,0.0
5,2,0.0
5,3,0.0
5,4,308.02190990639883
5,5,0.0
