reservoir,value
1,58379.825832812116
2,0.0
3,14151.501296772816
4,0.0
