reservoir,value
1,23162.85482173079
2,8253.01545540766
3,4359.338387044383
4,4053.988721502908
