reservoir,value
1,114030.4341970987
2,19617.2
3,19834.845794578487
4,12744.9
