reservoir,value
1,15814.45573671567
2,4499.9254112326025
3,3665.6134216775463
4,2439.3310415046985
