reservoir,value
1,83305.12464981535
2,0.0
3,659.8332001567868
4,11797.231041503052
