reservoir,value
1,91032.36992567245
2,1212.9149025722352
3,16565.902734502713
4,9967.259401911117
