reservoir,value
1,16792.27229334373
2,5734.420102874103
3,4156.924780420933
4,4929.265087490823
