reservoir,value
1,74830.98264104426
2,0.0
3,9131.262561682099
4,11398.725944151847
