reservoir,value
1,33849.128126093594
2,8029.77672565052
3,6028.090998717713
4,12126.14744020942
