reservoir,value
1,22957.619074354763
2,39948.90798835245
3,3512.514064786941
4,2752.742064186883
