reservoir,value
1,117935.76737378284
2,19617.2
3,16089.62065534205
4,9675.407388565973
