reservoir,value
1,25903.29968644764
2,15293.446517163808
3,4764.6788061466095
4,6309.3891947569855
