reservoir,value
1,164707.6773868002
2,8841.655711920794
3,22589.97279126113
4,12744.9
