reservoir,value
1,160651.94024089922
2,7524.331943521012
3,10399.135237530963
4,7750.120654014601
