reservoir,value
1,5561.580949310235
2,19617.2
3,23986.29999889092
4,12744.9
