reservoir,value
1,26127.206455512147
2,4551.483041896312
3,7020.559326487084
4,3842.730369602069
