reservoir,value
1,134652.08604560015
2,0.0
3,37040.13215847534
4,7691.199418464972
