reservoir,value
1,17120.116841957446
2,10351.076704135947
3,2085.035818440674
4,2250.9863962525224
