reservoir,value
1,44151.15073273551
2,5301.225621804562
3,1691.3826601409091
4,7828.1160835065775
