reservoir,value
1,87338.56111750635
2,5696.186528195832
3,39635.17943759846
4,862.8309757370758
