reservoir,value
1,77155.17965230392
2,0.0
3,13024.704771478106
4,12744.9
