reservoir,value
1,69921.81538489486
2,6163.28988635157
3,14047.710457898418
4,11115.232230088299
