reservoir,value
1,163511.10527293215
2,0.0
3,49173.85823359616
4,2475.917845795936
