reservoir,value
1,49785.504713813105
2,3554.7659934879666
3,8856.899063387089
4,16482.744881665458
