reservoir,value
1,156344.47811506665
2,2899.9791892473513
3,24779.412873260575
4,12744.9
