reservoir,value
1,14764.008008805271
2,5920.0221096795185
3,3910.0155151458603
4,4043.340993535041
