reservoir,value
1,60756.34648344104
2,4662.859351041662
3,20918.505900275573
4,9231.317473372572
