reservoir,value
1,67801.47034355038
2,10239.508149083067
3,13436.376273805354
4,1601.4174733725722
