reservoir,value
1,32653.469348766623
2,19888.015357613018
3,3788.9959517391435
4,2892.408271035165
