reservoir,value
1,8288.101550929296
2,5407.939338499822
3,2885.6684701015206
4,1493.1688496338181
