reservoir,value
1,54180.66901124333
2,0.0
3,0.0
4,6448.746771772659
