reservoir,value
1,21824.08701028984
2,10383.28478957366
3,3085.4481774096466
4,2763.0704743428923
