reservoir,value
1,4427.9338948091145
2,0.0
3,0.0
4,275.2154914104258
