reservoir,value
1,19730.29748470998
2,11492.382876148593
3,3122.2003847052156
4,2031.848597746351
