reservoir,value
1,97286.52821768411
2,0.0
3,5896.362084568611
4,3508.950914721042
