reservoir,value
1,134599.17166650353
2,0.0
3,28410.596268728208
4,12255.439677509963
