reservoir,value
1,37993.585466055345
2,8824.867093740193
3,10868.740701995404
4,12175.5204499039
