reservoir,value
1,14451.41863426651
2,8177.416530174456
3,2806.4254746704014
4,2076.7676956799305
