reservoir,value
1,116822.33693848937
2,0.0
3,10194.506900608416
4,2896.4849826626146
