reservoir,value
1,20660.1381073232
2,6166.431052505314
3,3351.844732962675
4,4788.667312212311
