reservoir,value
1,18908.48083217818
2,11153.46403042927
3,3707.596308508957
4,1740.5266625785337
