reservoir,value
1,163725.16868366432
2,3789.755225276967
3,19888.85562823684
4,7568.805286953176
