reservoir,value
1,19834.077804511842
2,9247.237411612863
3,5584.844081814172
4,4188.9612806408495
