reservoir,value
1,92728.3466412042
2,9241.78297594874
3,30657.85613008755
4,1070.10164109906
