reservoir,value
1,30108.898559570225
2,15413.393555707698
3,3764.4109403150615
4,3441.960232566702
