reservoir,value
1,130757.04910145901
2,2331.8935557076984
3,11529.929127676058
4,12612.860232566702
