reservoir,value
1,23534.53117690941
2,13436.012430071672
3,3317.415660135144
4,2099.639633853796
