reservoir,value
1,125977.2011151699
2,10676.689555845478
3,1398.5184542028223
4,1613.8206961868939
