reservoir,value
1,23899.853851717176
2,16276.708928982556
3,3441.862716930247
4,3004.4896182760212
