reservoir,value
1,34341.45447935906
2,7135.660079098405
3,12251.318054760892
4,17053.821924507898
