reservoir,value
1,103788.91023970154
2,9037.830431289905
3,27897.304633317406
4,14894.378191353688
