reservoir,value
1,125311.61795457795
2,19617.2
3,32444.155415500776
4,7264.478191353688
