reservoir,value
1,23714.246594274704
2,17275.841670907874
3,5320.659392340731
4,9021.14022815776
