reservoir,value
1,125242.29199191518
2,4194.341670907874
3,17374.01946414473
4,12744.9
