reservoir,value
1,26074.14666951681
2,57222.96454776532
3,6069.7876878810675
4,6519.796272623436
