reservoir,value
1,124735.9406651147
2,19617.2
3,33802.962666031
4,12744.9
