reservoir,value
1,47079.994711219595
2,7260.849923634763
3,8400.10394334677
4,10987.667622767261
