reservoir,value
1,21950.91710079423
2,12480.760847893973
3,3481.411525692518
4,4385.096884288985
