reservoir,value
1,74301.07206114935
2,11915.93432979991
3,22269.626741764576
4,12744.9
