reservoir,value
1,36454.94724276431
2,2871.638648958972
3,9393.317361039226
4,11468.84735670497
