reservoir,value
1,48775.720499999996
2,10110.6495
3,12112.8837
4,10186.733100000001
