reservoir,value
1,14868.313206999297
2,18993.303616928813
3,2792.6977175232473
4,1542.016295045465
