reservoir,value
1,62910.24943860898
2,19617.2
3,15712.893027023914
4,5082.007494375219
