reservoir,value
1,42731.482736695885
2,3483.9452568321394
3,14878.905090302338
4,8815.06601594135
