reservoir,value
1,39634.234350196886
2,0.0
3,4978.005090302338
4,2016.0262796848428
