plant,value
1,37778.0021346606
2,13020.4578
3,9900.900000000016
4,7604.211000000014
