reservoir,value
1,86763.6627939702
2,0.0
3,44844.94726771998
4,8579.153759158966
