reservoir,value
1,64359.56912960055
2,3435.846934934453
3,350.5911795443577
4,2273.06080179885
