reservoir,value
1,135291.65357315456
2,0.0
3,48956.56619660204
4,9568.942734171695
