reservoir,value
1,61017.571379208886
2,9470.240742963866
3,1695.512736450375
4,0.0
