reservoir,value
1,30060.65003175664
2,2273.4313637686587
3,12887.803921899138
4,11732.673536286038
