reservoir,value
1,77716.37904882773
2,916.8298276423375
3,39420.62477750543
4,11992.583132091671
