reservoir,value
1,117121.42775446299
2,0.0
3,18099.713579114476
4,2615.429625913779
