reservoir,value
1,44909.710082987345
2,6982.989541383638
3,14656.46228616152
4,18716.293996502878
