reservoir,value
1,95939.15060951389
2,0.0
3,36661.721611080095
4,8753.562917341183
