from,to,value
1,1,0.0
1,2,4768.500000000002
1,3,128.12778707323054
1,4,0.0
1,5,417.03168822665424
2,1,0.0
2,2,0.0
2,3,0.0
2,4,0.0
2,5,0.0
3,1,0.0
3,2,0.0
3,3,0.0
3,4,0.0
3,5,0.0
4,1,0.0
4,2,0.0
4,3,0.0
4,4,0.0
4,5,0.0
5,1,0.0
5,2,0.0
5,3,0.0
5,4,417.0316882266543
5,5,0.0
