reservoir,value
1,49750.79996763014
2,15404.530845663447
3,8504.427787073646
4,6592.031688226654
