reservoir,value
1,57891.29387072642
2,14757.853544272219
3,0.0
4,0.0
