reservoir,value
1,39290.76183623904
2,8829.724274573127
3,9041.055398848392
4,10304.676904255602
