reservoir,value
1,77354.20588599544
2,1318.9953242684287
3,950.1261171403112
4,4286.390357931923
