reservoir,value
1,39789.92870418225
2,8698.566930324203
3,12528.043888205757
4,0.0
