reservoir,value
1,139452.52236063566
2,15516.165120002204
3,0.0
4,0.0
