reservoir,value
1,32892.38248554114
2,4338.026793791867
3,8560.684884156883
4,11677.331821957801
