reservoir,value
1,140978.90166773356
2,0.0
3,15427.217124646884
4,12744.9
