reservoir,value
1,21236.306588156633
2,13059.742839037217
3,2525.449981990449
4,2580.55768714851
