reservoir,value
1,23481.408454620738
2,1253.8348018290656
3,4871.839068033709
4,3746.327991415048
