reservoir,value
1,29875.98269946676
2,13140.59379893933
3,2625.027191442269
4,2976.607717054101
