reservoir,value
1,163452.16437062068
2,19617.2
3,12161.166270083973
4,9143.507717054845
