reservoir,value
1,23277.92081439604
2,7066.860059300425
3,5793.157161215347
4,9153.58498335154
