reservoir,value
1,36872.85932137625
2,11212.766279715446
3,5711.959651875797
4,9239.79306604427
