reservoir,value
1,53677.89420259474
2,8011.117239869866
3,0.0
4,0.0
