reservoir,value
1,18535.535692396305
2,12167.264473679943
3,1986.796855272201
4,1718.3020215307367
