reservoir,value
1,130711.82808428802
2,9638.658958957507
3,7923.5389641382635
4,12744.9
