reservoir,value
1,58694.330504210004
2,4574.75381068
3,19064.62563465
4,19114.72183678
