reservoir,value
1,130001.85561489
2,0.0
3,35834.880334650006
4,12744.9
