reservoir,value
1,17815.436297209097
2,5397.079934149306
3,2984.6409271943194
4,1538.2786534131549
