reservoir,value
1,48214.029306656535
2,0.0
3,4594.38250728682
4,2974.767767570053
