reservoir,value
1,26842.75942575443
2,15555.066421963944
3,2053.803907135154
4,1209.9735543039296
