reservoir,value
1,86875.33217021711
2,19617.2
3,5342.522862387314
4,1923.2429990074393
