reservoir,value
1,65330.16152529363
2,9055.540813160003
3,21843.756952360804
4,18343.34063568084
