reservoir,value
1,49361.69339094167
2,7839.885614948162
3,10702.10341939113
4,9581.559821826893
