reservoir,value
1,44074.43869190847
2,18690.79374769384
3,10493.778791583782
4,18616.30787191525
