reservoir,value
1,78141.72168275547
2,7064.346464321159
3,13053.485561609046
4,10589.724066792169
