reservoir,value
1,88256.24261451892
2,10449.03709742137
3,14931.01817441698
4,0.0
