reservoir,value
1,16347.736905168498
2,5511.870788442885
3,3484.9121594932785
4,2372.45381870481
