reservoir,value
1,124544.72875394532
2,0.0
3,8632.405314556812
4,2990.152415741114
