reservoir,value
1,24171.5499051386
2,17153.279325595315
3,5141.992759192029
4,3916.464396434037
