reservoir,value
1,122478.73631184975
2,18052.708911929803
3,34260.83687974883
4,8094.392872279288
