plant,value
1,41658.95071938656
2,11677.869280613439
3,9900.9
4,7629.9
