reservoir,value
1,8507.97122207297
2,4352.130719386561
3,51806.1
4,0.0
