reservoir,value
1,136902.98316273215
2,0.0
3,12237.989323904738
4,10134.695850251823
