reservoir,value
1,87176.37767928228
2,0.0
3,31004.028031749636
4,12744.9
