reservoir,value
1,76916.15416262278
2,7862.615844809832
3,30916.56396696884
4,18978.001952855266
