reservoir,value
1,111500.0868863312
2,2536.3959958764967
3,32852.34966924922
4,11822.809369787812
