reservoir,value
1,133116.7885486266
2,0.0
3,28574.120884055177
4,12744.9
