reservoir,value
1,14206.25799252191
2,15057.044123995367
3,2891.079729885886
4,1595.995109300482
