reservoir,value
1,18685.244108380175
2,20659.878289102155
3,2885.152756109328
4,1902.1089567718404
