reservoir,value
1,110639.35808300307
2,4916.7520018767445
3,26223.152914609927
4,11269.201971140988
