reservoir,value
1,55623.46961197062
2,20731.439899800695
3,7364.37402605788
4,12837.054001872351
