reservoir,value
1,126465.62662547664
2,13517.04842642866
3,7003.559809886985
4,7408.169961598526
