reservoir,value
1,22183.30559196274
2,12928.811858822408
3,4606.434290323672
4,3213.626783350502
