reservoir,value
1,69445.17943428292
2,17071.365919501462
3,20730.258152025614
4,1605.7317875388508
