reservoir,value
1,14489.852160693128
2,5142.205843910875
3,3755.681621344188
4,1463.6793056882861
