reservoir,value
1,16021.497025995242
2,10420.742004818761
3,3139.372685220873
4,2936.817385478434
