reservoir,value
1,52332.706244080386
2,4376.731857755485
3,8186.918210181957
4,1563.4832492127919
