reservoir,value
1,137556.88131718923
2,4027.884016743865
3,6972.935417660572
4,12744.9
