reservoir,value
1,36032.90664387501
2,23994.558113736966
3,4430.44069389549
4,5440.964948305238
