reservoir,value
1,99712.66805529929
2,13354.846682079009
3,18486.823592491386
4,12744.9
