reservoir,value
1,72432.30310677043
2,8593.11281589969
3,6325.061498241078
4,148.38087961511792
