reservoir,value
1,18115.513444333297
2,6121.310306489202
3,3365.6349897118325
4,2873.889566563859
