reservoir,value
1,92770.05138515992
2,0.0
3,17492.8186619523
4,12376.789566563859
