reservoir,value
1,98724.28343808965
2,0.0
3,17172.404889443318
4,8966.240140781925
