reservoir,value
1,16627.262338106215
2,4941.847986525412
3,4868.092103838278
4,4631.155613731888
