reservoir,value
1,102221.37273435743
2,902.2772025439954
3,29559.255069222672
4,1942.2301352429859
