reservoir,value
1,53475.55001283754
2,5314.457500633871
3,23572.26646247396
4,18080.33809038471
