reservoir,value
1,8061.2500128375395
2,0.0
3,23870.26648052063
4,10450.43809038471
