reservoir,value
1,24827.69864412689
2,10774.923985443178
3,4453.6522959876565
4,4343.572102299894
