reservoir,value
1,130473.16895786473
2,0.0
3,25338.2395051425
4,12744.9
