reservoir,value
1,24474.42941779744
2,7271.535089945385
3,4907.885443979116
4,11180.3475664483
