reservoir,value
1,52400.78952450062
2,4214.5228047729315
3,22545.9352131357
4,13605.237934930683
