reservoir,value
1,59246.546166571134
2,9830.128116253876
3,7600.482546360132
4,3823.9482379823958
