reservoir,value
1,165202.51726219937
2,3938.093291759693
3,2672.354065181341
4,147.26434961482934
