reservoir,value
1,190254.26500597998
2,0.0
3,23172.0203697327
4,12744.9
