reservoir,value
1,32855.95385995568
2,3979.2973783195835
3,8211.966446275852
4,8565.92597824282
