reservoir,value
1,118996.25426879045
2,0.0
3,41292.579596880496
4,11215.188968471353
