reservoir,value
1,21631.736475107784
2,1675.1669390312884
3,35368.4648553941
4,1104.721025555213
