reservoir,value
1,31516.764939099357
2,4241.733120374973
3,11061.505898256952
4,18770.73383299645
