reservoir,value
1,60389.40371258372
2,10905.178840328692
3,36948.368726023386
4,12449.486012619218
