reservoir,value
1,33840.26423086216
2,9426.267803884923
3,3519.915657176459
4,4699.531993467566
