plant,value
1,35853.98668273631
2,12843.319436451913
3,9894.816000000015
4,7571.721555693016
