reservoir,value
1,0.0
2,44416.238725300354
3,9275.69599945528
4,4896.263999999998
