reservoir,value
1,20502.923407360853
2,19617.2
3,16583.218512789965
4,4804.892971317482
