reservoir,value
1,15177.798295585022
2,8538.80949141143
3,4423.726393321621
4,3216.6136856266103
