reservoir,value
1,149405.39588844604
2,0.0
3,47296.038815906475
4,9260.84850296872
