reservoir,value
1,25333.287302256347
2,2829.2141549283688
3,2740.7706710213206
4,1627.0163556837886
