reservoir,value
1,41524.72863635114
2,7741.8324277575375
3,7694.235211230904
4,5011.295635655467
