reservoir,value
1,83906.9945542412
2,1221.1762694798072
3,0.0
4,0.0
