reservoir,value
1,47027.812316767115
2,9950.037008622096
3,16096.22920403949
4,29328.169156464293
