reservoir,value
1,59432.836396444065
2,0.0
3,3679.024229543376
4,8455.076361825291
