reservoir,value
1,12633.418085827241
2,623.5102405199232
3,0.0
4,512.3041700427522
