reservoir,value
1,32281.219617220817
2,3062.70542994832
3,17125.309611909444
4,18960.565756775526
