reservoir,value
1,37836.67945406406
2,5886.8533862832
3,15653.698342796786
4,21659.934893028305
