reservoir,value
1,123700.29018450722
2,0.0
3,36233.752964676794
4,9942.143619899387
