reservoir,value
1,0.0
2,0.0
3,4931.938277151601
4,25720.44014220412
