reservoir,value
1,29761.332143043197
2,13306.990901032874
3,6192.219965296164
4,3232.5064988290324
