reservoir,value
1,37352.39603326537
2,4674.076734205505
3,11550.994527210612
4,15332.624470108753
