reservoir,value
1,115530.42837082088
2,0.0
3,13361.323277420614
4,12744.9
