reservoir,value
1,30708.622178565325
2,1884.946689577056
3,9315.257169985922
4,18409.1175173776
