reservoir,value
1,117795.3280923624
2,0.0
3,22127.16100918598
4,12744.9
