reservoir,value
1,55307.180997027725
2,3971.2977113779016
3,17565.780104510985
4,11300.264282239066
