reservoir,value
1,145494.97470772688
2,19617.2
3,1681.2233722733708
4,1180.1520199395654
