reservoir,value
1,25906.062889076202
2,18341.808922013533
3,4962.883812493335
4,6309.945339863168
