reservoir,value
1,130239.22701702412
2,11591.433755580092
3,36943.99898544977
4,12744.9
