reservoir,value
1,20631.69512747768
2,1057.296714118733
3,3381.470681660037
4,3174.0766941387405
