reservoir,value
1,118979.6039830783
2,0.0
3,0.0
4,8287.544169669009
