reservoir,value
1,4753.16738888116
2,945.9847478898955
3,0.0
4,3320.5542275924436
