reservoir,value
1,29083.072622719246
2,8746.101543229652
3,2802.1399862266085
4,2060.3713549679187
