reservoir,value
1,56010.26333266702
2,4562.076037755545
3,7307.966967992589
4,13323.248559221556
