reservoir,value
1,123087.91564436733
2,5591.688292660858
3,23362.921318620844
4,6141.426108191204
