reservoir,value
1,29265.685183176356
2,10477.092459984693
3,4475.0178075351605
4,4993.008491754984
