reservoir,value
1,71260.67635114765
2,0.0
3,19335.939257937644
4,12744.9
