reservoir,value
1,89091.85049494535
2,9604.637080909439
3,9608.512032055536
4,12620.045384193101
