reservoir,value
1,119550.38639382209
2,15559.042193354917
3,6377.026284297984
4,7058.670179037619
