reservoir,value
1,107212.57294422021
2,519.8408333173193
3,8189.291860653016
4,11674.67197385793
