reservoir,value
1,14329.58064847043
2,4678.465672645902
3,2903.5257456911013
4,1723.1694328195156
