reservoir,value
1,98266.65380434183
2,650.6889032991166
3,9517.050674706856
4,3649.0078905927217
