reservoir,value
1,142761.57984021722
2,19617.2
3,40555.54557775414
4,12744.9
