plant,value
1,44394.36
2,11118.760000000002
3,9900.9
4,6759.5999999999985
