reservoir,value
1,10018.522487123688
2,3836.5222943428025
3,2096.4083662715966
4,1711.523406703801
