reservoir,value
1,146010.1441470834
2,9351.371401443856
3,24953.269312767945
4,10362.089635862185
