reservoir,value
1,30196.58948979084
2,16427.64750219055
3,5819.818378073474
4,3767.9720522051985
