reservoir,value
1,11468.393133192856
2,8860.730289902134
3,2644.8528103898666
4,2187.0793888093162
