reservoir,value
1,21289.953549695714
2,15543.365691544326
3,3927.2484666532287
4,2650.3401855098987
