reservoir,value
1,94969.51294737864
2,19617.2
3,14790.023091936186
4,11676.240185509898
