reservoir,value
1,25438.367542630724
2,11563.519016779117
3,4733.508498109488
4,2872.5021897300617
