reservoir,value
1,27727.30856671066
2,12614.93352763326
3,2929.3492223709463
4,5176.407671943104
