reservoir,value
1,79847.70402839279
2,19150.63352763326
3,5105.380465744687
4,12744.9
