reservoir,value
1,9903.739999999736
2,4466.428786986344
3,17487.1
4,12744.9
