reservoir,value
1,34279.36542059784
2,4327.974942720324
3,8422.344897783247
4,14567.727167391939
