reservoir,value
1,151956.14717940212
2,0.0
3,34322.913147022
4,12744.9
