reservoir,value
1,16804.453138724875
2,11385.676116941548
3,3966.270458242555
4,2684.264099270952
