reservoir,value
1,22795.838853595615
2,1823.6813067528533
3,3248.688945035761
4,2073.3361073480373
