reservoir,value
1,51583.37923850238
2,3889.3887796546132
3,17037.34621501746
4,19658.07363035174
