reservoir,value
1,69476.23176762326
2,7322.146813795793
3,11473.85820741142
4,13072.011491576774
