reservoir,value
1,89427.08324835732
2,6906.683839484565
3,9800.019742789373
4,10896.438278056465
