reservoir,value
1,71788.71672874677
2,0.0
3,9083.919621421945
4,3931.6419904389904
