reservoir,value
1,119739.62930542386
2,3503.040955582442
3,51806.1
4,11631.004380501323
