reservoir,value
1,15718.344596712064
2,7292.736228287975
3,4220.396855774433
4,3713.538978843504
