reservoir,value
1,52107.79185928389
2,0.0
3,19006.11060741908
4,12744.9
