reservoir,value
1,20650.10105132512
2,5618.124593436185
3,4935.026488481174
4,3050.957426464563
