reservoir,value
1,71063.65388460268
2,0.0
3,39966.67445040499
4,12076.857426463524
