reservoir,value
1,17744.167857070024
2,13361.675101106523
3,4580.489375087094
4,3953.0307838456984
