reservoir,value
1,115178.56214591581
2,3227.593826460021
3,28314.94890526565
4,12744.9
