reservoir,value
1,29972.249927960533
2,25254.08028825384
3,3743.5678033144586
4,2028.0762479555176
