reservoir,value
1,143304.52409714047
2,19617.2
3,26618.82797277365
4,6765.442906376962
