reservoir,value
1,27906.828853278996
2,7836.707291533761
3,3538.038486230335
4,4053.5370709613667
