reservoir,value
1,137868.61048916847
2,0.0
3,14570.849412212989
4,12744.9
