reservoir,value
1,29209.116953939447
2,5473.101336531322
3,4307.592381530644
4,6815.337903696727
