reservoir,value
1,132865.73443577337
2,0.0
3,8141.783385194363
4,12744.9
