reservoir,value
1,52700.07634626012
2,7844.043858784271
3,9303.13986318286
4,8108.114025859313
