reservoir,value
1,119672.97792734603
2,5939.22187356665
3,17892.805813820083
4,1852.6055823185106
