from,to,value
1,1,0.0
1,2,116.72916448150136
1,3,600.0
1,4,0.0
1,5,1528.4999999992012
2,1,0.0
2,2,0.0
2,3,0.0
2,4,0.0
2,5,0.0
3,1,0.0
3,2,0.0
3,3,0.0
3,4,0.0
3,5,0.0
4,1,0.0
4,2,0.0
4,3,0.0
4,4,0.0
4,5,0.0
5,1,0.0
5,2,0.0
5,3,405.5999999932408
5,4,1122.8999999999996
5,5,0.0
