reservoir,value
1,71102.60809400104
2,11447.495477540971
3,1214.848853565958
4,2919.4168564843767
