reservoir,value
1,13785.180735097241
2,3726.4394478238137
3,3066.5315366949485
4,1558.5405671684948
