reservoir,value
1,73409.64312287001
2,11348.955339700002
3,6688.22389995
4,16133.626134320002
