reservoir,value
1,0.0
2,0.0
3,3541.391937093109
4,7595.693572579892
