reservoir,value
1,17151.49872594013
2,66217.4372072695
3,2413.4510972329776
4,2112.3949115363284
