reservoir,value
1,44839.54831843358
2,19617.2
3,5230.7472184914395
4,10999.106422169138
