reservoir,value
1,122831.71117700094
2,0.0
3,32165.407061600003
4,6767.105174118903
