reservoir,value
1,28751.96886477736
2,7224.9626002236
3,4040.560534620663
4,3116.3434106841787
