reservoir,value
1,164044.6278598709
2,0.0
3,18066.18398817265
4,10396.938670064083
