reservoir,value
1,50860.07013344824
2,9311.072301832863
3,13751.140357878945
4,20807.041865038744
