reservoir,value
1,92105.8168660764
2,19617.2
3,14402.962112753503
4,5964.665346373232
