reservoir,value
1,144279.94537631408
2,0.0
3,26568.035943366573
4,12744.9
