reservoir,value
1,64119.74112657741
2,3940.5358355673234
3,14447.727291733105
4,10238.04204547624
