reservoir,value
1,36380.114370021096
2,6738.8593284723065
3,6561.465156235158
4,2608.142045476241
