reservoir,value
1,26868.123451690954
2,11377.671524188336
3,5866.890611626244
4,4923.464059131214
