reservoir,value
1,31216.116300619367
2,0.0
3,10309.089798319801
4,5882.399609948192
