reservoir,value
1,124103.58540000003
2,0.0
3,26491.371700000003
4,12744.9
