reservoir,value
1,17437.661285296992
2,4669.955696633042
3,3778.3954552518503
4,5774.393032681197
