reservoir,value
1,51477.825854684466
2,0.0
3,7217.84216461196
4,12744.9
