reservoir,value
1,18220.143951612223
2,3624.477758543564
3,3594.643445752067
4,2677.644030919579
