reservoir,value
1,18873.820207952325
2,5469.990333361892
3,5045.356784869812
4,3589.273829932807
