reservoir,value
1,137216.11465395414
2,8769.451984448207
3,43641.42098133204
4,9045.513870369687
