reservoir,value
1,17352.535553422676
2,11096.15741129966
3,4753.713966247977
4,2963.441261421067
