reservoir,value
1,30199.7904801957
2,5134.226474038684
3,852.8044859571619
4,0.0
