reservoir,value
1,14241.990692912894
2,3698.303196792893
3,4037.800925759554
4,1749.9688035990937
