reservoir,value
1,16098.667907158824
2,13008.427701226105
3,3287.868511368247
4,1986.3726064423115
