reservoir,value
1,100427.65188418368
2,0.0
3,5121.561132547519
4,3863.251740413173
