reservoir,value
1,130252.06450014921
2,0.0
3,51806.1
4,7510.117870004887
