reservoir,value
1,63633.57596735221
2,4271.301166741103
3,13941.18935738846
4,22062.64773490862
