reservoir,value
1,200717.6
2,0.0
3,30165.702077275942
4,9568.980640471367
