reservoir,value
1,36149.02048122
2,4276.14090565
3,16104.601350109999
4,15458.86393992
