reservoir,value
1,87818.96128687002
2,0.0
3,24382.294050109682
4,8282.153779459035
