reservoir,value
1,32115.174750356924
2,3295.2732286087803
3,26881.866380737956
4,18496.160642361614
