reservoir,value
1,124851.74595141238
2,0.0
3,51806.1
4,10866.260642366913
