reservoir,value
1,13949.255883330261
2,20689.245357970853
3,3838.811053447696
4,2176.764369358681
