reservoir,value
1,40986.135773451
2,0.0
3,21761.018686493404
4,12744.9
