reservoir,value
1,31024.985497670303
2,1770.7373809460696
3,16149.14312219236
4,361.85389842145923
