reservoir,value
1,32141.795110980485
2,32252.254215496887
3,2447.771532636791
4,2735.4335624683
