reservoir,value
1,183978.83376719136
2,19617.2
3,19141.97657522546
4,11761.333562468273
