reservoir,value
1,18115.84852138388
2,12339.098288444562
3,3540.5545830422216
4,2125.116823949429
