reservoir,value
1,118640.95991151068
2,0.0
3,20509.891296316062
4,6832.0641967663
