from,to,value
1,1,0.0
1,2,912.6942942965843
1,3,0.0
1,4,0.0
1,5,0.0
2,1,0.0
2,2,0.0
2,3,0.0
2,4,0.0
2,5,0.0
3,1,0.0
3,2,0.0
3,3,0.0
3,4,0.0
3,5,0.0
4,1,0.0
4,2,0.0
4,3,0.0
4,4,0.0
4,5,2878.980829823398
5,1,674.3808298234039
5,2,0.0
5,3,2204.599999999994
5,4,0.0
5,5,0.0
