reservoir,value
1,22683.97583959609
2,7963.297118594034
3,3244.2460926653434
4,2381.151054334545
