reservoir,value
1,131133.00852963736
2,19617.2
3,30044.86121812684
4,12744.9
