reservoir,value
1,49905.340888711136
2,11598.954481862193
3,4594.556682112775
4,915.8183841829085
