reservoir,value
1,24702.80501505671
2,16972.70000000007
3,51806.1
4,12744.9
