reservoir,value
1,72617.94162926411
2,10631.431637031805
3,2470.0205813261027
4,376.15469200733935
