reservoir,value
1,17150.00341369656
2,20412.739689290567
3,3567.5257891087795
4,3498.22206873059
