reservoir,value
1,73407.25181563171
2,19617.2
3,13723.35462875606
4,12669.12206873059
