reservoir,value
1,42126.63029878307
2,29106.299965077946
3,4408.900935932983
4,4514.764287692598
