reservoir,value
1,15374.570575951355
2,7352.626598405885
3,2528.3112539859903
4,1474.2863922026095
