reservoir,value
1,36052.84390846458
2,8824.037575460861
3,7455.8970360225485
4,4900.602642723459
