reservoir,value
1,102563.71924371623
2,17663.746367830277
3,0.0
4,12744.9
