reservoir,value
1,136863.76942116272
2,19617.2
3,24487.1148476799
4,11594.127931536037
