reservoir,value
1,79759.88636177352
2,0.0
3,44712.18298356777
4,12744.9
