reservoir,value
1,99074.32021148011
2,0.0
3,19528.303934457876
4,9241.817604947646
