reservoir,value
1,25390.790443090937
2,16779.19639187983
3,3058.082423701525
4,2627.6995220675185
