reservoir,value
1,79474.73779812909
2,19617.2
3,9534.267134702997
4,9126.599522067496
