reservoir,value
1,22184.087125802427
2,7222.387233540539
3,5953.984069739948
4,2434.8663506316907
