reservoir,value
1,115717.27251508682
2,0.0
3,33093.216228215286
4,3723.713658953605
