reservoir,value
1,19431.922160719118
2,11672.18704006599
3,2682.7274313327694
4,1710.9113645433085
