reservoir,value
1,91361.50209474465
2,7520.15919739144
3,17038.474215802715
4,8868.690076311814
