reservoir,value
1,20170.514012387408
2,14921.085401153956
3,3415.2368666971197
4,1978.0071334889496
