reservoir,value
1,109665.45170050334
2,19617.2
3,11775.007768919746
4,10083.921034022487
