reservoir,value
1,112908.6605388674
2,802.090305375766
3,17440.056037023172
4,12744.9
