reservoir,value
1,19134.206545897483
2,9387.758097644502
3,3611.313458239955
4,2405.5923287184473
