reservoir,value
1,124348.95456632852
2,9710.959600800003
3,25145.023013700462
4,12744.9
