reservoir,value
1,0.0
2,0.0
3,18731.87270192687
4,17274.467904702466
