reservoir,value
1,28455.520868934327
2,6012.967444439439
3,8458.323127626183
4,10770.665173141364
