reservoir,value
1,135960.20838349164
2,0.0
3,39723.81431492549
4,12744.9
