reservoir,value
1,85399.22274279568
2,0.0
3,18393.085194909305
4,12354.68813434838
