reservoir,value
1,25196.336492572085
2,17091.1985536981
3,5383.703628150248
4,4861.3083802692045
