reservoir,value
1,66325.29077755703
2,6306.033824502931
3,37546.57982769748
4,12744.9
