reservoir,value
1,14736.445708446456
2,20198.87046413419
3,6196.851149228429
4,6830.680345767535
