reservoir,value
1,27061.424848197283
2,9545.66066610995
3,4107.439454133605
4,4276.302911668028
