reservoir,value
1,0.0
2,2572.4465453813013
3,0.0
4,1298.8664103295368
