reservoir,value
1,106173.31886568513
2,1978.6095825512602
3,0.0
4,0.0
