reservoir,value
1,47895.67614711281
2,15069.440181213968
3,30291.83941705702
4,17402.730734312485
