reservoir,value
1,0.0
2,1987.9401812138733
3,8617.394361883653
4,0.0
