reservoir,value
1,65138.58915557519
2,19617.2
3,51806.1
4,10918.474519882573
