reservoir,value
1,130022.36630794127
2,4689.4260922082685
3,39385.71047494079
4,12653.210804031067
