reservoir,value
1,22231.008099028844
2,16388.056750044
3,2384.118378949343
4,4297.0966238277015
