reservoir,value
1,2327.2593198789323
2,3306.5567500439893
3,0.0
4,1238.176040468665
