reservoir,value
1,42814.24885121244
2,4641.911527001028
3,9556.99798161377
4,4730.601653702175
