reservoir,value
1,103064.75052629858
2,14790.339765173012
3,23583.468351848656
4,0.0
