reservoir,value
1,73189.82069607201
2,4521.1456631288165
3,30951.00532463733
4,6009.04633084582
