reservoir,value
1,117190.97960981668
2,16033.533769606136
3,51806.1
4,12744.9
