reservoir,value
1,158854.12757809705
2,3482.528406279145
3,30233.701920680003
4,9264.979617691766
