reservoir,value
1,58960.76369804818
2,7687.166411414302
3,15629.869368670552
4,22069.304911983312
