reservoir,value
1,98227.38777349927
2,0.0
3,29180.200253028466
4,6685.824911713837
