from,to,value
1,1,0.0
1,2,5405.5
1,3,0.0
1,4,0.0
1,5,0.0
2,1,0.0
2,2,0.0
2,3,0.0
2,4,0.0
2,5,0.0
3,1,0.0
3,2,0.0
3,3,0.0
3,4,0.0
3,5,0.0
4,1,0.0
4,2,0.0
4,3,0.0
4,4,0.0
4,5,2516.0772483330843
5,1,1347.4772483325282
5,2,0.0
5,3,1168.5999999996268
5,4,0.0
5,5,0.0
