reservoir,value
1,84708.557980071
2,19617.2
3,26771.39721890232
4,12744.9
