reservoir,value
1,57052.62079649937
2,12842.412195045352
3,44634.37562739315
4,12744.9
