reservoir,value
1,24292.348839197202
2,6614.863598162079
3,3651.2062850926677
4,5849.300841340566
