reservoir,value
1,89174.56290484301
2,0.0
3,12480.917668665166
4,12744.9
