reservoir,value
1,16058.340870600343
2,24157.52015973212
3,5396.598190004315
4,1929.988711233536
