reservoir,value
1,15855.794206263046
2,0.0
3,3668.95759314617
4,3956.542918265343
