reservoir,value
1,62146.60843723311
2,928.0597890427871
3,27896.056304846043
4,8529.851060877787
