reservoir,value
1,30237.4611415423
2,7104.706810703647
3,4071.535167780847
4,3461.6129603474715
