reservoir,value
1,19660.192178379566
2,16522.93669997132
3,4664.058540661614
4,4738.0578345140475
