reservoir,value
1,8570.835983534076
2,10409.958865591127
3,2024.3561815177645
4,1187.255273372259
