reservoir,value
1,36477.62046598645
2,14658.272378524107
3,15591.43971108125
4,4705.2948560141585
