reservoir,value
1,23648.67199638625
2,4752.342414455859
3,0.0
4,990.9969954891103
