reservoir,value
1,86391.94914338228
2,0.0
3,10933.619146723304
4,8872.99177230733
