reservoir,value
1,92538.80519825226
2,15135.024395417928
3,16311.720741012721
4,17730.614001443162
