reservoir,value
1,3022.422351793733
2,0.0
3,0.0
4,1478.7967905482196
