reservoir,value
1,177290.56647748864
2,15160.256659979015
3,19668.56396745419
4,12744.9
