reservoir,value
1,13943.038422171361
2,42450.4903347005
3,5738.754416915001
4,4198.549515387962
