reservoir,value
1,53279.771642242
2,2380.824314453648
3,11207.16352799493
4,22372.71006503168
