reservoir,value
1,182955.5361303764
2,0.0
3,40792.58419354493
4,6337.4719881008805
