reservoir,value
1,91103.4019098933
2,2577.3922028716115
3,11849.532528533338
4,15100.704470538294
