reservoir,value
1,136465.4323780767
2,0.0
3,10525.685059175397
4,7470.804470539671
