reservoir,value
1,48966.67764536592
2,19059.76630553989
3,27740.869860676758
4,477.3996760984127
