reservoir,value
1,51742.27165897
2,6431.49070224
3,12990.5083039
4,13928.83669735
