reservoir,value
1,24535.09907691527
2,16890.54818027131
3,4580.174726430348
4,8287.36275329454
