reservoir,value
1,69936.85930997538
2,10661.239794536697
3,29028.091004235506
4,12744.9
