reservoir,value
1,158854.07952022972
2,0.0
3,41671.8316858644
4,12744.9
