reservoir,value
1,53011.636950440006
2,5589.931199139999
3,6521.68733601
4,8550.8566646
