reservoir,value
1,139548.25804958126
2,0.0
3,11134.226636010018
4,8007.0826646035075
