reservoir,value
1,19865.547170407102
2,8709.57868834083
3,3936.8456746762013
4,2597.5519046605796
