reservoir,value
1,89644.24817220909
2,3011.0316119123318
3,14253.884224351852
4,639.2441592650365
