reservoir,value
1,107730.72979300364
2,14559.397606827819
3,3908.4383722107814
4,6650.755079666215
