reservoir,value
1,4043.6923337333337
2,10479.769092843437
3,11449.837277745253
4,339.9041279140092
