reservoir,value
1,24513.047685494555
2,14756.53078437267
3,2905.2457104521477
4,1783.7571755017536
