reservoir,value
1,78305.77491247989
2,1924.7950398477315
3,293.83919282681904
4,7696.866420907417
