reservoir,value
1,25588.280425416437
2,0.0
3,159.31457603442598
4,2422.9219159514637
