reservoir,value
1,99357.74798650004
2,2107.987202483422
3,9650.910308796701
4,0.0
