reservoir,value
1,28753.972692831016
2,4587.950615740445
3,3547.1740968279505
4,2958.115201266418
