reservoir,value
1,61844.991341578265
2,6298.58642689282
3,0.0
4,0.0
