reservoir,value
1,80406.92342412402
2,0.0
3,25637.34249541172
4,12744.9
