reservoir,value
1,132735.43764243845
2,19617.2
3,10310.39285549806
4,11727.510081365155
