reservoir,value
1,77961.61091498335
2,0.0
3,6346.03520880547
4,312.2504654131535
