reservoir,value
1,51851.59930885628
2,33978.55750151177
3,9195.587691738527
4,6593.619195053912
