reservoir,value
1,114803.3388570966
2,19617.2
3,26625.227778523138
4,0.0
