reservoir,value
1,42942.33660741253
2,2977.7375081699065
3,13498.727753065356
4,13313.507060218624
