reservoir,value
1,63410.53752111184
2,3597.7084174859206
3,6625.03949698265
4,21862.20952752403
