reservoir,value
1,183727.22019528566
2,0.0
3,10948.447938732654
4,12744.9
