reservoir,value
1,27024.611430393932
2,8723.433583305337
3,3009.2207331703967
4,2591.6952028024402
