reservoir,value
1,32005.529511359884
2,4828.4904855839995
3,5728.093669418982
4,6861.830656407261
