reservoir,value
1,18703.967343845074
2,3868.157199776636
3,5613.387595732788
4,2187.797511315478
