reservoir,value
1,38572.57333757528
2,2584.114060319779
3,19553.263342250968
4,1560.5514686195768
