reservoir,value
1,22656.962938083296
2,18015.5319775598
3,11754.944753526095
4,0.0
