reservoir,value
1,35837.83786130088
2,7469.59142979947
3,9224.363770538956
4,5616.560260127833
