reservoir,value
1,0.0
2,1370.1890074111907
3,941.8287638921374
4,0.0
