reservoir,value
1,0.0
2,0.0
3,728.5196447876024
4,3726.2922869948034
