reservoir,value
1,15834.341743905054
2,17576.843276054486
3,3225.250867567104
4,1403.3855669152913
