reservoir,value
1,83301.27177438572
2,4495.343276054486
3,386.91890109019624
4,8672.343130585263
