reservoir,value
1,0.0
2,3316.374532704117
3,0.0
4,7044.189990353182
