reservoir,value
1,126830.96506637784
2,19617.2
3,3532.8640128297793
4,6704.617895499762
