reservoir,value
1,22612.74495407268
2,7841.3705444246225
3,6457.270734342407
4,2214.5175157659482
