reservoir,value
1,22955.129006207677
2,12195.330327443196
3,3569.1218715054483
4,5336.480601152878
