reservoir,value
1,144693.85992903594
2,6690.324677302913
3,6405.9935458912705
4,12744.9
