reservoir,value
1,20964.781264543482
2,16329.770786128236
3,3968.1906272359
4,2797.730430536007
