reservoir,value
1,66210.87447266147
2,17893.733243225233
3,13353.061397117692
4,11823.630430535255
