reservoir,value
1,23286.674006757203
2,33934.51333034941
3,3253.218376991548
4,1632.3756662328576
