reservoir,value
1,41215.70856201153
2,0.0
3,19814.82702753901
4,9575.871773122652
