reservoir,value
1,15217.647082430103
2,6206.738379814887
3,2909.6128419142055
4,2283.925678957912
