reservoir,value
1,55227.37004106809
2,16435.46937386843
3,3812.99755910563
4,1207.231162488266
