reservoir,value
1,9081.125431530765
2,4899.296579319459
3,2312.23200873701
4,2000.0299521479928
