reservoir,value
1,46121.50322326759
2,0.0
3,686.2320087370099
4,6316.300679082521
