reservoir,value
1,67212.62932786558
2,4657.497639559802
3,24137.672214517046
4,12690.164974742233
