reservoir,value
1,186218.36703808245
2,0.0
3,43087.51733459529
4,5060.264974742233
