reservoir,value
1,161185.24845920768
2,13519.90527873139
3,22169.77057958599
4,12744.9
