reservoir,value
1,20056.67924428839
2,6538.17408158183
3,3370.686320840794
4,2927.0948652652405
