reservoir,value
1,117688.51408824722
2,6035.535487171213
3,10551.208273894048
4,9475.031510707868
