reservoir,value
1,25875.280000000625
2,6392.200000000001
3,51806.1
4,8389.1
