reservoir,value
1,22313.752597211314
2,10998.037112380114
3,4725.579381084608
4,2924.5699577605974
