reservoir,value
1,96255.49601537458
2,17533.737112380113
3,17859.516475422603
4,12095.469957760597
