reservoir,value
1,42477.094283237355
2,23283.316642918893
3,15728.705905750172
4,13634.763044310012
