reservoir,value
1,138015.36898249135
2,19617.2
3,34570.26163453525
4,6004.863044315043
