reservoir,value
1,17064.507533613225
2,22087.75821992511
3,3112.6474867508214
4,1949.7949195107005
