reservoir,value
1,67156.06529709345
2,9006.258219925108
3,2298.7801252454965
4,6037.32300993413
