reservoir,value
1,48527.15071219411
2,6109.864105140602
3,14317.599222578596
4,18067.916030142158
