reservoir,value
1,39120.03111165
2,6579.4785302
3,11379.773322280002
4,12653.47671634
