reservoir,value
1,121924.46034185
2,0.0
3,21006.156922280003
4,12390.062368519375
