reservoir,value
1,50743.192512159614
2,0.0
3,14785.864466823277
4,9101.95227969157
