reservoir,value
1,6936.685354023997
2,5314.231840553572
3,2736.7606683568474
4,1539.8314762795274
