reservoir,value
1,18952.030118886145
2,8220.016788411369
3,3537.958938029932
4,4246.825235374652
