reservoir,value
1,115719.98945695796
2,6475.325885435186
3,29545.72791422538
4,12744.9
