reservoir,value
1,34603.036833613565
2,7139.465079418295
3,6887.975612437054
4,3490.17623668314
