reservoir,value
1,78535.85768553313
2,5452.235602371778
3,6481.1985367251955
4,11088.469398411225
