reservoir,value
1,27670.460340995814
2,23897.64214466088
3,11229.700278363807
4,17591.04802321897
