reservoir,value
1,17756.472063892626
2,7724.855314151231
3,4789.001746284507
4,2286.2935484750756
