reservoir,value
1,125395.91724088567
2,0.0
3,31116.522168970405
4,11457.193548475076
