reservoir,value
1,45643.227973515095
2,5216.312741498631
3,7651.338176420637
4,11994.581085064161
