reservoir,value
1,36580.36986604776
2,13074.37006498401
3,7487.8206032645085
4,8503.363746682548
