reservoir,value
1,101.31124965103663
2,0.0
3,7674.140937297767
4,77.18881987659006
