reservoir,value
1,122384.02171886724
2,0.0
3,25403.786551800156
4,9460.88361230585
