reservoir,value
1,18335.189491116373
2,16366.15198516137
3,4798.272023286139
4,3373.657306557083
