reservoir,value
1,132259.5863369635
2,19617.2
3,40155.82332201338
4,7981.278202179265
