reservoir,value
1,21272.60200908524
2,5914.970968431977
3,4261.230062911077
4,3105.296718323405
