reservoir,value
1,99595.94366329575
2,9714.943749363018
3,14319.63947290156
4,12276.196718323183
