reservoir,value
1,25000.47864909591
2,6663.471111910287
3,9651.642036295803
4,4807.38512286511
