reservoir,value
1,30742.716668766792
2,3817.6145995636302
3,17209.665142355385
4,15368.824078294445
