reservoir,value
1,94388.78348170513
2,0.0
3,40888.37258997262
4,11751.603447987409
