reservoir,value
1,45119.672567955015
2,4925.465404593771
3,16261.875345199951
4,15272.723139001644
