reservoir,value
1,144237.06380678876
2,0.0
3,42992.35981194996
4,12744.9
