reservoir,value
1,27149.157983347817
2,23280.199320499654
3,5262.222567072873
4,4019.3031024926995
