reservoir,value
1,151613.61882298658
2,19617.2
3,25188.033927406464
4,2011.9922162681148
