reservoir,value
1,47460.79840718647
2,6722.827090304526
3,12490.387816179033
4,4636.746610195094
