reservoir,value
1,94943.4509730505
2,3623.5187171761986
3,13323.29655820691
4,0.0
