reservoir,value
1,88850.30753763094
2,5256.560595867415
3,6391.501724801266
4,0.0
