reservoir,value
1,19460.138273993827
2,14318.358782818786
3,4631.529172154957
4,4454.710242297859
