reservoir,value
1,16368.413704598768
2,9725.082059329254
3,3501.203063726058
4,1882.003822544673
