reservoir,value
1,48912.702312630034
2,6577.541438736386
3,11304.391282549028
4,14991.968026897652
