reservoir,value
1,135413.93442078598
2,1636.2695254773698
3,45945.62402745568
4,12744.9
