reservoir,value
1,108795.09527944904
2,0.0
3,11154.581585215867
4,12744.9
