reservoir,value
1,29585.08645618294
2,6993.664328383254
3,11913.74635710717
4,9158.331093463878
