reservoir,value
1,0.0
2,0.0
3,2012.8463571071698
4,2469.7576543556397
