reservoir,value
1,37253.04616302009
2,12333.79254385532
3,13156.61221637484
4,10868.366695827031
