reservoir,value
1,0.0
2,0.0
3,3255.712216374841
4,3238.466695827032
