reservoir,value
1,83791.30399713243
2,0.0
3,4509.795343888622
4,0.0
