reservoir,value
1,56791.6944012076
2,4179.200000000001
3,23241.1
4,0.0
