reservoir,value
1,21145.466770135823
2,11870.075312130417
3,6285.979435057939
4,6245.938969292231
