reservoir,value
1,17105.167836380268
2,15740.386612619724
3,3566.3022005733055
4,2326.1864703670517
