reservoir,value
1,122858.36117660454
2,2658.8866126197245
3,14706.57178616851
4,5022.6735309146
