reservoir,value
1,44164.28603266188
2,6622.998204198237
3,10636.307182008964
4,4235.5716697122325
