reservoir,value
1,49411.55298624693
2,3751.797160108894
3,11181.30586420434
4,5959.51423224517
