reservoir,value
1,47938.77601025428
2,0.0
3,1456.5084254618432
4,0.0
