reservoir,value
1,49799.34278615143
2,10627.322050671275
3,3476.299451504004
4,17230.071537397525
