reservoir,value
1,192217.54391234103
2,11725.160319357796
3,30371.22575107475
4,12744.9
