reservoir,value
1,163107.19688231684
2,0.0
3,20701.900520922653
4,12744.9
