reservoir,value
1,25698.950711651592
2,9978.769620797879
3,4813.9903149585225
4,2783.7919132666498
