reservoir,value
1,30972.07423597414
2,4617.675904520023
3,5993.035220850939
4,9984.112875236857
