reservoir,value
1,137827.50346494457
2,8263.576214369803
3,19000.24632839047
4,12744.9
