reservoir,value
1,74854.28965111157
2,12790.63318802941
3,42235.7790375173
4,12744.9
