reservoir,value
1,88005.05540295999
2,6778.29258933
3,23154.07950031
4,23948.0944121
