reservoir,value
1,156201.03899899914
2,2664.8525893299766
3,34777.53480031
4,1.1867904456050917
