reservoir,value
1,135167.86842353005
2,0.0
3,13387.150251319972
4,10284.452171732872
