reservoir,value
1,40748.90019228083
2,4808.1456040395815
3,12925.176213268824
4,8986.06944335856
