reservoir,value
1,14750.962087889677
2,0.0
3,5152.861817621844
4,3039.112366906964
