reservoir,value
1,31371.443575296107
2,13372.252801841576
3,7664.533870824702
4,10574.720701155995
