reservoir,value
1,16362.111604675461
2,11258.692646940995
3,4138.327333653878
4,2609.263726459374
