reservoir,value
1,68074.59493993041
2,0.0
3,25390.351869166458
4,12112.163726458763
