reservoir,value
1,32570.490488357955
2,10782.00476141039
3,12116.908240110377
4,11180.640532812471
