reservoir,value
1,19557.643187788482
2,16714.890852629385
3,3605.245794763027
4,1773.0833102134727
