reservoir,value
1,134205.96717860593
2,3857.9767075459476
3,33950.06619777379
4,10024.150064058249
