reservoir,value
1,12338.538078701053
2,8999.168174581358
3,3340.9835411661334
4,2483.228210943958
