reservoir,value
1,32979.249571560424
2,0.0
3,7302.5269286615985
4,7159.813707838158
