reservoir,value
1,49121.06201176
2,4695.6005968399995
3,14149.298155440001
4,13872.08148746
