reservoir,value
1,21118.82106704115
2,4758.57203006658
3,2909.645218593903
4,2723.276047052578
