reservoir,value
1,49044.3282556547
2,3490.7954292923278
3,29023.853560395415
4,26780.367569905018
