reservoir,value
1,0.0
2,0.0
3,13164.981319475206
4,16851.3175884307
