reservoir,value
1,49393.378856917516
2,0.0
3,40898.32686028603
4,2331.898394523363
