reservoir,value
1,18438.04000000062
2,1981.7000000000007
3,51806.1
4,12744.9
