reservoir,value
1,124325.22830922977
2,0.0
3,23251.450534000003
4,3255.105296337793
