reservoir,value
1,12930.747817131716
2,24326.6432695315
3,3667.0729561938942
4,1640.1927875908796
