reservoir,value
1,108172.04017009145
2,2336.362047647779
3,29822.540435562645
4,10391.559545527629
