reservoir,value
1,23786.32657579245
2,8390.918096059297
3,3320.622168916332
4,1640.8156774010106
