reservoir,value
1,28104.340977925116
2,3641.569780749428
3,12378.390431554404
4,8222.818361190915
