reservoir,value
1,0.0
2,0.0
3,2477.4904315544045
4,592.9183611909157
