reservoir,value
1,64083.329721699236
2,8395.29106742056
3,13993.530467703931
4,4025.6826166555265
