reservoir,value
1,105667.96276804717
2,7287.738447642785
3,10546.961254005977
4,0.0
