reservoir,value
1,47198.04355758711
2,9795.245904429525
3,5873.770415065138
4,2368.420056104849
