reservoir,value
1,47779.23858418148
2,9919.613610506245
3,6993.336376028292
4,5522.79726155778
