reservoir,value
1,15395.260727213667
2,17519.627248092314
3,0.0
4,0.0
