reservoir,value
1,0.0
2,0.0
3,12784.375432339562
4,12396.626936673916
