reservoir,value
1,123327.23757602683
2,11881.440571762863
3,24010.130023514517
4,6328.099201082961
