reservoir,value
1,19269.218491194257
2,30325.0631077813
3,2550.885734114402
4,2388.4583620175613
