reservoir,value
1,9955.118225495156
2,19617.2
3,5513.253385045581
4,5011.734104412433
