reservoir,value
1,36915.85317751024
2,15275.603972263681
3,5016.620123706167
4,3375.5418192467614
