reservoir,value
1,22223.61286572188
2,18854.176378253585
3,3496.601687166261
4,1515.652442171713
