reservoir,value
1,123155.6760714521
2,19617.2
3,0.0
4,475.1359609972387
