reservoir,value
1,17372.54614825872
2,11919.068298583927
3,4652.287651059585
4,3531.085559707839
