reservoir,value
1,77551.18622346342
2,9837.331710000293
3,20595.904606424723
4,12701.985559707839
