reservoir,value
1,24143.10779489238
2,10827.092691663023
3,3184.8165213055754
4,2013.0638408459827
