reservoir,value
1,174875.637143659
2,17362.792691663024
3,15325.765789086476
4,10357.372111881148
