reservoir,value
1,158957.6792567234
2,15575.403103710485
3,29668.181183224246
4,10685.927446851138
