reservoir,value
1,38528.120404108005
2,8356.975301445484
3,12131.968255633321
4,7244.109633914808
