from,to,value
1,1,0.0
1,2,698.1849815966189
1,3,600.0
1,4,0.0
1,5,1100.2378869005
2,1,0.0
2,2,0.0
2,3,0.0
2,4,0.0
2,5,0.0
3,1,0.0
3,2,0.0
3,3,0.0
3,4,0.0
3,5,0.0
4,1,0.0
4,2,0.0
4,3,0.0
4,4,0.0
4,5,763.3621130994891
5,1,0.0
5,2,0.0
5,3,1863.5999999999924
5,4,0.0
5,5,0.0
