reservoir,value
1,11035.101666303997
2,8075.184981596598
3,2790.3494346713956
4,2118.715276837703
