reservoir,value
1,53681.745394551406
2,0.0
3,7389.423468925559
4,4124.006445534755
