reservoir,value
1,10317.068939331004
2,7677.575026342181
3,3119.2307517904646
4,2129.9778037232113
