reservoir,value
1,89588.00419600001
2,7873.037979680001
3,28347.52281884
4,23848.8759339
