reservoir,value
1,53758.15552514995
2,3799.0907376877426
3,13294.934426258102
4,10639.75306087637
