reservoir,value
1,21171.933361132462
2,0.0
3,24998.05267360581
4,3009.8530608763704
