reservoir,value
1,67420.15508133416
2,1802.0872468364582
3,15952.965273616932
4,21413.586202967446
