reservoir,value
1,168718.26938642404
2,6680.172886503248
3,13230.172456573568
4,12744.9
