reservoir,value
1,47628.1203128803
2,3171.2884253955194
3,10175.543356181384
4,11389.330546328289
