reservoir,value
1,148773.153166827
2,0.0
3,16705.194473151365
4,12744.9
