reservoir,value
1,81745.88536517901
2,0.0
3,30799.269112459653
4,975.5065687658519
