reservoir,value
1,23873.367068157087
2,14695.1462385634
3,7555.205641568698
4,5450.309602356077
