reservoir,value
1,35957.88802927331
2,9826.91397262057
3,6681.994097954823
4,2364.768175188281
