reservoir,value
1,91108.48000000001
2,5216.200000000129
3,51806.1
4,0.0
