reservoir,value
1,30298.465012972072
2,7052.0769458544055
3,4187.767964422158
4,7239.600343442207
