reservoir,value
1,38917.02375302674
2,3464.6849731269153
3,11968.659547548119
4,14870.87736119208
