reservoir,value
1,33041.267135785296
2,7618.959738269119
3,12250.008371775119
4,15181.54807729429
