reservoir,value
1,118718.42848585427
2,0.0
3,22224.235954315125
4,10465.134840099909
