reservoir,value
1,35879.95032699208
2,6336.919821966112
3,13103.244098136885
4,5560.075400679546
