reservoir,value
1,12846.467214988243
2,15302.547425538483
3,2787.9129828222126
4,2071.0397788557616
