reservoir,value
1,68557.7204569766
2,6718.198656353496
3,8005.273183415121
4,5949.613134180192
