reservoir,value
1,15779.915363118289
2,10245.998187329285
3,2527.999525960627
4,1721.7148734935731
