reservoir,value
1,113654.85300555674
2,16781.698187329286
3,6161.092381458688
4,9730.224954858728
