reservoir,value
1,64690.06423150615
2,19617.2
3,0.0
4,4706.710923199793
