reservoir,value
1,32542.86944359792
2,4369.670820187647
3,12209.670534828703
4,10162.828269322781
