reservoir,value
1,0.0
2,0.0
3,2308.7705348287036
4,2532.9282693227815
