reservoir,value
1,14454.16411972377
2,0.0
3,17278.446443672037
4,20542.262833263732
