reservoir,value
1,200717.6
2,0.0
3,44746.12809274412
4,1209.3385194832813
