reservoir,value
1,41167.97842326008
2,10342.056618772554
3,8291.140556758774
4,15785.597556333554
