reservoir,value
1,21239.44211899548
2,21889.784210818758
3,3387.6897834974684
4,2107.703069611195
