reservoir,value
1,95516.12409291313
2,8808.284210818747
3,13659.381864940087
4,11009.425001494215
