reservoir,value
1,34439.0853167651
2,9774.618604538628
3,31257.335657344705
4,18651.376332618293
