reservoir,value
1,113659.68837613385
2,0.0
3,51806.1
4,8870.604034567881
