reservoir,value
1,64883.32540300152
2,8104.779254342811
3,4918.47927287793
4,3582.3589425435857
