reservoir,value
1,61162.66098489852
2,13286.07830958512
3,33954.94569658153
4,17823.557254189087
