reservoir,value
1,0.0
2,2875.31830958512
3,22640.3496949034
4,2254.1217866092757
