reservoir,value
1,59370.70469542
2,9280.22791636
3,33277.170687360005
4,26727.067930740006
