reservoir,value
1,149033.50571177958
2,0.0
3,43975.27213045996
4,12744.9
