reservoir,value
1,21156.35487552142
2,11884.280644729186
3,3945.892598045845
4,2886.1029854646404
