reservoir,value
1,33522.26258510331
2,29574.863732494334
3,4742.671166898162
4,5365.352180811691
