reservoir,value
1,133157.82234202523
2,18546.468720983226
3,23256.846945419245
4,10933.445911665853
