reservoir,value
1,32938.311808386556
2,14940.929269562397
3,5434.7579081095955
4,4710.655454395569
