reservoir,value
1,24826.43123541816
2,13260.914855625777
3,3510.9914032235715
4,1540.3200071941967
