reservoir,value
1,63344.417893177706
2,19059.14105886008
3,7508.840532993358
4,6002.5754172145425
