reservoir,value
1,28865.121590719173
2,14474.811002170156
3,4329.120955422557
4,9718.99489662075
