reservoir,value
1,110445.09077184135
2,18984.173400622807
3,14775.78862804476
4,12744.9
