reservoir,value
1,77851.88942009286
2,19617.2
3,14049.232773283771
4,0.0
