reservoir,value
1,62272.452201262815
2,3424.381966849976
3,19213.490198748936
4,0.0
