reservoir,value
1,30044.191328079894
2,6308.440374683269
3,14129.869660665672
4,9323.673439980925
