reservoir,value
1,185347.4913280799
2,17626.866119598588
3,51806.1
4,6999.824664429926
