reservoir,value
1,91154.30730582384
2,5296.087742898582
3,7580.756179326764
4,14243.69092529611
