reservoir,value
1,117528.72403457062
2,0.0
3,8913.423543647197
4,10545.432915735102
