reservoir,value
1,15735.02924309495
2,4986.100840528956
3,3059.837990435382
4,1644.6663406705873
