reservoir,value
1,18911.292807437036
2,4729.100840528956
3,432.32671679066993
4,2762.098204221145
