reservoir,value
1,34492.602913173425
2,6366.783107214111
3,5581.05980371998
4,11811.553634188358
