reservoir,value
1,107872.27744479274
2,2411.757580488349
3,2023.4487526372795
4,10076.82802621875
