reservoir,value
1,53936.22577066923
2,8597.053345504219
3,10080.803320950065
4,8421.2677137871
