plant,value
1,36700.43390671374
2,13081.5
3,9900.900000000016
4,7629.900000000014
