reservoir,value
1,0.0
2,76278.40400000004
3,15284.836000000003
4,55435.389999999956
