reservoir,value
1,12432.335806614168
2,3392.5757800949277
3,5316.831541723997
4,6480.8720699824935
