reservoir,value
1,83309.26897656743
2,0.0
3,20735.009458348315
4,12744.9
