reservoir,value
1,75676.74765634577
2,17372.033117477655
3,17407.45663468822
4,20484.52176411309
