reservoir,value
1,31028.787656345732
2,6253.273117477657
3,16710.517094438903
4,13978.521764130901
