reservoir,value
1,29476.396623336237
2,19617.2
3,4177.550336400703
4,2752.1048647022058
