reservoir,value
1,21397.00986744128
2,10839.375730250962
3,3683.944193542904
4,3597.51879668357
