reservoir,value
1,99872.01703589552
2,0.0
3,21403.111078046517
4,12744.9
