reservoir,value
1,36046.22796243014
2,26933.375164884485
3,4258.943619032151
4,10776.243046423586
