reservoir,value
1,109142.94061876595
2,19617.2
3,23305.07288665653
4,3146.3430464238836
