reservoir,value
1,69180.59776840001
2,6578.5221864800005
3,22011.087206079996
4,14180.241758
