reservoir,value
1,18635.66653896862
2,15303.456115644596
3,4052.6930761080603
4,2332.3398128209856
