reservoir,value
1,44918.46086789665
2,3957.2695396559993
3,32024.05744206051
4,5054.435717943652
