reservoir,value
1,45484.315306722914
2,31110.049293135016
3,9636.151361681776
4,3310.8302663976256
