reservoir,value
1,27730.082922439564
2,31513.70222451201
3,3841.5908011185975
4,1522.403095950614
