reservoir,value
1,186385.5330890861
2,0.0
3,12233.670500749466
4,12744.9
