reservoir,value
1,28186.057248697205
2,7139.110465594365
3,3802.4416139212335
4,5866.20280265383
