reservoir,value
1,138050.5443188483
2,11591.999157968865
3,24611.595539019734
4,12744.9
