reservoir,value
1,18921.074777251262
2,7069.203045253223
3,3838.879529171355
4,3783.844186375604
