reservoir,value
1,26946.192781700993
2,15614.870483289698
3,4338.168490934075
4,4152.830251850257
