reservoir,value
1,142287.5355926616
2,13769.787948476573
3,22750.247173118893
4,12744.9
