reservoir,value
1,99806.92587284785
2,0.0
3,12357.256835600812
4,11913.88576143912
