reservoir,value
1,124545.4059990953
2,578.0595009047238
3,26424.822400000005
4,12744.9
