reservoir,value
1,2797.9866137771314
2,0.0
3,0.0
4,3451.313731242082
