reservoir,value
1,117456.40980578096
2,13399.928160901152
3,711.6785288466922
4,10801.746905364536
