reservoir,value
1,115480.3878737242
2,4395.722356181895
3,8086.617259031464
4,0.0
