reservoir,value
1,39050.25936387157
2,5470.3239172680105
3,7018.638536345616
4,12073.36675066254
