reservoir,value
1,54056.122597761176
2,3593.2752328627494
3,13369.536543804552
4,5886.2016399591275
