reservoir,value
1,19404.22890456792
2,3054.27523286225
3,10847.760071923398
4,0.0
