reservoir,value
1,64626.29561605504
2,7023.3303727279035
3,19282.435263539028
4,4390.892967165063
