reservoir,value
1,55709.66488217357
2,270.8833398933516
3,19457.544766861793
4,0.0
