reservoir,value
1,61994.99771731929
2,6065.6037774188435
3,8366.281415090332
4,0.0
