reservoir,value
1,53755.927480181985
2,8659.19841716831
3,14994.685298218277
4,12560.702487178734
