reservoir,value
1,48179.02311666414
2,7769.399199352252
3,6624.988779883888
4,3112.004576857479
