reservoir,value
1,61241.36725321956
2,5934.961501371354
3,13210.020923001328
4,14603.696333881348
