reservoir,value
1,135904.90487016682
2,7463.593879042022
3,14996.92977015574
4,8060.474230388908
