reservoir,value
1,60820.664598051764
2,4188.15466996493
3,6968.317574038046
4,7349.507510599515
