reservoir,value
1,74197.4008231359
2,2635.333048270795
3,0.0
4,0.0
