reservoir,value
1,13883.849195921168
2,3910.2521602072593
3,3058.0751914520342
4,2189.6623232576785
