reservoir,value
1,7881.108270663357
2,0.0
3,329.51142604497
4,6564.246269774001
