reservoir,value
1,0.0
2,13581.239999999998
3,46048.799999999996
4,30008.5
