reservoir,value
1,21187.13886367947
2,10881.613751410228
3,3015.081092198889
4,2335.32752077788
