reservoir,value
1,19217.608190868294
2,5584.52641479627
3,4868.332188759389
4,4062.9711064276444
