reservoir,value
1,79583.79558281785
2,0.0
3,43407.43335721373
4,8008.409383869141
