reservoir,value
1,39190.11407976276
2,10777.89802513183
3,4374.007624203648
4,9956.934547158913
