reservoir,value
1,142598.36971029307
2,17313.59802513188
3,12638.963639980535
4,3505.375619804565
