reservoir,value
1,25511.77361066077
2,15658.877085348693
3,2374.8135242044536
4,1899.2102365644064
