reservoir,value
1,56143.98281423954
2,2577.377085348693
3,0.0
4,3213.6068767674624
