reservoir,value
1,40089.70814275318
2,31931.91494523294
3,10164.561215947282
4,12087.94422583376
