reservoir,value
1,144868.34905307123
2,18850.41494523294
3,51806.1
4,7820.529662647243
