reservoir,value
1,28905.46239181061
2,12624.766148642115
3,2581.552209345366
4,1764.5238521397198
