reservoir,value
1,137051.02865500242
2,14653.909899249986
3,4240.664961245669
4,5645.536817274178
