reservoir,value
1,54571.609999999346
2,8384.087005551188
3,51806.1
4,0.0
