reservoir,value
1,42492.860160326105
2,19617.2
3,40290.39990359302
4,12744.9
