reservoir,value
1,24883.259325512332
2,5918.529439648603
3,7334.152666233136
4,6305.617502936542
