reservoir,value
1,126474.79386564616
2,0.0
3,25751.923215966694
4,12744.9
