reservoir,value
1,18271.701108448986
2,14450.242295942848
3,1920.7067209884372
4,1258.1349809943197
