reservoir,value
1,15221.721933377597
2,15676.494922653228
3,6769.0860835491085
4,2990.5641454172096
