reservoir,value
1,51606.96070146507
2,0.0
3,0.0
4,7201.976630236516
