reservoir,value
1,23719.214491877745
2,3430.4715064476686
3,3822.6061904860794
4,8397.595042061823
