reservoir,value
1,27021.422803322283
2,4767.882450097089
3,5388.2482892745065
4,12104.544428985299
