reservoir,value
1,93008.29481342265
2,0.0
3,13929.85045883555
4,12744.9
