reservoir,value
1,95618.77885141577
2,0.0
3,34770.33129960962
4,8803.250011476406
