reservoir,value
1,20546.29384819285
2,7131.127117920945
3,4284.516926865502
4,2528.458945846334
