reservoir,value
1,13735.713457119631
2,26098.232242794285
3,3983.7757535456212
4,2317.7653894993477
