reservoir,value
1,33422.88979498294
2,13808.13419089871
3,23371.46146611265
4,1932.1903195073442
