reservoir,value
1,34410.10149681599
2,5397.056144359936
3,14232.206140750488
4,13548.33042418617
