plant,value
1,43811.359999999964
2,10128.760000000138
3,9900.9
4,7275.5999999999985
