reservoir,value
1,0.0
2,10755.239999999862
3,19483.1
4,8077.9000000000015
