reservoir,value
1,19763.894298943847
2,23998.2867947945
3,2888.4004225753943
4,2919.853258650968
