reservoir,value
1,66397.15699896449
2,19617.2
3,14267.865220404052
4,9418.753258651179
