reservoir,value
1,86086.58106410512
2,19297.98536853814
3,12378.978813767102
4,1049.1629158507003
