reservoir,value
1,20340.888140769322
2,11573.170617951338
3,2956.4468920039717
4,2240.6463179767106
