reservoir,value
1,93913.10860282235
2,447.92441043689087
3,6507.532638666253
4,11373.60421697279
