reservoir,value
1,18385.857569557047
2,7498.233309753031
3,3101.1287389430754
4,3378.381957744608
