reservoir,value
1,26002.334196539938
2,6298.9588483305815
3,2414.807582895698
4,8739.627864954298
