reservoir,value
1,96508.5433256945
2,0.0
3,10001.070711248622
4,12744.9
