reservoir,value
1,127346.47990371604
2,19617.2
3,18516.178409708067
4,12390.242148645384
