reservoir,value
1,38659.13342825
2,12470.98528312
3,10677.159313889999
4,12643.05673808
