reservoir,value
1,112706.48431136999
2,0.0
3,20716.01001389
4,8545.562503141962
