reservoir,value
1,29248.177782848616
2,8900.3091067782
3,3398.740328563068
4,2074.2646957340844
