reservoir,value
1,105146.86276733236
2,0.0
3,20854.87014808089
4,12744.9
