reservoir,value
1,33336.11125284816
2,16683.52257367265
3,4291.811800456045
4,5309.711281649723
