reservoir,value
1,142694.04129443548
2,19617.2
3,29593.77772446873
4,12744.9
