reservoir,value
1,104756.83895728001
2,2569.41338146
3,33115.9858186
4,26199.255551399998
