reservoir,value
1,3976.9055572800135
2,0.0
3,5257.542318600228
4,31314.255551399998
