reservoir,value
1,18234.20877040209
2,29801.424312650353
3,2861.633910304888
4,1957.4958794486545
