reservoir,value
1,39454.382963586104
2,19617.2
3,12151.354025048533
4,9692.931594942342
