reservoir,value
1,59340.35359079892
2,5609.149048428282
3,16361.723666410278
4,12790.032059274214
