reservoir,value
1,84121.02454090348
2,19617.2
3,15913.863446403819
4,10365.981101626716
