reservoir,value
1,36526.876790005896
2,15265.810352552735
3,3715.9382490586454
4,2229.4283057940156
