reservoir,value
1,60105.67345388132
2,7763.271745282902
3,0.0
4,1698.187322575961
