reservoir,value
1,51709.83251903999
2,2626.05402336
3,17708.9620233
4,18996.9077941
