reservoir,value
1,41957.80064147668
2,7202.150694351495
3,8497.076982523047
4,14794.576114363412
