reservoir,value
1,13246.387496841427
2,4116.963397618498
3,3636.6650139312765
4,1795.4063351618668
