reservoir,value
1,45354.94583439034
2,0.0
3,19126.116883097795
4,10520.570061620629
