reservoir,value
1,10394.11181755172
2,23096.018268769738
3,2623.2278994579265
4,1538.8667138811306
