reservoir,value
1,19577.84085113732
2,27475.37601556052
3,5040.05861403323
4,2330.7672769485507
