reservoir,value
1,49125.036440222815
2,19001.869399162613
3,30020.325578568343
4,2800.9798691795067
