reservoir,value
1,19812.692578108778
2,17071.58327978578
3,1900.8365566216116
4,2110.595728218602
