reservoir,value
1,64297.55482930021
2,8952.423690244039
3,0.0
4,4317.86780953388
