reservoir,value
1,24138.663508580965
2,6389.067487140698
3,3844.852144398308
4,2657.501004491517
