reservoir,value
1,112004.73029454588
2,0.0
3,20406.415018843873
4,11961.543261315395
