reservoir,value
1,0.0
2,0.0
3,20056.89996903002
4,2485.7796509513555
