reservoir,value
1,27203.541859335084
2,1780.4648730857539
3,11083.077706600858
4,18844.637423906148
