reservoir,value
1,19135.233302340166
2,11258.318748295653
3,4147.772520743588
4,2336.907514836587
