reservoir,value
1,103030.56706225527
2,0.0
3,35795.74301239387
4,5735.797536957772
