reservoir,value
1,29147.184462088622
2,6750.629176017272
3,6003.9636013970285
4,3666.649310658377
