reservoir,value
1,174817.8378361486
2,0.0
3,32162.068209531964
4,12692.549310658942
