reservoir,value
1,39679.46408701416
2,2124.1749371212795
3,7983.87937288272
4,18547.758921816203
