reservoir,value
1,23987.832232433942
2,18704.81489728416
3,5058.033562136418
4,3396.193659859507
