reservoir,value
1,100527.82166155016
2,19617.2
3,21283.06332361918
4,12567.093659859507
