reservoir,value
1,25438.14795433349
2,6591.233803076104
3,7340.54795365521
4,9083.790758356943
