reservoir,value
1,63163.507370962194
2,19617.2
3,24825.264453220156
4,11875.787708752887
