reservoir,value
1,27640.160475139928
2,0.0
3,0.0
4,2245.5963716044334
