reservoir,value
1,27515.47119272382
2,8212.364622317287
3,7775.530729138742
4,8824.68830255194
