reservoir,value
1,170008.95276207765
2,2548.4015154056524
3,34120.44427116532
4,12744.9
