reservoir,value
1,16712.552767072866
2,14028.747222183949
3,2708.637310764916
4,2949.763807093559
