reservoir,value
1,98085.64583943106
2,0.0
3,21758.120947051662
4,8895.153513530779
