reservoir,value
1,113561.41245057108
2,4793.3282161891475
3,21354.319326529177
4,12744.9
