reservoir,value
1,36191.709950916484
2,2492.6612078345574
3,12949.278124534281
4,6341.628566806424
