reservoir,value
1,5069.699725557464
2,0.0
3,12757.953275406635
4,0.0
