reservoir,value
1,25484.429284797356
2,4593.9329312204
3,7385.975948623549
4,4345.307895658031
