reservoir,value
1,108330.88056855522
2,0.0
3,23778.35776266115
4,12744.9
