reservoir,value
1,23282.30745601938
2,9415.98192398874
3,3888.6534797496156
4,3362.8026520325143
