reservoir,value
1,46173.10721737464
2,0.0
3,15379.092520966571
4,12744.9
