reservoir,value
1,36934.94300913601
2,6497.908161748748
3,12444.257871959275
4,15350.481162110438
