reservoir,value
1,0.0
2,0.0
3,2543.357871959275
4,6644.576170714894
