reservoir,value
1,93763.26828799999
2,5441.52098406
3,30825.39039418
4,22569.12560411
