reservoir,value
1,17112.442054174946
2,7782.700000000001
3,18047.2
4,12744.9
