reservoir,value
1,18244.359726636478
2,4314.937893564994
3,5877.904843161104
4,4877.355335452534
