reservoir,value
1,70117.1014280279
2,0.0
3,37523.40001973273
4,10467.086877321288
