reservoir,value
1,111355.990809931
2,19617.2
3,36434.299999999996
4,12324.1
