reservoir,value
1,136164.78197419987
2,0.0
3,14451.546913599064
4,6532.262551894362
