reservoir,value
1,16705.876661280323
2,4127.575035522028
3,4222.5366302714
4,2573.502095644215
