reservoir,value
1,94318.3738147408
2,10663.275035522029
3,27962.02227675234
4,8441.546888420067
