reservoir,value
1,22915.269740813535
2,1927.464112656021
3,4511.645342992766
4,2390.919796913833
