from,to,value
1,1,0.0
1,2,0.0
1,3,0.0
1,4,0.0
1,5,0.0
2,1,4182.269554369197
2,2,0.0
2,3,0.0
2,4,0.0
2,5,0.0
3,1,190.18119272214972
3,2,0.0
3,3,0.0
3,4,0.0
3,5,0.0
4,1,0.0
4,2,0.0
4,3,0.0
4,4,0.0
4,5,175.74925290864667
5,1,175.74925290864667
5,2,0.0
5,3,0.0
5,4,0.0
5,5,0.0
