reservoir,value
1,64173.80594159987
2,12276.965303583804
3,7156.992591982232
4,10181.617677068283
