reservoir,value
1,80870.46356853319
2,8210.05181732
3,6404.042818972319
4,6115.200008754317
