reservoir,value
1,80249.60174800002
2,5561.85387336
3,26692.00782289
4,18940.660000519998
