reservoir,value
1,153429.83000000002
2,19617.2
3,32355.199999999997
4,0.0
