reservoir,value
1,5149.587868896517
2,0.0
3,12469.81472751355
4,7781.505360499695
