reservoir,value
1,42472.72167563963
2,29398.281444459673
3,4437.412498883651
4,3094.306688361328
