reservoir,value
1,134375.3675454889
2,19617.2
3,2362.0096274642756
4,1487.562136763354
