reservoir,value
1,31259.92697061477
2,37501.438404207765
3,2243.114725588009
4,2071.420032158816
