reservoir,value
1,169824.4607378061
2,19617.2
3,13098.271300813474
4,10042.75359462709
