reservoir,value
1,23920.481995665494
2,16651.744876998448
3,5096.301781026844
4,5685.910346623704
