reservoir,value
1,99639.83995668535
2,3570.2448769984476
3,25322.974907415257
4,12744.9
