reservoir,value
1,54149.823260099074
2,5450.866775986763
3,26860.93056777339
4,16369.027293091138
