reservoir,value
1,58241.64340077687
2,12332.022545007976
3,31510.447320972526
4,11263.012488398599
