reservoir,value
1,109193.30209991144
2,19617.2
3,20830.280934324473
4,11951.58484560685
