reservoir,value
1,87390.17283053667
2,0.0
3,35304.955320189336
4,12744.9
