reservoir,value
1,38190.356798114655
2,30845.48963864478
3,4098.724010593593
4,12681.703794717752
