reservoir,value
1,95497.75736413774
2,19617.2
3,6702.916663759176
4,12076.821343518212
