reservoir,value
1,37553.029921428904
2,9692.6986637099
3,10668.655539369562
4,6770.492067781345
