reservoir,value
1,0.0
2,7109.703224573914
3,767.755539369562
4,0.0
