reservoir,value
1,112152.16258811149
2,2699.859623471371
3,16607.725391818167
4,12744.9
