reservoir,value
1,120853.11703149846
2,1876.3373554672917
3,39320.3148308172
4,12744.9
