reservoir,value
1,135275.98147844
2,0.0
3,26923.036951350005
4,6558.197443948688
