reservoir,value
1,46207.36186044779
2,7320.667247251538
3,3102.740670903948
4,8977.529044339133
