reservoir,value
1,29591.718230115213
2,9851.94853622934
3,3328.546722569842
4,2046.7389244177966
