reservoir,value
1,47075.22371495646
2,12146.272191513606
3,0.0
4,0.0
