reservoir,value
1,113856.85242486635
2,19617.2
3,10338.170990896535
4,11394.078074489173
