reservoir,value
1,37307.12405103805
2,3346.515307738072
3,14360.364327680882
4,10438.396170686618
