reservoir,value
1,143808.2863124052
2,0.0
3,49284.46472274205
4,12744.9
