reservoir,value
1,62646.86773364593
2,14811.833263403132
3,16582.757384111188
4,7536.263106982749
