reservoir,value
1,77532.99036841207
2,19617.2
3,25839.282548201518
4,0.0
