reservoir,value
1,50354.67351414667
2,19617.2
3,36407.56288779724
4,10914.337972771615
