reservoir,value
1,26286.623240952016
2,9379.46886309933
3,2060.0052658322584
4,1277.6415735023322
