reservoir,value
1,92344.11325495533
2,13807.1552944818
3,1815.6476129943012
4,399.5784416580809
