reservoir,value
1,65489.29757509116
2,4308.032388864068
3,13070.411340336062
4,18385.547938718068
