reservoir,value
1,7803.659856279948
2,0.0
3,0.0
4,22958.7777696735
