reservoir,value
1,200717.6
2,5753.524710749451
3,36144.34509154329
4,541.7701690435777
