reservoir,value
1,74751.67504359993
2,3121.046844439348
3,11667.492496530693
4,10849.68585243846
