reservoir,value
1,18499.8578602422
2,32943.155331865804
3,2494.075071862175
4,2031.788018792187
