reservoir,value
1,82161.58120729949
2,3901.667776824305
3,53114.08410155181
4,12133.841442445864
