reservoir,value
1,122020.60383823745
2,0.0
3,51806.1
4,10053.659117072033
