reservoir,value
1,26702.24696925475
2,6896.386092806182
3,7022.681454730098
4,3162.5420410427264
