reservoir,value
1,3043.9414593515176
2,1734.9287201827574
3,3814.1414553797804
4,859.6351696229935
