reservoir,value
1,32099.283289112736
2,20348.520128499993
3,2795.940647621623
4,1668.716159350977
