reservoir,value
1,84483.26774166309
2,13897.304622150456
3,9429.104200005973
4,5987.549492348597
