reservoir,value
1,139316.67606484622
2,10500.654777640579
3,23596.34779685807
4,8539.519455364518
