reservoir,value
1,54109.219999999856
2,2669.20000000009
3,51806.1
4,0.0
