reservoir,value
1,25846.755376102396
2,9348.678042667563
3,9798.906843194069
4,5348.2549085960845
