reservoir,value
1,30885.65240887801
2,31576.20754427284
3,4290.2496793493965
4,5577.979239926826
