reservoir,value
1,109751.20653029748
2,19617.2
3,14060.97725952482
4,12744.9
