reservoir,value
1,35078.45857354553
2,8273.101257195072
3,6109.837728659115
4,5488.452176907807
