reservoir,value
1,108636.82062882694
2,9508.190441675997
3,11330.867952666795
4,0.0
