reservoir,value
1,5726.599645934564
2,7157.242737744193
3,4013.893937429564
4,7826.113058493262
