reservoir,value
1,118670.8253620688
2,0.0
3,38549.028152144754
4,0.0
