reservoir,value
1,22696.289573194637
2,18147.293249850147
3,4059.307480523183
4,3474.3431809891094
