reservoir,value
1,51722.47111881849
2,0.0
3,35546.35226388794
4,7050.917709217734
