reservoir,value
1,11159.282949411101
2,8383.966182290002
3,4558.905765510468
4,2472.139584309911
