reservoir,value
1,52441.859836737814
2,0.0
3,40738.48653012087
4,7148.827133054927
