reservoir,value
1,129721.21498611153
2,0.0
3,48180.00411781187
4,11304.654094094927
