reservoir,value
1,124760.4263861237
2,0.0
3,33273.98955521103
4,12744.9
