reservoir,value
1,67472.0641725529
2,2423.9794933976705
3,17806.448071601462
4,20074.10309458786
