reservoir,value
1,92116.25546887603
2,253.53949345825004
3,21497.658326591416
4,0.0
