reservoir,value
1,38897.8397131781
2,9917.610838834018
3,13399.542419669378
4,7482.634705319679
