reservoir,value
1,7766.743836994014
2,2270.764353202614
3,44641.91736299063
4,781.6347053196787
