reservoir,value
1,62267.391585222496
2,19617.2
3,3033.4358239705452
4,3218.213507281929
