reservoir,value
1,46106.46398975985
2,4444.547569860848
3,7385.427526952173
4,5219.699067364991
