reservoir,value
1,62662.81954013155
2,10896.062459240487
3,2828.689670525746
4,0.0
