reservoir,value
1,123372.76059482683
2,6554.269433869509
3,38649.9719060857
4,12744.9
