plant,value
1,36728.295040101155
2,13081.5
3,9900.900000000016
4,7629.900000000014
