reservoir,value
1,0.0
2,13998.046534035515
3,6348.795999999991
4,9141.53799999999
