reservoir,value
1,80319.70074600942
2,16265.794915116
3,45981.856000000036
4,10156.16700000001
