reservoir,value
1,21781.662807485605
2,9489.142852171644
3,2895.330407270657
4,3011.3521749892643
