reservoir,value
1,17065.599255204306
2,3019.025776878269
3,7748.926909834917
4,10663.701676101358
