reservoir,value
1,91505.72950400309
2,0.0
3,33799.86624336542
4,12744.9
