from,to,value
1,1,0.0
1,2,1577.184394056446
1,3,276.33036106286204
1,4,0.0
1,5,1247.7976692765967
2,1,2821.517517966346
2,2,0.0
2,3,0.0
2,4,0.0
2,5,0.0
3,1,182.21419671557027
3,2,0.0
3,3,0.0
3,4,0.0
3,5,620.805476973217
4,1,0.0
4,2,0.0
4,3,0.0
4,4,0.0
4,5,113.82894165276355
5,1,526.8868187281806
5,2,0.0
5,3,449.3891636114312
5,4,1006.1561055629687
5,5,0.0
