from,to,value
1,1,0.0
1,2,1957.9116389916942
1,3,307.7121994253889
1,4,0.0
1,5,1267.819824228182
2,1,2010.2008954234086
2,2,0.0
2,3,0.0
2,4,0.0
2,5,0.0
3,1,260.0
3,2,0.0
3,3,0.0
3,4,0.0
3,5,978.41306206041
4,1,0.0
4,2,0.0
4,3,0.0
4,4,0.0
4,5,1.1404089483708981
5,1,652.7654447447699
5,2,0.0
5,3,404.76378831175606
5,4,1189.8440621804489
5,5,0.0
