reservoir,value
1,60356.915752404464
2,10446.466891151336
3,16108.674971272918
4,14788.741892646707
