reservoir,value
1,59374.42545088224
2,8878.12951272323
3,14767.30083660123
4,10724.852816383629
