reservoir,value
1,579.0387227858552
2,1132.4579678146592
3,771.3785484638917
4,7274.382397955304
