reservoir,value
1,0.0
2,829.9878081972222
3,299.587490104142
4,578.9400879963606
