reservoir,value
1,98382.48723728964
2,8087.935711779495
3,20777.761413122713
4,3875.023859064591
