reservoir,value
1,83822.17765224767
2,7222.297588931538
3,14168.629547710556
4,3496.5748019862026
