reservoir,value
1,94149.43221649562
2,9280.178531900463
3,14494.632726330785
4,3663.5840321692667
