reservoir,value
1,16833.003313449175
2,4606.564296156583
3,5976.423014880503
4,4365.348284655209
