reservoir,value
1,49723.68053477074
2,5016.183723174889
3,13145.94786871811
4,13241.795318653123
