reservoir,value
1,29365.94190991474
2,0.0
3,3528.547868718111
4,5611.8953186531235
