reservoir,value
1,43785.49035403128
2,5151.318770018395
3,5763.195050655677
4,14456.712157190042
