reservoir,value
1,143526.44379232317
2,345.4289463680798
3,18506.26870501949
4,12744.9
