reservoir,value
1,34825.62559977658
2,8684.482883511348
3,5338.460777745094
4,13439.24048892194
