reservoir,value
1,138861.86221711035
2,3379.4805824509804
3,28403.973313946943
4,12744.9
