reservoir,value
1,23145.80406546644
2,6578.499735826988
3,2703.7472382236083
4,3053.244959721664
