reservoir,value
1,20200.55034183013
2,10502.300274396444
3,0.0
4,4312.088974142886
