reservoir,value
1,11493.01075634857
2,5080.521743356317
3,2593.2528987620567
4,2287.2138441076654
