reservoir,value
1,53486.26797319643
2,1027.773929511026
3,20985.044045475544
4,7600.159931401447
