reservoir,value
1,35470.72669866558
2,9836.044123374566
3,8531.20846446149
4,4880.776462466526
