reservoir,value
1,146712.41430509067
2,11511.355639666961
3,7178.107182957392
4,12437.945876829528
