reservoir,value
1,9251.397926891188
2,5255.959618446845
3,2860.060904133714
4,1489.400993727767
