reservoir,value
1,29496.73977455351
2,2723.0075017088357
3,13045.890455376162
4,14972.118901268534
