reservoir,value
1,48344.988780212465
2,0.0
3,38691.342719264096
4,12744.9
