reservoir,value
1,21790.224176296233
2,11123.370529468048
3,3595.0526521478632
4,1868.7511195552497
