reservoir,value
1,21677.00337899917
2,9013.012715067676
3,5110.719912901308
4,4328.585208715163
