reservoir,value
1,79162.08901060729
2,0.0
3,45115.61712202847
4,12744.9
