reservoir,value
1,45411.32541787063
2,10115.801278388255
3,7243.092610112745
4,10679.375992198815
