reservoir,value
1,200717.6
2,8781.596618424926
3,38044.92005293577
4,12744.9
