reservoir,value
1,63700.538851313424
2,13175.739461925012
3,10626.956339963139
4,13376.034255661496
