reservoir,value
1,101368.86003657868
2,94.23946192501171
3,19235.40726626767
4,7934.531530272354
