reservoir,value
1,49611.02183943683
2,7158.662165865352
3,10116.663305746037
4,13951.674238231635
