reservoir,value
1,19315.616790628163
2,17770.762913601953
3,2233.9849904073426
4,2425.8959592269657
