reservoir,value
1,42469.04627636072
2,16174.37053857281
3,996.40184977674
4,8024.844014421184
