reservoir,value
1,21356.75361700588
2,8331.834301215373
3,4337.511913871737
4,2371.805373288986
