reservoir,value
1,38880.670411109095
2,0.0
3,8220.4121182558
4,4557.713994403099
