reservoir,value
1,123869.03154334208
2,4350.709336434837
3,22254.9869251605
4,10002.000244103105
