reservoir,value
1,39434.66006926446
2,5396.66532461479
3,6169.271852390818
4,10314.236810892628
