from,to,value
1,1,0.0
1,2,0.0
1,3,248.60775040031007
1,4,0.0
1,5,1189.900000000008
2,1,2443.853106547853
2,2,0.0
2,3,0.0
2,4,0.0
2,5,0.0
3,1,0.0
3,2,0.0
3,3,0.0
3,4,0.0
3,5,0.0
4,1,0.0
4,2,0.0
4,3,0.0
4,4,0.0
4,5,0.0
5,1,0.0
5,2,0.0
5,3,0.0
5,4,1189.9000000000397
5,5,0.0
