reservoir,value
1,105901.56436390881
2,0.0
3,5421.947162307843
4,7577.595915832566
