reservoir,value
1,42018.32869542949
2,24374.02591772162
3,4531.924702593854
4,2455.5414819390085
