reservoir,value
1,150576.3940845995
2,19617.2
3,12845.021706494941
4,1388.1344837001582
