reservoir,value
1,22178.80627057556
2,2970.7028509815514
3,4283.708948999095
4,11983.633412051951
