reservoir,value
1,42895.28394346016
2,0.0
3,32752.558364605546
4,12744.9
