reservoir,value
1,34685.09230490174
2,2084.4949008237813
3,12892.843294127879
4,9770.345029549182
