reservoir,value
1,21766.17359838084
2,7587.766378131394
3,4173.56195554863
4,1864.0665872200368
