reservoir,value
1,58896.02442713496
2,12757.083180113597
3,12270.492088565019
4,6444.007736362268
