reservoir,value
1,136686.40673823876
2,14383.104089885566
3,24149.0447287799
4,4448.020724004916
