reservoir,value
1,73018.56652921127
2,19617.2
3,2418.58269761032
4,3715.6202274711404
