reservoir,value
1,68038.36155311092
2,0.0
3,45095.931219005186
4,7511.891875262354
