reservoir,value
1,21962.166187743787
2,5060.23142917035
3,5294.767510125887
4,3537.6834734527624
