reservoir,value
1,669.5154012899584
2,1894.1610560938416
3,0.0
4,0.0
