reservoir,value
1,21012.57741862029
2,12848.492602855582
3,2767.2257976556175
4,1919.2016463241316
