reservoir,value
1,122864.37053259305
2,429.7670508316751
3,5733.004052667948
4,7511.991376891285
