reservoir,value
1,21139.341759193492
2,13643.91589143432
3,5527.267967950495
4,4401.191965833132
