reservoir,value
1,97531.517892998
2,8238.552683464473
3,27194.574672351737
4,11101.62719259598
