reservoir,value
1,92630.47677397115
2,2026.7072916219734
3,40985.87054251902
4,12744.9
