reservoir,value
1,18642.46681621656
2,21931.301682229874
3,4862.192628014737
4,2226.882212811693
