reservoir,value
1,78417.39235005404
2,12527.58154063235
3,26621.999854569054
4,3204.4581357225766
