reservoir,value
1,45463.253618317896
2,14163.983842827583
3,17954.652859163463
4,12517.410337619984
