reservoir,value
1,25422.100328683184
2,25045.864220023563
3,3776.2980387013013
4,3572.213996720646
