reservoir,value
1,102572.18695987487
2,19617.2
3,25159.439728822897
4,12075.408649144916
