reservoir,value
1,26612.433280401303
2,5669.090678500368
3,2873.687291170083
4,2110.038400171529
