reservoir,value
1,38367.209982850065
2,4264.744439532054
3,8197.62632924648
4,6405.967353100151
