reservoir,value
1,72095.87007859978
2,10841.802017688715
3,1479.5410974004662
4,0.0
