reservoir,value
1,163678.60125897537
2,0.0
3,21676.99879743426
4,9152.634788764983
