reservoir,value
1,19425.13066449547
2,4685.139514476614
3,2976.5823238155112
4,2744.1061394194535
