reservoir,value
1,3064.4819745080376
2,0.0
3,3105.754569605958
4,4988.631842998491
