reservoir,value
1,56746.3422499883
2,9122.40696788309
3,6118.025572767887
4,13190.015483366149
