reservoir,value
1,74041.67862735804
2,0.0
3,179.62628345494068
4,7151.437268319303
