reservoir,value
1,32551.495046323285
2,19274.938599169935
3,5338.223236625843
4,4265.112315406557
