reservoir,value
1,123654.36398510811
2,15352.295208651847
3,25729.79015462704
4,12744.9
