reservoir,value
1,51202.37437858721
2,6510.693566618607
3,7223.834615926119
4,17224.451540204405
