reservoir,value
1,47839.15256725704
2,4918.302812972792
3,15708.069237108759
4,21809.711168363483
