reservoir,value
1,155117.30681608364
2,0.0
3,35801.46824923876
4,12744.9
