reservoir,value
1,24642.71539889607
2,16028.828934858011
3,11458.989880849356
4,2929.301871475112
