reservoir,value
1,66505.91247715923
2,4829.327171586176
3,9948.804178724102
4,2649.024956500005
