reservoir,value
1,28803.84006911077
2,3648.5091244636224
3,4226.943424750756
4,5470.27289963384
