reservoir,value
1,31145.462123415273
2,0.0
3,4350.036110926776
4,0.0
