reservoir,value
1,34430.06003949471
2,6953.462271893448
3,10034.935861154469
4,7524.459211845681
