reservoir,value
1,146777.1981302215
2,0.0
3,51806.1
4,12639.459211845684
