reservoir,value
1,12635.559436823136
2,5782.448033833383
3,2906.5224074760486
4,1908.9618694165144
