reservoir,value
1,48411.02543984668
2,7707.582120765046
3,15996.600252136524
4,6921.323078224199
