reservoir,value
1,16803.732132976565
2,14818.039056740325
3,2614.4893403863707
4,1397.3094776074556
