reservoir,value
1,11081.677502586004
2,6123.919163236307
3,5023.1956113463475
4,1761.157429637903
