reservoir,value
1,38048.84348036376
2,0.0
3,35235.76903845409
4,1304.959354342376
