reservoir,value
1,33412.40242524896
2,3179.4730373806738
3,6592.487703031746
4,8877.901060621849
