reservoir,value
1,122457.28879762572
2,0.0
3,33822.842270320696
4,12744.9
