reservoir,value
1,29226.1275265013
2,5853.268498870686
3,12312.225343723454
4,6883.5483796421695
