reservoir,value
1,17933.83513494277
2,9094.872492434262
3,3850.5951115954385
4,5203.2342008008645
