reservoir,value
1,66893.40775022656
2,0.0
3,28038.04262327958
4,12744.9
