reservoir,value
1,17789.614323692585
2,19085.189021066333
3,3900.8990380671094
4,0.0
