reservoir,value
1,14057.299759811369
2,4620.7894672529765
3,2772.7679092575754
4,3350.2782293289515
