reservoir,value
1,22248.124049798098
2,0.0
3,3743.70717366371
4,6460.585086633619
