reservoir,value
1,147119.54958940117
2,0.0
3,24473.724838266597
4,11239.45577683744
