reservoir,value
1,23517.19346124112
2,2151.513977712049
3,6961.262056664827
4,8988.904299377853
