reservoir,value
1,155378.16916284445
2,0.0
3,22862.329409603535
4,12744.9
