reservoir,value
1,93432.44866805649
2,11335.911048717362
3,31661.25543697326
4,12744.9
