reservoir,value
1,15917.507839064143
2,5147.371845683032
3,3974.9185073904646
4,2731.537309922327
