reservoir,value
1,55205.51123619385
2,3311.6520840711933
3,11583.639552169174
4,15573.826700231259
