reservoir,value
1,112557.40490446564
2,5723.776169658178
3,35232.12958031784
4,12744.9
