reservoir,value
1,28672.622950231867
2,15068.209826508448
3,3045.796265408029
4,2290.871780168393
