reservoir,value
1,119129.93205169086
2,4318.603382216146
3,7567.644499845558
4,10648.51290597364
