reservoir,value
1,2749.176962318176
2,0.0
3,16957.031003259013
4,1542.4768804682426
