reservoir,value
1,45365.0986048451
2,13613.44148721769
3,6931.047398011675
4,10923.287175258989
