reservoir,value
1,78153.12763643703
2,8591.906065593805
3,4829.0751189812745
4,4934.9698307858625
