reservoir,value
1,0.0
2,0.0
3,11305.199999999997
4,9521.300000000001
