reservoir,value
1,19588.701465529273
2,7981.200000000001
3,51806.1
4,12744.9
