reservoir,value
1,119621.46776231978
2,3253.480830989233
3,41188.2363263935
4,12744.9
