reservoir,value
1,26748.248883462504
2,13965.37589873928
3,5550.3616495492815
4,2373.9076895844637
