reservoir,value
1,65494.26500026742
2,9082.195101581832
3,424.5986393631095
4,2749.0477985027483
