reservoir,value
1,21688.962664017483
2,10347.901748273205
3,4817.786846245155
4,2941.258322119695
