reservoir,value
1,20785.725955868293
2,3877.48359890739
3,4870.776291583228
4,4277.267430666438
