reservoir,value
1,164692.78826791723
2,0.0
3,30368.993033816267
4,8312.612505067666
