reservoir,value
1,132034.01125116023
2,13094.873907188623
3,2987.717394639653
4,9427.519193051368
