reservoir,value
1,143083.66737403302
2,19617.2
3,3718.835788206999
4,1668.7435967193232
