reservoir,value
1,0.0
2,61975.23999999207
3,15102.1
4,28462.299999999996
