reservoir,value
1,71609.9165713159
2,0.0
3,40728.15771762631
4,12744.9
