reservoir,value
1,94410.99718679966
2,7966.852139970776
3,4224.920032244571
4,819.282911067533
