reservoir,value
1,38493.516154132536
2,15971.579657492506
3,3621.522774569778
4,11516.596149005622
