reservoir,value
1,45805.56028060768
2,5728.4910144731675
3,7238.220647957427
4,4461.8244884341875
