reservoir,value
1,11620.849541857613
2,2642.2631338543433
3,3394.8948947787635
4,1925.0275598624858
