reservoir,value
1,131393.43412905617
2,0.0
3,38224.285142651366
4,6884.514096404131
