reservoir,value
1,61698.49537684
2,4749.304997939999
3,13758.48796904
4,16953.041434400002
