reservoir,value
1,102975.6561615786
2,0.0
3,48912.65360243002
4,10620.872213052944
