reservoir,value
1,63049.3827123731
2,3347.568869427807
3,11800.168071498827
4,13491.811471433657
