reservoir,value
1,131267.09683381987
2,5762.754924061714
3,44646.90337320853
4,12744.9
