reservoir,value
1,19314.64600795657
2,20462.877646232308
3,3052.1584116009217
4,4519.654099558333
