reservoir,value
1,62475.0123921908
2,7753.131854578905
3,13374.243070994684
4,12008.58627803967
