reservoir,value
1,17060.712392190802
2,0.0
3,3473.3430709946842
4,3009.539002404292
