reservoir,value
1,27907.45631278763
2,17245.404502324694
3,6263.474649996004
4,3281.1049932201367
