reservoir,value
1,41438.84707175131
2,2242.727895735406
3,15676.62394758494
4,15281.070255243585
