reservoir,value
1,88911.09678507104
2,0.0
3,20620.103363611586
4,10907.668457955137
