reservoir,value
1,26555.66191108663
2,4534.457317811288
3,11474.84134370513
4,3063.2043393415843
