reservoir,value
1,32941.06864280606
2,3569.889943057464
3,36227.545966206075
4,0.0
