reservoir,value
1,43429.706012044764
2,9468.61328991977
3,9653.706167907565
4,18980.22756027853
