reservoir,value
1,85959.1723218133
2,2135.6945834016233
3,17344.393739388506
4,14403.51532260839
