reservoir,value
1,24677.497930996535
2,6108.87904622476
3,5041.2656216888445
4,4958.374141416924
