reservoir,value
1,98884.66569331632
2,2399.65360363945
3,36328.60194807686
4,12138.810414991132
