reservoir,value
1,19881.453723512794
2,7235.446568332234
3,2369.8760243382194
4,2899.3757827157033
