reservoir,value
1,65499.52364918524
2,485.4214709044727
3,11935.478758840933
4,9147.635184626866
