reservoir,value
1,25310.23510399165
2,9527.708687825305
3,4062.391372184128
4,2058.338044212088
