reservoir,value
1,18481.07002258815
2,0.0
3,2541.783335014603
4,8058.095723981467
