reservoir,value
1,29388.5617516027
2,3252.2879237965917
3,7726.380152985759
4,10864.54842826545
