reservoir,value
1,29073.496997537408
2,7417.351539723943
3,5591.162606649405
4,1959.036510936178
