reservoir,value
1,100281.48105234808
2,0.0
3,28783.47883486469
4,2224.7501698897477
