reservoir,value
1,24065.676514815903
2,5954.049862282331
3,6117.383177585863
4,6872.059127565027
