reservoir,value
1,56721.35013987517
2,0.0
3,12426.958809999844
4,12744.9
