reservoir,value
1,43650.82197496123
2,12787.323463723715
3,7309.651762122535
4,5665.122147325421
