reservoir,value
1,79305.4673643539
2,15807.21829194168
3,0.0
4,0.0
