reservoir,value
1,33590.721891980706
2,2907.879348356924
3,9706.333187600509
4,15459.27280430535
