reservoir,value
1,102253.16785036252
2,0.0
3,43103.57524982905
4,12744.9
