reservoir,value
1,114878.7363401
2,0.0
3,12229.519315190002
4,12744.9
