reservoir,value
1,131515.1501851899
2,24.332459303846186
3,27740.909057250006
4,11495.108683500468
