reservoir,value
1,17876.29740970131
2,9563.829580428439
3,3960.254745570635
4,10586.059631317554
