reservoir,value
1,113141.00005631239
2,12225.894447471263
3,21874.721783642162
4,12744.9
