reservoir,value
1,33910.571260784025
2,4894.2970142272225
3,10409.633915401046
4,6257.44757108995
