reservoir,value
1,0.0
2,7474.95832414156
3,508.73391540104603
4,0.0
