reservoir,value
1,112000.66875280658
2,4711.103511880048
3,20256.52524811711
4,7911.783010036859
