reservoir,value
1,51084.98175255574
2,11983.151325986437
3,5798.875257643177
4,13482.421166076629
