reservoir,value
1,32803.568103894
2,3359.6325430574716
3,6461.4965637217865
4,11878.275977543311
