reservoir,value
1,65485.97613246001
2,5212.58664044
3,24366.400790850003
4,16781.093056719998
