reservoir,value
1,169370.0434729
2,0.0
3,48314.05729085
4,0.0
