reservoir,value
1,19689.587387823893
2,8317.380646214693
3,3450.1768842100987
4,2840.673886340299
