reservoir,value
1,134426.2795991972
2,0.0
3,26915.241744636023
4,3116.0673791845365
