reservoir,value
1,39102.951195762056
2,11431.559019416341
3,9182.941638208538
4,3690.8745914076467
