reservoir,value
1,130901.35795652412
2,19617.2
3,37485.125392543654
4,268.1097478983352
