reservoir,value
1,23798.716284071288
2,21787.22085989219
3,3331.130693536761
4,7719.093577055573
