reservoir,value
1,0.0
2,3511.200365900804
3,0.0
4,89.19357705557377
