reservoir,value
1,109091.04425384814
2,19617.2
3,11630.358143135807
4,12744.9
