reservoir,value
1,48301.4239783307
2,12294.965340428053
3,26383.28607736941
4,22402.098927808707
