reservoir,value
1,29663.16289506558
2,6334.863563378083
3,7336.798541035037
4,2636.238727550927
