reservoir,value
1,74616.98070587184
2,4531.527086312402
3,15609.39068084702
4,15786.738467063333
