reservoir,value
1,174419.817949837
2,12856.665058309673
3,18446.720838740694
4,12744.9
