reservoir,value
1,67704.15056574001
2,8355.28280646
3,7766.76836899
4,12214.2701326
