reservoir,value
1,47659.11472567105
2,1228.054656344218
3,16236.890591069327
4,21973.590269469067
