reservoir,value
1,48620.49057970523
2,16651.84730094171
3,7220.887903123699
4,6149.197682316038
