reservoir,value
1,121419.5000940339
2,19617.2
3,29351.272488719274
4,0.0
