reservoir,value
1,32564.614698052043
2,20179.08898046412
3,15612.236973065625
4,7238.832799256279
