reservoir,value
1,188953.60364513315
2,0.0
3,50299.29302907221
4,12744.9
