reservoir,value
1,22627.352786540858
2,5128.537789385562
3,4568.662621353726
4,4471.811218341446
