reservoir,value
1,91488.71313639393
2,0.0
3,23256.77763245711
4,12744.9
