reservoir,value
1,30272.378074982378
2,5579.820486393726
3,8221.905244274025
4,4755.510993298409
