reservoir,value
1,22138.09032046992
2,25092.36648853294
3,3334.7441306512355
4,2146.4014797302425
