reservoir,value
1,57868.531812668254
2,19617.2
3,24852.21322721725
4,1662.1555937770709
