reservoir,value
1,95971.60947908493
2,0.0
3,23042.750192272215
4,12744.9
