reservoir,value
1,191298.5757312235
2,6949.763641786589
3,18803.72624234765
4,9046.773774594927
