from,to,value
1,1,0.0
1,2,0.0
1,3,600.0
1,4,0.0
1,5,454.26275494274626
2,1,3071.351755230765
2,2,0.0
2,3,0.0
2,4,0.0
2,5,0.0
3,1,0.0
3,2,0.0
3,3,0.0
3,4,0.0
3,5,0.0
4,1,0.0
4,2,0.0
4,3,0.0
4,4,0.0
4,5,375.4140955597859
5,1,0.0
5,2,0.0
5,3,829.6768505032616
5,4,0.0
5,5,0.0
