reservoir,value
1,13831.062653651243
2,14146.083876630964
3,6810.485195223708
4,2141.9468035781624
