reservoir,value
1,200717.6
2,18142.263318881607
3,44526.94320065073
4,12744.9
