reservoir,value
1,19991.86529613889
2,3334.665771775407
3,3467.3263075208483
4,2393.24829996763
