reservoir,value
1,43097.06834061482
2,9880.851730533792
3,8048.925705410747
4,7989.637924077021
