reservoir,value
1,66695.36818589873
2,0.0
3,3258.4233248861456
4,902.1247118848847
