reservoir,value
1,119707.40600000002
2,3210.2196999999996
3,21988.9003
4,12744.9
