reservoir,value
1,27245.490690152663
2,5544.161289918304
3,11927.973909140195
4,18632.306493268137
