reservoir,value
1,112463.446195521
2,0.0
3,32495.114625660193
4,11002.406493268194
