reservoir,value
1,54410.22283257134
2,4753.132591889248
3,12163.827493691399
4,7001.150787663728
