reservoir,value
1,79998.23272370842
2,845.486418930388
3,11836.68570229838
4,474.7074169148764
