reservoir,value
1,77741.34114024419
2,3349.706203685734
3,11591.607765615252
4,9434.617329873603
