reservoir,value
1,25138.022674437896
2,7102.773558763054
3,6979.877885038548
4,5601.732948534793
