reservoir,value
1,15456.057809492539
2,5430.822198476606
3,3625.267999051634
4,1356.0505176964853
