reservoir,value
1,23185.660490712187
2,0.0
3,3390.3848987442548
4,1677.7904662477065
