reservoir,value
1,56687.512243154
2,6441.133285874124
3,13843.334816874158
4,5215.651430850629
