reservoir,value
1,38000.17992448697
2,1159.6680207420995
3,35096.20285471646
4,3658.1378609116364
