reservoir,value
1,94472.01597022574
2,0.0
3,18097.244336102503
4,12744.9
