reservoir,value
1,22037.05232783388
2,13850.865781813749
3,5295.200801715352
4,2462.1985504327326
