reservoir,value
1,17597.47647797496
2,20455.76171689952
3,2360.3463134840376
4,1250.6916712390482
