reservoir,value
1,18713.127320223128
2,9818.74761602052
3,2693.342448728584
4,2445.605767478202
