reservoir,value
1,17039.143045127814
2,3845.114486033345
3,4505.725511030781
4,2274.6926381621124
