reservoir,value
1,10381.939194359282
2,6320.487838590587
3,2760.4574780012886
4,1676.0501355991096
