reservoir,value
1,23104.270044853383
2,0.0
3,7478.913018232657
4,6688.361696218308
