reservoir,value
1,22135.506521992298
2,4459.430395349853
3,4514.307791115045
4,2804.036394558636
