reservoir,value
1,84437.37036719531
2,0.0
3,19611.6140086945
4,11974.936394558636
