reservoir,value
1,57020.172399999996
2,7626.8354
3,18170.0507
4,9787.207999999999
