reservoir,value
1,0.0
2,0.0
3,734.9490936821403
4,1200.8169638152394
