reservoir,value
1,154975.40106031037
2,9852.556411536872
3,51806.1
4,12744.9
