reservoir,value
1,25771.8293343772
2,18662.62374470964
3,11518.541524869644
4,10741.876479727545
