reservoir,value
1,46060.690304709446
2,5581.123744709639
3,34740.59270343728
4,12744.9
