reservoir,value
1,100978.66930000001
2,0.0
3,20357.4683
4,2587.82521514747
