reservoir,value
1,75603.56877955463
2,0.0
3,6555.5961479406305
4,5114.435882077686
