reservoir,value
1,27259.103711929623
2,13795.999160552561
3,6574.296629218184
4,2584.5391669047995
