reservoir,value
1,0.0
2,1468.6488242959153
3,0.0
4,1603.4550337729893
