reservoir,value
1,26280.18866268001
2,8172.28718644441
3,4917.963338208902
4,7619.412909903696
