reservoir,value
1,14143.403036663443
2,11405.048922116977
3,3469.416566997891
4,3441.4638125406887
