reservoir,value
1,23415.48032151234
2,12334.33192571652
3,2858.2057488073388
4,2527.9806426570285
