reservoir,value
1,23711.44306582967
2,6967.0197895617675
3,7458.172192272779
4,7174.471253642311
