reservoir,value
1,123380.29989122973
2,0.0
3,49974.766230567344
4,12744.9
