reservoir,value
1,81486.77875922807
2,135.94539978791363
3,16579.143165689
4,12744.9
