reservoir,value
1,18723.90558474629
2,9027.727863006165
3,2547.2303960128584
4,1667.1692047219863
