reservoir,value
1,11787.772604456353
2,4609.675547291421
3,2409.5301061908376
4,2310.272597644378
