reservoir,value
1,18690.171993919153
2,0.0
3,4358.810619008278
4,6152.383618690493
