reservoir,value
1,71280.38751068825
2,0.0
3,11767.983072577346
4,5797.780654971153
