reservoir,value
1,14290.02298328969
2,19525.327111383656
3,3509.463577698887
4,2339.8005998883636
