reservoir,value
1,32891.798505165345
2,6443.827111383656
3,6258.6188366381775
4,6216.928407981136
