reservoir,value
1,49986.909436872986
2,6832.966383367654
3,14987.851297487869
4,14432.417107785475
