reservoir,value
1,13165.631201299078
2,42353.37050271939
3,2212.5924680933012
4,1865.5959760647384
