reservoir,value
1,29286.421515420945
2,19617.2
3,8014.209138236918
4,6513.686984135313
