reservoir,value
1,45712.9498807367
2,4663.791256087048
3,17068.345912765908
4,12031.361529050044
