reservoir,value
1,15798.204530268624
2,15691.176337642606
3,2552.8311203640465
4,2208.0217775666247
