reservoir,value
1,12035.163847788643
2,19617.2
3,3161.911154405173
4,4209.305663945657
