reservoir,value
1,44948.17847978792
2,17372.364671023766
3,0.0
4,593.497249358512
