reservoir,value
1,122503.55916511251
2,11081.794837414405
3,5002.2816406219035
4,2178.568530983528
