reservoir,value
1,39933.42339984466
2,4711.492264937249
3,11098.516277423607
4,10330.586031832641
