reservoir,value
1,69350.01937320002
2,13961.93116979951
3,30889.887315624146
4,2700.6860318326417
