reservoir,value
1,16413.489468345437
2,7807.079535837475
3,3620.838589206231
4,3234.908934951008
