reservoir,value
1,70688.28771758173
2,0.0
3,38989.75147361062
4,12569.676693119558
