reservoir,value
1,101940.43003048067
2,0.0
3,3454.968033523128
4,10726.957563669972
