reservoir,value
1,51328.18608206151
2,5921.777856016504
3,17188.938020717123
4,25113.432553371007
