reservoir,value
1,148748.84162089226
2,8898.797129492516
3,29873.363997720393
4,12744.9
