reservoir,value
1,36209.264283519165
2,19467.62708313727
3,3132.237822646748
4,9343.925629669648
