reservoir,value
1,0.0
2,6386.127083137271
3,0.0
4,1132.8642530493635
