reservoir,value
1,99488.80069421901
2,19617.2
3,10167.56843074757
4,12744.9
