reservoir,value
1,55021.413199999995
2,9155.2993
3,13737.4655
4,12279.551599999999
