reservoir,value
1,112973.91250000111
2,0.0
3,20951.865500000004
4,383.04696378722537
