reservoir,value
1,62090.23999976863
2,8220.289103068371
3,1216.3904329832776
4,0.0
