reservoir,value
1,17287.345920803415
2,10779.004285349334
3,2208.8664551522556
4,3793.6019016674495
