reservoir,value
1,6602.1762040022
2,0.0
3,2604.891556564351
4,2624.2869883010685
