reservoir,value
1,61137.60855018923
2,5866.981888104487
3,19815.35826296916
4,26595.65855035667
