reservoir,value
1,27178.461355161973
2,14887.274752611658
3,4294.695412074564
4,4436.727023867445
