reservoir,value
1,116697.11251906161
2,6507.74529273012
3,31829.204519514875
4,12231.67858704072
