reservoir,value
1,14179.354834098709
2,13400.204120556551
3,4845.235322879421
4,2012.7759878717538
