reservoir,value
1,22546.342407010317
2,5954.520481467203
3,5214.146545563289
4,3313.2619382098164
