reservoir,value
1,95906.91354108803
2,0.0
3,23795.46639885128
4,12744.9
