reservoir,value
1,23547.913425638817
2,9666.449953931
3,4234.075345641669
4,4306.772496452596
