reservoir,value
1,171907.14213757776
2,18179.17444266064
3,22519.533565688645
4,12744.9
