reservoir,value
1,34317.745509660555
2,7311.3413772373615
3,10431.743452642208
4,4625.091921317636
