reservoir,value
1,115586.06357859622
2,19617.2
3,7170.0836283796
4,10477.24369957354
