reservoir,value
1,19436.788445757615
2,21093.76056606786
3,2542.4974131732397
4,3337.611740823825
