reservoir,value
1,16453.341039313178
2,3759.337092292594
3,2667.598127602057
4,2099.7534629877855
