reservoir,value
1,36722.37296958112
2,0.0
3,13215.822847759699
4,5112.884181267408
