reservoir,value
1,80360.26922242
2,4778.66178776
3,22862.2537412
4,20467.872316799996
