reservoir,value
1,18761.44932426311
2,17784.441988479783
3,3604.337864461163
4,5687.282977227882
