reservoir,value
1,119271.07213994043
2,19617.2
3,11325.50570122532
4,12744.9
