reservoir,value
1,80878.6783850881
2,2226.483924661157
3,41117.55534995664
4,27272.258289625242
