reservoir,value
1,0.0
2,0.0
3,2446.802945426134
4,32387.258289625242
