reservoir,value
1,98231.2370269929
2,1142.1806847480439
3,51806.1
4,0.0
