reservoir,value
1,0.0
2,19055.357929675338
3,1961.3672276395273
4,0.0
