reservoir,value
1,27148.92787622981
2,23146.291157413587
3,4372.0724153080555
4,4888.269702561226
