reservoir,value
1,94396.29080003934
2,14208.035023678207
3,19629.404155463337
4,12744.9
