reservoir,value
1,57694.601464499996
2,4826.26777124
3,26465.3758636
4,21711.90178252
