reservoir,value
1,124254.27553574007
2,0.0
3,42298.5598636
4,12744.9
