reservoir,value
1,20047.885050499342
2,15453.827742593792
3,5477.256297178139
4,2335.457963579753
