reservoir,value
1,32080.852954462276
2,14734.854695549138
3,4570.730901188782
4,6326.569780545213
