reservoir,value
1,171793.9713461945
2,19617.2
3,26560.375119055152
4,12744.9
