reservoir,value
1,26904.17677103794
2,12505.584392697036
3,3977.3936110964614
4,7891.501366560326
