reservoir,value
1,19783.824374966847
2,13206.090152086625
3,4735.731390124442
4,2441.855725132031
