reservoir,value
1,4754.599752543392
2,11368.475197124142
3,2111.0808154811566
4,1715.0390546281287
