reservoir,value
1,47710.14697216933
2,22950.878388127527
3,8802.877346226793
4,7746.767114756895
