reservoir,value
1,23142.539282767462
2,6961.759149081601
3,3311.5183199188864
4,2919.68637867069
