reservoir,value
1,49797.40785576278
2,0.0
3,4336.734822973607
4,1868.6612020468674
