reservoir,value
1,25046.795903926526
2,14614.44913620656
3,2697.828998122292
4,1611.5904646581005
