reservoir,value
1,17252.413087405683
2,11827.231495692664
3,3008.0456435279366
4,2471.7453135970622
