reservoir,value
1,26472.26166017107
2,17423.61384868175
3,4570.274068482615
4,2364.598809546152
