reservoir,value
1,37162.64711004435
2,6330.201065016328
3,25494.312074444246
4,790.7291843300713
