reservoir,value
1,91685.78163173486
2,12926.997929716079
3,13578.984005813487
4,11100.497469995049
