reservoir,value
1,114215.45310470866
2,19462.69792971608
3,8291.484005813487
4,3470.5974699950493
