from,to,value
1,1,0.0
1,2,0.0
1,3,600.0
1,4,0.0
1,5,0.0
2,1,3341.4311049454773
2,2,0.0
2,3,0.0
2,4,0.0
2,5,0.0
3,1,0.0
3,2,0.0
3,3,0.0
3,4,0.0
3,5,0.0
4,1,0.0
4,2,0.0
4,3,0.0
4,4,0.0
4,5,2474.396483422805
5,1,238.39648342280418
5,2,0.0
5,3,2236.0
5,4,0.0
5,5,0.0
