reservoir,value
1,17575.10956155679
2,4173.5688950541735
3,4050.4632545553723
4,3820.603516577231
