reservoir,value
1,73571.02634120634
2,0.0
3,13453.154736273345
4,12744.9
