reservoir,value
1,53648.20768276572
2,4866.1069885411325
3,7768.841232925328
4,14350.058253485218
