reservoir,value
1,131651.73288599937
2,0.0
3,17883.930134448558
4,11749.132046965657
