reservoir,value
1,28260.866860868304
2,21666.00121267678
3,5598.07524474057
4,2984.754229553864
