reservoir,value
1,124011.94308549953
2,19617.2
3,30729.419264376003
4,9502.086424068182
