region,depth,value
1,1,2301.75
1,2,557.8000000000001
1,3,445.7798671731195
1,4,343.55
2,1,2301.75
2,2,557.8000000000001
2,3,0.0
2,4,343.55
3,1,4603.5
3,2,1115.6000000000001
3,3,0.0
3,4,687.1
4,1,600.3578934116658
4,2,0.0
4,3,0.0
4,4,966.7459338708907
