reservoir,value
1,19296.372873328797
2,7852.069233259534
3,4341.24198360053
4,1962.0540658509933
