reservoir,value
1,40798.515969697924
2,6023.4860563235
3,10285.696775654575
4,12805.455442182865
