reservoir,value
1,23811.336291193667
2,32383.26971429953
3,3128.8159855514114
4,1899.005991376594
