reservoir,value
1,39028.20350746054
2,2434.968122510579
3,7548.792686177239
4,9302.929487706151
