reservoir,value
1,187835.54521846146
2,3730.0785286450337
3,25809.016113967144
4,12744.9
