reservoir,value
1,42144.63306209989
2,6165.229996387979
3,16563.37107961931
4,16571.262150859202
