reservoir,value
1,141756.22007011785
2,0.0
3,41166.39118729931
4,10793.641107802649
