reservoir,value
1,24430.37444332488
2,6998.220264233593
3,6247.914592577229
4,5909.616948404628
