reservoir,value
1,73338.73648492008
2,0.0
3,28105.57212307167
4,12744.9
