reservoir,value
1,83913.0425616466
2,6683.526142518982
3,42810.75313384336
4,8889.469539313344
