reservoir,value
1,20323.939448215315
2,8771.736612208466
3,3440.678803811816
4,2737.430489748638
