reservoir,value
1,58901.23800569869
2,7486.599471230473
3,3154.9415267939735
4,2680.5697635384354
