reservoir,value
1,135159.53984463445
2,11651.022048398489
3,20344.922638856355
4,25172.823446124974
