reservoir,value
1,28006.696819829333
2,532.2620483984714
3,4149.935183079661
4,31411.72344612498
