reservoir,value
1,18401.201750198732
2,5879.892357421091
3,5199.722980384931
4,3938.445931282579
