reservoir,value
1,45511.8401787758
2,0.0
3,9239.531790384777
4,12744.9
