from,to,value
1,1,0.0
1,2,1730.3517409345588
1,3,418.35000000000014
1,4,0.0
1,5,1420.205000000019
2,1,1653.4956521398499
2,2,0.0
2,3,0.0
2,4,0.0
2,5,0.0
3,1,290.0
3,2,0.0
3,3,0.0
3,4,0.0
3,5,1145.79
4,1,0.0
4,2,0.0
4,3,0.0
4,4,0.0
4,5,0.0
5,1,723.579000000001
5,2,0.0
5,3,496.0760000000266
5,4,1346.3399999999976
5,5,0.0
