from,to,value
1,1,0.0
1,2,1038.2834641873424
1,3,566.6451999999988
1,4,0.0
1,5,1795.6467735364972
2,1,2646.907337863754
2,2,0.0
2,3,0.0
2,4,0.0
2,5,0.0
3,1,0.0
3,2,0.0
3,3,0.0
3,4,0.0
3,5,0.0
4,1,0.0
4,2,0.0
4,3,0.0
4,4,0.0
4,5,0.0
5,1,0.0
5,2,0.0
5,3,591.6347735364919
5,4,1204.012000000011
5,5,0.0
