plant,value
1,35153.99637312072
2,5930.305645787784
3,9819.744600661339
4,7629.900000000014
