reservoir,value
1,58787.82161280143
2,8180.882378512765
3,15444.114683850477
4,14295.35987296611
