reservoir,value
1,111672.37090210832
2,2259.128110049477
3,26038.31127377071
4,9067.915515773895
