reservoir,value
1,114028.23422863564
2,1425.7014976763226
3,22530.75940460004
4,10004.864327937812
