reservoir,value
1,113338.12523968058
2,2281.9767327268714
3,22739.670083189147
4,10164.461609497346
