reservoir,value
1,46641.29706863148
2,16654.827323831632
3,4729.3640249617765
4,5788.767606100806
