reservoir,value
1,20113.945763458738
2,18997.543175284336
3,3224.2624341140704
4,1633.9724682722765
