reservoir,value
1,18073.456954155125
2,5916.043175284336
3,3193.686764515763
4,3382.038144370292
