plant,value
1,34962.877090517875
2,12742.5935299223
3,9885.080000000014
4,7559.697000000012
