reservoir,value
1,0.0
2,16686.489128301095
3,21420.608968669647
4,14639.478000000005
