from,to,value
1,1,0.0
1,2,0.0
1,3,0.0
1,4,0.0
1,5,0.0
2,1,2557.4641921286984
2,2,0.0
2,3,0.0
2,4,0.0
2,5,0.0
3,1,362.4758078713039
3,2,0.0
3,3,0.0
3,4,0.0
3,5,78.12419212869645
4,1,0.0
4,2,0.0
4,3,0.0
4,4,0.0
4,5,0.0
5,1,0.0
5,2,0.0
5,3,0.0
5,4,78.12419212869645
5,5,0.0
