reservoir,value
1,39038.48556665621
2,3100.953393415442
3,15728.674601892508
4,6104.803452365496
