reservoir,value
1,23526.569263363443
2,13089.660351059603
3,3982.1699359276754
4,2291.895945377686
