reservoir,value
1,127890.32997329213
2,3825.8265366286787
3,16682.092280595563
4,7825.681420027935
