reservoir,value
1,26561.548809497675
2,7990.172344033512
3,9484.6463704868
4,9594.167661831358
