reservoir,value
1,16924.622091119716
2,8923.986819913505
3,2827.083283827273
4,2123.0402935759166
