reservoir,value
1,57132.268257411604
2,0.0
3,8774.747300917825
4,8242.289699290252
