reservoir,value
1,22962.84657122492
2,4558.120616754792
3,3895.752770633557
4,4995.463082946216
