reservoir,value
1,20857.499347000317
2,11854.314207262638
3,4325.125995016284
4,11350.537734978625
