reservoir,value
1,27636.446784205014
2,29479.497866250334
3,3590.3484402480944
4,1782.779608354797
