reservoir,value
1,178064.80799718667
2,19617.2
3,6768.008600090574
4,10190.400576312746
