reservoir,value
1,39463.71315756219
2,13437.749811472231
3,5561.547689016103
4,5385.285900935911
