reservoir,value
1,73830.00559819165
2,0.0
3,0.0
4,10764.765391821034
