reservoir,value
1,75799.92118526527
2,0.0
3,12959.750926304532
4,5995.313648675648
