reservoir,value
1,35820.631517791
2,6086.942857146299
3,5279.883714933393
4,9887.700794727814
