reservoir,value
1,78452.44622432333
2,18293.780132575775
3,10073.20717366847
4,6510.30494778575
