reservoir,value
1,103497.30924392623
2,19617.2
3,172.30717366847057
4,0.0
