reservoir,value
1,137791.32851801006
2,0.0
3,18119.940749111287
4,11106.537303026089
