reservoir,value
1,107298.24012249643
2,13546.72796197074
3,23230.197133561105
4,5874.785616832782
