reservoir,value
1,20085.201457605068
2,10545.180070416729
3,2249.916057784414
4,2249.531012205406
