reservoir,value
1,16786.610714377253
2,20430.69160244979
3,3718.119144739609
4,1669.1124843488242
