reservoir,value
1,16912.178118421456
2,19617.2
3,4317.48583569143
4,2627.647515205795
