reservoir,value
1,50578.43183577949
2,17495.64927099287
3,261.80907517825926
4,97.7657198765437
