reservoir,value
1,34731.268362264134
2,14363.957568777161
3,5919.154805151451
4,9258.86473446559
