reservoir,value
1,185401.74143066187
2,8554.03404943429
3,47824.35480515145
4,12744.9
