reservoir,value
1,55846.82529894
2,8056.5253427200005
3,10035.98576438
4,16132.021730920002
