reservoir,value
1,130770.43694165975
2,0.0
3,19805.201964380005
4,12744.9
