reservoir,value
1,82078.60678855458
2,1247.5328099207757
3,45683.80881252866
4,12151.032063039405
