reservoir,value
1,32807.384805864465
2,6357.494344735325
3,6346.210494323043
4,5003.415102382175
