reservoir,value
1,22143.326499806786
2,9954.453147724298
3,3535.622811319486
4,2967.714685841768
