reservoir,value
1,25927.829357786846
2,5634.1907589901475
3,5916.192258876748
4,5689.01898419735
