reservoir,value
1,112211.11503999213
2,0.0
3,23106.043507314287
4,12744.9
