reservoir,value
1,28455.71878128326
2,11613.964200163546
3,5268.694163463829
4,3679.863242697927
