reservoir,value
1,38693.98647405424
2,6049.384602075189
3,7238.022371988349
4,14526.794740846268
