reservoir,value
1,121638.62390000017
2,0.0
3,16038.184900000004
4,5081.703938831891
