reservoir,value
1,21191.34378179656
2,4270.2584137200165
3,3157.000091529975
4,4267.30773987592
