reservoir,value
1,113774.23462253608
2,797.9245562733103
3,8470.441299897226
4,2686.069116614668
