reservoir,value
1,3382.098091041902
2,0.0
3,24357.01571629051
4,4689.76856566381
