reservoir,value
1,200717.6
2,5389.304934239
3,42962.58474115342
4,12744.9
