reservoir,value
1,27079.471755002745
2,56977.597388857066
3,3834.867565568988
4,7250.411536550057
