reservoir,value
1,68621.31193858356
2,19617.2
3,17174.865167280164
4,12744.9
