reservoir,value
1,21165.557719616416
2,7570.867266228373
3,2912.837403162536
4,1886.0069945391913
