reservoir,value
1,58497.5555177455
2,14106.567266228374
3,6456.804537865733
4,7625.606516606687
