reservoir,value
1,29799.545710128834
2,7939.70419439721
3,7978.210326579504
4,5346.558666818404
