reservoir,value
1,25730.82411236134
2,4764.808195509876
3,1046.2430549733226
4,219.26117386601436
