reservoir,value
1,83065.96913175491
2,1726.3094946373167
3,26069.668633580484
4,12744.9
