plant,value
1,39492.2333573975
2,13049.486642602496
3,9900.9
4,6669.000000000004
