reservoir,value
1,141298.79993290242
2,0.0
3,10596.347082889126
4,12744.9
