reservoir,value
1,198666.6480386647
2,19617.2
3,33208.94869569016
4,12744.9
