reservoir,value
1,53103.098618050026
2,4505.638409580939
3,9491.103582332518
4,14980.676145108711
