reservoir,value
1,95396.07861731952
2,0.0
3,2596.7899436355538
4,12068.373729195866
