reservoir,value
1,20262.642599428862
2,15472.04200446203
3,3343.1222877720893
4,2975.193688159171
