reservoir,value
1,18980.398170110424
2,57665.30372328343
3,3870.628281002879
4,3767.887328816475
