reservoir,value
1,136272.22391636664
2,19617.2
3,0.0
4,9559.261431539486
