reservoir,value
1,23555.94502348475
2,9618.96491700236
3,14662.538730570472
4,12514.191665642482
