reservoir,value
1,136680.5536184815
2,2516.706159905363
3,51806.1
4,11812.889908224239
