reservoir,value
1,17980.226497369807
2,6390.963274628348
3,4001.6617255004467
4,2325.933911877192
