reservoir,value
1,88207.75263539793
2,0.0
3,14933.724410724888
4,6509.694547934128
