reservoir,value
1,55270.80436697624
2,6138.953315908111
3,15035.426670129611
4,10763.819699746382
