reservoir,value
1,80183.35431317064
2,3765.4629219700587
3,444.93463980108027
4,0.0
