reservoir,value
1,97855.33891058028
2,16615.282731497096
3,13590.875334768145
4,12744.9
