reservoir,value
1,28384.821600991178
2,3083.4518586300783
3,11179.579435548703
4,13201.94542496425
