reservoir,value
1,97591.4913675925
2,0.0
3,31647.69608446915
4,12744.9
