reservoir,value
1,30485.307756061324
2,3901.6204511148835
3,7041.235045954729
4,4267.188789262601
