reservoir,value
1,56598.4282417138
2,0.0
3,4164.210325068811
4,0.0
