reservoir,value
1,26063.971214360667
2,6777.961527085481
3,3631.2024171496705
4,2989.958571251898
