reservoir,value
1,153491.28946545196
2,19617.2
3,28807.786329756793
4,11992.039151330777
