reservoir,value
1,15502.656108861142
2,12100.56010648775
3,3312.7278319590214
4,3098.823584516336
