reservoir,value
1,36645.95201095118
2,7509.97692010331
3,4629.618285053475
4,3958.3516708737134
