reservoir,value
1,191949.25201095117
2,11147.011403477018
3,21243.646114236544
4,9974.388272780076
