reservoir,value
1,82624.66448427727
2,2397.4579796754197
3,29684.192143337757
4,0.0
