reservoir,value
1,85158.81992198544
2,0.0
3,37192.973741171416
4,9292.890088199978
