reservoir,value
1,107683.56999999439
2,0.0
3,19327.283700000004
4,10750.433100000002
