from,to,value
1,1,0.0
1,2,1102.7174244432554
1,3,90.3273401954466
1,4,0.0
1,5,1592.3265339528816
2,1,0.0
2,2,0.0
2,3,0.0
2,4,0.0
2,5,0.0
3,1,0.0
3,2,0.0
3,3,0.0
3,4,0.0
3,5,0.0
4,1,0.0
4,2,0.0
4,3,0.0
4,4,0.0
4,5,0.0
5,1,0.0
5,2,0.0
5,3,0.0
5,4,1592.3265339528816
5,5,0.0
