reservoir,value
1,24512.939151002534
2,4016.761051325433
3,6360.627340195447
4,6810.9567871343115
