reservoir,value
1,58860.933785202855
2,10584.467916296137
3,8507.785990796081
4,3797.8089230543947
