reservoir,value
1,69258.6537007246
2,17372.78970013763
3,173.78752531804457
4,0.0
