reservoir,value
1,28326.277076435617
2,9587.511433148387
3,4901.720928118225
4,5904.711289851412
