reservoir,value
1,137527.53096598713
2,1789.144652095904
3,25237.35445926093
4,12744.9
