reservoir,value
1,14045.219745480495
2,8272.004759647381
3,3755.811887945089
4,1754.7399735837155
