reservoir,value
1,59539.07784093688
2,0.0
3,5522.404384475782
4,6682.894378252311
