reservoir,value
1,89956.84560842413
2,19617.2
3,24894.42825384045
4,12744.9
