reservoir,value
1,60783.122834945934
2,2354.065530527785
3,9348.867419208067
4,4918.249365830878
