reservoir,value
1,42433.705843663454
2,4108.828837193404
3,5773.8167850389245
4,0.0
