reservoir,value
1,193134.39517957042
2,0.0
3,48074.3569779033
4,4575.168627918994
