reservoir,value
1,30746.1013472923
2,5207.02127746843
3,8242.529554780878
4,6083.698552785681
