reservoir,value
1,79648.4810973279
2,5080.084793573497
3,0.0
4,0.0
