reservoir,value
1,39060.27614598193
2,1969.7349619234355
3,17116.5306088566
4,1876.7189203062906
