reservoir,value
1,46935.05859214188
2,17155.62570617762
3,28602.342444120623
4,14751.8421527944
