reservoir,value
1,117681.88743743382
2,19525.913113241055
3,26350.30596108899
4,8962.512898875222
