reservoir,value
1,155222.26457282493
2,7166.745685478707
3,1874.4972794597752
4,6623.682562449307
