reservoir,value
1,49680.04506342985
2,4505.382408519776
3,10174.892747681031
4,10832.490080201405
