reservoir,value
1,125604.99839152595
2,0.0
3,22169.12431662006
4,11043.281713091217
