reservoir,value
1,28628.136543724715
2,12585.15165728541
3,3847.0100957670843
4,6031.296452353655
