reservoir,value
1,104395.91398851745
2,1915.4092377737597
3,3925.158848404336
4,9844.124478572408
