reservoir,value
1,24952.920059172837
2,16792.50636274964
3,4661.10654372488
4,1467.4185754047028
