reservoir,value
1,43508.36097033193
2,0.0
3,33122.95117856849
4,9855.672234871214
