reservoir,value
1,20557.29115634287
2,19617.2
3,668.2971899680288
4,310.68796033867693
