reservoir,value
1,149044.33529150806
2,0.0
3,30374.46160677298
4,12744.9
