reservoir,value
1,38141.966094393974
2,13579.024487511873
3,13354.530915525382
4,7700.01505243712
