reservoir,value
1,47395.30508333183
2,19617.2
3,7608.606461089112
4,11468.528495845636
