reservoir,value
1,115235.73968605076
2,1104.1358445476785
3,6381.261203463197
4,1585.6661945281112
