reservoir,value
1,17016.931590812248
2,17145.111841578753
3,3577.397723174749
4,2100.19706778944
