reservoir,value
1,32283.935853910494
2,19617.2
3,3994.928426255955
4,9066.345366002897
