reservoir,value
1,55795.738671945604
2,11525.396329368372
3,14485.198858482738
4,29820.531208038883
