reservoir,value
1,0.0
2,0.0
3,235.1704064990172
4,34935.53120803888
