reservoir,value
1,36943.367080163356
2,1570.9660057933143
3,23653.598660187727
4,12744.9
