reservoir,value
1,22483.488355061676
2,7558.453762328385
3,7100.451060371564
4,4855.7446984240605
