reservoir,value
1,14265.37245123391
2,11219.576884236296
3,2692.853400721586
4,1668.8023066317742
