reservoir,value
1,118499.98425848565
2,2860.000029863966
3,24902.800147310416
4,5668.24772862391
