reservoir,value
1,47928.895667321754
2,5824.151129545606
3,9691.90392065992
4,13741.96436721211
