reservoir,value
1,2514.5956673217515
2,0.0
3,0.0
4,10958.934118783136
