reservoir,value
1,36372.642009129144
2,5901.222483657275
3,7480.125822538188
4,10978.453235563473
