reservoir,value
1,154615.55388955152
2,3398.203218946111
3,25348.2222412914
4,12744.9
