reservoir,value
1,41553.77772063187
2,15581.948412251877
3,6083.879605738266
4,16466.292461050496
