reservoir,value
1,111529.40076654413
2,6530.293501143622
3,11853.190882417744
4,8726.736444063095
