reservoir,value
1,24085.57004566404
2,16635.740731717702
3,2500.662938648322
4,1840.3831098848982
