reservoir,value
1,120106.37188865812
2,19617.2
3,14648.736929388417
4,6752.490924756745
