reservoir,value
1,14437.339469367633
2,7272.4663700454785
3,3015.0219230855773
4,2635.331239785149
