reservoir,value
1,46931.90438562627
2,6872.200976739578
3,17740.450826632143
4,20364.188821728243
