reservoir,value
1,37844.02419075241
2,8839.015587613787
3,8494.811048838837
4,14264.125659860762
