reservoir,value
1,50516.42482190305
2,0.0
3,36345.24941560645
4,12744.9
