reservoir,value
1,93032.77227186545
2,18276.513909948204
3,36077.89300000005
4,0.0
