reservoir,value
1,181339.7050824751
2,3577.2186857153947
3,29563.91121646767
4,12744.9
