reservoir,value
1,80118.75071110128
2,0.0
3,45754.88991067534
4,12744.9
