reservoir,value
1,97695.40766781541
2,4709.1960318991505
3,11964.0769243342
4,1607.8283299961586
