reservoir,value
1,68990.20464451869
2,6734.728506250855
3,12748.125692374248
4,9830.296707835547
