reservoir,value
1,26507.845952948875
2,11324.444731107036
3,3756.2065759379725
4,3366.675672014597
