reservoir,value
1,153000.68809052662
2,19338.85917376704
3,17443.47343363864
4,10476.522380003202
