reservoir,value
1,41722.591259045585
2,0.0
3,2392.455445516409
4,5492.191856182335
