reservoir,value
1,110411.89351603804
2,6452.058114781856
3,19105.444186790235
4,11017.245960462804
