reservoir,value
1,47356.251751927375
2,9407.95307850746
3,11411.162114890076
4,8701.811041018158
