reservoir,value
1,25899.727703991677
2,3755.6823272738575
3,5475.804665614805
4,1071.9110410181584
