reservoir,value
1,17441.264406804166
2,0.0
3,0.0
4,3534.408602613694
