reservoir,value
1,41441.109700911606
2,5765.737845917175
3,8255.80792163307
4,8826.127075223065
