reservoir,value
1,61887.887219681346
2,6987.626144275416
3,0.0
4,1196.2270752230652
