reservoir,value
1,62698.54346159322
2,0.0
3,23915.876628531016
4,6798.425505398283
