reservoir,value
1,116526.45131140438
2,0.0
3,47985.25748464305
4,5666.553340570441
