reservoir,value
1,79114.24434503834
2,0.0
3,39419.43798182254
4,9624.462259083297
