reservoir,value
1,27650.22351146206
2,10484.737115893633
3,4896.619233849628
4,3052.7966110024117
