reservoir,value
1,53957.365746193056
2,12534.795830445535
3,16551.460101975164
4,7594.773584121875
