reservoir,value
1,42730.78808582764
2,3947.9727538926827
3,24885.27043864541
4,0.0
