reservoir,value
1,31649.64645424873
2,9663.101766889726
3,13703.38508442225
4,22114.32435149803
