reservoir,value
1,105680.96845906846
2,0.0
3,32102.905406832255
4,6622.521379829902
