reservoir,value
1,43991.76831011965
2,9565.694828217964
3,11012.501112341524
4,4712.908224844505
