reservoir,value
1,64714.07036760329
2,16101.394828217964
3,1111.6011123415246
4,0.0
