reservoir,value
1,55880.208611425674
2,20037.652993207896
3,18254.456214013007
4,14224.739038461797
