reservoir,value
1,12075.248611425675
2,9445.892993207895
3,0.0
4,4902.182069097593
