reservoir,value
1,200717.6
2,19617.2
3,48301.458502519505
4,2766.5569693643192
