reservoir,value
1,50853.32883863994
2,19617.2
3,0.0
4,10498.099999999999
