region,depth,value
1,1,232.75499999999997
1,2,55.075
1,3,38.15272399505407
1,4,43.41860817903502
2,1,144.4418825879012
2,2,33.045
2,3,10.934000000000001
2,4,22.49979481810132
3,1,186.204
3,2,37.56207997460231
3,3,0.0
3,4,13.63
4,1,82.17185356488706
4,2,11.235418329683316
4,3,0.0
4,4,1.525560092236683
