region,depth,value
1,1,75.26958365371891
1,2,16.375500000000006
1,3,20.592207273985526
1,4,19.360018025183532
2,1,14.08705536602407
2,2,4.541912497493828
2,3,3.2025
2,4,3.4215000000000004
3,1,0.0
3,2,2.1834000000000002
3,3,0.4947321459885893
3,4,1.3686
4,1,0.0
4,2,0.0
4,3,0.0
4,4,0.7024019227656018
