plant,value
1,35241.72425353823
2,10630.596887040974
3,7857.781823935776
4,5452.801796548635
