reservoir,value
1,22767.149284462543
2,13742.308268313045
3,3619.4182822360926
4,2182.6549300511206
