reservoir,value
1,18457.02800458461
2,15065.000284282958
3,3322.977806515579
4,2001.9435626990326
