reservoir,value
1,18461.986295737617
2,13370.323202916636
3,3263.36064708727
4,1956.839492951761
