reservoir,value
1,6.808176554760817
2,2140.7813600804548
3,0.0
4,0.0
