reservoir,value
1,82365.04709399871
2,6484.626937005348
3,13810.23411778208
4,4978.184760896073
