reservoir,value
1,86933.95378566366
2,5837.408786947952
3,13372.841861392879
4,5527.194496141331
