reservoir,value
1,54322.620082589805
2,6457.118822520936
3,9494.556012083895
4,2489.098627496091
