reservoir,value
1,11419.990109934031
2,6611.521708335289
3,2635.5049694444274
4,1383.0241164470194
