reservoir,value
1,92425.65158415097
2,818.3037753511016
3,17369.816188207013
4,12709.1500725447
