reservoir,value
1,50664.7213156846
2,3704.911403178448
3,6839.122194457868
4,19231.741260589934
