reservoir,value
1,141163.65339626715
2,0.0
3,10569.840328717872
4,12744.9
