reservoir,value
1,30900.41110201259
2,17130.02896870741
3,5239.265244961596
4,2793.4287471240536
