reservoir,value
1,79435.24682560307
2,19617.2
3,1109.3107658634017
4,3750.1368041746364
