reservoir,value
1,45044.94547525121
2,2449.0605827109102
3,13958.624659108498
4,18340.19937216221
