reservoir,value
1,168623.75905641212
2,0.0
3,45738.0689221685
4,12744.9
