reservoir,value
1,31962.402701781895
2,9676.836347404522
3,5532.676868661657
4,4072.6686823302102
