reservoir,value
1,78497.89580152874
2,16451.94000941039
3,6959.341359266219
4,0.0
