reservoir,value
1,39336.74319785078
2,8230.860689474634
3,12710.873720091138
4,10404.772480895597
