reservoir,value
1,26622.988805278368
2,7119.107036223063
3,5084.159435861434
4,3072.8361512617653
