reservoir,value
1,86079.86241938698
2,0.0
3,11932.751837511081
4,10375.020043323439
