reservoir,value
1,40510.971052372915
2,5103.200672117359
3,25805.90584634885
4,14041.219172648
