reservoir,value
1,0.0
2,0.0
3,3395.3444107888536
4,9520.80627173664
