reservoir,value
1,152988.0898855305
2,0.0
3,51806.1
4,9635.41290091136
