reservoir,value
1,31867.378750401916
2,34331.50770008088
3,4454.636796366216
4,8417.022483897827
