reservoir,value
1,0.0
2,15628.848548985545
3,0.0
4,787.1224838978269
