reservoir,value
1,73783.1770324132
2,19617.2
3,20493.677846632214
4,12744.9
