reservoir,value
1,19656.6826493086
2,5380.474937345347
3,10871.993698936116
4,4352.826344505394
