reservoir,value
1,5530.547994718225
2,2930.8281950509227
3,1193.1155869693212
4,573.4875876550236
