reservoir,value
1,41544.28434489151
2,7605.064183714985
3,10387.894788209967
4,6775.144175430902
