reservoir,value
1,18511.053864318084
2,7788.206102574044
3,17973.658283451965
4,356.7265790526026
