reservoir,value
1,118664.55935287665
2,5568.432904107667
3,33434.52970641052
4,33787.008253108695
