reservoir,value
1,159280.8527928925
2,1608.0854574883588
3,39151.66911537629
4,12744.9
