reservoir,value
1,23272.5974496254
2,5797.079156760628
3,10066.654356816201
4,3074.0367467139845
