reservoir,value
1,0.0
2,2328.632855530234
3,28132.011279938044
4,0.0
