reservoir,value
1,24111.138241503395
2,17628.71048360771
3,2890.4920262281616
4,3367.27122311398
