reservoir,value
1,91443.85739872369
2,19617.2
3,18943.06143951445
4,12538.171223113979
