reservoir,value
1,20787.77824282393
2,10369.82011163051
3,4652.350396480947
4,3728.2113293957777
