reservoir,value
1,74366.75560886227
2,0.0
3,18115.60354147118
4,12420.79062454967
