reservoir,value
1,14248.211380573292
2,8485.241317267424
3,2797.7433496698886
4,4054.848851459437
