reservoir,value
1,136515.96751511685
2,5928.697860781535
3,12295.09876384036
4,6444.61931588705
