reservoir,value
1,53912.38924548804
2,4736.461099743962
3,12826.946795212196
4,16032.336700589414
