reservoir,value
1,98352.886340922
2,0.0
3,14001.201860687284
4,5135.679641867744
