reservoir,value
1,76598.26573130113
2,3551.6354427597985
3,36920.27380611145
4,31012.484505515604
