plant,value
1,40370.457855246605
2,13081.5
3,9900.9
4,7500.762144753381
