reservoir,value
1,108288.33654432255
2,0.0
3,17380.88013853027
4,12744.9
