reservoir,value
1,81776.0966469231
2,799.6760033244921
3,9218.503081393626
4,10648.532816135956
