reservoir,value
1,34578.83587800554
2,6639.649303938691
3,2902.733162661108
4,1824.1692599963205
