reservoir,value
1,78505.31864874726
2,4487.335811154008
3,365.44289382252026
4,1702.833645403255
