reservoir,value
1,154010.67637539966
2,3942.6602021597664
3,30781.746119270003
4,3375.385323204196
