reservoir,value
1,82422.22689935361
2,5122.72977339046
3,29711.962275659593
4,12627.073977493095
