reservoir,value
1,169071.39164647815
2,11638.68705276984
3,31472.227497984015
4,2531.8585263455566
