reservoir,value
1,25254.325390769714
2,10269.208515354325
3,10698.967980246542
4,21241.361065867874
