reservoir,value
1,137321.40855477794
2,2679.056461763901
3,51806.1
4,10538.362325560212
