reservoir,value
1,16170.953474319549
2,4058.182172544137
3,4235.318697777637
4,2913.8266919792213
