reservoir,value
1,40760.575875795315
2,1078.5584220207584
3,35067.79239765621
4,5920.02873130375
