reservoir,value
1,37676.89930014277
2,17451.047504331516
3,20680.197031400887
4,5918.586323539381
