reservoir,value
1,7248.950502011728
2,19617.2
3,50392.40399832187
4,4317.064532420189
