reservoir,value
1,44617.021564184535
2,12139.766566929478
3,9327.505227741338
4,5023.152058384185
