reservoir,value
1,12427.354264634265
2,14375.22783250926
3,2334.82596731606
4,2023.5273659864463
