reservoir,value
1,14478.772701337826
2,10294.418373096993
3,530.0966784125485
4,6250.734900992133
