reservoir,value
1,64207.865450780635
2,19074.1881526824
3,10531.262316758499
4,4659.747061533202
