reservoir,value
1,174015.76373537432
2,82.5106589741099
3,7941.309266478875
4,12744.9
