reservoir,value
1,54550.93891315
2,3893.1345663
3,8156.287305219998
4,17207.988825840002
