reservoir,value
1,145652.85617945
2,0.0
3,14113.74600522
4,12744.9
