region,depth,value
1,1,54.31284895377632
1,2,13.53052754342405
1,3,11.08248266255431
1,4,7.952399999999999
2,1,9.0954
2,2,2.211
2,3,1.394877378442866
2,4,0.862243585562565
3,1,0.0
3,2,0.0
3,3,0.0
3,4,0.0
4,1,0.0
4,2,0.0
4,3,0.0
4,4,0.0
