from,to,value
1,1,0.0
1,2,2575.80786235477
1,3,177.5050007523197
1,4,0.0
1,5,427.10216297253186
2,1,756.518864726469
2,2,0.0
2,3,0.0
2,4,0.0
2,5,0.0
3,1,281.1184512475585
3,2,0.0
3,3,0.0
3,4,0.0
3,5,554.4410674723616
4,1,0.0
4,2,0.0
4,3,0.0
4,4,0.0
4,5,1876.6987622654412
5,1,1723.9221469175366
5,2,0.0
5,3,898.9299241542654
5,4,235.3899216385513
5,5,0.0
