reservoir,value
1,22280.51707523423
2,12002.617689732315
3,4255.243619018404
4,3581.9956537147486
