reservoir,value
1,53.620653079080604
2,1255.9293435363788
3,2.689779231867251
4,0.0
