reservoir,value
1,82341.69895298104
2,2609.7770400654913
3,18922.5770254224
4,9465.282181329037
