reservoir,value
1,121116.19914477447
2,3449.565524936994
3,22570.545731171256
4,11418.091294191741
