reservoir,value
1,16110.637382594223
2,12364.157766077897
3,3226.7751004908605
4,2057.9410234035704
