reservoir,value
1,19587.245709410465
2,14590.991025144154
3,3381.818044714041
4,2079.443256433401
