reservoir,value
1,128257.7163634595
2,10860.86242658801
3,18493.720850516325
4,8722.532892295585
