reservoir,value
1,19784.257304822797
2,24646.808248494737
3,3487.923433354709
4,3069.1461131183837
