reservoir,value
1,88139.57492431656
2,14902.21617132766
3,20793.472388767805
4,0.0
