reservoir,value
1,37300.70853635373
2,10303.304835436727
3,3679.296150757268
4,3703.9011533836497
