reservoir,value
1,85972.97477985738
2,11610.191857569305
3,0.0
4,1603.1687922848105
