reservoir,value
1,76446.11972518943
2,13595.076458863829
3,5196.964098832121
4,0.0
