reservoir,value
1,34218.574247694414
2,8365.837720982843
3,5369.992069461217
4,3439.2543453844078
