reservoir,value
1,167518.8900169175
2,17853.857720983688
3,44430.3228796042
4,12197.22137735272
