reservoir,value
1,79273.40981829065
2,817.1472745018757
3,11265.738359063163
4,7126.796541735055
