reservoir,value
1,86716.43273289406
2,4101.867619617104
3,20347.38815455605
4,15751.391147355152
