reservoir,value
1,175781.31868014246
2,10715.631300259409
3,45265.90925162949
4,12744.9
