reservoir,value
1,22302.169946855858
2,10499.664740957265
3,4299.0583433167
4,3837.370214458572
