reservoir,value
1,67904.19692815404
2,3525.6057814447486
3,21081.00215541669
4,16693.780723701064
