reservoir,value
1,70057.03228478765
2,6058.073869674494
3,26392.282867755028
4,11091.340807982144
