reservoir,value
1,18077.53883424618
2,18015.933449677508
3,5695.87725427521
4,3479.614685295539
