reservoir,value
1,30539.909521491205
2,4468.076633978861
3,9166.27893524314
4,16847.50350051712
