reservoir,value
1,40913.573003779005
2,10349.44809832658
3,6890.196501915971
4,11125.258945097077
