reservoir,value
1,76010.5392880041
2,0.0
3,9006.969826802117
4,4397.483656981963
