reservoir,value
1,96840.29655577178
2,7667.8187033111635
3,10662.394044236185
4,4788.63424439115
