reservoir,value
1,64890.241527712846
2,4538.675803570231
3,14254.047871257637
4,12015.544579298821
