reservoir,value
1,112104.4152902585
2,19617.2
3,4540.647659962261
4,9736.980121229559
