reservoir,value
1,16714.77486632778
2,12225.845577457281
3,4359.050636606149
4,2516.9110643453973
