reservoir,value
1,105189.22553383748
2,2532.9141294691744
3,31660.707226554317
4,4842.361651844184
