reservoir,value
1,28869.88599491511
2,23976.238728882247
3,3448.708640525534
4,3341.481973866697
