reservoir,value
1,132133.0091260501
2,16769.31116954202
3,16699.26634284476
4,12470.381973866697
