reservoir,value
1,12719.468874542712
2,14639.981988726173
3,0.0
4,672.5159062806279
