reservoir,value
1,20625.12615512865
2,4010.5867701731368
3,4662.212345437
4,6351.35271570624
