reservoir,value
1,93693.69696835396
2,0.0
3,7533.610038726973
4,11841.25271570624
