reservoir,value
1,22683.576588267097
2,16956.032792310052
3,3289.0832697257515
4,4183.428040346887
