reservoir,value
1,101051.8936207474
2,6878.754862704871
3,21143.445979014832
4,12744.9
