reservoir,value
1,19108.6167118452
2,6272.399593388344
3,2617.325343950803
4,1952.1974997642292
