reservoir,value
1,47827.22712753952
2,0.0
3,0.0
4,2332.1798815423517
