reservoir,value
1,24686.675649636913
2,3504.6959956049095
3,6114.365592212417
4,5178.880685781492
