reservoir,value
1,72338.72824987858
2,5297.419823857226
3,20219.175768314395
4,1812.2860388628833
