reservoir,value
1,49653.3396757452
2,0.0
3,1164.5415120375526
4,7198.562814279914
