reservoir,value
1,40522.45731037231
2,19617.2
3,2361.208716428711
4,588.3373409195274
