reservoir,value
1,73195.53091689837
2,5208.218254307612
3,1005.6333089177151
4,10001.312004930369
