reservoir,value
1,50416.54398938957
2,3554.862913028601
3,17573.135389549458
4,8412.814708691365
