reservoir,value
1,38639.31263219547
2,5590.312856086064
3,43899.781355755535
4,782.9147086913654
