reservoir,value
1,57648.22562397969
2,6062.6061622010875
3,19628.274515170382
4,12370.976927370739
