reservoir,value
1,71393.73060559275
2,4887.6061622010875
3,22828.94198249661
4,0.0
