reservoir,value
1,27813.985510999704
2,4732.549943104141
3,7460.519852646297
4,12544.462024162971
