reservoir,value
1,45331.98427138823
2,12705.399098258731
3,5310.034886845226
4,5513.359880058431
