reservoir,value
1,151342.6944250198
2,0.0
3,30930.128721166075
4,5530.506546437121
