reservoir,value
1,22311.898222296506
2,8483.902717171444
3,4776.618281589182
4,3739.176955216484
