reservoir,value
1,174557.32251936203
2,6107.184336004435
3,36408.70423428783
4,6934.258128517095
