reservoir,value
1,64690.71174268905
2,11324.768447924758
3,8026.554936049598
4,19456.413734589238
