reservoir,value
1,134589.55828038094
2,209.78356961558165
3,10013.138676806431
4,11826.513734589238
