reservoir,value
1,18613.970533728556
2,11531.954179859058
3,5091.379001628739
4,1839.5488857868654
