reservoir,value
1,155828.10859451303
2,18067.65417985906
3,34984.51146202519
4,5695.014926696127
