reservoir,value
1,12892.31634618059
2,12261.684161452024
3,2978.154394776308
4,1433.4433503989326
