reservoir,value
1,10672.48122141678
2,0.0
3,9608.066694102617
4,1036.1106796402266
