reservoir,value
1,17369.94500640607
2,13585.74189619134
3,3522.5660037692096
4,3063.2093606162634
