reservoir,value
1,130553.74926180975
2,7865.730178427037
3,9940.750319436711
4,12234.109360615184
