reservoir,value
1,132417.9979708061
2,0.0
3,16846.10985810151
4,12744.9
