reservoir,value
1,144355.25702941586
2,12603.46489611827
3,635.8986958438818
4,6275.624537656122
