reservoir,value
1,16193.34773370087
2,15023.50782775054
3,2202.6986459573454
4,2633.9413071316226
