reservoir,value
1,12843.215710140408
2,16726.382835394197
3,3200.220077340383
4,2502.2365366554463
