reservoir,value
1,28579.404350029006
2,4898.686297137103
3,7543.144851967654
4,4245.48196389098
