reservoir,value
1,47763.492202268884
2,8617.002329725052
3,9426.282239971282
4,0.0
