reservoir,value
1,122752.27056823274
2,0.0
3,31288.18897897056
4,12744.9
