reservoir,value
1,106472.75623047727
2,13133.687853681902
3,15592.68012172878
4,15568.050511064248
