reservoir,value
1,130676.96903788573
2,11481.683410901425
3,27111.038649885748
4,7938.150511064248
