reservoir,value
1,40950.39473579115
2,11022.828055305043
3,4992.473154283919
4,2053.281020585058
