reservoir,value
1,17331.286576018003
2,5043.124941696311
3,5692.057231287547
4,4088.4785728735164
