reservoir,value
1,86994.64486507185
2,0.0
3,45051.30954419487
4,9203.478572873517
