reservoir,value
1,49275.110628514405
2,13141.402404546167
3,8956.69281896545
4,8782.221844357762
