reservoir,value
1,10871.616442883198
2,3607.087111110186
3,0.0
4,1696.4146633232122
