region,depth,value
1,1,194.453084966401
1,2,47.328585975764845
1,3,40.26744780076254
1,4,31.809600000000025
2,1,63.67622221805511
2,2,14.073961927457189
2,3,10.157
2,4,9.9405
3,1,18.1908
3,2,4.422
3,3,2.0314
3,4,1.369153781156991
4,1,0.0
4,2,0.0
4,3,0.0
4,4,0.0
