from,to,value
1,1,0.0
1,2,2066.527986690102
1,3,120.65896014149034
1,4,0.0
1,5,324.48019869959916
2,1,1077.468642338528
2,2,0.0
2,3,0.0
2,4,0.0
2,5,0.0
3,1,301.9883832144219
3,2,0.0
3,3,0.0
3,4,0.0
3,5,327.6012963586929
4,1,0.0
4,2,0.0
4,3,0.0
4,4,0.0
4,5,2261.061099570018
5,1,2208.995958071352
5,2,0.0
5,3,562.4903657323682
5,4,141.65627082464823
5,5,0.0
