from,to,value
1,1,0.0
1,2,2011.710385699867
1,3,114.14891453959468
1,4,0.0
1,5,294.5772241493295
2,1,893.3272445203124
2,2,0.0
2,3,0.0
2,4,0.0
2,5,0.0
3,1,446.10979210410176
3,2,0.0
3,3,0.0
3,4,0.0
3,5,559.6729296834092
4,1,0.0
4,2,0.0
4,3,0.0
4,4,0.0
4,5,2194.025981536809
5,1,2406.0639903673705
5,2,0.0
5,3,499.2662528912814
5,4,142.94589211106322
5,5,0.0
