plant,value
1,39364.969504075205
2,9772.132046054712
3,8370.907914519577
4,4185.289525376202
