reservoir,value
1,22194.649647677485
2,11843.62295859832
3,4283.6123265166325
4,3564.3361744624945
