reservoir,value
1,18145.360616415346
2,10956.708830625867
3,3662.2754639613813
4,2541.57506336135
