reservoir,value
1,0.0
2,1575.9141093104763
3,32.914175443220735
4,0.0
