reservoir,value
1,93082.81420328526
2,5580.6425423928795
3,21960.310084894936
4,11875.958031882468
