reservoir,value
1,16368.464374230065
2,3691.7448270985897
3,4198.384197782493
4,2981.5519956680823
