reservoir,value
1,14276.953855581327
2,124.52498444508315
3,26430.025851580238
4,0.0
