reservoir,value
1,83571.87766127396
2,1175.0964893918317
3,9313.832907861972
4,889.8730101462544
