reservoir,value
1,112603.89719999832
2,3854.7875000016957
3,22591.481300000003
4,12744.9
