reservoir,value
1,49598.04778055921
2,4549.63746930799
3,17650.897150982924
4,9184.68548891407
