reservoir,value
1,35839.445403838785
2,2649.7905493069798
3,10952.34124911981
4,1554.7854889141006
