reservoir,value
1,28526.461678733787
2,6109.03290873442
3,7005.462196587283
4,3799.337315465828
