reservoir,value
1,21172.11743900794
2,5711.032908734484
3,0.0
4,1218.377920062826
