reservoir,value
1,23758.075392720824
2,14503.488830696097
3,3769.685223331443
4,4724.9812087012615
