reservoir,value
1,128097.6266570906
2,1421.9888306960966
3,2252.906745021367
4,12744.9
