reservoir,value
1,2867.7127292908062
2,0.0
3,4688.315407001506
4,0.0
