reservoir,value
1,71073.30774430001
2,4190.19406141
3,28510.515378009997
4,14884.698411000001
