reservoir,value
1,0.0
2,0.0
3,561.2312640990052
4,15696.57077812762
