reservoir,value
1,168833.11100571
2,0.0
3,44969.137213910995
4,4303.127632872382
