reservoir,value
1,89126.17007726614
2,10527.859822997294
3,8066.212800174764
4,2898.413439173371
