reservoir,value
1,33756.929024348574
2,10143.27468851843
3,9554.721168090568
4,11824.060201191323
