reservoir,value
1,106453.5577789727
2,0.0
3,25049.479039037156
4,5205.891686560847
