reservoir,value
1,41681.45710428998
2,3835.057404428433
3,4095.404242887093
4,15372.780263791316
