reservoir,value
1,169272.16677693406
2,0.0
3,30215.88900858579
4,12744.9
