reservoir,value
1,29930.326269877078
2,24269.559071414922
3,4165.452896586411
4,2090.385902118561
