reservoir,value
1,16070.12274154165
2,14059.966273890477
3,454.8960130636069
4,7867.654948790885
