reservoir,value
1,11947.668284237783
2,3363.6058124675437
3,2054.7891262521102
4,2451.9330931814893
