reservoir,value
1,42673.90579284585
2,19617.2
3,6542.489439398007
4,2667.931612677713
