reservoir,value
1,27081.598742034395
2,7112.469231972362
3,10096.165292093992
4,4446.462077111586
