reservoir,value
1,22560.308839363108
2,12789.23464628885
3,8872.86419347282
4,0.0
