reservoir,value
1,16342.992864754136
2,11479.002523672616
3,7833.028452306074
4,2120.1015384659063
