reservoir,value
1,67703.68515471881
2,19617.2
3,18349.661123252212
4,10803.046134515585
