reservoir,value
1,43733.000553959995
2,5832.57867434
3,11039.893676
4,13509.86568787
