reservoir,value
1,106190.25879999962
2,3446.783200000392
3,22150.228500000005
4,1695.4872355206528
