reservoir,value
1,62722.457527076054
2,10445.389767606102
3,11463.074762666229
4,5439.26140841549
