reservoir,value
1,37867.71615300275
2,11172.727256504448
3,3994.9068598965023
4,6256.003412353165
