reservoir,value
1,144167.0550141909
2,6431.145286116628
3,15822.590526120077
4,10775.022428151087
