reservoir,value
1,29694.02029407253
2,4222.991908902401
3,6249.082900159945
4,7834.192539359948
