reservoir,value
1,138692.6682797557
2,0.0
3,16500.14769073035
4,12744.9
