reservoir,value
1,141248.69442012842
2,0.0
3,28854.236248466856
4,12744.9
