reservoir,value
1,14254.801536069011
2,4895.774842559687
3,2714.313031941321
4,6503.477590659813
