reservoir,value
1,74079.75169448933
2,0.0
3,10502.87788477373
4,12744.9
