reservoir,value
1,33830.017702009915
2,19617.2
3,2383.1000000000004
4,10448.1
