reservoir,value
1,49776.577853102055
2,0.0
3,1274.6628866199899
4,464.8655547605222
