reservoir,value
1,86222.64049320773
2,6136.730907906678
3,9248.781638001801
4,10142.59730920348
