reservoir,value
1,18515.13706387566
2,19904.061063260873
3,2711.6485500924355
4,1733.8580616215654
