reservoir,value
1,15572.899442733684
2,19617.2
3,2629.173452198319
4,836.3738945523196
