reservoir,value
1,116684.41530001187
2,4805.774599988129
3,14513.439300000004
4,7086.126000000187
