reservoir,value
1,18545.50151947858
2,25984.9293013804
3,2418.6451961935977
4,1919.6297460233666
