reservoir,value
1,40675.46583020053
2,12903.429301380402
3,2298.529924309434
4,564.7724928004634
