reservoir,value
1,114779.57002263985
2,0.0
3,24179.131046190003
4,4361.690127901577
