reservoir,value
1,87136.99021305217
2,4701.747053165102
3,9290.521021443095
4,602.5998278800893
