reservoir,value
1,0.0
2,9034.740000000003
3,48590.65999999999
4,33521.17000000005
