reservoir,value
1,57908.542406848064
2,13239.258156939852
3,12670.890553760813
4,10631.971536681067
