reservoir,value
1,152627.4596323853
2,10678.77472565549
3,29395.11464154067
4,4822.520738171839
