reservoir,value
1,20715.25295121339
2,22913.40387384413
3,3063.6831899617814
4,1474.1800983601743
