reservoir,value
1,41200.46910093316
2,10955.612279811286
3,10654.976614250718
4,4936.103372893191
