reservoir,value
1,104777.66930000001
2,3195.563
3,22484.8868
4,1111.8215088285472
