reservoir,value
1,15308.230413917932
2,7676.7743479673545
3,4050.3683871141507
4,3285.9388200104663
