reservoir,value
1,67240.14894577827
2,0.0
3,39699.82298155406
4,12744.9
