reservoir,value
1,25303.234077430214
2,7408.843529529701
3,2334.845808548752
4,3000.1627972851793
