reservoir,value
1,15199.423315322385
2,11591.919652452027
3,3373.042258479121
4,2007.4717382291603
