reservoir,value
1,102451.74183262576
2,726.7817101686546
3,9022.865691261493
4,5340.094422493275
