reservoir,value
1,69772.04447976791
2,0.0
3,17951.266817094336
4,12744.9
