reservoir,value
1,24517.077939310497
2,19961.906167887428
3,3430.4275766707206
4,1636.4357588699254
