reservoir,value
1,22454.823576736053
2,13086.894146671295
3,3505.3039003240233
4,4037.44366437318
