reservoir,value
1,130438.59315065641
2,19617.2
3,26683.96983020055
4,12744.9
