reservoir,value
1,40503.65158760698
2,9665.594346280785
3,23828.188904974802
4,0.0
