reservoir,value
1,81929.79169634
2,9175.75756344
3,13743.156639779998
4,16212.5855
