reservoir,value
1,165439.75195977997
2,0.0
3,29158.385239779825
4,11656.740765223994
