reservoir,value
1,26072.97598200117
2,28333.400998029843
3,7229.95396960543
4,8943.25006052896
