reservoir,value
1,17477.140052155428
2,763.9527958787967
3,4107.274831435248
4,2089.511274284153
