reservoir,value
1,0.0
2,4054.120622980001
3,0.0
4,17536.8558754973
