reservoir,value
1,177999.14036652094
2,19617.2
3,23395.19964318304
4,0.0
