reservoir,value
1,45810.28788162827
2,0.0
3,0.0
4,3473.600729690892
