reservoir,value
1,178581.7959914945
2,0.0
3,39802.34823075721
4,12744.9
