reservoir,value
1,26381.730789550893
2,2870.1187061205037
3,8351.58645662112
4,14356.75525459212
