reservoir,value
1,113117.13161327905
2,0.0
3,16235.418736364903
4,12744.9
