reservoir,value
1,12638.798382847517
2,12031.472044199842
3,2539.6478417189032
4,1471.4843311534348
