reservoir,value
1,26863.16024329589
2,6416.139291451333
3,4016.3885126229015
4,3987.0133754919307
