reservoir,value
1,22933.650363134922
2,6836.04778625439
3,4428.142761299785
4,5336.804954993364
