reservoir,value
1,35339.400341645465
2,3840.66850012704
3,19143.467985358384
4,14390.579305900415
