reservoir,value
1,107350.1599
2,1338.8882999999987
3,15092.572000000004
4,5945.208580165077
