reservoir,value
1,48687.569105384406
2,5103.044547660268
3,8684.193652918468
4,9101.919725302148
