reservoir,value
1,158112.81947204928
2,0.0
3,33951.926693379806
4,12744.9
