reservoir,value
1,30953.510592817474
2,4753.946997677493
3,6210.747585454106
4,0.0
