reservoir,value
1,0.0
2,0.0
3,4048.6712716787733
4,5811.167095967505
