reservoir,value
1,74498.46531819418
2,7688.934490147112
3,30745.771033868878
4,19466.590017174094
