reservoir,value
1,12681.811516034839
2,0.0
3,22186.85200135537
4,0.0
