reservoir,value
1,200717.6
2,10122.741790386643
3,49104.33404531351
4,11836.690017178227
