reservoir,value
1,109627.15067959533
2,0.0
3,24175.480109003536
4,10720.259518194685
