reservoir,value
1,59232.03006514835
2,0.0
3,25720.23629128358
4,1863.0273672649728
