from,to,value
1,1,0.0
1,2,5314.5
1,3,58.940427537056166
1,4,0.0
1,5,0.0
2,1,0.0
2,2,0.0
2,3,0.0
2,4,0.0
2,5,0.0
3,1,0.0
3,2,0.0
3,3,0.0
3,4,0.0
3,5,0.0
4,1,0.0
4,2,0.0
4,3,0.0
4,4,0.0
4,5,2147.659572462944
5,1,0.0
5,2,0.0
5,3,2147.659572464014
5,4,0.0
5,5,0.0
