reservoir,value
1,22429.554908536396
2,31158.97193587091
3,3449.779145956967
4,4189.340427537056
