reservoir,value
1,98629.41039309837
2,19617.2
3,15159.93338837684
4,12744.9
