reservoir,value
1,24738.62459698427
2,13067.75277722938
3,2800.3065099635064
4,3502.5181719674592
