reservoir,value
1,78293.30354420084
2,2288.192656088295
3,12404.615239230352
4,10001.418171967405
