reservoir,value
1,59130.67945192884
2,3256.1742424824174
3,21007.45089427256
4,9024.403781937486
