reservoir,value
1,90914.95699006983
2,5505.001130238459
3,12971.334833707097
4,1394.5037819374866
