reservoir,value
1,82593.2736789661
2,7453.2325914455405
3,12164.52998282545
4,10936.307442376665
