reservoir,value
1,113462.45545893251
2,10079.505175067654
3,11868.861311961333
4,3306.407442376665
