reservoir,value
1,26145.661465553538
2,4853.871092168896
3,4005.4077917151194
4,13389.432704013598
