reservoir,value
1,47862.55648559408
2,17788.767793291045
3,0.0
4,5157.8888783152615
