from,to,value
1,1,0.0
1,2,4959.894222099823
1,3,0.0
1,4,0.0
1,5,0.0
2,1,0.0
2,2,0.0
2,3,0.0
2,4,0.0
2,5,0.0
3,1,0.0
3,2,0.0
3,3,0.0
3,4,0.0
3,5,0.0
4,1,0.0
4,2,0.0
4,3,0.0
4,4,0.0
4,5,1212.621598899681
5,1,891.0215988996806
5,2,0.0
5,3,321.60000000000036
5,4,0.0
5,5,0.0
