reservoir,value
1,22038.88715730272
2,9852.984769700997
3,5534.301368329375
4,4105.7457136352195
