reservoir,value
1,0.0
2,8875.900401811425
3,7738.770763070638
4,0.0
