reservoir,value
1,28961.749126893214
2,22710.300683205092
3,5324.6059515811185
4,2349.6454518596297
