reservoir,value
1,131262.29930572002
2,6232.694081809999
3,43964.68137075
4,32004.4523168
