reservoir,value
1,22904.55323439047
2,0.0
3,23513.323469149826
4,24374.5523168
