reservoir,value
1,14289.55291726422
2,7919.106603892071
3,4049.3282761339065
4,2157.8515340100903
