reservoir,value
1,87270.63414613505
2,1899.109388930161
3,5449.798353189128
4,10101.852262700539
