reservoir,value
1,12288.636774718949
2,8745.302801908756
3,2316.809854924052
4,1550.7499023475368
