reservoir,value
1,31356.967813242663
2,2645.166514140857
3,8645.262563469136
4,18563.098575345626
