reservoir,value
1,55606.321086227435
2,0.0
3,17701.8024534547
4,7985.116011126253
