reservoir,value
1,127840.97127462819
2,0.0
3,11326.047521889255
4,12744.9
