reservoir,value
1,73421.87536683594
2,0.0
3,34148.91154144549
4,9082.714417478066
