reservoir,value
1,14597.04243378339
2,36482.296871181476
3,3317.992657085209
4,1878.3879424507013
