reservoir,value
1,12294.543844028483
2,19617.2
3,17909.08008591718
4,0.0
