reservoir,value
1,110034.0499999999
2,13717.440000064853
3,0.0
4,0.0
