reservoir,value
1,131017.2102981999
2,0.0
3,14039.885660440006
4,12744.9
