reservoir,value
1,40832.24925442907
2,7895.651485000227
3,11937.329263863883
4,22792.006033516947
