reservoir,value
1,105639.24804296096
2,0.0
3,29657.918098288763
4,0.0
