reservoir,value
1,20989.847332409896
2,28588.522901930148
3,3219.5728750597987
4,3712.386327094876
