reservoir,value
1,84812.91591671627
2,19617.2
3,31560.627639953367
4,12744.9
