reservoir,value
1,21491.48261746278
2,4828.165165408263
3,2871.485985384121
4,1875.7734344532623
