reservoir,value
1,89555.01929296424
2,0.0
3,12476.773678686997
4,7619.198803056421
