reservoir,value
1,118661.35966097482
2,0.0
3,30931.422065361265
4,9582.8120746329
