reservoir,value
1,36677.532361640806
2,10161.377160806576
3,4038.7005200368444
4,6898.00822250027
