reservoir,value
1,159441.0030509954
2,1308.366393674596
3,27697.459332049002
4,12744.9
