reservoir,value
1,106400.56396835679
2,3278.727556507347
3,51757.91545331599
4,10055.290479921567
