reservoir,value
1,38204.0746984633
2,6551.371470652151
3,11441.535767680192
4,8674.092021356184
