reservoir,value
1,83535.57250650984
2,1337.8591159293555
3,0.0
4,8060.9054790471255
