reservoir,value
1,17491.560971935894
2,10667.77825945458
3,2308.3514650379007
4,2617.73625231044
