reservoir,value
1,82324.20175082763
2,6467.560661270169
3,5514.444602192532
4,11643.63625231044
