reservoir,value
1,171053.89249510248
2,6347.541043493072
3,25563.67338219817
4,12744.9
