reservoir,value
1,24471.702701019134
2,19723.628955543623
3,3847.0400768550053
4,9569.004589110162
