reservoir,value
1,38058.34937528579
2,2583.7861497378435
3,2834.988903182479
4,8685.461575244295
