reservoir,value
1,179004.35250143782
2,0.0
3,3439.7541327761182
4,12744.9
