reservoir,value
1,60837.55068406
2,7358.014145339999
3,7988.43166787
4,15297.8824
