reservoir,value
1,133607.34252940002
2,0.0
3,15262.620367870004
4,12744.9
