reservoir,value
1,124545.4059990951
2,578.059500904907
3,26424.822400000005
4,12744.9
