reservoir,value
1,17131.906375761708
2,13299.355650856054
3,3244.8302298516837
4,2477.0159394361167
