reservoir,value
1,80675.03985739104
2,10321.779685714562
3,8060.153941630382
4,2765.752867413128
