reservoir,value
1,76305.36243215
2,5421.73611524
3,17290.9589156
4,16312.289562540001
