reservoir,value
1,146356.013132149
2,2939.996115241482
3,26803.8425156
4,12744.9
