reservoir,value
1,16070.63276477077
2,9548.575911346066
3,4592.898251349986
4,2179.7102756102013
