reservoir,value
1,66446.04590935714
2,3507.7186504224137
3,14217.099793632002
4,5361.031263327875
