reservoir,value
1,116682.95123799135
2,212.10991375113346
3,4316.199793632002
4,0.0
