reservoir,value
1,44155.64012870438
2,8637.509845904055
3,11454.590632086762
4,17642.291560034806
