reservoir,value
1,44535.91485373251
2,0.0
3,23174.594450756358
4,11100.165145765684
