reservoir,value
1,104207.82390874343
2,7898.934205748095
3,3500.716221059003
4,0.0
