reservoir,value
1,12148.046587881956
2,12954.037276183324
3,2820.588222006202
4,2221.298519869851
