reservoir,value
1,27957.080786613835
2,42.03727618223348
3,1728.3382220063665
4,4471.985983765587
