reservoir,value
1,25055.019113277496
2,0.0
3,6670.952362406189
4,859.0762035036809
