reservoir,value
1,27829.990565462158
2,12315.477020053248
3,3591.6816428042653
4,3157.7408330012295
