reservoir,value
1,89940.71893933185
2,4247.255497225377
3,17329.44594660475
4,12328.64083300123
