reservoir,value
1,33388.35274773722
2,5951.421856322182
3,4801.2400886069645
4,13622.813387117083
