reservoir,value
1,112027.03379454862
2,0.0
3,20175.746503499344
4,12744.9
