reservoir,value
1,45430.75284373836
2,5638.270427890143
3,13004.37402163141
4,6977.833629252403
