reservoir,value
1,67727.61322382008
2,2048.688103593923
3,4654.252416811651
4,0.0
