reservoir,value
1,41621.60475968469
2,10811.886925318446
3,6505.2013794265295
4,6880.856378854105
