reservoir,value
1,42331.34193294641
2,9541.992652096464
3,9082.2007506544
4,8417.51668184274
