reservoir,value
1,99743.55175479685
2,0.0
3,183.4949745034737
4,787.616681842741
