reservoir,value
1,27948.963310640254
2,10427.130787681692
3,4349.942423702545
4,3558.29984149597
