reservoir,value
1,29573.762396335962
2,13259.666731718014
3,3334.328264918081
4,2000.5254479174748
