reservoir,value
1,113377.13924978684
2,16833.463016573358
3,2329.721911883926
4,403.48251248093493
