reservoir,value
1,2562.442054174946
2,6534.200000000001
3,27656.300000000003
4,12744.9
