reservoir,value
1,19368.130260218946
2,42455.63252161612
3,2858.3982069150484
4,2794.3248845164617
