reservoir,value
1,131652.3258587049
2,19617.2
3,28979.478726592857
4,2040.0026192060232
