reservoir,value
1,22811.94658674025
2,7888.601176261076
3,4048.9657769198966
4,2983.817103302482
