reservoir,value
1,14398.616558047428
2,19543.78631554858
3,3339.3887685113696
4,2513.8233259795234
