reservoir,value
1,117751.34047441406
2,19617.2
3,0.0
4,8897.673526030276
