reservoir,value
1,37565.9665484
2,4486.878268889999
3,10614.575248170002
4,19724.96383712
