reservoir,value
1,40802.61777514868
2,11564.17704315887
3,6393.326886476456
4,4425.314570042013
