reservoir,value
1,77498.64697232323
2,0.0
3,9818.455519716987
4,12744.9
