reservoir,value
1,28103.187823959714
2,3756.0717047645635
3,12596.179211019942
4,12500.204528517688
