reservoir,value
1,14173.620698953784
2,17034.248488667734
3,4316.3071262522335
4,4507.87664761258
