reservoir,value
1,45484.39364756811
2,12020.8392530398
3,9970.643090098041
4,13901.412238643745
