reservoir,value
1,140409.33398821132
2,7684.927501521137
3,16159.371033492698
4,12744.9
