reservoir,value
1,34636.404731185794
2,3745.280422307665
3,4221.7371664951625
4,5612.84373188304
