reservoir,value
1,111302.73702829328
2,0.0
3,14653.514292795437
4,12744.9
