reservoir,value
1,39470.631239007605
2,3278.87881876189
3,24719.26074535101
4,18229.44390983568
