reservoir,value
1,178318.23451360053
2,4265.758362400006
3,39008.56330287001
4,0.0
