reservoir,value
1,27845.38112479882
2,7307.348060999867
3,4761.9915170532595
4,1439.4004030362714
