reservoir,value
1,41937.85611855683
2,0.0
3,12151.008453586805
4,1759.583015554659
