reservoir,value
1,21748.089916137127
2,8959.371079221746
3,4272.567347665141
4,1310.0976183608905
