reservoir,value
1,1495.6484433907742
2,0.0
3,1104.2799171017596
4,2197.9822917587485
