reservoir,value
1,72730.00702809475
2,9146.492550457106
3,22140.22947384735
4,20145.39919465405
