reservoir,value
1,12889.921520762353
2,1895.2248412034223
3,3146.099814529858
4,2354.4233655483927
