reservoir,value
1,50642.8664162186
2,0.0
3,8698.800017276613
4,8458.643161606682
