reservoir,value
1,29546.018616847818
2,18727.54010274642
3,2717.5145236570565
4,1848.6431331491578
