reservoir,value
1,6984.222870360245
2,15195.203638021567
3,0.0
4,861.7974486790328
