reservoir,value
1,49049.51970617869
2,2827.493671764529
3,7678.107227605186
4,7833.315045563064
