reservoir,value
1,16595.66516688122
2,7028.162821428919
3,3583.7273476340065
4,7600.514619104071
