reservoir,value
1,106931.62341241502
2,2740.275240804558
3,30900.81019080113
4,12744.9
