reservoir,value
1,50100.904686097536
2,3588.8044502417933
3,25142.302773345185
4,22121.664445335744
