reservoir,value
1,0.0
2,0.0
3,15241.40277334518
4,11491.602562401024
