reservoir,value
1,178904.77748189418
2,12764.263135161404
3,11446.080822988588
4,12744.9
