reservoir,value
1,20567.45553553096
2,7140.034201462839
3,3821.1676491605785
4,2966.6864324664753
