reservoir,value
1,30825.509897955548
2,0.0
3,724.8676491570301
4,6370.248449004104
