reservoir,value
1,39743.348821200154
2,6281.646227324737
3,5616.946419627477
4,3106.203968974427
