reservoir,value
1,119272.38335155233
2,10319.937787192666
3,15411.768475842073
4,40.46802906174574
