reservoir,value
1,15334.160418028718
2,21024.140128796415
3,3860.199528503875
4,2852.368215974194
