reservoir,value
1,98822.07532237322
2,19617.2
3,23074.961100135206
4,12023.268215974193
