reservoir,value
1,147362.9867161263
2,19617.2
3,40261.62508791859
4,10712.799200549747
