reservoir,value
1,39053.3845402303
2,20168.807599385782
3,6081.011856134579
4,12194.971474508618
