reservoir,value
1,126138.76320268345
2,19617.2
3,8871.271666021563
4,12059.70271284211
