reservoir,value
1,66050.65315119587
2,15297.232563914522
3,37667.8580334953
4,394.3340835035465
