reservoir,value
1,119549.88893362976
2,2613.3396928376033
3,19747.084868324066
4,8494.389531032879
