reservoir,value
1,21779.907988594987
2,5286.929546005802
3,4148.922632353278
4,6239.054627896181
