reservoir,value
1,125299.37194357753
2,0.0
3,7068.722940950608
4,11354.054627898096
