reservoir,value
1,41981.213419669686
2,7330.302652563187
3,11851.410170783305
4,9639.823098530935
