reservoir,value
1,0.0
2,14739.005016697089
3,2657.214832556836
4,2498.2230985309343
