reservoir,value
1,23571.94584013872
2,20868.62352331618
3,5408.943331828049
4,5201.383211663995
