reservoir,value
1,133237.9471521865
2,0.0
3,41109.08650907695
4,12744.9
