Reservoir_1,Reservoir_2,Reservoir_3,Reservoir_4
55899.53854,7237.840244,14156.975,10551.62268
