State_1,State_2,State_3,State_4,State_5,State_6,State_7,State_8,State_9,State_10
0.1525,0.1075,0.13125,0.14,0.02375,0.09125,0.015,0.03625,0.06625,0.23625
