reservoir,value
1,43843.69545855163
2,7807.527634280124
3,10730.711697121838
4,13387.405812307627
