reservoir,value
1,104268.0474260398
2,11363.176077269827
3,10737.276005131118
4,7244.470165910724
