reservoir,value
1,27896.48683373075
2,6439.022268436531
3,8009.087179982063
4,12970.04738197504
