reservoir,value
1,16712.204236546517
2,3816.140995528668
3,2995.02542303733
4,792.8644576292254
