reservoir,value
1,122963.20576690524
2,0.0
3,30249.516720745356
4,10083.89777515195
