reservoir,value
1,76638.67112841053
2,15693.173416194553
3,8409.971245015307
4,10549.918261784056
