reservoir,value
1,57103.34019608849
2,6165.675928892125
3,6290.477731664419
4,15496.451040926182
