reservoir,value
1,11689.04019608843
2,0.0
3,0.0
4,7866.551040926182
