reservoir,value
1,82667.51000000072
2,19617.2
3,26167.099999999995
4,0.0
