reservoir,value
1,25958.962769906924
2,24520.249916088957
3,4355.439070076098
4,3511.8685051073508
