reservoir,value
1,29028.050530489978
2,9424.244541841948
3,3546.3275137166543
4,4231.186010402393
