reservoir,value
1,160539.02946668034
2,0.0
3,7706.336780195529
4,10398.086010402392
