reservoir,value
1,34660.99842246859
2,11823.919834395845
3,3480.0865943623007
4,1895.4444780156784
