reservoir,value
1,152998.0688394218
2,18359.619834395973
3,16865.02727771653
4,9743.021645397095
