reservoir,value
1,5796.747997087383
2,0.0
3,0.0
4,4802.10884483162
