reservoir,value
1,118062.85693744202
2,0.0
3,17407.778521912987
4,9405.083801754174
