reservoir,value
1,43757.07428928028
2,7242.942975848378
3,12920.83045407078
4,7153.109813727918
