reservoir,value
1,71034.3228173101
2,10279.852635705594
3,3157.4429277097197
4,0.0
