reservoir,value
1,21337.28205907721
2,11783.756041577337
3,2987.395036207054
4,1576.34985005052
