reservoir,value
1,57033.08766252792
2,16482.93781065122
3,12071.340868543486
4,6747.320255502456
