reservoir,value
1,74793.06408361814
2,0.0
3,13678.86054325778
4,12744.9
