reservoir,value
1,0.0
2,0.0
3,14386.02451582733
4,23010.55733147644
