reservoir,value
1,118274.21594001516
2,0.0
3,51806.1
4,1182.046395323609
