reservoir,value
1,23152.617478621287
2,13075.841186885053
3,3312.7374946565715
4,3236.3476435255
