reservoir,value
1,73057.0671103115
2,1713.3401653672681
3,15787.05872277401
4,12407.2476435255
