reservoir,value
1,25254.175746594905
2,9086.686515958205
3,6401.130115417515
4,5542.290534300488
