reservoir,value
1,38907.13010445061
2,10332.23985425445
3,5607.260343693848
4,4268.2976034552
