reservoir,value
1,45408.123388960135
2,16867.93985425445
3,1410.301223405284
4,0.0
