reservoir,value
1,34528.4565688383
2,2911.695358973424
3,4628.107700016615
4,8804.8417578983
