reservoir,value
1,145779.3239458722
2,0.0
3,7239.5164589366195
4,10318.68124689922
