reservoir,value
1,44804.43516206965
2,14190.297012822792
3,7885.700517319432
4,15449.96197712631
