reservoir,value
1,139124.1534424506
2,1318.5805824383733
3,13499.539194125864
4,12744.9
