reservoir,value
1,48083.33212628
2,6653.784748960001
3,15449.093633999999
4,16783.210071010002
