reservoir,value
1,116786.16437524179
2,0.0
3,25448.045634000002
4,2177.375893910856
