reservoir,value
1,38068.48789074622
2,4814.938468909042
3,10742.441002604543
4,6886.382748758722
