reservoir,value
1,42120.40272897224
2,10524.964929666536
3,10074.700511170138
4,8788.682082132644
