reservoir,value
1,80247.53599568999
2,0.0
3,11075.155065475088
4,5166.749621599967
