reservoir,value
1,19964.79327725155
2,7604.462322757514
3,6184.256785277385
4,5881.002275390293
