reservoir,value
1,60140.17135422157
2,0.0
3,43236.77333530454
4,11370.902275390294
