reservoir,value
1,38204.46325496219
2,6445.439337157219
3,7261.241372716015
4,2207.8060801751167
