reservoir,value
1,81581.56608659383
2,0.0
3,0.0
4,365.586714387633
