reservoir,value
1,133515.61066809378
2,1507.4127726701317
3,16811.92941017866
4,11862.194300578434
