reservoir,value
1,96269.44451004942
2,0.0
3,11762.142114933702
4,5826.283705894035
