reservoir,value
1,32558.033138883584
2,7127.14572358429
3,7607.229802660551
4,3525.648351297349
