reservoir,value
1,10791.858538049662
2,0.0
3,16241.924906560997
4,6213.4151184828115
