reservoir,value
1,11986.930270010884
2,6062.297051148019
3,3193.9717403097948
4,1860.120604280878
