reservoir,value
1,73222.53651515009
2,0.0
3,4290.875536710583
4,6735.619484650805
