reservoir,value
1,28023.66041022936
2,6059.783042786092
3,4376.868608834745
4,5193.053985692119
