reservoir,value
1,110131.51264151969
2,0.0
3,27620.06688450361
4,12744.9
