reservoir,value
1,22407.826915383113
2,8535.865934029103
3,2654.8363243970907
4,1566.1136729227037
