reservoir,value
1,3311.739878892945
2,1611.0839063568494
3,0.0
4,1053.8141646022239
