reservoir,value
1,20090.950328942927
2,6688.247381666641
3,3129.6150633569455
4,1951.497543250177
