reservoir,value
1,20699.242192858615
2,4642.352593411415
3,2413.461990717793
4,5424.35255163653
