reservoir,value
1,20513.241368468454
2,8172.603930549779
3,11387.75783514115
4,3647.0160368837496
