reservoir,value
1,88090.9566830236
2,158.48003280559897
3,51806.1
4,8762.01603688375
