reservoir,value
1,22201.655877858208
2,3247.402589602545
3,4917.223130634168
4,3249.849924421822
