reservoir,value
1,34587.53161441311
2,8100.335324108668
3,13834.917327630208
4,5706.911881901742
