reservoir,value
1,45990.57322806129
2,7561.3353241075965
3,15552.743339444136
4,0.0
