reservoir,value
1,36475.96477656596
2,0.0
3,9822.81231476686
4,4335.699532825514
