reservoir,value
1,177189.54693743965
2,19617.2
3,34607.771784398996
4,12744.9
