reservoir,value
1,25407.104294350604
2,15902.225705649766
3,18648.2
4,12744.9
