reservoir,value
1,60820.892596238366
2,3090.758735839682
3,7822.702939638784
4,4191.665456609375
