reservoir,value
1,41887.83587376225
2,0.0
3,0.0
4,331.52961206562753
