reservoir,value
1,16731.95682756855
2,12308.751595076264
3,2946.0926745368683
4,1678.8724097606819
