reservoir,value
1,18015.26865832698
2,8093.744116343552
3,4029.1799110892794
4,4162.077561470506
