reservoir,value
1,130551.9704194307
2,0.0
3,31115.679011362434
4,12609.759174912004
