reservoir,value
1,58081.67326585538
2,2850.4290325838615
3,12414.774704202613
4,7037.215046397931
