reservoir,value
1,49616.302645430005
2,6035.57464664
3,6947.39370537
4,7993.923393200001
