reservoir,value
1,136598.56719206998
2,0.0
3,11559.933005370003
4,7450.149393200311
