reservoir,value
1,38792.51862127637
2,19617.2
3,8218.350469756671
4,8870.69012686592
