reservoir,value
1,73055.78324840918
2,9346.079822898075
3,1836.2743273183241
4,83.31545782176954
