reservoir,value
1,19655.664526322395
2,30248.472697383942
3,2366.363812429042
4,1837.4844643994525
