reservoir,value
1,44401.77851528261
2,19617.2
3,3317.9769657467023
4,841.2291433791797
