reservoir,value
1,39605.76095936881
2,10792.450789548857
3,7626.768490383881
4,9398.330797696102
