reservoir,value
1,172451.2308053298
2,0.0
3,43463.93741255238
4,12744.9
