reservoir,value
1,21478.68988126589
2,18923.740984167256
3,4234.671297981872
4,6228.968776192911
