reservoir,value
1,104786.45225721141
2,5842.240984167256
3,38241.95476489287
4,12744.9
