from,to,value
1,1,0.0
1,2,0.0
1,3,600.0
1,4,0.0
1,5,837.103793792814
2,1,2616.9372113266913
2,2,0.0
2,3,0.0
2,4,0.0
2,5,0.0
3,1,0.0
3,2,0.0
3,3,0.0
3,4,0.0
3,5,0.0
4,1,0.0
4,2,0.0
4,3,0.0
4,4,0.0
4,5,0.0
5,1,0.0
5,2,0.0
5,3,821.6000000000004
5,4,15.503793792813667
5,5,0.0
