reservoir,value
1,41109.344909042804
2,6611.25270286338
3,10723.599283283058
4,3723.841770685316
