reservoir,value
1,47682.049410406624
2,5711.971486873987
3,2370.4337403585505
4,0.0
