reservoir,value
1,0.0
2,0.0
3,15346.690826342694
4,6508.468666676134
