reservoir,value
1,21930.807394079508
2,16650.426532936843
3,2983.6515850443625
4,3005.1175276933354
