reservoir,value
1,121186.8183570168
2,19617.2
3,23451.37761486685
4,12176.017527693335
