reservoir,value
1,24702.86094375444
2,12135.700000000123
3,9050.2
4,12744.9
