reservoir,value
1,22083.533457104328
2,12805.7
3,49979.39993048236
4,12744.9
