reservoir,value
1,108071.26230792882
2,3558.639199999683
3,23987.986100000002
4,12744.9
