reservoir,value
1,28769.92593673863
2,13604.266998150355
3,3359.004998148691
4,3448.7563674846097
