reservoir,value
1,140731.84366641304
2,6344.094777694323
3,22197.566225654413
4,9615.656367486568
