reservoir,value
1,12940.863439904238
2,7278.41869714446
3,3908.9600646012345
4,3141.991263110365
