reservoir,value
1,64060.16073456575
2,0.0
3,20227.373384541053
4,11345.39617482797
