reservoir,value
1,30002.74722859415
2,7232.756657311186
3,10042.60191318221
4,8533.297926437064
