reservoir,value
1,34582.96042746347
2,4935.009390750675
3,12857.65738414911
4,18961.05138621359
