reservoir,value
1,0.0
2,10365.189335478604
3,13854.957345092509
4,0.0
