reservoir,value
1,13710.504294284787
2,8101.505452218422
3,4999.969655061553
4,3700.767116946007
