reservoir,value
1,45276.41607165575
2,2896.135772562188
3,8899.317421424716
4,16111.06225256907
