reservoir,value
1,149450.53661733377
2,5112.667698939328
3,27622.81253620185
4,12744.9
