reservoir,value
1,24595.34297023596
2,10603.278165291993
3,8044.608822113648
4,7212.986412981895
