reservoir,value
1,117968.23298078869
2,722.5028018329358
3,40510.90792706427
4,12327.986412981892
