reservoir,value
1,68813.0777290377
2,4244.442408968131
3,34867.60179317492
4,2613.907869022235
