reservoir,value
1,66886.81576730669
2,0.0
3,39816.894415002826
4,12744.9
