reservoir,value
1,16870.997189561225
2,6937.913578915036
3,3968.8026812319376
4,3575.542992022666
