reservoir,value
1,84032.3615582551
2,0.0
3,19181.32994312228
4,11536.695346459152
