reservoir,value
1,44962.00883525685
2,5978.379564919543
3,6389.916910152589
4,3067.234285913997
