reservoir,value
1,14896.657060363548
2,10296.666554973708
3,2392.424743271267
4,2213.8662807875276
