reservoir,value
1,89467.61416896289
2,0.0
3,2574.1120979195475
4,11571.766280787528
