reservoir,value
1,140523.34022218396
2,0.0
3,28923.982754084274
4,12744.9
