reservoir,value
1,21578.481393573522
2,4320.644689558582
3,4722.371646314371
4,5121.093669559321
