reservoir,value
1,13764.260631973037
2,9984.757861937207
3,3139.059005337068
4,2637.929055605907
