reservoir,value
1,73818.22085975038
2,0.0
3,14499.974034254163
4,7752.929055597562
