reservoir,value
1,14341.472600346859
2,4913.068447438639
3,2651.707278817926
4,2497.1413298526645
