reservoir,value
1,56173.3249949791
2,0.0
3,27094.694957976335
4,9786.714996946006
