reservoir,value
1,101037.02284280986
2,0.0
3,19689.959748380137
4,12744.9
