reservoir,value
1,29660.789876610204
2,10795.546684489234
3,5749.561027177445
4,9885.037796075561
