reservoir,value
1,117159.32017577215
2,10275.687958931207
3,30471.204413516618
4,12744.9
