reservoir,value
1,16503.90797694533
2,28391.351069085325
3,2419.478824215252
4,1657.6004190641556
