reservoir,value
1,40114.34023929096
2,18507.712991649707
3,11968.306211276016
4,4337.954599167526
