reservoir,value
1,25516.741652239023
2,1784.0603003220076
3,6556.6374084456575
4,10611.923691962062
