reservoir,value
1,91764.38418336792
2,0.0
3,26384.76578219716
4,12744.9
