reservoir,value
1,171028.35951815412
2,0.0
3,36426.709332591396
4,11550.07679643249
