reservoir,value
1,20082.72468508718
2,16748.136099499876
3,3777.3263223470008
4,3075.669293760273
