reservoir,value
1,104058.58705256088
2,3666.636099499876
3,33541.17665636472
4,12246.569293760273
