reservoir,value
1,35982.955511092085
2,15940.934480285987
3,4489.600160703234
4,3060.1009206338113
