reservoir,value
1,20667.114720109203
2,10233.598139249683
3,4581.291552574609
4,2235.8263325835464
