reservoir,value
1,49059.30823532952
2,0.0
3,4812.411336802808
4,1207.7924790325123
