reservoir,value
1,42308.336198949546
2,1963.8558772993608
3,12773.100338701293
4,15952.169450433597
