reservoir,value
1,126398.61524013893
2,0.0
3,18123.1452428713
4,12744.9
