reservoir,value
1,54283.0008313853
2,7985.072349443693
3,0.0
4,0.0
