reservoir,value
1,34186.5639124529
2,4183.7330332083075
3,21257.561101355528
4,14330.748802023294
