reservoir,value
1,123256.24968457119
2,0.0
3,45549.21552630553
4,12744.9
