reservoir,value
1,107501.89038670328
2,10775.511765395924
3,37746.27114587247
4,1660.3985241482414
