reservoir,value
1,17268.446227771285
2,14329.378006831488
3,3767.376601866004
4,2484.905353493111
