reservoir,value
1,90624.91257261943
2,1247.8780068314882
3,8750.850816872025
4,2328.8871129739214
