reservoir,value
1,72957.54404395798
2,2359.276675645531
3,24373.33410617312
4,189.61338181989422
