reservoir,value
1,26045.226658873
2,7938.809258015305
3,8660.727646382727
4,11635.701581986239
