reservoir,value
1,24346.897896299557
2,8507.088277930925
3,4228.302476977735
4,1953.6497638515066
