reservoir,value
1,115160.83754423418
2,11893.95739044997
3,28139.015937868637
4,3260.8957744510717
