reservoir,value
1,27811.69371492113
2,24546.46164483183
3,5607.7163054420635
4,2618.138481146391
