reservoir,value
1,4140.3384516021015
2,0.0
3,9423.53144708593
4,0.0
