reservoir,value
1,33687.02982314331
2,4162.460962981042
3,14959.046359025146
4,15428.168558144313
