reservoir,value
1,48228.132119256494
2,4670.880553304672
3,15557.783706282356
4,14200.373951446249
