reservoir,value
1,137346.15229909838
2,0.0
3,43156.55264006294
4,6577.986344827614
