reservoir,value
1,21777.201885585877
2,0.0
3,10017.707977158143
4,2038.1947171171196
