reservoir,value
1,196576.00324164162
2,11478.649556160575
3,12006.333440127972
4,12744.9
