reservoir,value
1,81668.77184617473
2,11511.779559942452
3,19764.99860338538
4,2736.145381895667
