reservoir,value
1,68179.2639984523
2,1856.5623316019805
3,17643.669961517244
4,18930.982583401597
