reservoir,value
1,102259.02842158363
2,6215.415676275688
3,18338.275669890885
4,0.0
