reservoir,value
1,54399.20847494755
2,9554.68728650405
3,18878.92375453135
4,15527.497448361197
