reservoir,value
1,95347.44287840306
2,8511.836152967559
3,37710.012453502284
4,5715.387865761443
