reservoir,value
1,30798.93619864579
2,19236.550680218596
3,4085.4605988679136
4,8705.099464179846
