reservoir,value
1,116525.11085881674
2,6155.0506802185955
3,9269.529420100444
4,12744.9
