reservoir,value
1,16895.09900861317
2,29456.703638318075
3,4561.635757443415
4,2028.6230868714179
