reservoir,value
1,64250.03024080258
2,18554.08316062059
3,12454.187059653608
4,2339.4148557703156
