reservoir,value
1,30768.31630632687
2,6450.068052462017
3,7278.288413319326
4,10111.374052427343
