reservoir,value
1,184167.78877780118
2,3254.032059468107
3,48704.00134245388
4,10502.351727596766
