reservoir,value
1,24087.895567169282
2,4128.370252458883
3,7283.1896973841285
4,5159.197589297358
