reservoir,value
1,10709.347814538574
2,5375.383457538787
3,0.0
4,0.0
