reservoir,value
1,132046.93269767408
2,0.0
3,5942.614065956855
4,12744.9
