reservoir,value
1,100460.69667684063
2,5331.71645885908
3,30387.26529933534
4,24187.730168387243
