reservoir,value
1,123700.60551861454
2,19617.2
3,18833.64703347956
4,12559.592781305004
