reservoir,value
1,16673.294070268294
2,7792.311341925702
3,3524.126152899528
4,2247.5742908704797
