reservoir,value
1,90468.55695481291
2,0.0
3,15907.08476496371
4,266.1569771076147
