reservoir,value
1,45489.42312369874
2,11562.813653331945
3,9077.814534834732
4,15709.675732443044
