reservoir,value
1,173588.6936593475
2,0.0
3,19878.815055757383
4,12744.9
