reservoir,value
1,11694.731425471155
2,14304.040654925528
3,3050.9781874497344
4,1344.9080209841534
