reservoir,value
1,14374.346044794089
2,19617.2
3,22734.188276109584
4,3323.1325827237865
