reservoir,value
1,200717.6
2,7853.617533995344
3,22926.839004219873
4,4961.655449231172
