reservoir,value
1,16577.316362517588
2,11905.170535410725
3,3016.518980681407
4,2818.581879484788
