reservoir,value
1,57594.1937417493
2,0.0
3,10189.571100666488
4,7933.581879484747
