reservoir,value
1,22559.62476304933
2,7053.2691859202905
3,5026.964107411344
4,3800.5553676334653
