reservoir,value
1,76783.55716150382
2,0.0
3,17845.471960522813
4,12744.9
