reservoir,value
1,31820.81837007217
2,13835.662377377761
3,8693.739453895716
4,4872.020047877036
