reservoir,value
1,110309.35217727182
2,754.162377377761
3,50598.93945389571
4,9987.020047877035
