region,depth,value
1,1,2261.7000000000003
1,2,564.85
1,3,0.0
1,4,335.05
2,1,1582.181772388817
2,2,0.0
2,3,0.0
2,4,335.05
3,1,0.0
3,2,0.0
3,3,0.0
3,4,0.0
4,1,0.0
4,2,0.0
4,3,0.0
4,4,0.0
