reservoir,value
1,16907.407153141827
2,10163.13215359702
3,3515.133198882154
4,2525.0496432453137
