reservoir,value
1,113443.17277553094
2,11302.898284442144
3,31011.58532990821
4,4488.029753410136
