reservoir,value
1,33529.729341914506
2,15383.439878858915
3,3504.648550415256
4,4448.148512366079
