reservoir,value
1,16601.57372726102
2,6512.781938609309
3,3332.2983483541325
4,2237.5879769543058
