reservoir,value
1,89309.00834783877
2,2445.266740273315
3,4550.789000884354
4,7261.141523008391
