reservoir,value
1,15372.186312524775
2,10485.03190658694
3,2675.1468300818588
4,2457.10648542765
