reservoir,value
1,76611.50175115811
2,0.0
3,9818.153945714232
4,4304.811673416476
