reservoir,value
1,101509.28596151575
2,9258.872557972403
3,5242.346797419436
4,26.64501504740838
