reservoir,value
1,107801.05075836774
2,9622.037968224591
3,38001.63215847616
4,4777.889080870998
