reservoir,value
1,41581.22435850564
2,10448.548906844822
3,7949.053525331439
4,4308.369521507875
