reservoir,value
1,68733.75643551804
2,8053.572506276205
3,14683.50921680798
4,0.0
