reservoir,value
1,21721.782079751923
2,4442.808159321892
3,6371.795666297608
4,7753.075602033241
