reservoir,value
1,109713.9072908087
2,11618.155528175035
3,48276.995666297604
4,12744.9
