reservoir,value
1,161834.34802294872
2,2728.1093814811866
3,43711.97579725001
4,7141.128658162268
