reservoir,value
1,22611.374470870716
2,9775.147377688654
3,4774.02737332873
4,6203.484203089895
