reservoir,value
1,106348.83020856333
2,10114.889628422012
3,32246.84790420881
4,3485.438327218597
