reservoir,value
1,59571.161003841255
2,3506.3428111916146
3,1548.167552135889
4,666.3760324715208
