reservoir,value
1,18102.814229236894
2,4287.4112874843895
3,3614.408514180253
4,2770.609601418868
