reservoir,value
1,77516.94661008724
2,0.0
3,8158.3339062910745
4,12273.509601415048
