reservoir,value
1,49018.42104290289
2,16454.48426468346
3,8025.839901286959
4,16007.052034846434
