reservoir,value
1,171058.17523034112
2,8905.411742393297
3,24835.27162317594
4,12744.9
