reservoir,value
1,41068.839454431014
2,7001.307562483969
3,11539.485524113494
4,14366.73405285629
