reservoir,value
1,112991.22540854619
2,0.0
3,16804.571842777088
4,12744.9
