reservoir,value
1,44059.43731931832
2,54157.41515799937
3,5600.065830925492
4,8752.446279349972
