reservoir,value
1,17771.76434415665
2,5443.653528632838
3,3356.5159963589845
4,2168.4427973533234
