reservoir,value
1,28575.650165734434
2,17840.238109785492
3,5519.221133112518
4,16220.14534811693
