reservoir,value
1,129201.38995579386
2,4758.738109785492
3,29873.752254441864
4,12744.9
