reservoir,value
1,26529.759915581417
2,10800.5098184528
3,4292.392430109361
4,3048.2291265694444
