reservoir,value
1,25753.259936488634
2,3274.98797500572
3,7666.6393440352
4,9448.16581485258
