plant,value
1,38986.379005176954
2,11319.190994823053
3,9900.9
4,7629.9
