reservoir,value
1,137314.9070633797
2,0.0
3,34499.54186056432
4,7222.620966173141
