reservoir,value
1,114067.1919060983
2,19617.2
3,13520.451471603934
4,12744.9
