reservoir,value
1,26593.864264989734
2,13356.613867413806
3,3604.0685572306775
4,2082.424756879113
