reservoir,value
1,85172.99390675353
2,15063.326666258523
3,7330.107037888709
4,0.0
