from,to,value
1,1,0.0
1,2,0.0
1,3,600.0
1,4,0.0
1,5,2553.49999999999
2,1,827.0770691291837
2,2,0.0
2,3,0.0
2,4,0.0
2,5,0.0
3,1,0.0
3,2,0.0
3,3,0.0
3,4,0.0
3,5,0.0
4,1,0.0
4,2,0.0
4,3,0.0
4,4,0.0
4,5,0.0
5,1,0.0
5,2,0.0
5,3,1363.5999999999904
5,4,1189.8999999996481
5,5,0.0
