reservoir,value
1,58735.25833659107
2,0.0
3,33268.71483714315
4,6278.2489411139595
