reservoir,value
1,138605.6853437318
2,7023.098595397909
3,48592.33686074176
4,12744.9
