reservoir,value
1,20765.950842096634
2,6421.734992826069
3,2506.5105822272726
4,3062.4738065084275
