reservoir,value
1,137585.8810414926
2,8135.305406350868
3,10733.020019737134
4,10262.210279911065
