reservoir,value
1,49270.80199274907
2,16216.49186939593
3,11098.111816267943
4,6221.353742750851
