reservoir,value
1,111087.73957446638
2,8892.534137920971
3,15081.080826900476
4,0.0
