from,to,value
1,1,0.0
1,2,0.0
1,3,0.0
1,4,0.0
1,5,0.0
2,1,5193.278078335815
2,2,0.0
2,3,0.0
2,4,0.0
2,5,0.0
3,1,202.35760578418936
3,2,0.0
3,3,0.0
3,4,0.0
3,5,0.0
4,1,0.0
4,2,0.0
4,3,0.0
4,4,0.0
4,5,6.864315879995047
5,1,6.864315880001811
5,2,0.0
5,3,0.0
5,4,0.0
5,5,0.0
