reservoir,value
1,35439.546083266934
2,4636.181065483782
3,5670.125955135276
4,6662.135684120005
