reservoir,value
1,15421.076701759983
2,14695.46104519935
3,2645.2785772816833
4,1839.0502345594975
