reservoir,value
1,55594.73090360001
2,5259.165479470001
3,13088.827981790002
4,14402.143776
