reservoir,value
1,21047.136285522927
2,24299.46744252055
3,7601.167791067885
4,3166.5747711310382
