reservoir,value
1,13398.011201868721
2,16976.77094446572
3,39613.10696692098
4,5269.478208880814
