reservoir,value
1,13449.273615675445
2,5245.75430090392
3,2804.673283547711
4,1658.14672892533
