reservoir,value
1,31890.28028272179
2,0.0
3,7257.298271263979
4,8630.704361264174
