reservoir,value
1,77700.77109342
2,10065.464098
3,20963.429331279996
4,24684.27224675
