reservoir,value
1,86466.69148469498
2,0.0
3,27209.61435009857
4,12744.9
