reservoir,value
1,24745.880179239706
2,5805.4718359518265
3,12349.469725715942
4,10664.749366174947
