reservoir,value
1,13097.074251440084
2,3676.6347594444405
3,4313.103472166614
4,5089.313700345318
