reservoir,value
1,10425.614402742887
2,6574.949547932355
3,1921.2034564852054
4,1312.791215941157
