reservoir,value
1,137420.73938866684
2,0.0
3,5149.114302710342
4,8059.601083626156
