reservoir,value
1,44895.087104753205
2,2149.553749920149
3,16887.42784309503
4,16033.146216638223
