reservoir,value
1,107764.3157087027
2,0.0
3,51806.1
4,11268.530125680541
