reservoir,value
1,117958.71179465401
2,1375.8370003320526
3,51806.1
4,0.0
