reservoir,value
1,18008.76870606968
2,6153.132183352145
3,4609.3409136495375
4,3120.431746484691
