reservoir,value
1,102188.96862964105
2,0.0
3,42713.047555238176
4,11212.78664160725
