reservoir,value
1,127188.9578337582
2,2535.072297936372
3,18721.612046971033
4,12744.9
