reservoir,value
1,14299.748976577705
2,3234.793069470138
3,4248.514028508839
4,1942.7538998607101
