reservoir,value
1,155776.59823794
2,1391.8168726799968
3,34503.45140825
4,0.0
