reservoir,value
1,15660.632414577874
2,8106.944803075908
3,4386.108326369677
4,1920.7937872428272
