reservoir,value
1,20029.305416439616
2,5120.7295251938585
3,3143.5720824098785
4,1793.3970505698721
