reservoir,value
1,88112.58701509255
2,1871.133399037989
3,11233.14749749606
4,2520.3742341781603
