reservoir,value
1,108943.50359160738
2,0.0
3,13937.050224522902
4,12744.9
