reservoir,value
1,49853.14059422753
2,24948.33036319097
3,2955.36419694985
4,9798.561791137241
