reservoir,value
1,4438.840594227528
2,24062.04787569183
3,0.0
4,2168.6617911372414
