reservoir,value
1,97186.51771371141
2,280.1561565221256
3,146.86585810349976
4,4535.29676675119
