reservoir,value
1,25236.82288598351
2,5720.481989293645
3,5494.204165700377
4,6608.743723806838
