reservoir,value
1,102356.44740351268
2,0.0
3,30379.422240593325
4,12744.9
