reservoir,value
1,59106.47030387785
2,4951.0491787396
3,10023.57847389071
4,3661.436403402985
