reservoir,value
1,70994.1538327341
2,3953.6223201905377
3,352.87971332355846
4,0.0
