reservoir,value
1,48625.6039373043
2,4988.472485644815
3,11250.212112664036
4,5189.00511692912
