reservoir,value
1,16981.232345864795
2,17124.94288594028
3,4136.010886539426
4,2711.062056668621
