reservoir,value
1,34066.666008486696
2,7432.070981010244
3,14535.540665905883
4,16229.042121249913
