reservoir,value
1,18543.064491684992
2,5461.780241016917
3,3889.3679434060437
4,4258.759886051434
