reservoir,value
1,90392.61932908256
2,0.0
3,21878.564997380476
4,12744.9
