reservoir,value
1,160022.10143086495
2,13216.140702842022
3,48092.802168074406
4,9764.399196305487
