reservoir,value
1,5090.7734492523
2,7439.983979389894
3,75.45693281229914
4,3165.2375264515344
