reservoir,value
1,15837.855189617167
2,43447.18024246626
3,2564.751221693917
4,2034.1234147257692
