reservoir,value
1,11170.776705038108
2,19617.2
3,6099.17037680271
4,3045.300381989129
