reservoir,value
1,33251.817902351075
2,0.0
3,11295.381383608756
4,10208.095654557905
