reservoir,value
1,47742.703052496436
2,0.0
3,29166.254848867597
4,12744.9
