reservoir,value
1,20958.47848100635
2,6864.717689180372
3,3713.2469062783043
4,5166.0254972620605
