reservoir,value
1,56332.14800766184
2,0.0
3,8814.020262476006
4,12744.9
