reservoir,value
1,50470.73650249136
2,5408.5021384954725
3,7422.2324751871565
4,19269.941924661594
