reservoir,value
1,149400.55519562683
2,0.0
3,19748.19317546716
4,12450.339415707249
