reservoir,value
1,40303.60526880418
2,17238.205690902083
3,4105.090014157595
4,2169.9954924983945
