reservoir,value
1,82882.93701623111
2,384.58480135319405
3,14642.879416026668
4,9353.08485844954
