reservoir,value
1,32603.1503215997
2,4050.6746838916406
3,14662.395240113849
4,16671.70751890597
