reservoir,value
1,112324.20680345083
2,0.0
3,37191.72475441536
4,12594.887777609287
