reservoir,value
1,30508.782603287975
2,19617.2
3,32706.199999999997
4,12744.9
