reservoir,value
1,36872.51748844003
2,4707.710269508176
3,12045.622451305218
4,6291.126551974638
