reservoir,value
1,68949.29824827368
2,10853.310162171212
3,10830.106143776726
4,12745.151367400262
