reservoir,value
1,74297.55097818976
2,9784.706031225496
3,7012.589974430913
4,5115.251367400262
