reservoir,value
1,141206.422469
2,5256.663080449998
3,42566.46995774001
4,3934.6907387433953
