reservoir,value
1,45561.20862061757
2,0.0
3,0.0
4,105.17547205774736
