reservoir,value
1,134872.52005398404
2,1348.6320328962793
3,14073.333911364698
4,12744.9
