reservoir,value
1,131369.43276563002
2,0.0
3,10895.169811740005
4,12051.997324212673
