reservoir,value
1,4638.670160051632
2,867.4169183913824
3,1644.3703231671016
4,474.34669381129487
