reservoir,value
1,44640.559594794264
2,11220.061501874456
3,7394.546723157804
4,20444.09967107825
