reservoir,value
1,56027.05224427648
2,4449.409133037914
3,18975.60837355876
4,8819.151169884182
