reservoir,value
1,41082.60954535499
2,9506.87990774004
3,46780.8899931027
4,1189.2511698841827
