reservoir,value
1,15976.84909336071
2,13032.20605721773
3,2087.9237749695017
4,1438.4294199441822
