reservoir,value
1,26882.89789038963
2,10530.714451044285
3,5139.3915970247435
4,5741.649952692516
