reservoir,value
1,43608.8289142572
2,1973.1830676765153
3,13027.729769281057
4,25990.74008636988
