reservoir,value
1,95597.25962763591
2,0.0
3,42762.00920687952
4,3105.1522049345594
