reservoir,value
1,36408.54113208652
2,5629.738777513972
3,19199.364244128894
4,5468.007659235465
