reservoir,value
1,43133.943260590095
2,8311.76255346474
3,21241.407778874116
4,11961.790578014072
