reservoir,value
1,94775.31609015039
2,17204.982875755937
3,39338.01847849737
4,4331.890578014072
