reservoir,value
1,106529.86341427443
2,4181.137099839103
3,12963.739146748725
4,15789.404994613122
