reservoir,value
1,189095.8694049403
2,14615.349837255266
3,4792.355991389028
4,6475.332248078323
