plant,value
1,43811.36000000001
2,10128.76
3,9900.9
4,7275.600000000002
