reservoir,value
1,0.0
2,5766.735414109353
3,0.0
4,13528.399999999998
