reservoir,value
1,33004.85458589147
2,19617.2
3,31776.699999999997
4,12744.9
