reservoir,value
1,31657.58177560225
2,9202.847146662458
3,10959.619229042082
4,8556.327893200914
