reservoir,value
1,98984.22397873456
2,0.0
3,12088.040398608764
4,6113.822418468062
