reservoir,value
1,50231.619688254206
2,12293.584169381256
3,5682.633761794109
4,13445.71201227722
