reservoir,value
1,169186.98019696743
2,0.0
3,16666.31767370172
4,12744.9
