reservoir,value
1,100524.75529884188
2,11671.061167594356
3,7392.535176650097
4,2523.048185995225
