reservoir,value
1,70107.90608849
2,6942.377825040001
3,18272.840564640002
4,21450.335540599997
