reservoir,value
1,134864.78641352986
2,0.0
3,26475.625364640007
4,12744.9
