reservoir,value
1,29479.933556977565
2,10482.984787047382
3,2883.4300948125046
4,2351.5606891744637
