reservoir,value
1,16010.426852389759
2,12410.45314794431
3,2065.669191346509
4,2184.5753827932945
