reservoir,value
1,35076.90019082468
2,0.0
3,8018.54794449555
4,5184.802895954028
