reservoir,value
1,46816.507094607296
2,15134.781366585652
3,6617.766000222879
4,14649.272208924996
