reservoir,value
1,125107.52508020554
2,12756.689299377973
3,27576.115383764758
4,12744.9
