reservoir,value
1,82334.00645674896
2,6839.087740589355
3,2886.0981701056276
4,0.0
