reservoir,value
1,6897.946793840947
2,0.0
3,2478.1972581475898
4,4315.4284941383485
