reservoir,value
1,31224.579544804266
2,6146.169416064209
3,4359.06962170787
4,4616.62436253581
