reservoir,value
1,184192.95011814262
2,3510.3274442344737
3,38381.328117982644
4,9731.62436253581
