reservoir,value
1,53308.70144768
2,7049.010936
3,22658.52480954
4,23980.327432059996
