reservoir,value
1,23806.83417141574
2,9761.90598104292
3,4334.905130084929
4,5383.221570720256
