reservoir,value
1,3954.636176831004
2,2063.80737172113
3,29391.132982932006
4,0.0
