reservoir,value
1,25439.362182553126
2,8151.910755464378
3,5693.511152768266
4,5008.635712342932
