reservoir,value
1,48483.39709118277
2,0.0
3,22554.298873194777
4,12744.9
