reservoir,value
1,13978.294987629586
2,9257.463058172849
3,2815.0410549125168
4,2744.6713693863803
