reservoir,value
1,31109.752838112698
2,8012.632798973484
3,8617.83308027989
4,5703.509422409822
