reservoir,value
1,34718.429009462394
2,23290.82865145021
3,3824.5889053431165
4,1830.8317434377302
