reservoir,value
1,126724.86839812937
2,10209.32865145021
3,3563.203208053459
4,3124.4328270637648
