reservoir,value
1,46199.13652693971
2,4193.898619578548
3,26516.16992797164
4,450.86050289826005
