reservoir,value
1,105082.56409289052
2,4159.895508914793
3,21431.718607317955
4,11748.437242159367
