reservoir,value
1,28507.204128765217
2,37400.3992191411
3,3664.21488905609
4,3939.6613548030514
