reservoir,value
1,107880.88778104614
2,0.0
3,15343.582942774898
4,12744.9
