reservoir,value
1,54967.804357700334
2,5541.832817199437
3,24039.94676909166
4,11111.577974154214
