reservoir,value
1,16329.081331205165
2,16452.293467960444
3,2943.6890154501584
4,2064.5082028319716
