reservoir,value
1,53946.12237874749
2,5637.371329180154
3,2443.6678404574764
4,6505.852655950998
