reservoir,value
1,16008.443401281938
2,5526.938447425042
3,3993.009396361425
4,2792.4571249633104
