reservoir,value
1,102937.62859984786
2,0.0
3,33722.195247172334
4,12744.9
