reservoir,value
1,19910.906601682513
2,6066.333688413903
3,4236.380558144593
4,2868.801429864895
