reservoir,value
1,64327.52100857436
2,0.0
3,5601.218917207757
4,3593.4743459146175
