reservoir,value
1,17690.519602934757
2,6440.205637458194
3,8262.060432067447
4,6195.787161711009
