reservoir,value
1,83844.01053678954
2,634.6534220150552
3,13162.80067746704
4,9339.985555876494
