reservoir,value
1,95900.27252916196
2,1368.2797589144539
3,13044.186000198684
4,12744.9
