reservoir,value
1,70689.7675217389
2,0.0
3,788.5455166622679
4,5503.815047946908
