reservoir,value
1,174515.87646421825
2,0.0
3,49501.57934902386
4,12744.9
