reservoir,value
1,53522.14831380901
2,3836.6787426948413
3,9446.81891996912
4,21508.455719275964
