reservoir,value
1,88758.46426439492
2,0.0
3,28344.487455983264
4,12744.9
