reservoir,value
1,16942.870598647412
2,14613.443691297885
3,2818.4697692857685
4,2309.587531257251
