reservoir,value
1,13101.647927606668
2,14490.364823285592
3,3176.5634796934683
4,1580.3552358803481
