reservoir,value
1,10237.292500234282
2,17551.480351395225
3,18514.428162228476
4,1535.986616436473
