reservoir,value
1,30559.442744669264
2,10678.097799863572
3,4300.177967294192
4,5636.525339301816
