reservoir,value
1,190328.07111519092
2,0.0
3,12808.713964767134
4,12744.9
