reservoir,value
1,30049.675093156904
2,3748.2946461125744
3,4499.32756544872
4,2881.3677404935306
