reservoir,value
1,29989.68603856599
2,12109.87419471384
3,3379.656401271971
4,1941.8448415952655
