reservoir,value
1,33556.65219359837
2,14568.26702658998
3,4194.1987448625005
4,5794.820164765663
