reservoir,value
1,101893.66052804566
2,19617.2
3,7608.802473156136
4,12744.9
