reservoir,value
1,45549.41105539898
2,3240.088099879016
3,7563.912202835661
4,14619.664736488055
