reservoir,value
1,141331.4693345599
2,3253.462007067639
3,6661.329597476276
4,12744.9
