reservoir,value
1,172282.1399754753
2,19617.2
3,36810.199893424615
4,11228.156461014376
