reservoir,value
1,48431.8169997589
2,10727.454333671743
3,11583.863492895118
4,13986.615356429638
