reservoir,value
1,3017.5169997593925
2,0.0
3,0.0
4,570.1781280233148
