reservoir,value
1,200717.6
2,6735.39186766659
3,29445.202497115042
4,10748.192677637782
