reservoir,value
1,120631.94722114001
2,0.0
3,37525.268527299995
4,1502.7442304559656
