reservoir,value
1,87124.89980203181
2,3775.8628932707265
3,10043.776254474673
4,9643.402484142844
