reservoir,value
1,27505.940205455772
2,3765.2241095455793
3,3430.6132863765515
4,5434.592206694564
