reservoir,value
1,141472.5324697652
2,0.0
3,14412.055402549178
4,10549.592206694562
