reservoir,value
1,34354.34027971747
2,0.0
3,33245.591727333216
4,850.5111847784715
