reservoir,value
1,45673.35154042244
2,25018.6001359055
3,11732.297806612334
4,15741.620362824699
