reservoir,value
1,194372.2635851124
2,15545.577365579356
3,49407.43356910419
4,12744.9
