reservoir,value
1,20622.307314760492
2,0.0
3,0.0
4,3114.902906750584
