reservoir,value
1,108841.08260040413
2,13295.683789922517
3,25801.02861226257
4,11535.27901319817
