from,to,value
1,1,0.0
1,2,5445.5
1,3,600.0
1,4,0.0
1,5,2695.347649645329
2,1,0.0
2,2,0.0
2,3,0.0
2,4,0.0
2,5,0.0
3,1,0.0
3,2,0.0
3,3,0.0
3,4,0.0
3,5,0.0
4,1,0.0
4,2,0.0
4,3,0.0
4,4,0.0
4,5,0.0
5,1,0.0
5,2,0.0
5,3,1548.4476496452978
5,4,1146.9000000000408
5,5,0.0
