reservoir,value
1,13586.97395744236
2,18467.423676760947
3,3452.1191960159376
4,2264.1069565275106
