reservoir,value
1,153257.9229854042
2,7716.855138080343
3,27255.5565840516
4,0.0
