reservoir,value
1,0.0
2,11760.952906875176
3,0.0
4,908.243183996083
