reservoir,value
1,151231.6297771622
2,3341.7100360644467
3,27383.934515782832
4,17256.909482070547
