reservoir,value
1,37340.41609686533
2,0.0
3,0.0
4,5062.748933914503
