reservoir,value
1,200717.6
2,0.0
3,49162.0728748955
4,4564.260548151685
