reservoir,value
1,44726.5775507354
2,65089.38300350315
3,3419.748736662764
4,2013.379142524837
