reservoir,value
1,166715.96312804968
2,19617.2
3,26691.886577339013
4,3929.17629597133
