reservoir,value
1,25562.761695580557
2,25335.931824625608
3,3182.0135639294467
4,4023.697391085844
