reservoir,value
1,165970.69089748315
2,19617.2
3,23529.831366671508
4,6734.152813009556
