reservoir,value
1,31071.779718959362
2,12395.42744109228
3,5514.473102767478
4,12763.895230018024
