reservoir,value
1,155278.78707015145
2,15649.458692374508
3,25860.25112244467
4,12744.9
