reservoir,value
1,74719.87509551118
2,5581.4390925936705
3,18692.60403531805
4,14297.023992391441
