reservoir,value
1,117420.87342273355
2,1688.9990925937075
3,27312.63940423126
4,6667.123992391442
