reservoir,value
1,19287.47309263154
2,13339.168831202649
3,3469.2513303344986
4,1796.9744707943623
