reservoir,value
1,29557.26712748939
2,24657.04737873889
3,4806.500043059292
4,4046.277468450596
