reservoir,value
1,151196.7275077274
2,12014.670115547684
3,34555.94904701158
4,12744.9
