reservoir,value
1,34620.913690478716
2,8812.072600244803
3,32198.847092678254
4,1399.4788823585952
