reservoir,value
1,36594.853121733635
2,3982.7580339893343
3,9268.417370023686
4,9694.735150906501
