reservoir,value
1,161974.34374779294
2,0.0
3,38165.15289449368
4,5411.210973897807
