reservoir,value
1,31482.379528584315
2,13279.898625720623
3,5987.449581493286
4,12922.957442712303
