reservoir,value
1,129404.660466428
2,198.3986257206234
3,13692.063301977701
4,12744.9
