reservoir,value
1,42656.41823948369
2,8259.552392183678
3,3654.3922344975463
4,3071.4701460377123
