reservoir,value
1,67096.45226234526
2,3197.8619225643815
3,17396.127387060566
4,6470.354180103945
