reservoir,value
1,135088.4346999999
2,0.0
3,25033.2978
4,7340.85923942386
