reservoir,value
1,37267.07903742628
2,5268.597694961631
3,4452.9820288886685
4,14876.3819443425
