reservoir,value
1,102880.43196469842
2,0.0
3,23008.203467377592
4,12744.9
