reservoir,value
1,44933.47240462764
2,4367.54034744376
3,10038.077250872146
4,13869.351372889818
