reservoir,value
1,142177.41599415144
2,0.0
3,22849.163069422153
4,12587.067425040506
