reservoir,value
1,154441.7508117289
2,0.0
3,47879.716183919525
4,12744.9
