reservoir,value
1,52784.884040838835
2,1287.7013207973068
3,0.0
4,7729.085987246063
