reservoir,value
1,37661.54432419641
2,3892.858319549264
3,10831.96917113298
4,15763.96035587984
