reservoir,value
1,10670.557301078778
2,18138.9707747021
3,37706.181619543946
4,0.0
