reservoir,value
1,76163.22283949192
2,13869.13567267231
3,19999.280793798738
4,12744.9
