reservoir,value
1,47639.63700126
2,6330.55519636
3,11425.4004264
4,15288.795580299997
