reservoir,value
1,134788.98039761902
2,0.0
3,24723.298426400557
4,4852.18885478329
