reservoir,value
1,17154.59436526743
2,12913.461125643127
3,3070.4203603833466
4,2649.8819488876525
