reservoir,value
1,44555.83595846574
2,9136.162900558633
3,8047.535774378254
4,4802.992175087695
