reservoir,value
1,149005.43264776707
2,0.0
3,29443.392435640002
4,12744.9
