reservoir,value
1,16566.879744630303
2,4206.623384171844
3,2909.5069967708846
4,1986.7021950280568
