reservoir,value
1,77688.90633674923
2,0.0
3,18036.75614414963
4,10499.61867850231
