reservoir,value
1,58596.94224181
2,9599.591897850001
3,7847.4278988
4,11363.13611425
