reservoir,value
1,149409.74013966002
2,0.0
3,14707.017998800002
4,12744.9
