reservoir,value
1,31130.516611647174
2,3941.765515973228
3,4392.570510439691
4,5368.508427228722
