reservoir,value
1,84164.54534583585
2,0.0
3,42544.232285803686
4,12744.9
