reservoir,value
1,22649.232611210147
2,1591.0801637746667
3,9858.499731819082
4,13323.596167070009
