reservoir,value
1,17414.206998637947
2,0.0
3,29981.100254119945
4,227.03873940248053
