reservoir,value
1,41811.818475570406
2,24065.209229441898
3,10793.941937816737
4,14141.293933354013
