reservoir,value
1,146211.9940824373
2,10983.709229441898
3,33485.49475655674
4,9718.53166743232
