reservoir,value
1,103129.19009154078
2,0.0
3,5604.022236973485
4,12744.9
