reservoir,value
1,52598.5646908631
2,9786.003907913026
3,9147.201313599995
4,19018.72306468368
