reservoir,value
1,180754.45257840946
2,6092.5848354360405
3,29107.392444899466
4,12744.9
