reservoir,value
1,90660.22096364
2,11482.06557012
3,25787.4755346
4,22390.18163975
