reservoir,value
1,166608.2091636399
2,5911.625570120006
3,39085.3735346
4,12744.9
