reservoir,value
1,57530.03119305856
2,3161.038858122486
3,17377.340692758968
4,13748.162396674092
