reservoir,value
1,109972.7766562896
2,7622.891388449652
3,35600.400862281764
4,10771.319363120245
