reservoir,value
1,43321.26214608167
2,5207.490863287704
3,10152.262079907425
4,5226.690634470365
