reservoir,value
1,54062.89173689523
2,8110.012147253987
3,251.36207990742514
4,0.0
