reservoir,value
1,95839.88628462597
2,3830.1665863106828
3,38848.978588552396
4,12361.351557943173
