reservoir,value
1,17910.88107753352
2,10983.440472799555
3,4004.2657077093377
4,3630.889844746003
