reservoir,value
1,58357.79253932899
2,0.0
3,16403.13857959451
4,12656.789844746003
