reservoir,value
1,18040.472875924846
2,9429.07766305684
3,3185.529641847547
4,2465.6658085846548
