reservoir,value
1,128032.8166132539
2,14073.291231511881
3,23710.021361054634
4,5882.659770256443
