reservoir,value
1,94237.3058678602
2,19373.21095023962
3,9316.601444150325
4,12744.9
