reservoir,value
1,196235.85311302677
2,6626.420686610514
3,23698.289560181092
4,12744.9
