reservoir,value
1,32996.17225684484
2,4168.754748869038
3,8996.97563414108
4,12201.520205801391
