reservoir,value
1,37628.90516492783
2,3998.06623564725
3,8772.64955623258
4,5026.021385346273
