reservoir,value
1,113667.67877820489
2,7155.463175523197
3,14283.518032074653
4,0.0
