reservoir,value
1,23713.330723483723
2,9179.743685942885
3,2113.155031299445
4,2333.063485067535
