reservoir,value
1,57347.40983456506
2,7081.259087561988
3,8482.46786861021
4,4321.139525189875
