reservoir,value
1,90961.58183504033
2,14878.149845225207
3,1069.3073938000862
4,0.0
