reservoir,value
1,50883.940509447275
2,4546.512278150196
3,6896.976417871856
4,7715.348360766742
