reservoir,value
1,5469.640509447272
2,0.0
3,320.76360152104553
4,85.44836076674255
