reservoir,value
1,116453.39567258842
2,6830.272194181757
3,11903.804474406888
4,0.0
