reservoir,value
1,31845.05948645948
2,9290.910545949966
3,15080.340929370714
4,13123.757333751924
