reservoir,value
1,27064.865780645297
2,5172.070899255101
3,8181.661532148781
4,3669.470061508029
