reservoir,value
1,29582.52263129268
2,7217.767459029841
3,6911.27530922104
4,1784.086796191667
