reservoir,value
1,19356.431506177745
2,2562.5263716261843
3,4251.129945112418
4,6193.12669666142
