reservoir,value
1,113453.88237213105
2,0.0
3,20421.839232378188
4,11308.12669666142
