reservoir,value
1,177394.17393904953
2,1421.6800289522075
3,49290.52709648876
4,11764.987495470725
