reservoir,value
1,19241.497821128825
2,9732.96661561583
3,3655.536717469661
4,1986.2984630682656
