reservoir,value
1,19580.3239329569
2,24552.18505622261
3,4419.612504435041
4,4816.436299740051
