reservoir,value
1,22239.03937805672
2,3361.140672624527
3,4357.707400365609
4,8414.084398359506
