reservoir,value
1,164589.44815776672
2,0.0
3,34560.793172742284
4,12744.9
