reservoir,value
1,22763.39482671638
2,5450.818552424775
3,4237.227320724689
4,2876.114183073681
