reservoir,value
1,49035.797247538634
2,12113.117396873009
3,0.0
4,0.0
