reservoir,value
1,47844.148672037496
2,5331.382656596369
3,14651.384941813576
4,7550.369038134662
