reservoir,value
1,32121.585672264304
2,12432.45030012903
3,5175.01602934568
4,3290.085808379192
