reservoir,value
1,98135.22497212539
2,0.0
3,9393.082717528872
4,12744.9
