reservoir,value
1,120652.09522504642
2,19617.2
3,26176.79961656507
4,0.0
