reservoir,value
1,32495.88121041274
2,69325.3207036341
3,3915.304392126002
4,3179.219412713238
