reservoir,value
1,128976.20355243798
2,19617.2
3,20737.85133754525
4,10496.66532437909
