reservoir,value
1,63351.92023582707
2,5724.297371820716
3,3436.1554395934963
4,2502.0708752546097
