reservoir,value
1,20722.008888637043
2,7573.647879062913
3,4837.856387875252
4,2995.814648185106
