reservoir,value
1,14544.148435502446
2,8157.403506372609
3,2516.3695652797915
4,1374.4668280156764
