reservoir,value
1,118124.51088866193
2,12995.336536170551
3,3005.1372707574947
4,4695.097030904874
