reservoir,value
1,48796.511825949434
2,5423.454342231978
3,10528.40592953521
4,6666.870482872281
