reservoir,value
1,85290.87384104698
2,3354.3180315915106
3,13785.360001019477
4,0.0
