reservoir,value
1,43550.07359028631
2,0.0
3,28362.212206855
4,8591.349521925973
