reservoir,value
1,47794.69179465363
2,0.0
3,2877.1000000000004
4,11423.1
