reservoir,value
1,15454.394354984455
2,14912.274538236168
3,6974.024977072852
4,5101.451148913202
