reservoir,value
1,113368.82185505595
2,6785.6511639740775
3,48059.815294864915
4,12744.9
