reservoir,value
1,34603.99189750661
2,11713.39496260253
3,5530.58178597173
4,5109.189627522112
