reservoir,value
1,138683.14653357747
2,16282.972757881495
3,20859.912355627825
4,12277.560329975498
