reservoir,value
1,16487.632390921204
2,26214.69654999176
3,1853.4499889888034
4,1224.507003825427
