reservoir,value
1,42816.15536473924
2,9777.452763537027
3,19311.087947531683
4,14887.290039854652
