reservoir,value
1,90679.8440052467
2,10352.465727732539
3,13378.52543053584
4,2431.107469160961
