reservoir,value
1,21221.14355556363
2,11244.866799958598
3,2743.039750820098
4,1511.1924822708022
