reservoir,value
1,36451.77651522607
2,0.0
3,133.7397508207017
4,2698.5510221180793
