reservoir,value
1,31681.71831281983
2,5986.507513954005
3,10211.811987187146
4,14682.27666754632
