reservoir,value
1,97616.13203761965
2,13913.63953892429
3,8500.786397121356
4,3361.2517843063524
