reservoir,value
1,51462.03621372253
2,8878.32872856635
3,6045.322037063012
4,5623.8318832014975
