reservoir,value
1,200717.6
2,11681.419202078574
3,26514.927829183067
4,10738.831883201497
