reservoir,value
1,44957.58568231393
2,9227.070825396295
3,7283.94408150349
4,18354.46679674274
