reservoir,value
1,14870.670413932212
2,18532.273713718347
3,2642.352120993853
4,1413.1618725454557
