reservoir,value
1,6170.556806081968
2,12598.73722273809
3,4523.8196424539465
4,5929.090417783582
