reservoir,value
1,18906.23104882014
2,9210.21424967455
3,4534.775702190484
4,2905.633763979075
