reservoir,value
1,86716.59625534485
2,0.0
3,21285.730827598854
4,12076.533763979074
