reservoir,value
1,56531.05365733964
2,0.0
3,13800.25255093363
4,12744.9
