reservoir,value
1,13898.144619901532
2,12369.609539661034
3,2467.8357118197036
4,1933.948955859719
