reservoir,value
1,80150.90934761327
2,18905.309539661037
3,3634.2315086533054
4,7868.73741466705
