reservoir,value
1,149472.52844085993
2,19617.2
3,19367.452504638986
4,7811.009045074482
