reservoir,value
1,29217.949033196845
2,2728.8945148909597
3,6977.264121764102
4,10949.083963078101
