reservoir,value
1,133956.16011303716
2,4559.068277873733
3,41468.72181631197
4,23335.17077966317
