reservoir,value
1,62827.110452657085
2,0.0
3,0.0
4,19092.616740125974
