reservoir,value
1,67623.93151471607
2,5141.8885118656935
3,10976.72483665366
4,9543.833990946929
