reservoir,value
1,18903.49097829223
2,16997.09633294409
3,2918.262605644037
4,2300.691189945152
