reservoir,value
1,51664.81808860373
2,5628.936498311357
3,11519.021328418046
4,10988.938833470651
