reservoir,value
1,44082.09658619829
2,6889.043934402629
3,13278.252483927385
4,11342.563878178402
