reservoir,value
1,137340.32231316896
2,0.0
3,15311.560831141242
4,5300.747343790824
