reservoir,value
1,30184.884739867703
2,45368.406965198235
3,6251.134543557859
4,5127.164084688325
