reservoir,value
1,186097.86473986783
2,19617.2
3,49608.50631987095
4,9607.971643977744
