reservoir,value
1,14227.018977478036
2,4378.71039071317
3,3771.2102487701213
4,2605.1687495065594
