reservoir,value
1,88064.2893652566
2,0.0
3,30959.565066279152
4,7610.699588823329
