reservoir,value
1,122783.45476440765
2,152.31283583510958
3,18147.076491648375
4,8221.093736581872
