reservoir,value
1,17696.958861054092
2,5988.408347358246
3,3448.557642282765
4,2667.5972474324926
