reservoir,value
1,85096.34339392584
2,0.0
3,22210.560315496758
4,3312.4275113024696
