reservoir,value
1,30501.306843345694
2,5824.590708757951
3,10477.914739814236
4,14332.44689252967
