reservoir,value
1,133314.42521105678
2,8682.78736885314
3,51806.1
4,12744.9
