reservoir,value
1,16914.33207403619
2,14180.095942082788
3,3698.6825475132136
4,2099.6271102761552
