reservoir,value
1,69304.86161779832
2,5197.476838670198
3,6567.460532660551
4,12533.017558064032
