reservoir,value
1,19301.221993085936
2,38499.666263010644
3,2748.74760398514
4,1654.1570338317977
