reservoir,value
1,21048.791852410883
2,2101.667631924466
3,2886.289966739917
4,2702.1238545891792
