reservoir,value
1,26198.130441504734
2,32828.10262964899
3,4625.945526475291
4,1802.6176922186091
