reservoir,value
1,30978.376158954983
2,5592.376490567174
3,17283.0087606675
4,16067.12905141736
