reservoir,value
1,130705.85220444191
2,0.0
3,32608.723733167506
4,11850.504716307702
