reservoir,value
1,30047.73039164502
2,15389.599720849228
3,5538.723819975675
4,5787.611422938079
