reservoir,value
1,124401.49858581867
2,2308.099720849228
3,14869.868970902906
4,12744.9
