reservoir,value
1,40851.07853969865
2,0.0
3,7717.6510147001845
4,7726.193718528467
