reservoir,value
1,127490.45934038534
2,4371.957861521158
3,15583.23515284275
4,12744.9
