reservoir,value
1,78485.73720789226
2,0.0
3,22787.96853601387
4,12744.9
