reservoir,value
1,28457.8667113445
2,24050.35930654219
3,6047.715406254124
4,4067.2696347775786
