reservoir,value
1,137921.03518085866
2,10968.859306542188
3,21689.041520313327
4,12744.9
