reservoir,value
1,22709.548879055576
2,1965.4003645500475
3,5783.291101826228
4,14847.853109450167
