reservoir,value
1,99120.62660000002
2,2344.7020999999995
3,20900.317100000004
4,0.0
