reservoir,value
1,12632.761394636733
2,23396.778171095597
3,3522.2882726169637
4,1786.328819950402
