reservoir,value
1,49511.92067348545
2,0.0
3,3052.299507700687
4,0.0
