reservoir,value
1,81822.39675496654
2,6097.182166686628
3,9036.482666715267
4,536.8691296138004
