reservoir,value
1,30891.8359405812
2,15151.94274223096
3,3602.766895699532
4,7021.657733566664
