reservoir,value
1,30046.00323279498
2,9411.157286557373
3,6664.762023819711
4,15474.535376707767
