reservoir,value
1,31873.186789069787
2,8819.126700064693
3,3357.1316610986614
4,5547.060477807651
