reservoir,value
1,153861.63999725677
2,0.0
3,10100.289566028401
4,11671.96047780765
