reservoir,value
1,24580.409011985874
2,3238.614449209452
3,5341.334272648437
4,2953.4141994039514
