reservoir,value
1,81293.12288821531
2,7755.36659178433
3,16081.007822226686
4,14264.215667346725
