reservoir,value
1,171324.63579792052
2,2415.2965917843117
3,6180.107822226686
4,6634.315667346726
