reservoir,value
1,29177.964780813076
2,5978.785529270748
3,13126.671909160934
4,14991.803381516831
