reservoir,value
1,117496.47322752784
2,0.0
3,26447.947366615197
4,12744.9
