reservoir,value
1,19407.905858686725
2,6533.448551962749
3,3268.207716146888
4,3963.1227413375573
