reservoir,value
1,43560.047311240174
2,0.0
3,23136.99496568534
4,10960.348983217656
