reservoir,value
1,43618.17568523208
2,13657.446667226948
3,6917.233203872556
4,2477.3332712317974
