reservoir,value
1,54397.899400188646
2,12722.218858740453
3,0.0
4,0.0
