reservoir,value
1,16690.89391509421
2,8909.25474413024
3,3157.926823441124
4,5478.552323115062
