reservoir,value
1,82045.09436179395
2,10301.930936471666
3,10987.528727808702
4,0.0
