reservoir,value
1,27483.544157734228
2,9434.635787588064
3,7872.712859223355
4,5871.620462260347
