reservoir,value
1,1042.6935781650245
2,0.0
3,1327.3360284056525
4,0.0
