reservoir,value
1,27960.72586177969
2,8601.661154467913
3,4127.40731880029
4,9569.768906705429
