reservoir,value
1,35649.89000000071
2,6258.200000000001
3,51806.1
4,0.0
