reservoir,value
1,37260.76793092182
2,11508.913745272475
3,6139.775125755048
4,6339.84512492458
