reservoir,value
1,24015.64914263697
2,8123.506826535204
3,4660.920879679741
4,1827.578613025412
