reservoir,value
1,60716.08416669859
2,14659.206826535215
3,505.88618987963144
4,0.0
