reservoir,value
1,49378.63324091518
2,10748.675665558854
3,8193.494236447883
4,11748.958096341812
