reservoir,value
1,161219.85430099713
2,0.0
3,17714.148279907386
4,12744.9
