reservoir,value
1,26487.01641751788
2,24146.729526394534
3,2058.0576018545075
4,1752.0195873235468
