reservoir,value
1,40532.27601204959
2,7407.6772400064565
3,7989.99664584186
4,14787.0505302
