reservoir,value
1,145297.5985124861
2,0.0
3,21194.589004791866
4,8625.482016191983
