reservoir,value
1,37404.6429664819
2,13332.868869835027
3,4631.771369237721
4,3258.6562932707575
