reservoir,value
1,11765.698446436916
2,19617.2
3,992.3958195408139
4,1777.9334508916322
