reservoir,value
1,19019.71005603912
2,7321.318909332198
3,2698.2098529520367
4,1726.4176833592292
