reservoir,value
1,39882.15736770961
2,7574.464947240237
3,0.0
4,3921.6577645256784
