reservoir,value
1,19963.215487528607
2,31724.20287425539
3,3902.9919612675776
4,3987.7922957402807
