reservoir,value
1,62593.10929880135
2,19617.2
3,21915.203415842774
4,12744.9
