reservoir,value
1,22033.97765915741
2,10215.971048436182
3,3749.5936415138094
4,3834.3164171298567
