reservoir,value
1,128860.53337962137
2,0.0
3,29975.38141256105
4,10001.216417129983
