reservoir,value
1,74906.6272838334
2,2366.506129809828
3,9853.506130654094
4,7663.592659514131
