reservoir,value
1,68038.23824416545
2,19617.2
3,2775.6749756267964
4,488.48817906189606
