reservoir,value
1,29467.705461066704
2,8859.733924539498
3,5374.065311925162
4,12080.498844969314
