reservoir,value
1,128053.50989217832
2,8074.177997308636
3,19578.030599384074
4,12744.9
