reservoir,value
1,72417.44832888167
2,3339.1662252449937
3,16020.589142893215
4,8224.215249087905
