reservoir,value
1,62482.716660569495
2,4360.878995818737
3,7666.72416395885
4,594.3152490879056
