reservoir,value
1,132651.568
2,4970.447699999977
3,30597.881700000005
4,12744.9
