reservoir,value
1,22961.656800317836
2,6349.598741838956
3,5689.108689254766
4,1820.2510527824036
