reservoir,value
1,14687.031315205295
2,8562.645560728666
3,2833.7974123132103
4,1937.2816292379646
