reservoir,value
1,58637.486243400985
2,10344.682353241473
3,12893.553144284386
4,4402.411444814041
