reservoir,value
1,31510.885323721483
2,28351.327808923506
3,4791.330228489715
4,2247.538961913141
