reservoir,value
1,21875.232121096997
2,4195.132969809383
3,5631.714532608713
4,6063.301077177162
