reservoir,value
1,141742.38899748
2,0.0
3,13643.641688230004
4,12113.219806845234
