reservoir,value
1,152741.24908125788
2,7630.21663063774
3,35592.542644581845
4,0.0
