reservoir,value
1,39315.80138577
2,6770.95565875
3,9111.405749970001
4,18063.3856613
