reservoir,value
1,111631.41264451965
2,0.0
3,15646.349049970007
4,12744.9
