reservoir,value
1,45444.00861706397
2,3739.1877372775584
3,32452.52916314444
4,21865.653973802957
