reservoir,value
1,0.0
2,0.0
3,22551.629163109432
4,14235.753973802957
