reservoir,value
1,165939.06970739714
2,6659.910410901619
3,51806.1
4,0.0
