reservoir,value
1,20501.30766772946
2,19716.78966136984
3,3704.729794332204
4,3214.725110203086
