reservoir,value
1,93161.47650775642
2,19617.2
3,20984.271541150534
4,12385.625110203086
