reservoir,value
1,37558.015718608935
2,5559.972685847464
3,12293.189276519039
4,13968.619884261165
