reservoir,value
1,69254.06775912471
2,12095.672685847465
3,6056.9554142711095
4,6338.719884261165
