reservoir,value
1,15581.27616908416
2,15228.209330094209
3,1654.3804118245737
4,1800.4290627059258
