reservoir,value
1,68507.73729432414
2,19617.2
3,2166.4276605843042
4,119.38515907342207
