reservoir,value
1,84936.83133205
2,11304.32821910212
3,8760.96783508934
4,7770.792155139589
