reservoir,value
1,32995.436993432115
2,6260.630044131803
3,4254.429823608206
4,2360.08078400445
