reservoir,value
1,153168.7422017395
2,19617.2
3,2816.782028260697
4,12744.9
