reservoir,value
1,23224.04076582262
2,6175.024061959473
3,4842.107020217453
4,8267.652394701063
