reservoir,value
1,59657.62291107682
2,4307.696719017848
3,18950.67491955184
4,17517.351026862398
