reservoir,value
1,3731.2744587604825
2,0.0
3,4771.7346401518425
4,5786.219042862396
