reservoir,value
1,23517.373678452343
2,13619.662321998258
3,3892.518263599368
4,3798.0688508516714
