reservoir,value
1,38199.122803833954
2,10494.967995098585
3,8545.887624942752
4,5637.105208393097
