reservoir,value
1,163125.67322959745
2,0.0
3,48538.351011122446
4,10241.30975433554
