reservoir,value
1,106328.5685698684
2,0.0
3,26189.848644271326
4,12744.9
