reservoir,value
1,42427.937226568865
2,4797.400413347658
3,5370.619819482391
4,5668.6335482512795
