reservoir,value
1,42895.27252809563
2,2918.87256364568
3,17483.74979361059
4,20836.962987619976
