reservoir,value
1,47746.03023142826
2,7550.796214832608
3,10483.961744295337
4,5100.4964759329205
