reservoir,value
1,46100.42209701541
2,16757.236214832606
3,20446.708659154054
4,0.0
