reservoir,value
1,17396.78067902796
2,6921.499679791012
3,4681.2210140053385
4,2241.4805591082886
