reservoir,value
1,19029.03483582495
2,3373.9310739391076
3,3321.82438655652
4,4148.293367148092
