reservoir,value
1,115263.49120835151
2,0.0
3,8124.455453581761
4,12744.9
