reservoir,value
1,159043.4597822426
2,0.0
3,36765.327544751424
4,12744.9
