reservoir,value
1,92277.13348162957
2,10103.92403485854
3,14716.223711773282
4,7918.63692798196
