reservoir,value
1,4583.528412252644
2,0.0
3,0.0
4,602.9330413668117
