reservoir,value
1,93436.26114943255
2,3673.1845567090395
3,12163.06544494925
4,14001.216465474256
