reservoir,value
1,131641.83248845898
2,526.3772675352975
3,11797.941754232474
4,2517.1832451570044
