reservoir,value
1,28825.280922235317
2,6522.219918292857
3,9810.290854557581
4,9937.820075688822
