reservoir,value
1,47210.90671355035
2,5439.020602268985
3,4120.69744831519
4,11784.786230004856
