reservoir,value
1,173505.38308687188
2,0.0
3,16870.236219831902
4,12744.9
