reservoir,value
1,23070.454970497616
2,10054.014256674061
3,4075.805016799453
4,1863.8426941165378
