reservoir,value
1,80097.68195253232
2,12606.512909095965
3,33181.1245109808
4,4817.015414175748
