reservoir,value
1,23836.67246206964
2,15157.755083531425
3,2571.18789004024
4,2429.212474685823
