reservoir,value
1,23164.443194805164
2,7377.480705335987
3,27.270550181148792
4,3491.3285581923783
