reservoir,value
1,24162.29235701104
2,21477.182276345964
3,5863.678840247682
4,4001.5047548111597
