reservoir,value
1,135300.5274530614
2,8395.682276345964
3,46162.66536593706
4,12229.646681589096
