reservoir,value
1,29053.855176686255
2,7800.302200351452
3,7479.147162460633
4,4767.274891867852
