reservoir,value
1,27188.914981984035
2,4101.837597637358
3,13944.705247532645
4,18393.801212650716
