reservoir,value
1,25656.057465653874
2,0.0
3,21499.321922582036
4,10763.901212650717
