reservoir,value
1,28140.729159464212
2,44538.66627103304
3,5433.846707956994
4,12275.364372976233
