reservoir,value
1,21033.18484735043
2,6698.7620545624395
3,6964.862176357752
4,8621.985675494132
