plant,value
1,43295.36000001271
2,10269.759999987284
3,9900.9
4,7401.600000000005
