reservoir,value
1,0.0
2,283534.24000001274
3,9997.1
4,18421.399999999994
