reservoir,value
1,107118.31265633581
2,19617.2
3,22387.42926762438
4,0.0
