reservoir,value
1,45754.78711926174
2,12798.2742805206
3,8004.7234492850275
4,8707.520016582781
