reservoir,value
1,200031.35680692788
2,19333.97428052276
3,34557.16703881522
4,1457.2152677994663
