reservoir,value
1,27307.07940446851
2,10637.476665595006
3,5393.010015195446
4,3082.2031191322717
