reservoir,value
1,40711.28846180686
2,8718.047187726803
3,7291.39462438091
4,4277.70829144239
