reservoir,value
1,27746.18814998771
2,7275.194747683626
3,3835.5027630887225
4,2303.920122264354
