reservoir,value
1,20529.07247645496
2,3269.3991636998408
3,4237.402928262701
4,1816.980459741338
