reservoir,value
1,85234.55285120496
2,12747.836389921586
3,22888.331070125452
4,4511.010828367181
