reservoir,value
1,71634.37814975
2,4157.22645296
3,22070.910735280002
4,23425.98034979
