reservoir,value
1,137521.14639975125
2,1675.4864529607653
3,36009.76393528001
4,0.0
