reservoir,value
1,20377.661268142263
2,11890.493699380768
3,3450.439901218727
4,3891.832005248576
