reservoir,value
1,88641.69868699591
2,1261.681008814041
3,11035.663075493572
4,12744.9
