reservoir,value
1,18413.22978404483
2,5718.928683728085
3,3014.7578324476
4,2654.9059133188193
