reservoir,value
1,38615.101323794515
2,3976.2360269085366
3,22306.17730544901
4,21810.47408109674
