reservoir,value
1,78059.83233552941
2,0.0
3,44351.52992849229
4,9246.525999301602
