reservoir,value
1,30505.262303047137
2,13763.493940364293
3,3516.6774764252973
4,5096.495018825485
