reservoir,value
1,127096.43908187188
2,681.9939403642929
3,31326.40071692402
4,12744.9
