reservoir,value
1,27901.282858439252
2,33893.29615494005
3,7983.583013162952
4,9253.140104115599
