reservoir,value
1,141557.4179961787
2,19617.2
3,27083.65393023434
4,12744.9
