reservoir,value
1,21214.0741457793
2,14443.707411737998
3,3023.7645449262577
4,2801.0375804104997
