reservoir,value
1,25618.079646562568
2,4342.230216142156
3,12397.537637852374
4,8850.513076982235
