reservoir,value
1,47527.63136185
2,6244.0862855
3,14837.74016148
4,16060.75780039
