reservoir,value
1,121201.44994735002
2,0.0
3,27421.726961480003
4,2308.609876139682
