reservoir,value
1,32895.29779190707
2,6005.533405472021
3,10443.047144593012
4,9697.139650852458
