reservoir,value
1,79541.30708691178
2,3874.3968075556677
3,9887.053603079232
4,12744.9
