reservoir,value
1,20211.91968365986
2,8574.501143472413
3,3805.5084211693534
4,3101.7150103225345
