reservoir,value
1,48737.36000000007
2,19617.2
3,32681.19995025639
4,0.0
