reservoir,value
1,18024.105708222363
2,12410.670126572877
3,3640.9419650280784
4,2888.8862407821985
