reservoir,value
1,16701.760469012268
2,0.0
3,22654.33165780752
4,268.9495739604659
