reservoir,value
1,17239.295079499345
2,5888.079415270835
3,2933.8383941162842
4,1661.4023094196873
