reservoir,value
1,38112.44323101934
2,4843.860629455134
3,17685.029124711724
4,14327.498773606148
