reservoir,value
1,0.0
2,0.0
3,5885.610632313574
4,509.05177835828
