reservoir,value
1,31925.92853257961
2,12753.836064008981
3,4576.899519979873
4,1633.4852038079966
