reservoir,value
1,66243.85990815503
2,4673.2140370253765
3,0.0
4,0.0
