reservoir,value
1,48888.895707280644
2,5563.11236920842
3,25338.041830719245
4,14646.887671595025
