reservoir,value
1,105602.31680360792
2,10318.208243733783
3,31851.64309579679
4,2792.8588032676603
