reservoir,value
1,43589.366805963946
2,19617.2
3,18141.4788550764
4,720.9201748175128
