reservoir,value
1,112886.86806140305
2,0.0
3,41964.52701122395
4,12744.9
