reservoir,value
1,26151.561608388663
2,19357.160975524275
3,4823.432562762077
4,2808.4317864938826
