reservoir,value
1,134276.49010943514
2,11013.68800740716
3,35046.19592913919
4,1836.1987189592714
