reservoir,value
1,54067.853123168345
2,10425.28423412888
3,15617.982355936845
4,13532.378318149893
