reservoir,value
1,95828.35885402572
2,0.0
3,20496.49536879652
4,8070.13967513535
