reservoir,value
1,44298.4326213381
2,15722.165022653084
3,9394.351761583905
4,6381.163611223032
