reservoir,value
1,199591.0508214753
2,19617.2
3,51643.9517615839
4,12744.9
