reservoir,value
1,13807.950041829337
2,2404.9023350246853
3,4345.041115882945
4,3288.640934628917
