reservoir,value
1,77676.62931164065
2,0.0
3,39589.1898053253
4,6985.319470121732
