plant,value
1,40232.32304684794
2,12908.796953152056
3,9816.499999999935
4,6645.000000000067
