reservoir,value
1,0.0
2,19275.292533847798
3,43664.500000000065
4,18658.099999999933
