reservoir,value
1,118002.39724012281
2,4831.1105130001415
3,51806.1
4,12744.9
