reservoir,value
1,22243.45874626388
2,4477.076240832896
3,5097.97699264634
4,2733.9909458317507
