reservoir,value
1,5219.279987201518
2,2515.391736547155
3,208.7781896956003
4,130.32046604228526
