reservoir,value
1,27864.105981368877
2,12364.521406416457
3,2713.065886329682
4,2159.143498559587
