reservoir,value
1,176903.21982981177
2,1736.3113516280828
3,7571.632826355609
4,10635.797245965303
