reservoir,value
1,36905.99502066016
2,7583.026275501957
3,12900.427536664702
4,15252.931935760967
