reservoir,value
1,30348.03658535836
2,13522.997568947932
3,3702.746966196581
4,2437.3484417066716
