reservoir,value
1,105664.80167508614
2,17686.022948135083
3,23927.370370234887
4,1877.0420065152812
