reservoir,value
1,149175.0176370417
2,18003.411478894934
3,23043.398043424706
4,7172.421178146231
