reservoir,value
1,13038.072813654695
2,6876.705024659654
3,3768.5813657757044
4,4397.813467163902
