reservoir,value
1,47785.51012851407
2,6669.117219705109
3,38502.05699316885
4,9929.713467163981
