reservoir,value
1,59275.93466430997
2,10674.212690389246
3,7570.021632330954
4,17590.329516924852
