reservoir,value
1,157877.4366662434
2,9383.998633667077
3,22445.923890163744
4,12744.9
