reservoir,value
1,55619.08794602649
2,0.0
3,14120.521367306279
4,7336.533918120192
