reservoir,value
1,18911.392898242088
2,12080.945478335914
3,3546.7371044174224
4,2114.91587140493
