reservoir,value
1,12911.849232070539
2,0.0
3,1235.136759416362
4,3299.383696344187
