reservoir,value
1,24243.417481823155
2,8577.071685298128
3,4500.295433434255
4,3133.5090158912863
