reservoir,value
1,139978.02975126728
2,0.0
3,18806.36561868087
4,10045.910754911285
