reservoir,value
1,25560.849952742756
2,13302.183470157579
3,3105.6279717167104
4,2461.4808512194772
