reservoir,value
1,93040.56144675879
2,19617.2
3,10580.003078950194
4,11436.499540230505
