reservoir,value
1,15326.538192082853
2,8779.111042716027
3,3359.5280652219635
4,1877.6282432528417
