plant,value
1,43811.35999999973
2,10128.76000000011
3,9900.9
4,7275.600000000153
