reservoir,value
1,0.0
2,2464.740000000922
3,68207.1999985895
4,11655.399999999847
