reservoir,value
1,29654.26177319893
2,8267.646894938978
3,8922.282534351321
4,3204.150380313763
