reservoir,value
1,0.0
2,10889.307903591918
3,31559.150019903584
4,0.0
