reservoir,value
1,30861.768555122675
2,3823.2989133938045
3,5969.138837707156
4,5056.476154249641
