reservoir,value
1,45913.237207819446
2,5356.158646102453
3,11192.056018108775
4,7819.354682890063
