reservoir,value
1,10398.684998257188
2,0.0
3,1291.1560181087752
4,1479.494766436269
