reservoir,value
1,10760.15211769261
2,7696.398810239715
3,2324.939772032217
4,2196.6811112384544
