reservoir,value
1,92186.0293694768
2,0.0
3,44449.941666129984
4,12744.9
