reservoir,value
1,17252.259578204135
2,6925.980513479968
3,2822.0708740257855
4,2230.9016454547404
