reservoir,value
1,16654.249415160826
2,2260.8154146074694
3,4020.567868133242
4,2614.748473968311
