reservoir,value
1,32007.03673705354
2,0.0
3,4174.955885922503
4,9749.39302898036
