reservoir,value
1,27049.46626887061
2,5704.95179384877
3,6511.494586116274
4,8904.540219771658
