reservoir,value
1,125493.38764386083
2,0.0
3,8757.08674776299
4,12744.9
