reservoir,value
1,126584.04208356421
2,6798.187017844147
3,14473.465322456392
4,12744.9
