reservoir,value
1,52289.11870444242
2,2819.4700923692885
3,11516.110517323243
4,14993.320033672111
