reservoir,value
1,170494.22473979692
2,0.0
3,14888.304404706529
4,12744.9
