reservoir,value
1,22770.491382953205
2,10370.957128282133
3,6586.928029532591
4,2201.7501646705723
