reservoir,value
1,155551.71267633102
2,11592.912930183045
3,46055.28581067414
4,6405.834484358686
