reservoir,value
1,22932.101871999534
2,16685.081923940474
3,3188.651535824276
4,3005.7806436287324
