reservoir,value
1,16993.63799343501
2,9164.89354136839
3,3337.653229374597
4,2146.402857477948
