reservoir,value
1,94155.5726794854
2,12600.245240098826
3,19317.699595742713
4,10943.82817073929
