reservoir,value
1,32841.73485660424
2,14380.205753292137
3,4419.676902579583
4,2748.404150247213
