reservoir,value
1,22713.886855834706
2,4820.714216817889
3,19180.608900091218
4,807.0953157464901
