reservoir,value
1,16420.36504393726
2,6383.533415427558
3,5022.336517814025
4,3077.0297645032556
