reservoir,value
1,89213.54647715052
2,0.0
3,14217.142990422102
4,12247.929764503255
