reservoir,value
1,26132.72986519933
2,7605.303009291592
3,9186.816557893782
4,12306.778359075337
