reservoir,value
1,97156.02412382848
2,0.0
3,26720.002247026634
4,12744.9
