reservoir,value
1,79745.63255880876
2,5998.905945183957
3,9366.405989339179
4,22607.70688324619
