reservoir,value
1,78672.59334998639
2,3694.9766023570755
3,17114.17598315346
4,16562.380561505124
