reservoir,value
1,33258.29334998639
2,0.0
3,7785.6323358375885
4,13000.01025159766
