reservoir,value
1,24749.526246831847
2,26064.745969689175
3,4681.043320869163
4,4017.5970072567284
