reservoir,value
1,108128.56826738828
2,18968.640182599855
3,39774.57184564204
4,9608.8334202759
