reservoir,value
1,10591.543081227619
2,13951.203091204552
3,3707.690279252391
4,1824.414579895842
