reservoir,value
1,30823.95542985539
2,869.703091204552
3,33624.249671787045
4,2281.6819983008895
