reservoir,value
1,176044.13171848003
2,3521.987386316186
3,37188.20553695001
4,7684.077266738499
