reservoir,value
1,21897.37596126635
2,13293.249141998693
3,2094.857923210228
4,2109.3261960534956
