reservoir,value
1,11689.22574652033
2,211.74914199863233
3,8827.807513976555
4,5986.114156794749
