reservoir,value
1,47271.291564200954
2,8816.792826576577
3,13816.44603832825
4,7034.219001460697
