reservoir,value
1,86061.45634621417
2,4753.236411987918
3,3915.54603832825
4,0.0
