reservoir,value
1,15057.990689946242
2,13374.123137727423
3,3928.279021178865
4,1930.0013068043525
