reservoir,value
1,70729.9570957102
2,292.62313772742345
3,35435.98247771878
4,5922.43145538341
