reservoir,value
1,125291.25743989772
2,0.0
3,14493.709592709261
4,12744.9
