reservoir,value
1,16909.697654733012
2,6740.146409507045
3,3014.341953668942
4,2547.745064467212
