reservoir,value
1,103410.84009237523
2,0.0
3,9563.670331593203
4,7540.566083268324
