reservoir,value
1,55626.51222864577
2,15072.478034623375
3,13992.363279775369
4,11525.244097558647
