reservoir,value
1,0.0
2,0.0
3,497.7790463030743
4,1902.2326876517575
