reservoir,value
1,43053.44862520388
2,4963.231745147967
3,26162.866175454554
4,28390.097210663902
