reservoir,value
1,76608.35109017513
2,19418.515220867655
3,1997.5834868203983
4,1330.441566328389
