reservoir,value
1,40974.84619463149
2,2695.1034668409557
3,6953.205781390193
4,12007.359159485932
