reservoir,value
1,196278.14619463147
2,0.0
3,19796.281968588646
4,12744.9
