region,depth,value
1,1,13.008472921229854
1,2,2.6758124913222225
1,3,2.0778000000000003
1,4,1.329
2,1,0.0
2,2,0.0
2,3,0.0
2,4,0.0
3,1,0.0
3,2,0.0
3,3,0.0
3,4,0.0
4,1,0.0
4,2,0.0
4,3,0.0
4,4,0.0
