from,to,value
1,1,0.0
1,2,2174.7461178722247
1,3,378.4834892606925
1,4,0.0
1,5,1004.101717040449
2,1,1055.4620666069195
2,2,0.0
2,3,0.0
2,4,0.0
2,5,0.0
3,1,201.46941645157102
3,2,0.0
3,3,0.0
3,4,0.0
3,5,475.33052475610714
4,1,0.0
4,2,0.0
4,3,0.0
4,4,0.0
4,5,799.2067439978708
5,1,835.5112046179862
5,2,0.0
5,3,1067.9723349935948
5,4,375.1554461829469
5,5,0.0
