from,to,value
1,1,0.0
1,2,1632.3250517456008
1,3,459.5887686455112
1,4,0.0
1,5,1427.5437287146958
2,1,1985.03070290013
2,2,0.0
2,3,0.0
2,4,0.0
2,5,0.0
3,1,105.25337219753196
3,2,0.0
3,3,0.0
3,4,0.0
3,5,348.1933413706962
4,1,0.0
4,2,0.0
4,3,0.0
4,4,0.0
4,5,207.55816180948702
5,1,386.69957614067613
5,2,0.0
5,3,657.9502990910134
5,4,938.6453566631671
5,5,0.0
