plant,value
1,34833.390808904434
2,7400.504864270145
3,7667.403205165532
4,7365.077024165998
