reservoir,value
1,26786.293227607373
2,9614.568824899816
3,5223.574070765983
4,5913.299456056333
