reservoir,value
1,111083.97834122069
2,2666.9519665774833
3,27453.55249571459
4,12379.47807049713
