reservoir,value
1,141204.2024957091
2,2537.102420568359
3,29879.822315862748
4,12550.871110237447
