reservoir,value
1,15944.228580840427
2,8940.448107106346
3,4519.561816805491
4,4423.267923566094
