reservoir,value
1,76417.01100327157
2,0.0
3,24177.42910072067
4,12744.9
