reservoir,value
1,55628.72784346233
2,12805.453981813174
3,7758.594527832755
4,12365.830863853711
