reservoir,value
1,193324.63785398993
2,5523.906390745634
3,34884.512033393854
4,12744.9
