reservoir,value
1,50007.674351586895
2,0.0
3,0.0
4,9442.173739661077
