reservoir,value
1,30419.28341862005
2,11640.404396069967
3,3414.427381045812
4,3417.894034988006
