reservoir,value
1,175202.53150656517
2,6476.642861525939
3,15457.686198427782
4,12588.794034988005
