reservoir,value
1,51069.757132440005
2,3737.4570276
3,24335.882123529995
4,24230.093688
