reservoir,value
1,34307.70442929182
2,7946.8984727917195
3,6333.582125546426
4,5117.3946218528545
