reservoir,value
1,17618.063666979702
2,7188.33925901009
3,4098.271093278637
4,3266.5598043627124
