reservoir,value
1,158567.08641887113
2,0.0
3,22274.97787230566
4,9433.459804360009
