reservoir,value
1,0.0
2,0.0
3,1016.4141632972642
4,4769.675075675117
