reservoir,value
1,90573.46678819828
2,0.0
3,9378.267994566027
4,3738.9769603312798
