reservoir,value
1,67815.56643913362
2,7375.266856438215
3,13831.774407806202
4,10293.73975656687
