reservoir,value
1,53568.00188146599
2,6450.399597173644
3,0.0
4,680.6060822668977
