reservoir,value
1,24210.19241016974
2,18842.345649576673
3,16782.673190285823
4,5580.524667157811
