reservoir,value
1,88599.19807606628
2,12516.673481905937
3,28689.11521607206
4,12744.9
