reservoir,value
1,0.0
2,6863.500001416345
3,17809.300000000003
4,45411.0
