reservoir,value
1,37664.15416529597
2,13825.72286106167
3,8179.211581412218
4,7411.560397173797
