reservoir,value
1,48287.05126245026
2,4607.0943304488555
3,6323.289575077935
4,5325.933310803097
