reservoir,value
1,52694.33861439831
2,3149.242557113109
3,3414.9228858566994
4,0.0
