reservoir,value
1,180245.1971237752
2,0.0
3,48300.69463407462
4,6523.278366995071
