reservoir,value
1,16641.31360741994
2,6033.9920760330915
3,3219.6244801632834
4,1710.5158364389208
