reservoir,value
1,32852.39852233303
2,0.0
3,9106.758017732567
4,9291.97269855614
