reservoir,value
1,19718.86007251039
2,27220.774383204975
3,6719.890427853816
4,6154.854120107802
