reservoir,value
1,72318.51390879774
2,16158.673649396285
3,20879.177380069676
4,12744.9
