reservoir,value
1,91288.23833863332
2,0.0
3,12037.857223413834
4,9106.530288533751
