reservoir,value
1,16933.5113115871
2,5608.621590921408
3,8324.084691847704
4,6933.491831186862
