reservoir,value
1,92781.13374435983
2,0.0
3,50229.2846918477
4,12048.491831186862
