reservoir,value
1,22034.220057995215
2,16117.31283391174
3,3489.1450217889214
4,1699.2954905171046
