reservoir,value
1,35913.82916467683
2,4472.428984689708
3,10971.172046012098
4,7682.968919148331
