reservoir,value
1,61783.458286449844
2,0.0
3,2247.5511472097623
4,3084.4023620230428
