reservoir,value
1,54677.955974454424
2,0.0
3,18375.203403915122
4,3273.0940154339305
