reservoir,value
1,31176.85047527303
2,10936.406514326103
3,11633.430576199335
4,11203.075517854759
