reservoir,value
1,25891.723972293945
2,8321.082073222598
3,4332.509375385261
4,2762.901314466836
