reservoir,value
1,142836.94987188154
2,4516.027097764727
3,25328.74429855331
4,4662.04199726293
