reservoir,value
1,23102.09896763784
2,5255.377963997036
3,3575.6902384817104
4,4626.673374291855
