reservoir,value
1,139236.52383690668
2,0.0
3,9824.265220326823
4,12744.9
