reservoir,value
1,36758.716297181556
2,7862.5172959172105
3,12418.046090978063
4,11287.265123314122
