reservoir,value
1,12947.942948121672
2,9950.135849515718
3,0.0
4,0.0
