reservoir,value
1,101354.48585620229
2,4209.867706531549
3,19987.98773314517
4,8872.637431439896
