reservoir,value
1,94228.00840009014
2,2222.2978666462964
3,9923.911229089164
4,6725.4420322405
