reservoir,value
1,25019.897515567267
2,6644.9106041279465
3,2239.3315794441382
4,1232.7716079627953
