reservoir,value
1,18840.59152766226
2,9960.458618523271
3,2574.689827898673
4,1279.7175478034806
