reservoir,value
1,41368.752864315145
2,0.0
3,0.0
4,2483.9085835437795
