reservoir,value
1,37438.475480698486
2,8378.40813631664
3,9848.829026980053
4,9706.651358246303
