reservoir,value
1,0.0
2,14914.108136316641
3,617.852568600345
4,2076.7513582463034
