reservoir,value
1,13770.869849176845
2,11900.33742981179
3,3438.735103535893
4,2255.1701106270425
