reservoir,value
1,31628.59074144082
2,14732.517618863692
3,5277.747413877027
4,7551.911657899479
