reservoir,value
1,22321.304624175922
2,6788.802999882648
3,4246.233743302229
4,3675.1445899548316
