reservoir,value
1,20958.958064683462
2,6675.96119800312
3,3970.8368787905442
4,2855.4425463260764
