reservoir,value
1,15151.860855493742
2,0.0
3,6024.599654997734
4,8814.36782493928
