reservoir,value
1,33119.68464323059
2,16103.663443154828
3,7983.788655744938
4,10149.98114723511
