reservoir,value
1,25518.087221985457
2,12630.586165147164
3,9287.729033175247
4,3101.304752060448
