reservoir,value
1,162681.81910273345
2,3223.965830441734
3,36455.96448285629
4,8271.486683659348
