reservoir,value
1,94914.46632135083
2,15937.953678649057
3,35061.1
4,0.0
