reservoir,value
1,30719.267063889878
2,2053.807821822457
3,5440.564947139328
4,13696.49036470942
