reservoir,value
1,29291.74463733632
2,22088.347370468447
3,6761.857313770146
4,9117.434559586678
