reservoir,value
1,149508.93562736677
2,9006.847370468447
3,42133.484578859156
4,12744.9
