reservoir,value
1,165860.86300409146
2,10404.57128908814
3,19326.319132419085
4,9605.477463982064
