reservoir,value
1,29600.269025677728
2,6716.420146467011
3,3703.8314244176995
4,5953.431851536751
