reservoir,value
1,143900.92536131598
2,0.0
3,13206.275684081003
4,12744.9
