reservoir,value
1,22416.61862599713
2,7718.114799023311
3,5145.76468318527
4,4045.24152782215
