reservoir,value
1,31436.381422758146
2,8511.35391915656
3,3235.824336591034
4,2810.64311318656
