reservoir,value
1,6986.741123871682
2,19617.2
3,51310.399999999994
4,12744.9
