reservoir,value
1,84869.5080066028
2,3729.8939334291726
3,14128.815287849722
4,27584.584851896416
