reservoir,value
1,165634.18118158827
2,8714.063636005329
3,39796.46020812629
4,0.0
