reservoir,value
1,17717.304739715124
2,17327.348877081902
3,2779.8800117299875
4,2351.2404030243033
