reservoir,value
1,66961.17901727888
2,4245.848877081902
3,12612.618065037663
4,8373.140403024248
