reservoir,value
1,86078.58236211933
2,11189.890327080419
3,27994.616530540567
4,10445.754819505124
