reservoir,value
1,41963.247320012495
2,5172.244965476758
3,938.2562939387113
4,0.0
