reservoir,value
1,87392.37166990514
2,19617.2
3,7482.366275698281
4,5347.971356175107
