reservoir,value
1,115942.43979623736
2,7513.5713932368
3,35486.932980188976
4,1323.3020682064798
