reservoir,value
1,33011.887055841704
2,10612.72718004512
3,6585.330944825779
4,12183.154577916352
