reservoir,value
1,28833.6690077666
2,5415.125374547957
3,8815.963610125971
4,16942.040719450342
