reservoir,value
1,41591.453267759905
2,0.0
3,16477.999139086005
4,10093.325811957691
