reservoir,value
1,14611.608940449594
2,42194.66957005459
3,3202.796942427247
4,2094.742211426407
