reservoir,value
1,21769.453808915874
2,14458.601828484709
3,2750.416862295958
4,1843.1101022635712
