reservoir,value
1,35442.937403001495
2,1377.1018284847087
3,8051.131281352283
4,8721.233926386412
