reservoir,value
1,55058.43836190474
2,11018.834931865471
3,13601.280970324882
4,13545.905470169222
