reservoir,value
1,121562.18402065171
2,4979.036881368362
3,12509.171498890319
4,8091.773092273368
