reservoir,value
1,27015.076564651128
2,21787.59650713037
3,2900.0333528957303
4,4657.714928191579
