reservoir,value
1,122727.75041460336
2,10776.539249361329
3,15979.847127888852
4,8764.097177787182
