reservoir,value
1,45087.41418890482
2,7465.12418304097
3,5607.774195132093
4,10201.914461077624
