reservoir,value
1,164715.63949692668
2,0.0
3,11656.027907074276
4,12744.9
