reservoir,value
1,13593.99368222492
2,4620.8633162065935
3,2802.9399701745533
4,2277.0159222342195
