reservoir,value
1,96723.10358594096
2,11156.563316206593
3,13774.818379882621
4,10948.258070879603
