reservoir,value
1,47683.08408360536
2,15535.562712443545
3,15768.121451563811
4,8188.480223240486
