reservoir,value
1,65752.06281712
2,5579.774933799999
3,23368.5890977
4,21825.48133662
