reservoir,value
1,145398.96771712002
2,3098.034933798054
3,34685.6927977
4,0.0
