reservoir,value
1,9715.644509551363
2,9037.203360802061
3,2652.503746125884
4,2131.8346648555607
