reservoir,value
1,21381.93328596199
2,0.0
3,322.7359384811866
4,4032.5851603197134
