reservoir,value
1,32413.784542739333
2,1977.8711467701683
3,0.0
4,3143.106683198306
