reservoir,value
1,67224.14455998
2,6588.05890552
3,25175.437393
4,18785.66006253
