reservoir,value
1,156184.56606550002
2,0.0
3,45173.095093
4,0.0
