reservoir,value
1,25561.86383728136
2,14848.993699202903
3,5731.334421487351
4,2796.327461503091
