reservoir,value
1,171887.1371583936
2,19617.2
3,45975.64582292709
4,11822.22746052571
