reservoir,value
1,6903.9092449297095
2,11558.096027191574
3,2527.9287764441124
4,1817.7324559429176
