reservoir,value
1,51086.3214779
2,13631.475543199998
3,16001.661700589997
4,14711.77559024
