reservoir,value
1,32578.272965171072
2,25986.565789962824
3,4537.476597632603
4,11979.87797553456
