reservoir,value
1,119081.20264661107
2,15743.564867042824
3,27548.960599413
4,12744.9
