reservoir,value
1,42404.4636128123
2,3507.1920437455683
3,7562.22438501356
4,6749.883147185566
