reservoir,value
1,71852.00337690189
2,8609.08261126529
3,0.0
4,0.0
