reservoir,value
1,137876.93532456923
2,0.0
3,36733.645990374265
4,12744.9
