reservoir,value
1,42197.3222817373
2,8829.935706971788
3,6946.01155941249
4,12779.605658570174
