reservoir,value
1,162405.18368882325
2,0.0
3,37609.26031648488
4,12744.9
