reservoir,value
1,3430.5086057207445
2,791.3538996193317
3,25368.813746906562
4,0.0
