reservoir,value
1,21457.54718782608
2,16022.646836043406
3,3980.4717966193957
4,2887.51410106879
