reservoir,value
1,119812.88772412107
2,16350.177780850152
3,20476.632624769725
4,7887.6346013605325
