reservoir,value
1,25976.4892386894
2,3122.130167807155
3,2304.177476748173
4,8813.057863862443
