reservoir,value
1,117786.48096591406
2,1774.3976204004584
3,29398.25261122503
4,11109.804060075301
