reservoir,value
1,12250.953100720015
2,13093.310514323122
3,3117.843422938762
4,1363.172453364061
