reservoir,value
1,34108.9595506217
2,15783.127723629856
3,4275.2665939933695
4,1860.5264422294345
