reservoir,value
1,74414.0744596749
2,12022.46693330458
3,7211.960697937761
4,1652.802292576903
