from,to,value
1,1,0.0
1,2,0.0
1,3,0.0
1,4,0.0
1,5,758.8104389495866
2,1,5272.000438949669
2,2,0.0
2,3,0.0
2,4,0.0
2,5,0.0
3,1,0.0
3,2,0.0
3,3,0.0
3,4,0.0
3,5,132.39999999999964
4,1,0.0
4,2,0.0
4,3,0.0
4,4,0.0
4,5,0.0
5,1,0.0
5,2,0.0
5,3,0.0
5,4,891.2104389495862
5,5,0.0
