reservoir,value
1,69618.51280740846
2,4694.275557219523
3,21419.25852815697
4,0.0
