reservoir,value
1,20815.30513714905
2,7130.954274784055
3,4508.41932770713
4,8590.26542673762
