reservoir,value
1,113973.06900546176
2,13666.654274784056
3,10239.97856216922
4,12744.9
