reservoir,value
1,43024.89583749858
2,22741.953843889434
3,9774.973166745353
4,3715.3076949792116
