reservoir,value
1,95833.03795480673
2,17858.653953866116
3,20861.519252011436
4,248.74903144592645
