reservoir,value
1,82493.87821221007
2,19617.2
3,16680.677321258205
4,10553.82062834698
