reservoir,value
1,21266.537163376855
2,8217.862566579433
3,3472.795981342187
4,3233.650039677288
