reservoir,value
1,89671.14550899211
2,14753.562566579434
3,18119.34623170875
4,12404.550039677288
