reservoir,value
1,17856.101500785342
2,0.0
3,3644.262707404996
4,3230.853751507231
