reservoir,value
1,38351.56106012
2,10732.385516119999
3,7521.867778999999
4,10834.577541800001
