reservoir,value
1,16822.35610602201
2,9385.511696773028
3,4410.982017926346
4,3887.736462611224
