reservoir,value
1,65743.29283520773
2,9095.535613795182
3,35794.73663099417
4,5023.0159316116005
