reservoir,value
1,26047.61021672548
2,10099.850386963328
3,4442.878977143294
4,3198.1073515997455
