reservoir,value
1,150098.71094617443
2,6949.4928480124
3,41338.35855241523
4,7809.484201150926
