reservoir,value
1,28066.803288045252
2,11465.217691070337
3,3686.4100429317264
4,1835.0294705637148
