reservoir,value
1,46900.30545958029
2,19617.2
3,27365.19980058382
4,0.0
