reservoir,value
1,129577.28999999995
2,19617.2
3,48998.299999999996
4,12744.9
