reservoir,value
1,23774.858734409405
2,5903.84310176526
3,5085.6297034565605
4,2430.751081628032
