reservoir,value
1,12816.940938926275
2,9418.660487834253
3,4450.605381900817
4,2247.3221546902196
