reservoir,value
1,71584.89837537
2,4581.1593465999995
3,13196.063321500002
4,19782.569587600003
