reservoir,value
1,134125.50822197
2,0.0
3,21728.610321500004
4,12744.9
