reservoir,value
1,81371.10668055966
2,9952.408478014513
3,0.0
4,0.0
