reservoir,value
1,11454.902920071585
2,15780.789872882991
3,2598.574074097092
4,2304.5106851896307
