reservoir,value
1,18712.15867936727
2,29997.536981958314
3,5043.023553031591
4,2129.161076666359
