reservoir,value
1,43035.93242841319
2,19617.2
3,23863.121252563833
4,3489.906949507399
