reservoir,value
1,62105.03518578884
2,6135.054914688976
3,12976.264166592298
4,0.0
