reservoir,value
1,57830.78063710316
2,11472.159773300738
3,36594.558362195414
4,8001.399578132819
