reservoir,value
1,37448.4991142417
2,17108.27760019101
3,6082.62143212765
4,2034.8917208498938
