reservoir,value
1,46340.37206360744
2,6877.482574198644
3,9590.72374545534
4,8597.970901877174
