reservoir,value
1,84183.52021616204
2,0.0
3,9073.808100015309
4,1871.8834314908283
