reservoir,value
1,14158.124800083617
2,19295.42689299781
3,3215.8019380629307
4,1521.640484739417
