reservoir,value
1,75709.60052659483
2,14084.338181652736
3,6314.777369404723
4,3350.0565981445015
