reservoir,value
1,23279.86165423176
2,13944.738029434173
3,2863.411313563221
4,2919.0519321565216
