reservoir,value
1,25450.0690272921
2,8905.799349299792
3,4942.85837024804
4,2645.3548423026505
