reservoir,value
1,60386.74766683426
2,0.0
3,2372.362048685849
4,0.0
