reservoir,value
1,144368.95999999947
2,18640.7
3,35666.299999999996
4,0.0
