reservoir,value
1,23272.13029711852
2,6581.405612108476
3,5392.037900890543
4,3245.949877475605
