reservoir,value
1,46000.238907130006
2,6949.33940832
3,15222.413316519998
4,21322.73309391
