reservoir,value
1,29024.532073509992
2,5719.139184043968
3,5142.532471230095
4,2902.8013549761245
