reservoir,value
1,55840.49434867839
2,5211.039184042584
3,3316.2202774476614
4,0.0
