reservoir,value
1,43579.72287444
2,9332.9621667
3,11383.701094749998
4,11372.07472624
