reservoir,value
1,86104.67911117936
2,4069.3534487181423
3,0.0
4,0.0
