reservoir,value
1,56212.264474593736
2,12371.20300329729
3,6751.519285912307
4,8602.066073582322
