reservoir,value
1,27332.206365659076
2,7634.95946370139
3,2574.200375685529
4,2520.4267809284047
