reservoir,value
1,92059.125880233
2,0.0
3,8219.742472454473
4,8424.555629223867
