reservoir,value
1,16989.76643053935
2,9509.269146704675
3,3280.6347597561003
4,2349.123035186826
