reservoir,value
1,57479.04293525709
2,10195.98063854576
3,11353.095922936096
4,11200.897774086585
