reservoir,value
1,54917.16758124516
2,1390.7984135932807
3,15603.892029366882
4,19538.034264123417
