reservoir,value
1,9502.867581245155
2,0.0
3,0.0
4,3220.1975621114625
