reservoir,value
1,200717.6
2,6187.50705609476
3,18442.425664262737
4,12744.9
