reservoir,value
1,83417.95900810556
2,12955.471050351027
3,25034.435009943696
4,0.0
