reservoir,value
1,65504.35520299565
2,19617.2
3,7850.197879234372
4,519.3879444265539
