reservoir,value
1,36312.81761279215
2,10115.139371708328
3,3738.9771786074734
4,9867.42199645065
