reservoir,value
1,33805.706948685765
2,11072.414285397143
3,5773.810698633246
4,1802.4741072269128
