reservoir,value
1,70810.2323215509
2,17937.254126965316
3,35555.16190452476
4,682.673335079272
