reservoir,value
1,145721.9038538088
2,0.0
3,34190.16782530452
4,4627.175674399854
