reservoir,value
1,75264.96424301146
2,6099.604439717014
3,888.7573759495408
4,54.052117637023
