reservoir,value
1,109856.86894263644
2,8278.33057509767
3,12548.792294109608
4,16976.894378356566
