reservoir,value
1,200717.6
2,16176.603630199228
3,18480.11688955446
4,9346.994378356047
