reservoir,value
1,114062.95704730003
2,0.0
3,25088.53032302
4,12744.9
