reservoir,value
1,14844.31101546494
2,7985.90151860532
3,3749.8881481751423
4,2824.3344001956216
