reservoir,value
1,106552.87076562126
2,14521.601518605321
3,11630.797679427767
4,12327.23440019562
