reservoir,value
1,22747.04996935476
2,11901.830983152913
3,3166.7879517453243
4,1441.5318808639834
