reservoir,value
1,96962.8331015339
2,18122.259642300945
3,1603.4548415329373
4,1568.4489061456318
