reservoir,value
1,46215.92442863999
2,4316.212847420001
3,23720.01592808
4,23564.16202809
