reservoir,value
1,25732.52093373544
2,10582.953593455819
3,5489.064385790118
4,3631.353829996562
