reservoir,value
1,113011.26839283736
2,0.0
3,24889.472984392352
4,12368.468447361109
