reservoir,value
1,16712.150208488645
2,26019.667223449414
3,2795.6628976231104
4,2105.1275145522645
