reservoir,value
1,68358.00688985274
2,12938.167223449414
3,10138.39287047242
4,7452.883837239458
