reservoir,value
1,51950.113897990006
2,8524.91833574
3,41489.38338223
4,29738.234273100003
