reservoir,value
1,0.0
2,0.0
3,31801.028737935965
4,22108.3342731
