reservoir,value
1,118954.36483373003
2,0.0
3,39751.63394429404
4,12744.9
