reservoir,value
1,79713.65923745284
2,0.0
3,3790.62329401187
4,0.0
