reservoir,value
1,47808.9065397444
2,16069.229448874321
3,7069.858085626554
4,9883.390220949352
