reservoir,value
1,30581.21418306027
2,3901.7717564454247
3,4313.3985775867295
4,11247.965081372933
