reservoir,value
1,17416.129858031458
2,4990.837674750203
3,2100.1221054172474
4,1474.2759516598367
