reservoir,value
1,25162.04323123716
2,14538.883526801294
3,4295.720612024527
4,11638.838343604215
