reservoir,value
1,123074.42149874166
2,0.0
3,23449.667965545308
4,4451.229891361086
