reservoir,value
1,22760.08884099773
2,8528.143741835396
3,2667.9697966917283
4,2080.8265359014304
