reservoir,value
1,29927.092980856138
2,13708.57821782134
3,21803.481730027393
4,8891.536622957288
