reservoir,value
1,41685.43538733
2,5609.19886063
3,6687.5649884800005
4,11058.472964879998
