reservoir,value
1,27421.80821432172
2,10867.391297966833
3,4139.626766231824
4,2769.650364734112
