reservoir,value
1,101725.9397213734
2,5615.382516554127
3,9248.269181420186
4,0.0
