reservoir,value
1,25742.740823756423
2,15716.926124814512
3,6119.687349735954
4,3284.1830007561375
