reservoir,value
1,100625.66935650016
2,10704.110005262111
3,46966.77540086595
4,12455.083000755934
