reservoir,value
1,102843.69748316729
2,0.0
3,25605.378309468764
4,6652.105500116302
