reservoir,value
1,54961.223134601474
2,0.0
3,10781.673520923847
4,8135.933435762764
