reservoir,value
1,60676.51829291043
2,24414.11113088915
3,8535.564107660268
4,15727.006124041256
