reservoir,value
1,122988.0064518788
2,19617.2
3,7497.987731075089
4,12744.9
