reservoir,value
1,18277.27913422746
2,73673.47216724615
3,3410.2552818476615
4,3467.885867784533
