reservoir,value
1,74489.48725842
2,11398.857091400001
3,18605.669263599997
4,22227.359796549998
