reservoir,value
1,149002.74834982003
2,0.0
3,30310.6087636
4,12744.9
