reservoir,value
1,81040.96525749787
2,0.0
3,17068.366485329156
4,6444.986952447678
