reservoir,value
1,93607.84960530202
2,0.0
3,14473.111666485549
4,12744.9
