reservoir,value
1,134568.01286952198
2,3424.292381768766
3,3130.305855618464
4,12744.9
