reservoir,value
1,175466.68430577609
2,19617.2
3,15712.329595910283
4,12744.9
