reservoir,value
1,26536.815585271397
2,7782.700000000001
3,21837.2
4,12744.9
