reservoir,value
1,19271.34582426098
2,3995.0867057607197
3,3707.8644496492343
4,12545.507856268363
