reservoir,value
1,84128.91003814462
2,19617.2
3,1185.3184654645859
4,1133.6720379046853
