reservoir,value
1,45582.68301102542
2,6536.18104712683
3,14601.25588829767
4,14902.648482931767
