reservoir,value
1,28760.670562524232
2,18188.73602924947
3,9654.185649359893
4,8543.490587525477
