reservoir,value
1,20496.72365321486
2,11133.726492339205
3,2701.004774992649
4,3140.0450335727896
