reservoir,value
1,2420.8853148942653
2,8074.342038853019
3,0.0
4,365.64587825908666
