from,to,value
1,1,0.0
1,2,0.0
1,3,0.0
1,4,0.0
1,5,228.29999999998995
2,1,3382.4900000001167
2,2,0.0
2,3,0.0
2,4,0.0
2,5,0.0
3,1,0.0
3,2,0.0
3,3,0.0
3,4,0.0
3,5,530.6000000000004
4,1,0.0
4,2,0.0
4,3,0.0
4,4,0.0
4,5,0.0
5,1,0.0
5,2,0.0
5,3,0.0
5,4,758.8999999999996
5,5,0.0
