reservoir,value
1,10863.572389804423
2,2012.5433631982182
3,2272.579389020455
4,1303.0517455252825
