reservoir,value
1,15546.086744254317
2,3868.297943290619
3,4417.9791734606915
4,3118.6394686032572
