reservoir,value
1,78957.96233481332
2,0.0
3,35969.596643642944
4,6752.603330780585
