reservoir,value
1,190809.40604428283
2,1069.5177892658305
3,45911.24393762328
4,12744.9
