reservoir,value
1,59800.228454878976
2,4116.073252162
3,14502.30333608127
4,21072.178524264124
