reservoir,value
1,113251.04221260246
2,0.0
3,26246.946326893423
4,12744.9
