reservoir,value
1,21764.89551362883
2,22487.983591103475
3,4116.295142968693
4,2978.725247969621
