reservoir,value
1,136218.74986108084
2,9406.483591103475
3,34138.48506768935
4,6007.023634637473
