reservoir,value
1,17653.38597720236
2,6529.567149537823
3,5043.770196075205
4,2760.1206082367416
