reservoir,value
1,84962.04653006003
2,0.0
3,15308.725993280754
4,8776.58957487393
