reservoir,value
1,29794.506977211866
2,23286.307509112336
3,3588.729083600153
4,2617.3385862710115
