reservoir,value
1,162607.44041695268
2,19617.2
3,21540.4406833551
4,11637.57716738122
