reservoir,value
1,51160.26912724463
2,10737.09574720504
3,3561.3531613608448
4,430.61054260032233
