reservoir,value
1,18958.63721154342
2,19400.215769081646
3,3507.995538823692
4,3015.231271641708
