reservoir,value
1,89066.11406290578
2,19617.2
3,21194.083369943866
4,12186.131271641709
