reservoir,value
1,23167.57248385826
2,12381.734509551392
3,3231.90445664674
4,2412.003717674712
