reservoir,value
1,109726.75023791553
2,39.385553771440755
3,16605.090477043363
4,7527.003717681634
