reservoir,value
1,72189.46280773207
2,7934.818668192398
3,10866.831319335344
4,15042.214386278742
