reservoir,value
1,70585.4249678449
2,19617.2
3,35102.123056369885
4,3696.363589304796
