reservoir,value
1,39853.43182130712
2,6653.973207503719
3,9830.890903161708
4,4079.448006388723
