reservoir,value
1,69486.05668509276
2,10053.653378436047
3,18490.135454297426
4,15143.955441516555
