reservoir,value
1,102766.19366827115
2,5205.5640855871225
3,33549.39002814881
4,9529.513755074584
