reservoir,value
1,18929.160182287913
2,7079.148650584643
3,3967.0927854668926
4,2528.234410957911
