reservoir,value
1,46067.95532667223
2,0.0
3,17476.52975366587
4,11554.134410958062
