reservoir,value
1,17032.560175852486
2,16399.510508673437
3,2475.0052098483698
4,1506.4499908934324
