reservoir,value
1,111368.93681471462
2,0.0
3,26343.771532406572
4,8454.945315616556
