reservoir,value
1,7375.444828280734
2,0.0
3,1456.2723849411732
4,1293.852924718797
