reservoir,value
1,48409.353803050006
2,7409.448713760001
3,22108.405812320005
4,23714.142380819998
