reservoir,value
1,39193.76721830895
2,9974.288264288218
3,6740.206872091549
4,8397.939903484805
