reservoir,value
1,125431.20010430831
2,2082.877079710436
3,20066.837006540107
4,12744.9
