reservoir,value
1,110747.5699999989
2,19617.2
3,42376.299999999996
4,12744.9
