reservoir,value
1,26043.273716801537
2,8270.16351471041
3,5315.519975364816
4,4498.225444077565
