reservoir,value
1,104505.83344984966
2,0.0
3,24998.206217581373
4,12744.9
