reservoir,value
1,54991.25129430477
2,2861.965604409459
3,20929.48255780313
4,15105.992801280827
