reservoir,value
1,70134.98270405465
2,11436.668601263944
3,15842.165564722402
4,7834.835544719677
