reservoir,value
1,58264.95591261986
2,13299.127883556921
3,5941.265564722402
4,204.93554471967764
