reservoir,value
1,46562.57294919359
2,12457.460835865686
3,10493.435325185226
4,12591.114013125087
