reservoir,value
1,107689.12471160121
2,2956.4048182600654
3,5074.834048211805
4,5864.768536283219
