reservoir,value
1,10668.801598447968
2,9374.926354930876
3,3362.1182668036017
4,2286.197040053242
