reservoir,value
1,17937.595565652126
2,0.0
3,0.0
4,2670.219774930607
