reservoir,value
1,22129.151468783544
2,3664.6788185754585
3,4254.502111994147
4,2207.3322082600944
