reservoir,value
1,25592.576042154767
2,12367.029782699228
3,6004.643124065008
4,2799.1608713749883
