reservoir,value
1,103404.2744170941
2,10258.524368390397
3,35003.049069224835
4,2738.9294658462977
