reservoir,value
1,13497.921332224932
2,5672.634332637052
3,2898.220748205956
4,1798.9318737570468
