reservoir,value
1,18768.308833499752
2,28392.767091739974
3,4049.9783052401417
4,4098.148796756387
