reservoir,value
1,91142.3829848419
2,19617.2
3,16172.28958623869
4,12744.9
