reservoir,value
1,53694.21722431133
2,6416.041201484516
3,9538.125695564562
4,9849.908830944465
