reservoir,value
1,40619.75675813472
2,4219.6988446595005
3,11016.012933392993
4,12000.578905204258
