reservoir,value
1,60039.799170666294
2,0.0
3,7435.663664453203
4,5376.761743519739
