reservoir,value
1,14330.311488196247
2,29174.155269479157
3,2761.5445065207823
4,1377.607012218119
