reservoir,value
1,58851.61024042282
2,19617.2
3,13918.27484884055
4,4261.6144573304
