reservoir,value
1,54118.092900590695
2,0.0
3,28229.33724953845
4,9947.7762418801
