reservoir,value
1,26911.714601445776
2,12543.023842109722
3,8702.913678881421
4,4448.998504871214
