reservoir,value
1,36728.62842523822
2,19078.72384210972
3,5796.571135896012
4,839.210206147713
