reservoir,value
1,30070.99516981759
2,16193.865199323793
3,6501.935145542184
4,2082.3513175058993
