reservoir,value
1,16462.19179015189
2,3489.217790541687
3,4095.301216057598
4,3571.5000839724207
