reservoir,value
1,68074.37007367704
2,0.0
3,26256.05715948501
4,5503.356309023007
