reservoir,value
1,58669.56112677043
2,3986.0661188911126
3,18641.836191061375
4,13878.213502833669
