reservoir,value
1,32621.137755213633
2,13302.054985203791
3,4045.2377719456613
4,7865.619095819777
