reservoir,value
1,104231.10494635117
2,5357.3567876723355
3,37284.59531588529
4,12744.9
