reservoir,value
1,24578.796812842727
2,13021.58073757331
3,3956.626522039078
4,4249.2365314555655
