reservoir,value
1,182942.53947551502
2,597.1440173664814
3,21958.00677902416
4,12744.9
