reservoir,value
1,24384.620794941067
2,19144.20801656106
3,4312.048430533808
4,2268.313372466558
