reservoir,value
1,17627.98020564404
2,9555.624886657099
3,2972.385032278511
4,4093.9548520104972
