reservoir,value
1,16796.531675619284
2,3908.8515807300137
3,2373.452911997845
4,3604.728923514792
