reservoir,value
1,110328.52905584296
2,0.0
3,28358.454481954883
4,12744.9
