reservoir,value
1,16020.769344964434
2,7396.251402303531
3,4658.117405627747
4,6163.267730614689
