reservoir,value
1,0.0
2,0.0
3,5923.938559187765
4,13935.978713400002
