reservoir,value
1,26101.999322386066
2,5684.871297041643
3,5214.793160133442
4,2935.239000148954
