reservoir,value
1,31673.247366708027
2,2466.6311216711297
3,8125.382637998746
4,13498.243353531438
