reservoir,value
1,20796.904108235307
2,2225.4811827372987
3,11174.783293933944
4,13066.620546421744
