reservoir,value
1,111513.133607414
2,0.0
3,24919.490144228737
4,12744.9
