reservoir,value
1,20062.45211898945
2,10309.397286671961
3,3602.591279163239
4,3061.3560617402977
