reservoir,value
1,17061.004021739933
2,13005.40631887548
3,9667.881781720027
4,5059.118799606044
