reservoir,value
1,97555.11559142299
2,0.0
3,51573.08178172002
4,9854.022585770643
