reservoir,value
1,56931.13228588335
2,17541.17431727241
3,0.0
4,0.0
