reservoir,value
1,155334.78398672998
2,0.0
3,30773.63154848
4,12744.9
