reservoir,value
1,28984.660360217793
2,4904.923149441977
3,4855.8490000238
4,6582.8232783856665
