reservoir,value
1,163482.35687734638
2,0.0
3,38967.80651710923
4,11697.823278385666
