reservoir,value
1,89425.62036859496
2,12106.360015887261
3,26087.152497094772
4,1168.6357631837573
