reservoir,value
1,41957.888866153735
2,6525.192772486085
3,11240.065013188587
4,5674.6904749583455
