reservoir,value
1,147789.93953341158
2,6609.778841102643
3,12944.262194014073
4,8580.539772953989
