reservoir,value
1,82704.9984087513
2,0.0
3,6618.859134673041
4,4121.43847060042
