reservoir,value
1,15825.91968109507
2,19617.2
3,11455.737500338168
4,1987.7360558107132
