reservoir,value
1,39877.800624049996
2,5566.44208996
3,10963.227617460003
4,12504.64945342
