reservoir,value
1,107335.73011401002
2,0.0
3,20401.847017460008
4,4874.74945342
