reservoir,value
1,51388.242449012774
2,11232.471582102235
3,12350.786459549216
4,15651.175280347199
