reservoir,value
1,135692.2645381732
2,2382.4871140729174
3,32157.552717376784
4,11023.087763839229
