reservoir,value
1,17435.30270838165
2,9656.646697655098
3,2921.983532685112
4,2631.3123439892956
