reservoir,value
1,74184.63228571092
2,12852.634698265058
3,9552.117072277295
4,11657.212343989295
