reservoir,value
1,11799.37756514622
2,6273.486242863506
3,3268.9218592866823
4,1607.543964138509
