reservoir,value
1,93599.42371952001
2,0.0
3,13877.913155602948
4,4981.60816090421
