reservoir,value
1,72987.26833705028
2,0.0
3,3239.754554304949
4,4007.967539467323
