reservoir,value
1,112497.65191215438
2,0.0
3,13227.93377786564
4,12744.9
