reservoir,value
1,185917.13474189557
2,0.0
3,46820.31614102161
4,12744.9
