reservoir,value
1,15003.584788500728
2,4290.668533177561
3,3373.051863480432
4,2374.1258961248645
