reservoir,value
1,52648.40502157902
2,0.0
3,11290.049578254358
4,5074.212547604112
