reservoir,value
1,97278.5217931145
2,19617.2
3,28456.85473133015
4,1933.7680605432697
