reservoir,value
1,51754.18586956
2,7131.6005188399995
3,9907.842140489998
4,9338.6051566
