reservoir,value
1,142971.99238840054
2,0.0
3,16767.43224049
4,10358.453664847952
