reservoir,value
1,13938.425242702784
2,9151.724642958203
3,3361.2452809104116
4,6715.896642625331
