reservoir,value
1,20017.48432648695
2,19216.466013347213
3,3985.1466560315416
4,5701.174205976405
