reservoir,value
1,101008.39677705802
2,10928.294229536361
3,22274.340188537124
4,12744.9
