reservoir,value
1,31154.062562304014
2,0.0
3,7835.656907758407
4,5097.9640343066
