reservoir,value
1,13162.35359799729
2,2326.6979980865835
3,5169.426159387777
4,2272.9805900334495
