reservoir,value
1,63737.21439005408
2,0.0
3,40113.47342710775
4,3222.2343491924157
