reservoir,value
1,16920.078437524713
2,24103.49218593303
3,1672.738019775797
4,1644.5236488079092
