reservoir,value
1,16732.488023440754
2,7861.358592997918
3,3094.7439384237146
4,2928.324442839135
