reservoir,value
1,102932.21669453784
2,0.0
3,22520.233407302258
4,5137.17341137274
