reservoir,value
1,30647.98335454105
2,11117.796576463803
3,2669.3857213308406
4,4428.219910607547
