reservoir,value
1,200717.6
2,18826.55967597929
3,14997.784234800656
4,2668.908114545677
