reservoir,value
1,65729.60015956
2,7015.63707012
3,14310.46134407
4,17584.9979
