reservoir,value
1,131760.27018869878
2,0.0
3,33242.09435497677
4,12744.9
