reservoir,value
1,70126.34075521739
2,0.0
3,9586.986263211727
4,3324.3686399587004
