reservoir,value
1,78856.02904402172
2,11474.960421666454
3,12425.148890488248
4,5526.223519790745
