reservoir,value
1,61963.25846854802
2,10800.964063171537
3,17765.755320955486
4,18591.71830326475
