reservoir,value
1,32087.98720917543
2,7612.186205531168
3,9374.015148069693
4,7343.686314571593
