reservoir,value
1,20902.115438893612
2,7300.186205531127
3,0.0
4,0.0
