reservoir,value
1,52476.889182703
2,4071.913238953808
3,8213.748923873627
4,14899.442783694194
