reservoir,value
1,138273.6760266593
2,6022.090137861821
3,25992.737110110254
4,7595.931699006068
