reservoir,value
1,32871.04732188136
2,8955.283077039976
3,7332.170112312859
4,10578.910871804921
