reservoir,value
1,12878.61809003898
2,25099.762010350543
3,3375.586719867652
4,2313.1542331837577
