reservoir,value
1,88646.9381271028
2,12018.262010350543
3,21315.726623472077
4,10484.17412346255
