reservoir,value
1,22562.951937678998
2,9297.036609899496
3,4089.4953716965656
4,3629.9410637062765
