reservoir,value
1,23121.872031867584
2,6459.3699331879325
3,5992.51774031276
4,2917.1299308634984
