reservoir,value
1,147.99321826071537
2,0.0
3,0.0
4,1273.502858963001
