reservoir,value
1,64775.700630087755
2,3024.892037241663
3,29812.99816915996
4,22398.279280453
