reservoir,value
1,162965.70406800363
2,1012.0856309704402
3,46253.914080417715
4,0.0
