reservoir,value
1,29229.58745203707
2,11203.882535929519
3,17755.707175514766
4,14651.238884836479
