reservoir,value
1,143741.8524090666
2,0.0
3,40446.94057610477
4,9470.440316934626
