reservoir,value
1,27490.143319336737
2,7596.713857148477
3,4390.942955851688
4,4516.543706846058
