reservoir,value
1,133184.66916308695
2,0.0
3,10990.19064658204
4,12744.9
