reservoir,value
1,21605.521725935992
2,4481.163380940062
3,5090.11020683993
4,13513.446904719427
