reservoir,value
1,124780.85194073152
2,0.0
3,5301.263690624444
4,12744.9
