reservoir,value
1,131181.5331098143
2,19617.2
3,35672.6178218909
4,4468.236872710111
