reservoir,value
1,48488.4939710376
2,17316.199999999975
3,51806.1
4,0.0
