reservoir,value
1,123519.29071096849
2,7185.136821041208
3,32637.82903634
4,12744.9
