reservoir,value
1,77336.21739044887
2,2257.32891434207
3,6508.335955775634
4,1735.1738521869574
