reservoir,value
1,21089.743285770375
2,13733.026590075497
3,4638.915975694183
4,3502.620990948461
