reservoir,value
1,35283.2223580809
2,3052.8010816321203
3,20293.44468984232
4,12289.096807230993
