reservoir,value
1,123221.97617862301
2,0.0
3,44585.099114792334
4,12744.9
