reservoir,value
1,76563.55084292224
2,8796.272838687433
3,13873.416801630232
4,7643.106376616243
