reservoir,value
1,107468.17984183514
2,6484.905457249216
3,18810.155718836824
4,0.0
