reservoir,value
1,65506.36181776
2,9963.97281743
3,17397.73759984
4,14273.159780500002
