reservoir,value
1,153726.96013519162
2,0.0
3,33921.659999840005
4,12744.9
