reservoir,value
1,28846.174505073475
2,5320.058380399107
3,5543.024114901133
4,11062.126523256225
