reservoir,value
1,51630.257705380325
2,3321.685027020928
3,8886.99999603836
4,16699.044900586578
