reservoir,value
1,130291.52025161128
2,0.0
3,28785.60068283836
4,11747.886698462888
