reservoir,value
1,17202.53154803631
2,6377.914237983137
3,3133.5804421254265
4,1884.5705465172794
