reservoir,value
1,73592.09717117928
2,0.0
3,10725.499104077762
4,10874.360113081351
