reservoir,value
1,63557.9441558039
2,4397.646868124763
3,13714.523149535189
4,4539.088998368642
