reservoir,value
1,61078.77186094375
2,6204.0799216688965
3,3813.6231495351894
4,0.0
