reservoir,value
1,20399.27637773381
2,4305.001264013908
3,4489.394027039711
4,5846.1566591893825
