reservoir,value
1,951.743155146738
2,2087.9888545781378
3,704.050977169702
4,0.0
