reservoir,value
1,19330.057097763158
2,6928.314839787199
3,2480.457085313412
4,1971.53592798404
