reservoir,value
1,25588.198328810242
2,38794.49716121189
3,5087.106991808179
4,3313.3133068419957
