reservoir,value
1,23510.490603455157
2,25407.59809735578
3,4129.345778271457
4,4734.475368363058
