reservoir,value
1,13456.60854770762
2,7138.640641235891
3,2883.6107444946
4,4371.147287958387
