reservoir,value
1,16398.551110705353
2,6880.845725272022
3,5164.720384518528
4,4020.547407333101
