reservoir,value
1,87836.72025807666
2,0.0
3,18992.278979299983
4,12744.9
