reservoir,value
1,38039.92082518386
2,0.0
3,1465.2877823998695
4,3964.000873483932
