reservoir,value
1,33480.122735537116
2,5368.305804957437
3,3987.3144891537577
4,3546.618311522576
