reservoir,value
1,73946.72678309696
2,194.66580495744165
3,8666.197885959657
4,0.0
