reservoir,value
1,199299.6982328948
2,3656.689607912019
3,51806.1
4,12744.9
