reservoir,value
1,57243.21780887614
2,3717.489218348301
3,14301.7109396776
4,13785.646918807608
