reservoir,value
1,59246.29423294828
2,0.0
3,17393.1542338055
4,11856.300398802518
