reservoir,value
1,26031.900034651255
2,3035.68872250968
3,7931.675135833729
4,17128.600591766808
