reservoir,value
1,108132.26568160718
2,0.0
3,17988.044885113763
4,12744.9
