reservoir,value
1,33127.71808963468
2,2768.2126130391825
3,4417.995785839928
4,9760.306651585239
