reservoir,value
1,18707.131370378254
2,6476.913713058022
3,2203.375929116472
4,1823.6645804286766
