reservoir,value
1,84830.11880365903
2,0.0
3,11409.438335094876
4,3296.143936800426
