reservoir,value
1,16620.882663583372
2,27018.482155845457
3,3859.8285767399757
4,1967.975453125672
