reservoir,value
1,12958.884960001807
2,36849.645432295954
3,3595.497718008109
4,2258.497764322117
