reservoir,value
1,58588.82076940673
2,19617.2
3,36414.37979763466
4,11264.12015165553
