reservoir,value
1,200717.6
2,19617.2
3,34665.876788730944
4,681.2317956814451
