reservoir,value
1,126474.58622742987
2,0.0
3,25283.705118055874
4,9274.92396951327
