reservoir,value
1,14623.060320622344
2,2495.910606024117
3,3841.4330937580703
4,2562.2775427683596
