reservoir,value
1,119307.47126679677
2,429.22197984018567
3,35278.891646173295
4,6652.761743919173
