reservoir,value
1,12872.217388267243
2,29026.790071692332
3,2721.4416568125166
4,1933.935378604785
