reservoir,value
1,58429.02636870629
2,19617.2
3,2462.1991567877185
4,7196.394609568637
