reservoir,value
1,37495.11304753539
2,8762.687187793746
3,8416.86836442994
4,20943.707376046004
