reservoir,value
1,127808.73979005942
2,0.0
3,34255.43112132935
4,12744.9
