reservoir,value
1,80164.92702928586
2,8289.258731833479
3,17847.194499808662
4,10802.972922698822
