reservoir,value
1,24268.767677532334
2,42479.00148253057
3,3523.8991766009344
4,2588.0143915003646
