reservoir,value
1,75881.36782743332
2,19617.2
3,9985.295251044463
4,9233.684149130382
