reservoir,value
1,111323.59344793606
2,0.0
3,29212.7361916184
4,12744.9
