reservoir,value
1,54559.95232735915
2,9546.451198246421
3,12255.960941271
4,14222.4855164153
