reservoir,value
1,58849.485079218204
2,8695.34039274182
3,24855.39955005756
4,20471.872433104683
