reservoir,value
1,31006.26837194518
2,5537.707209509957
3,3647.924621351042
4,2425.2505039870603
