reservoir,value
1,71211.42447257471
2,8015.783599431382
3,16635.35569147654
4,1268.6980829298052
