reservoir,value
1,33383.675854138004
2,3730.848050916572
3,14083.951743129268
4,16176.45483652775
