reservoir,value
1,126825.42979703905
2,0.0
3,23645.606850294793
4,12744.9
