reservoir,value
1,21485.055626806206
2,11497.10080189868
3,3039.3965451205586
4,2159.1846267791952
