reservoir,value
1,20490.091434535607
2,6423.60066991676
3,7987.640267934354
4,6856.099194971314
