reservoir,value
1,0.0
2,1705.4397486137875
3,8139.547663653459
4,0.0
