reservoir,value
1,34752.19242327624
2,7429.995127305359
3,8022.489483168918
4,12126.841982285208
