reservoir,value
1,153063.06110694056
2,322.9276218207133
3,23354.04511140576
4,12744.9
