reservoir,value
1,13931.413634678673
2,14263.466263421775
3,4383.306431770931
4,4416.552339259243
