reservoir,value
1,125520.61423931265
2,1181.9662634217748
3,10525.163733195008
4,12744.9
