reservoir,value
1,34673.27354278833
2,8143.905969238287
3,8470.863202227083
4,5678.486433227126
