reservoir,value
1,191483.40191893047
2,3950.2603813930928
3,50376.06320222708
4,12744.9
