reservoir,value
1,6587.336910968785
2,19617.2
3,520.6611781353724
4,3265.3320270997565
