reservoir,value
1,21503.62147407215
2,11318.992115545589
3,3448.367659572424
4,3192.2151543758705
