reservoir,value
1,16896.202159803408
2,25761.304956582615
3,1834.3587250235132
4,1587.5836837853765
