reservoir,value
1,39301.78624715528
2,18273.461657701668
3,7275.091465321448
4,2920.634796645097
