reservoir,value
1,19103.560735464864
2,6824.571794582129
3,8047.981362576584
4,5181.717567808948
