reservoir,value
1,102549.55038077559
2,2551.8182554627647
3,34645.24581604852
4,12744.9
