reservoir,value
1,21731.627122436632
2,15558.937349139793
3,3436.7526228785405
4,3053.416224132321
