reservoir,value
1,84524.69261684638
2,2493.998984792035
3,21767.559032260346
4,12224.31622413232
