reservoir,value
1,28913.157056519478
2,6758.71058474868
3,5329.52577173905
4,4752.7486997340275
