reservoir,value
1,18267.113536079545
2,0.0
3,17068.084097550767
4,0.0
