reservoir,value
1,73508.9045512
2,5105.344554900001
3,8563.13474175
4,18370.27922496
