reservoir,value
1,19428.02819173546
2,8954.777167535733
3,5207.209020793887
4,2902.0061510683795
