reservoir,value
1,12160.51645878893
2,0.0
3,5304.834498958066
4,6196.37782231598
