reservoir,value
1,27259.453575543197
2,4095.140818993338
3,4238.197527232704
4,4834.438058015532
