reservoir,value
1,22052.226973114924
2,8964.742301296108
3,3366.4980527644966
4,1623.1072214726255
