reservoir,value
1,62782.18806703661
2,8548.473161854941
3,8246.327677715824
4,3795.26719300907
