reservoir,value
1,15908.608472118798
2,15260.379522302015
3,4696.65415499723
4,2644.487469413418
