reservoir,value
1,0.0
2,153576.48000006485
3,0.0
4,7466.300000000001
