reservoir,value
1,17627.26210309648
2,12004.910848592343
3,3917.4005134137165
4,5240.17521165137
