reservoir,value
1,76942.61400993544
2,0.0
3,41714.857674629064
4,8351.740875386542
