reservoir,value
1,13405.601447242178
2,11974.714728710002
3,2607.030349761703
4,2074.9829429252113
