reservoir,value
1,6332.126056288816
2,4286.6410666422835
3,11339.563498695075
4,1982.9375860709642
