reservoir,value
1,34208.09362047668
2,6146.838979381013
3,3867.487107697456
4,5483.569500133551
