reservoir,value
1,56765.18313618423
2,0.0
3,24184.62122325941
4,12744.9
