reservoir,value
1,16926.115616557996
2,18681.823016390383
3,2409.299087532286
4,2220.988671729646
