reservoir,value
1,19973.489319291424
2,5922.93579743654
3,3230.139232935889
4,2013.506765970898
