reservoir,value
1,74581.02037047238
2,10538.493161634688
3,9644.431874595433
4,5716.083357999145
