reservoir,value
1,32155.290251423925
2,8826.68419461247
3,6447.278624479911
4,2948.896075359279
