reservoir,value
1,23542.479742333355
2,8237.634793547131
3,3515.0678265475444
4,1809.4540516012873
