reservoir,value
1,168653.6685931418
2,15992.957011863858
3,38688.19374899698
4,12192.541930139982
