reservoir,value
1,12201.429947437287
2,9986.970592169233
3,3264.2844573791995
4,1354.5077986798447
