reservoir,value
1,26353.946373996965
2,0.0
3,12489.501340476994
4,8417.077860300418
