reservoir,value
1,16627.39162119884
2,7675.663390692794
3,3425.6343550805427
4,2231.5548111143894
