reservoir,value
1,11981.21940940285
2,9089.781218853079
3,2915.8036044764344
4,2073.397350460533
