reservoir,value
1,158017.50378739473
2,0.0
3,34194.435745935596
4,11764.251890755742
