reservoir,value
1,54685.131100404375
2,14006.550849669182
3,6277.759748487572
4,14114.03637169695
