reservoir,value
1,159732.67161603644
2,19499.789508006143
3,16625.96169278215
4,12744.9
