reservoir,value
1,47171.60127347738
2,11039.7569052705
3,9701.00411173359
4,15459.531701586664
