reservoir,value
1,109006.1754704309
2,0.0
3,27712.273592869693
4,12744.9
