reservoir,value
1,14124.90355937215
2,3176.2477937125013
3,0.0
4,0.0
