reservoir,value
1,44068.021086400615
2,3854.2601068507042
3,10079.913829075082
4,13977.85525326095
