from,to,value
1,1,0.0
1,2,975.2295021964144
1,3,50.04212445820401
1,4,0.0
1,5,198.17949561548843
2,1,925.8457460578782
2,2,0.0
2,3,0.0
2,4,0.0
2,5,0.0
3,1,428.63687537285927
3,2,0.0
3,3,0.0
3,4,0.0
3,5,372.2317523973107
4,1,0.0
4,2,0.0
4,3,0.0
4,4,0.0
4,5,750.3936077605374
5,1,974.5853232389132
5,2,0.0
5,3,119.29088481723537
5,4,226.9286477171881
5,5,0.0
