plant,value
1,41211.7755881382
2,9002.022258697596
3,9115.232555336537
4,6271.295454378024
