reservoir,value
1,43020.189415741566
2,8701.938902766997
3,10583.177602669757
4,6619.800667600931
