reservoir,value
1,293.0556741229502
2,1376.6426793909295
3,60.617753232307294
4,1.9102472351051984
