reservoir,value
1,0.0
2,850.0837012288292
3,70.2494274946405
4,10.206449859133492
