reservoir,value
1,23781.837049243302
2,6295.579388674389
3,6580.024423665097
4,1384.0350848849876
