reservoir,value
1,19226.826985249616
2,6280.46661003387
3,6661.555054127929
4,1048.0735286941288
