reservoir,value
1,62687.666918002265
2,0.0
3,18810.710365462037
4,12413.05747198862
