reservoir,value
1,39481.61317749684
2,9302.10000730363
3,7689.692983605459
4,12090.818945476254
