reservoir,value
1,125766.2714363017
2,17412.508940222757
3,19298.34049032099
4,12744.9
