reservoir,value
1,70628.08816112328
2,3359.8029957816757
3,8800.932606227689
4,8592.115252915968
