reservoir,value
1,110041.86234829105
2,9962.212681279074
3,24716.711862657838
4,962.2152529159684
