reservoir,value
1,48207.572301379
2,11074.057037943261
3,6654.363930196741
4,9959.293100876814
