reservoir,value
1,81371.35377242381
2,8274.277238044982
3,4470.553589427727
4,2468.0227249441887
