reservoir,value
1,14703.849871132998
2,9720.4058473021
3,3666.2199178190913
4,3082.0724460417914
