reservoir,value
1,20051.11157034723
2,3541.1331958374
3,4002.4117606758437
4,2793.058642342705
