reservoir,value
1,69520.39475417984
2,0.0
3,21043.452541532504
4,12295.958642342704
