reservoir,value
1,18275.07036256153
2,13768.039339615698
3,2290.3485576130515
4,1495.1859725259087
