reservoir,value
1,87050.53207207065
2,15650.677833378579
3,9511.075937827973
4,2629.786767890284
