reservoir,value
1,39263.723553087315
2,5720.056784024844
3,11498.056969360805
4,12026.25083474612
