reservoir,value
1,26684.3401833786
2,6264.817623441184
3,4473.05594995553
4,3564.7959940548853
