reservoir,value
1,50387.478624089796
2,4748.696492136001
3,10606.8030190073
4,18308.993480133027
