reservoir,value
1,162485.9420903154
2,0.0
3,28451.9789560073
4,10679.093480132899
