reservoir,value
1,57329.85494994355
2,5396.512659141626
3,17157.584749400732
4,23959.979727586913
