reservoir,value
1,29831.767921994557
2,19756.585860779916
3,4226.082429976978
4,3426.102607842563
