reservoir,value
1,167871.9541143158
2,19617.2
3,40962.28009138405
4,12597.002607840575
