reservoir,value
1,109833.54249999818
2,3931.0949000013466
3,26419.705500000004
4,12744.9
