reservoir,value
1,88802.33131887717
2,3733.0246263499907
3,6750.0168353116605
4,0.0
