reservoir,value
1,48722.26821171389
2,3265.5760204465273
3,17233.546943127523
4,14316.20138918999
