reservoir,value
1,117731.99754768981
2,0.0
3,22518.992846593777
4,12744.9
