reservoir,value
1,89815.15222883447
2,0.0
3,23984.4177248308
4,12744.9
