reservoir,value
1,50132.49791529245
2,0.0
3,4089.9095657057096
4,10147.04346099564
