reservoir,value
1,72359.14123682608
2,0.0
3,14514.633040503688
4,7477.086737189991
