reservoir,value
1,27864.36397710254
2,18754.404109810006
3,5261.434498517507
4,1654.4101266783923
