reservoir,value
1,17196.367711099163
2,3117.033118404366
3,2439.1181984983436
4,1624.2224380034854
