reservoir,value
1,14684.982700585722
2,9961.608266692117
3,26941.287938910416
4,7300.316893073574
