reservoir,value
1,97676.62062989076
2,4983.31784845881
3,14000.812637065164
4,14045.727126861417
