reservoir,value
1,175847.89071111326
2,3214.8670553797583
3,24503.269647404733
4,0.0
