reservoir,value
1,69267.56532943822
2,4328.44421361095
3,45803.89015607529
4,24733.6434496977
