reservoir,value
1,0.0
2,0.0
3,939.78443527325
4,27080.05424827947
