reservoir,value
1,140566.4672001867
2,5096.616773009061
3,51806.1
4,0.0
