reservoir,value
1,22428.27638140286
2,14299.593587695199
3,2849.3673540475274
4,2265.3738666436725
