reservoir,value
1,20217.261025057705
2,42927.408431782285
3,2662.8991379168647
4,1880.2917009565501
