reservoir,value
1,32430.56406901948
2,1207.8755059808582
3,6520.589632123072
4,13009.40353080711
