reservoir,value
1,163590.3386704619
2,0.0
3,11297.348249035374
4,12744.9
