reservoir,value
1,30355.6342684686
2,14120.788605876598
3,6408.609596443255
4,2659.0755404897086
