reservoir,value
1,184148.76902472787
2,19617.2
3,46433.17675853809
4,11684.975540491343
