reservoir,value
1,51996.86397161232
2,14136.137773289265
3,17849.971315211067
4,0.0
