reservoir,value
1,19958.975360759367
2,4373.31603258795
3,4713.103295312602
4,2851.8545226811
