reservoir,value
1,62831.314285839035
2,4116.31603258795
3,11784.037388003628
4,2372.6916025098467
