reservoir,value
1,130813.02214533673
2,4103.5278173456245
3,45951.17124190717
4,11123.335964494612
