reservoir,value
1,19666.0648056081
2,3890.286322224688
3,3553.269206390432
4,3738.6101311826196
