reservoir,value
1,112302.30912445638
2,7921.255611375996
3,18263.964745410165
4,12744.9
