reservoir,value
1,42650.38707788849
2,3577.0841008204648
3,15568.462388199496
4,11794.7626358722
