reservoir,value
1,3249.662695562278
2,0.0
3,26355.646777936956
4,4164.8626358721995
