reservoir,value
1,26213.403292030293
2,19512.41661414444
3,3863.558100017732
4,6465.377794568965
