reservoir,value
1,163751.42005586845
2,18572.49791861263
3,19288.511811119817
4,10295.686424179716
