reservoir,value
1,17233.891501008584
2,21086.551317757916
3,2558.4124202101634
4,2834.722629417018
