reservoir,value
1,100253.750809931
2,19617.2
3,43474.399999999994
4,12744.9
