reservoir,value
1,77058.5959807797
2,0.0
3,33682.34593907725
4,12744.9
