reservoir,value
1,56992.8160642707
2,19617.2
3,23698.899942543005
4,6809.896031629755
