reservoir,value
1,187291.58597610323
2,0.0
3,12149.477901926972
4,0.0
