reservoir,value
1,29348.370101973967
2,10963.793002213133
3,5216.079277903579
4,15937.46934591698
