reservoir,value
1,49918.650947120754
2,6269.8219856293
3,19597.09823632153
4,18983.45640327483
