reservoir,value
1,129875.37743137812
2,0.0
3,37605.58511725744
4,2499.44236258417
