reservoir,value
1,0.0
2,184.39739370970528
3,467.1785161153766
4,0.0
