reservoir,value
1,46027.03559291741
2,3064.558897329977
3,8949.670477904878
4,13659.724096045746
