reservoir,value
1,169957.57568870846
2,0.0
3,38194.54524526614
4,12744.9
