reservoir,value
1,11306.739631088642
2,6505.896921826718
3,3203.9998605543806
4,2653.5867647864375
