reservoir,value
1,27357.47088117439
2,4905.86336410208
3,7892.746872612618
4,13181.373675728593
