reservoir,value
1,7505.772529565091
2,0.0
3,0.0
4,6464.438258089298
