reservoir,value
1,167978.67714490957
2,19617.2
3,8988.503656403962
4,12017.528702883887
