reservoir,value
1,23789.722663676825
2,20083.67781378144
3,3260.173317431946
4,2203.144466831996
