reservoir,value
1,22022.04149838628
2,12575.570077469612
3,2742.58710713667
4,1375.6647927326965
