reservoir,value
1,43950.28726535735
2,0.0
3,2627.8600998629286
4,363.79085471370473
