reservoir,value
1,38462.66554424298
2,7899.009302035449
3,9560.844775506413
4,13880.373869135532
