reservoir,value
1,151931.57603180112
2,10484.093507019099
3,17564.51110753953
4,11830.01785624908
