reservoir,value
1,57139.63204651611
2,5672.991412881833
3,16922.12212770355
4,13296.116851907564
