reservoir,value
1,0.0
2,0.0
3,3871.4249019770273
4,2188.3747656857918
