reservoir,value
1,85062.6460540622
2,19617.2
3,44350.17478688001
4,9610.601606949456
