reservoir,value
1,26590.112645026642
2,7614.524635901309
3,3690.392491384625
4,2881.3319354083533
