reservoir,value
1,23478.32679534027
2,3357.6130748216224
3,8471.528711815941
4,10072.290347470993
