reservoir,value
1,101229.70951980565
2,0.0
3,50376.72871181594
4,12744.9
