reservoir,value
1,28018.043927804145
2,10662.34947580131
3,26104.198828376222
4,2388.3535782862286
