reservoir,value
1,61257.58456976
2,12372.188483540001
3,21969.1847873
4,19882.01208258
