reservoir,value
1,132765.06696976
2,6272.434683540001
3,34894.34108729998
4,12744.9
