reservoir,value
1,30329.73510234306
2,55309.783723272805
3,3166.218772732237
4,1890.2688851961234
