reservoir,value
1,131658.9151489092
2,19617.2
3,22350.29713023226
4,4786.730458828037
