reservoir,value
1,16363.265266123362
2,4368.79374407146
3,4424.414203435039
4,3040.0193301956065
