reservoir,value
1,91838.86674731778
2,0.0
3,0.0
4,10164.984039965253
