reservoir,value
1,20602.670479609413
2,10893.01076950193
3,6762.30859351574
4,2841.495604450865
