reservoir,value
1,147661.45237330126
2,5016.2867998297925
3,11411.191649474487
4,12744.9
