reservoir,value
1,25091.20572609501
2,28037.719815216627
3,3263.6353875536392
4,1710.8123505369863
