reservoir,value
1,139659.94119512718
2,0.0
3,14282.49549422
4,11732.593225995866
