reservoir,value
1,11130.725188031844
2,14107.304409436985
3,23261.966501367686
4,5116.518131345514
