from,to,value
1,1,0.0
1,2,318.4199999999918
1,3,0.0
1,4,0.0
1,5,0.0
2,1,0.0
2,2,0.0
2,3,0.0
2,4,0.0
2,5,0.0
3,1,0.0
3,2,0.0
3,3,0.0
3,4,0.0
3,5,0.0
4,1,0.0
4,2,0.0
4,3,0.0
4,4,0.0
4,5,3053.0
5,1,2951.6000000006097
5,2,0.0
5,3,101.39999999999964
5,4,0.0
5,5,0.0
