reservoir,value
1,101176.53037507508
2,11807.503090204074
3,34226.14748826971
4,6930.025695105032
