reservoir,value
1,14745.623134158708
2,32116.54580022268
3,2060.2914325166307
4,1298.0634422048595
