reservoir,value
1,40953.880014921895
2,19617.2
3,11623.650340203203
4,7897.971903577143
