reservoir,value
1,22147.559108773996
2,25575.74984842501
3,3287.799830349244
4,2739.568922966318
