reservoir,value
1,118756.06946797941
2,19617.2
3,8903.999248883105
4,11910.468922966318
