reservoir,value
1,33528.8830113212
2,0.0
3,238.8817955800378
4,3956.4625509260836
