reservoir,value
1,83980.19058290745
2,4737.169639669312
3,27274.14664555612
4,22749.10864214688
