reservoir,value
1,44470.7414083664
2,10830.192009025024
3,10926.848712498893
4,8838.975692426906
