reservoir,value
1,54051.41221993512
2,12621.007430691752
3,39647.1889696639
4,1747.3763352216738
