reservoir,value
1,63352.0366697014
2,0.0
3,6588.4604057180495
4,0.0
