reservoir,value
1,101005.62443810132
2,0.0
3,29950.07029046715
4,12744.9
