reservoir,value
1,27754.04625208854
2,12310.9845067782
3,2339.2071040875694
4,1901.291282792908
