reservoir,value
1,4233.766016303436
2,2296.9748938027933
3,1796.0272466862384
4,774.8888944105238
