reservoir,value
1,32140.567510037927
2,30942.65192387608
3,5962.268901477003
4,6752.395124772316
