reservoir,value
1,63929.91548216736
2,3697.149099412766
3,17514.13252650175
4,14583.562225367874
