reservoir,value
1,138831.55083117605
2,4290.5379797705655
3,41786.38537203413
4,6953.662225367874
