reservoir,value
1,26656.984271383342
2,7144.677895710623
3,4465.184384433195
4,3433.646884735177
