reservoir,value
1,110755.3011314175
2,0.0
3,36230.023393863215
4,5856.7484634503235
