reservoir,value
1,34160.02041351164
2,3321.2702930266396
3,6747.7537639149095
4,11614.171262165875
