reservoir,value
1,118457.07218098026
2,0.0
3,21955.1325742367
4,12744.9
