reservoir,value
1,15938.13570108806
2,5959.397054223042
3,4158.1937123197
4,5510.221180356656
