reservoir,value
1,113649.75208243665
2,5055.238909148168
3,27583.048491796297
4,15279.566023164065
