reservoir,value
1,0.0
2,0.0
3,17682.148491796106
4,5557.884467482585
