reservoir,value
1,149859.85611731387
2,1050.6162681441635
3,51806.1
4,12744.9
