reservoir,value
1,45089.45611097866
2,8948.618469475434
3,6757.776089683719
4,8465.53214579984
