reservoir,value
1,75110.5810502044
2,13996.12555721965
3,5775.448097773497
4,1623.9506548760935
