reservoir,value
1,34256.8091816266
2,15600.617213188736
3,7514.227238382981
4,3165.895421027335
