reservoir,value
1,34497.92134073189
2,19617.2
3,7457.268490914193
4,0.0
