reservoir,value
1,37904.386770074605
2,5138.1550993117135
3,17644.05294287009
4,18641.33785481843
