reservoir,value
1,132126.58832365033
2,0.0
3,51806.1
4,11011.43785481843
