reservoir,value
1,42962.61790903829
2,5362.685033268513
3,11012.877808203673
4,12734.648025683411
