reservoir,value
1,135644.40491142683
2,0.0
3,22563.50096194213
4,12744.9
