reservoir,value
1,49033.088184708766
2,7781.029451130212
3,10155.642312014279
4,3110.2975894385163
