reservoir,value
1,32211.924187496574
2,12188.946884105117
3,3280.2720430027466
4,5697.452795454551
