reservoir,value
1,153835.84435828408
2,19482.3256368456
3,30796.201894584367
4,6242.347422323412
