reservoir,value
1,18305.569642872826
2,2123.7124731483295
3,3972.4153821174154
4,3592.9448362317703
