reservoir,value
1,42212.98525056971
2,6758.543072912749
3,10665.607585597952
4,4014.1462108423984
