reservoir,value
1,148967.82999999946
2,19617.2
3,25828.199999999997
4,0.0
