reservoir,value
1,26511.70287357444
2,4676.242665145901
3,7661.367091068104
4,4410.530889228323
