reservoir,value
1,22543.669228446946
2,1462.594277396336
3,25739.150836851855
4,5100.76824646281
