reservoir,value
1,43934.95367234
2,8170.27296559
3,18304.90242241
4,27310.274740719997
