reservoir,value
1,103591.72023793001
2,0.0
3,28300.420322410006
4,0.0
