reservoir,value
1,34563.13109227015
2,4358.797907981224
3,10463.210502060034
4,13914.898778180552
