reservoir,value
1,103724.12581496588
2,0.0
3,26906.082034466606
4,12744.9
