reservoir,value
1,99328.10428397807
2,19617.2
3,12563.373322691848
4,3491.1317561053265
