reservoir,value
1,95497.76510766914
2,16416.232004618603
3,11960.165590566341
4,0.0
