reservoir,value
1,27049.30635757564
2,5231.488948638955
3,2886.4050815318633
4,2394.9021528595517
