reservoir,value
1,34219.80079619893
2,30343.78176077743
3,5401.965645193713
4,5550.35339041717
