reservoir,value
1,97816.34555390321
2,19617.2
3,20409.637123791348
4,12744.9
