reservoir,value
1,69344.02528321033
2,3982.6971582542537
3,21119.70646785346
4,15729.380485618873
