reservoir,value
1,110065.54120469542
2,4016.661975303359
3,27275.559205076257
4,8099.480485618873
