reservoir,value
1,20679.424236680345
2,0.0
3,1326.045355929169
4,0.0
