reservoir,value
1,27957.770132080906
2,5396.537907172098
3,3938.696439419585
4,3573.5816272108195
