reservoir,value
1,40865.56322147584
2,6380.224260910751
3,8608.686404261056
4,14310.123527382
