reservoir,value
1,147207.06048517016
2,0.0
3,26871.522597221057
4,12744.9
