reservoir,value
1,115943.52375832145
2,0.0
3,16447.731276085447
4,12744.9
