reservoir,value
1,31529.177793376155
2,2664.141904347748
3,13094.95504271914
4,6012.271184787737
