reservoir,value
1,0.0
2,1103.6817515717016
3,10198.900018046672
4,0.0
