reservoir,value
1,16495.000945700613
2,2745.402700261391
3,5131.787506810568
4,3394.8123124720105
