reservoir,value
1,51802.61270606561
2,17746.7391252434
3,7730.283863398806
4,9830.915959725835
