reservoir,value
1,143329.75580295298
2,16776.06964050416
3,8425.61462198682
4,0.0
