reservoir,value
1,45440.6800633184
2,8533.099486455476
3,8449.190022393328
4,14477.809637104172
