reservoir,value
1,70087.0604851662
2,0.0
3,383.7400223933291
4,8270.017827402326
