reservoir,value
1,14435.423855144898
2,4979.700000000001
3,51806.1
4,12744.9
