reservoir,value
1,27744.491344376907
2,3647.213743858687
3,10183.37885810011
4,12688.826336337435
