reservoir,value
1,122039.04943758807
2,0.0
3,51806.1
4,9576.510403825214
