reservoir,value
1,67617.83361724157
2,14283.369401384567
3,7861.437091175266
4,3599.364829261508
