reservoir,value
1,97298.98430743428
2,1201.869401384567
3,567.5019204368054
4,0.0
