reservoir,value
1,111113.03152207617
2,0.0
3,9692.411702315396
4,12744.9
