reservoir,value
1,36873.44222256834
2,3619.29772384964
3,9253.842913519227
4,16052.643500533963
