reservoir,value
1,72030.86219669593
2,5042.2452759846055
3,7972.507060351543
4,16540.421438863697
