reservoir,value
1,59366.51709136
2,10344.40379319
3,16627.25533586
4,22005.99093499
