reservoir,value
1,20312.910887557635
2,13829.45159356363
3,3363.1937760445044
4,4147.562655727797
