reservoir,value
1,37640.652780091164
2,0.0
3,12246.44951109336
4,1571.094487894992
