reservoir,value
1,62228.67222610757
2,3790.267580540477
3,28734.53242522439
4,15309.720832681174
