reservoir,value
1,23447.90802819798
2,9531.834160515387
3,7742.934278164255
4,2325.6236616297965
