reservoir,value
1,68808.22352660546
2,695.7100602224068
3,49013.44737612566
4,3714.0466341202855
