reservoir,value
1,13940.863684413647
2,8001.666861478831
3,2594.773027488145
4,1649.6067960215137
