reservoir,value
1,6618.499376238548
2,0.0
3,0.0
4,248.60118427649965
