reservoir,value
1,49187.328114121876
2,12323.228621458344
3,11211.70261978507
4,7148.092876558438
