reservoir,value
1,107919.60373830964
2,5284.367880527319
3,8760.626579798693
4,0.0
