reservoir,value
1,75400.31464838402
2,4800.309452508627
3,20035.405811938712
4,18604.395077791494
