reservoir,value
1,68985.33009558535
2,0.0
3,26255.842030578817
4,5100.27353573998
