reservoir,value
1,26759.318005394874
2,8248.77160935328
3,4514.199981494337
4,4379.367574503139
