reservoir,value
1,29743.667244686803
2,7881.937465606554
3,5665.640783410143
4,7039.879463077646
