reservoir,value
1,120644.82476765482
2,0.0
3,13311.430385772179
4,12744.9
