reservoir,value
1,108927.9953634248
2,0.0
3,20401.2650263612
4,12744.9
