reservoir,value
1,54059.76404108516
2,5032.266638723721
3,9757.138571531472
4,10457.285289253341
