reservoir,value
1,177448.92233146908
2,0.0
3,23707.70639772222
4,12744.9
