reservoir,value
1,66220.32617325177
2,1876.9650119677117
3,23692.247551474175
4,14266.090123794049
