reservoir,value
1,97619.7370113929
2,12174.864824261145
3,51806.1
4,6636.190123794049
