reservoir,value
1,24242.871650502573
2,24574.696198485744
3,3034.1295686998674
4,3384.370981144632
