reservoir,value
1,72170.97550080477
2,19617.2
3,2771.094403033477
4,12744.9
