reservoir,value
1,43397.802910254504
2,752.2000000001281
3,51806.1
4,12744.9
