reservoir,value
1,35451.766400085326
2,30257.4642317996
3,14324.58894096406
4,6496.326325964395
