reservoir,value
1,10208.087266245522
2,16886.685479766085
3,3247.3317819530776
4,1402.4214487046256
