reservoir,value
1,51465.7595509851
2,7396.194755861836
3,12461.63666211952
4,6819.80601395394
