reservoir,value
1,23316.487972453033
2,13984.239873863262
3,4657.177912809888
4,3270.0696776598907
