reservoir,value
1,146027.72388410775
2,4466.294641653127
3,17533.670658797662
4,12440.96967765989
