reservoir,value
1,29935.728551703825
2,16204.54353236932
3,8155.879835100865
4,3622.5857101314186
