reservoir,value
1,107202.2772657231
2,19617.2
3,19075.877128847897
4,0.0
