reservoir,value
1,24931.328430075002
2,14925.696367682467
3,4097.827382885587
4,2292.5987703688766
