reservoir,value
1,152.56122658566437
2,9754.898002114769
3,123.77986730112417
4,1529.2872885871557
