reservoir,value
1,142687.47024023268
2,12272.918341710116
3,29519.240295699823
4,7052.657435638392
