reservoir,value
1,19812.98152620034
2,12998.56155313307
3,6905.773741402488
4,3869.471232076896
