reservoir,value
1,13769.156403616438
2,4759.608484026824
3,3163.6137060329443
4,2843.5998735611324
