reservoir,value
1,34837.04798297639
2,0.0
3,21994.341722376543
4,3806.8753162408443
