reservoir,value
1,82376.79393390771
2,4885.225438489855
3,37320.138394957
4,18716.945472369116
