reservoir,value
1,113892.85679760147
2,17567.09190316849
3,998.6159720577189
4,9293.146022170304
