reservoir,value
1,28510.31904570941
2,8374.474406220965
3,10244.0057857811
4,10202.393871526456
