reservoir,value
1,0.0
2,0.0
3,343.1057857811011
4,2572.493871526456
