reservoir,value
1,19123.926674602517
2,17621.460525467126
3,4256.740594087658
4,2111.7338859257247
