reservoir,value
1,109349.11779782586
2,4539.960525467126
3,33185.40560086896
4,2235.3639048432988
