reservoir,value
1,24846.854884508026
2,28686.279962415705
3,1853.1078557991314
4,2261.761881808423
