reservoir,value
1,12566.701727373227
2,19617.2
3,3420.6215935736273
4,4317.834943991475
