reservoir,value
1,24046.9900000392
2,7782.700000000001
3,51806.1
4,12744.9
