reservoir,value
1,29466.97428039152
2,4079.880008654107
3,4328.221322109165
4,3209.4100977621815
