reservoir,value
1,43282.738550756316
2,9030.348993729067
3,1850.1731226152215
4,148.64725799634888
