reservoir,value
1,86076.68644055116
2,19617.2
3,1956.6469213121627
4,0.0
