reservoir,value
1,19134.16188190345
2,16135.081753788445
3,4032.0155661474546
4,1545.4072065144342
