reservoir,value
1,91518.42934766077
2,19617.2
3,9808.165033586862
4,5338.070267787366
