reservoir,value
1,38192.37448845114
2,9579.973249870589
3,7925.3914264740315
4,14685.519300381133
