reservoir,value
1,46621.823591939756
2,11395.296084443919
3,748.062433997542
4,1462.0312391722714
