reservoir,value
1,22674.82484032982
2,11806.38596839738
3,2954.465580488154
4,2867.658612470461
