reservoir,value
1,23114.921965282774
2,2661.755349419723
3,7529.447132564017
4,5176.462538554972
