reservoir,value
1,104589.8786551095
2,0.0
3,43927.943806453964
4,10291.462538554972
