reservoir,value
1,49158.12014067814
2,8885.595769020956
3,14550.416753199137
4,2523.885195307461
