reservoir,value
1,41290.12193129846
2,7205.042445517425
3,13253.59545504389
4,6249.0366701783205
