reservoir,value
1,24022.9287142705
2,12874.253567916077
3,7556.49874898288
4,11752.336696367613
