reservoir,value
1,63633.85701329581
2,19409.953567916076
3,49461.698748982875
4,12744.9
