reservoir,value
1,50838.5357152
2,6911.57469247
3,10789.195860040001
4,15503.75725201
