reservoir,value
1,121013.26587095819
2,13833.815526894949
3,10551.311102351636
4,0.0
