reservoir,value
1,46037.65644216091
2,4923.541648473448
3,10605.01242324507
4,14466.63706060597
