reservoir,value
1,118134.11976589389
2,0.0
3,10672.655237223586
4,5587.864942041376
