reservoir,value
1,16783.07071531666
2,24397.093080955266
3,3440.15929887439
4,2418.159978869493
