reservoir,value
1,69689.2658766344
2,19617.2
3,4321.267613811367
4,205.2496512667513
