reservoir,value
1,34548.27867813954
2,9737.709059522256
3,5645.019411279987
4,6801.209110398027
