reservoir,value
1,92858.10449310542
2,4005.8195737091164
3,25044.960041958162
4,12744.9
