reservoir,value
1,29242.370594173273
2,10135.186390527979
3,4803.440299345551
4,3725.847609911082
