reservoir,value
1,28269.604538039108
2,2096.457032350319
3,6708.687836707115
4,13479.93047114523
