reservoir,value
1,33533.115822280844
2,0.0
3,14655.928861263792
4,12744.9
