reservoir,value
1,22378.699791323448
2,8232.897367862977
3,4671.663990217369
4,3504.7598376808965
