reservoir,value
1,42753.44759820896
2,6209.107534735429
3,11801.249112760841
4,13850.028140699664
