reservoir,value
1,28605.808975818087
2,17397.61014998932
3,3497.490160647632
4,2656.877957714572
