reservoir,value
1,84202.53336885804
2,10223.685023069822
3,35162.8324152814
4,11827.777957714572
