reservoir,value
1,16895.503443367306
2,8415.854423653007
3,3392.9199889757156
4,2616.2368043233632
