reservoir,value
1,82626.45440303466
2,0.0
3,17256.15129235652
4,8585.084182118193
