reservoir,value
1,34670.054100841364
2,10018.801064869642
3,8549.553436339622
4,3212.9441827487226
