reservoir,value
1,95914.19017890468
2,12328.197140408824
3,2567.9194131457216
4,1048.5707427001632
