reservoir,value
1,27689.28146558924
2,5631.386733584042
3,5212.184325047152
4,7913.617625883301
