reservoir,value
1,46884.16997139594
2,7498.887968895338
3,12421.83383468617
4,7574.028371520075
