reservoir,value
1,19183.334087845866
2,0.0
3,3353.862206206244
4,0.0
