reservoir,value
1,19663.15588326817
2,13365.48905929007
3,3453.7977699298217
4,3517.1894075241207
