reservoir,value
1,14947.515318201502
2,13419.630728683936
3,3988.006999039656
4,2128.5149936014163
