reservoir,value
1,21289.374355655928
2,338.13072868393647
3,577.4942733313619
4,1927.5613135967892
