reservoir,value
1,25796.177850133077
2,8665.219980279278
3,9747.88712998718
4,11922.84896692975
