reservoir,value
1,17201.472308453616
2,9799.413896522148
3,2421.5930379677875
4,1498.8337504749893
