reservoir,value
1,42198.27926098088
2,6101.246462420009
3,7904.884648727577
4,8317.135448319845
