reservoir,value
1,18828.861470962704
2,17419.459326328662
3,3638.2471535366853
4,2278.2790148639924
