reservoir,value
1,51421.87250107793
2,5278.135110753374
3,22248.93503144929
4,1759.1375254356826
