reservoir,value
1,27031.045402229254
2,28289.102914944
3,2959.425939996276
4,1218.870181844774
