reservoir,value
1,21658.55060569231
2,19617.2
3,396.5333928123498
4,4801.932111249305
