reservoir,value
1,73104.37643968737
2,11685.225705599205
3,9087.895804890904
4,0.0
