reservoir,value
1,23730.906503821705
2,10245.895079264264
3,3087.2744097534983
4,1863.1861177227404
