reservoir,value
1,73420.47950075634
2,0.0
3,6355.170454781941
4,769.2754839174883
