reservoir,value
1,26094.218203922836
2,4683.50359385729
3,5181.086139225604
4,11452.579105655092
