reservoir,value
1,98971.81229854334
2,0.0
3,19368.98029425385
4,12744.9
