reservoir,value
1,52959.13454010362
2,7509.079184829367
3,8633.62357843866
4,5652.612894425241
