reservoir,value
1,88341.11008761765
2,5433.862737918728
3,23143.637803556925
4,0.0
