reservoir,value
1,15880.106489964292
2,8573.518966123105
3,3565.0688614689384
4,3380.6681805341436
