reservoir,value
1,58763.685871203634
2,0.0
3,10038.144292311023
4,12744.9
