reservoir,value
1,35003.06249963693
2,26295.94349623227
3,6089.77575586441
4,3622.983883991429
