reservoir,value
1,68966.96237776
2,10368.85681485
3,20611.60834725
4,21265.4650938
