reservoir,value
1,159373.16789261036
2,0.0
3,38598.58624724967
4,12744.9
