reservoir,value
1,100826.04844109202
2,3007.11156033345
3,19094.29098818986
4,8006.043054150856
