reservoir,value
1,38948.71482126625
2,2582.6406089233838
3,14024.017764049358
4,18248.380483736382
