reservoir,value
1,124270.13096592971
2,0.0
3,46421.677627649355
4,12744.9
