reservoir,value
1,135050.4338267034
2,0.0
3,35506.41838544067
4,12744.9
