reservoir,value
1,30244.07321983974
2,6087.892823942366
3,4887.610431432729
4,3812.211877534519
