reservoir,value
1,129236.67489842065
2,0.0
3,16165.870843915542
4,11634.749180560608
