reservoir,value
1,32604.481569320415
2,2155.8317206673314
3,13585.19747847431
4,14599.423212143643
