reservoir,value
1,187907.78156935386
2,2040.4145357731381
3,36245.813542026575
4,9228.004054763285
