reservoir,value
1,21962.014662612284
2,8644.284823778824
3,4374.191684551868
4,2462.3484182208995
