reservoir,value
1,102441.5269820347
2,12647.72761903911
3,39006.21949418135
4,8016.1237534283655
