reservoir,value
1,17075.776850123406
2,11565.611116965389
3,2141.238855424232
4,1454.3852028236827
