reservoir,value
1,45130.72092172
2,9636.248207200002
3,32720.161873279998
4,23411.547982999997
