reservoir,value
1,0.0
2,0.0
3,8463.73600743263
4,3036.7479829999975
