reservoir,value
1,112241.29732172002
2,2748.152207197284
3,46373.266165847366
4,12744.9
