reservoir,value
1,132.60285750342837
2,0.0
3,4380.350223737001
4,4911.618111385316
