reservoir,value
1,13673.927854550318
2,13378.751604820163
3,3315.909894521016
4,2132.911427468862
