reservoir,value
1,47524.2455367844
2,18121.42229643935
3,3015.4021558771065
4,11490.811427468861
