reservoir,value
1,26906.073391171805
2,9979.868890355832
3,5114.096050846315
4,4625.204774450704
