reservoir,value
1,141953.45451407653
2,2494.8637212570147
3,21557.056639887982
4,12744.9
