from,to,value
1,1,0.0
1,2,5315.499999999928
1,3,0.0
1,4,0.0
1,5,41.82914403139239
2,1,0.0
2,2,0.0
2,3,0.0
2,4,0.0
2,5,0.0
3,1,0.0
3,2,0.0
3,3,0.0
3,4,0.0
3,5,561.2232962140034
4,1,0.0
4,2,0.0
4,3,0.0
4,4,0.0
4,5,0.0
5,1,0.0
5,2,0.0
5,3,0.0
5,4,603.0524402453957
5,5,0.0
