reservoir,value
1,41668.468869464756
2,10259.632658217488
3,9659.982935307527
4,6275.9176659321265
