reservoir,value
1,4666.315906966909
2,0.0
3,0.0
4,1378.596907471594
