reservoir,value
1,17396.224735632994
2,9502.084453699877
3,5636.556502776115
4,3803.2043756179382
