reservoir,value
1,103886.0889999136
2,0.0
3,45256.378499900675
4,12744.9
