reservoir,value
1,148982.62816456
2,0.0
3,22483.2943598
4,12449.833503019663
