reservoir,value
1,118226.82521929841
2,14205.6829868283
3,23060.513173228203
4,12287.9735889457
