reservoir,value
1,22046.13680862821
2,6513.574972603141
3,7427.164788194896
4,5081.233734574102
