reservoir,value
1,30619.001577177703
2,8366.907382260493
3,4725.978884967923
4,3955.977429097976
