reservoir,value
1,19710.82390224844
2,13363.692174111718
3,4220.250058294454
4,1955.481357967863
