reservoir,value
1,82717.70591486571
2,282.1921741117185
3,25738.96189701889
4,1.5630119292007516
