reservoir,value
1,57134.94886294
2,7395.504140320001
3,10625.0698432
4,11584.620108019997
