reservoir,value
1,126673.62030325999
2,0.0
3,18591.485843200004
4,8090.630772156899
