reservoir,value
1,19251.97234075467
2,14002.222522408581
3,2956.162670649708
4,1963.440117444483
