reservoir,value
1,81871.48041952585
2,6083.745845598667
3,11071.079184276632
4,18255.270487327754
