reservoir,value
1,86040.7453265844
2,0.0
3,34983.95863903314
4,10454.02084515522
