reservoir,value
1,26955.81259589576
2,11533.641705210493
3,3706.880583614341
4,2021.6729920079501
