reservoir,value
1,18126.543087316073
2,18156.957185812586
3,3827.4935863449023
4,2448.4885078286875
