reservoir,value
1,73647.41723538472
2,5075.4571858125855
3,18713.484321537344
4,4002.312490981645
