reservoir,value
1,66385.50808734506
2,6488.812162407265
3,14140.71126621404
4,8074.154533645344
