reservoir,value
1,134638.88686554998
2,7846.205337930463
3,18523.329298288692
4,444.25453364534405
