reservoir,value
1,22615.796075030015
2,6681.8355409976375
3,11369.321194640412
4,3748.9383717563064
