reservoir,value
1,99013.33371041021
2,0.0
3,1727.8130702066594
4,8538.781722581673
