reservoir,value
1,41817.07159745923
2,7333.815031387076
3,13217.451090147431
4,16116.851859789536
