reservoir,value
1,108382.9421198954
2,18420.764240299235
3,1234.231866279686
4,0.0
