reservoir,value
1,59188.67281328338
2,11260.661222140781
3,13523.21086763467
4,24868.29940674419
