reservoir,value
1,142834.95553883075
2,9850.289273475986
3,22585.32597700327
4,12744.9
