reservoir,value
1,15623.242382753948
2,9358.239207392755
3,4346.450543578661
4,1683.6380919010646
