reservoir,value
1,39748.537802597784
2,0.0
3,9659.897083122738
4,5799.1674983769835
