reservoir,value
1,17516.783274926784
2,11620.524616880219
3,2450.729313144518
4,2171.346125269162
