reservoir,value
1,105876.77979116829
2,9117.913044307625
3,9990.137836624037
4,9404.618706993255
