reservoir,value
1,28492.527319377223
2,7891.394014545234
3,12521.75462544628
4,5938.791251980868
