reservoir,value
1,14928.035219371835
2,11449.230565702857
3,15022.68109743849
4,0.0
