reservoir,value
1,15326.604027094985
2,10023.619166534972
3,2646.907217503222
4,2270.467882632121
