reservoir,value
1,20817.632826842648
2,10559.695533560833
3,3421.5720317476794
4,3353.736267075687
