reservoir,value
1,81592.99186733764
2,0.0
3,3153.912848791051
4,12744.9
