reservoir,value
1,46131.23724620516
2,4908.916821741841
3,11533.9670001319
4,8101.761905243643
