reservoir,value
1,19342.906472903393
2,11488.17882358987
3,3535.2987159240147
4,2661.457225227491
