reservoir,value
1,118192.65847498144
2,15455.313945526936
3,5459.003803022959
4,7498.92012426695
