reservoir,value
1,17964.463153559453
2,13027.045963854533
3,3987.2265022351066
4,2546.3388678051647
