reservoir,value
1,3201.5952906532834
2,0.0
3,0.0
4,3195.3346576840736
