reservoir,value
1,28115.10833575677
2,9851.607193627227
3,5462.692325859912
4,4239.034195378407
