reservoir,value
1,16569.274282892773
2,7368.3757849951
3,5366.483120621801
4,3343.6287773575427
