reservoir,value
1,39910.89287642068
2,13904.0757849951
3,12150.836144264675
4,12369.528777357584
