reservoir,value
1,116481.07735734229
2,2719.2319980287075
3,19086.34052996862
4,15084.702627114017
