reservoir,value
1,0.0
2,0.0
3,2109.2997993991376
4,13903.300000000001
