reservoir,value
1,24414.53000000032
2,3065.2000000000007
3,51806.1
4,12744.9
