reservoir,value
1,34800.130056810995
2,8474.312507322453
3,7235.4286469554545
4,7708.149048477619
