reservoir,value
1,158118.38631192682
2,0.0
3,35499.681541449136
4,9527.360022375426
