reservoir,value
1,19531.34437020703
2,18218.44244631673
3,2875.3401956623366
4,2237.254128968279
