reservoir,value
1,62158.61490699656
2,5771.595868331786
3,11855.840873127985
4,4854.239684846165
