reservoir,value
1,28166.854678383163
2,7232.089042263051
3,2875.2498482489364
4,3428.6998075400006
