reservoir,value
1,110141.21951457392
2,225.86324150436303
3,9346.371137524446
4,12599.59980753996
