reservoir,value
1,22415.243513840513
2,5688.06096908429
3,2896.1225431519697
4,2442.3518753542526
