reservoir,value
1,52000.02109923106
2,2713.3318875997784
3,29162.371141526168
4,21368.237626428752
