reservoir,value
1,62766.8586419048
2,2062.1367600869044
3,23036.247595469496
4,12744.9
