reservoir,value
1,53470.82361422201
2,0.0
3,5178.767999528715
4,3689.3135494587773
