region,depth,value
1,1,31.663800000000005
1,2,8.46088945928225
1,3,7.224595144791501
1,4,20.334581139912455
2,1,16.688044259904064
2,2,6.22179507109565
2,3,1.0914000000000001
2,4,12.66274393359946
3,1,2.618256889119936
3,2,4.518800000000001
3,3,0.051851438890145346
3,4,6.742748714270477
4,1,0.0
4,2,0.0
4,3,0.0
4,4,0.8603640279341762
