from,to,value
1,1,0.0
1,2,1828.3637670169358
1,3,152.89214330186536
1,4,0.0
1,5,443.69984761063455
2,1,2473.902437669193
2,2,0.0
2,3,0.0
2,4,0.0
2,5,0.0
3,1,212.3705029861551
3,2,0.0
3,3,0.0
3,4,0.0
3,5,237.35284824846258
4,1,0.0
4,2,0.0
4,3,0.0
4,4,0.0
4,5,929.7586789555094
5,1,933.1398977681205
5,2,0.0
5,3,337.85296658173127
5,4,339.81851046475606
5,5,0.0
