from,to,value
1,1,0.0
1,2,1497.9231388612686
1,3,295.262007207999
1,4,0.0
1,5,1283.537586422248
2,1,3148.298301108236
2,2,0.0
2,3,0.0
2,4,0.0
2,5,0.0
3,1,129.98355162424713
3,2,0.0
3,3,0.0
3,4,0.0
3,5,448.74858052342194
4,1,0.0
4,2,0.0
4,3,0.0
4,4,0.0
4,5,111.18019624564458
5,1,351.5675606539935
5,2,0.0
5,3,480.8870065858218
5,4,1011.0117959514942
5,5,0.0
