reservoir,value
1,59356.00620041443
2,8382.945423082288
3,15150.65227244148
4,11107.430006515435
