reservoir,value
1,43362.13412100979
2,7391.315288693531
3,10553.656890183043
4,6249.794762073318
