reservoir,value
1,0.0
2,1152.0086914840567
3,113.13964604047749
4,18.51699228589103
