reservoir,value
1,62548.87680073722
2,7684.024269076277
3,9074.195677717373
4,680.5738908178928
