reservoir,value
1,75324.16626428025
2,7959.753354595728
3,13622.886322292688
4,3960.9520176041015
