reservoir,value
1,70984.988069933
2,10006.672230616832
3,8874.65361791435
4,727.0479701338771
