reservoir,value
1,35388.536571000004
2,11347.535763839998
3,10959.66385394
4,15907.6020153
