reservoir,value
1,108872.4379348463
2,0.0
3,20998.514553940004
4,4509.9356143431205
