reservoir,value
1,34979.580557870315
2,10734.90661582486
3,3768.9436940708715
4,3034.5291084260357
