reservoir,value
1,44331.15446513721
2,7249.503276584212
3,4560.597872114731
4,0.0
