reservoir,value
1,40359.68884005974
2,5343.347063753097
3,13065.272308605137
4,12009.422143848326
