reservoir,value
1,0.0
2,0.0
3,3164.3723086051377
4,4379.522143848326
