reservoir,value
1,37404.09227599588
2,4565.624430158562
3,6074.304211002678
4,2721.3529197538337
