reservoir,value
1,22514.95165948295
2,19815.444991349585
3,3760.3383463965833
4,4095.9321881611877
