reservoir,value
1,124545.40599909813
2,578.0595009018442
3,26424.822400000005
4,12744.9
