reservoir,value
1,142426.22803894564
2,1566.8311913278703
3,23861.467673534004
4,12445.209691448483
