reservoir,value
1,21326.49701507342
2,38163.09641800997
3,3318.019102170366
4,5452.72490687183
