reservoir,value
1,107747.40281253487
2,12348.77895535087
3,12527.027935847953
4,12744.9
