reservoir,value
1,18133.858453184148
2,13562.32461060939
3,2310.223700281055
4,1201.6495907857209
