reservoir,value
1,86233.65063373973
2,3287.18730553748
3,1618.898900945242
4,3668.36088348746
