reservoir,value
1,54992.5084738754
2,3805.442411978329
3,12840.981037820951
4,4227.670270371936
