reservoir,value
1,122058.7386341659
2,15446.817186040324
3,30409.10813329088
4,12744.9
