reservoir,value
1,16973.944361810973
2,7524.981620535834
3,2768.4166312203483
4,1821.0021603424093
