reservoir,value
1,23263.248610157596
2,0.0
3,5634.707504832499
4,4081.561373332068
