reservoir,value
1,17633.984958781773
2,14300.609135361161
3,4619.642253047144
4,2797.299731087969
