reservoir,value
1,117610.70437459598
2,14956.018155702153
3,31002.609016086342
4,12744.9
