reservoir,value
1,29506.63135018747
2,17413.138008502545
3,6131.715596829569
4,6131.022640646728
