reservoir,value
1,152639.52245702545
2,19617.2
3,26931.45810066488
4,12744.9
