reservoir,value
1,47146.18573468326
2,4757.863353768451
3,7526.30455444269
4,4876.0298089905145
