reservoir,value
1,9365.11756938637
2,7110.4122861371225
3,0.0
4,411.6940901484614
