reservoir,value
1,24824.507174564427
2,0.0
3,15388.119823021716
4,11573.230801774738
