reservoir,value
1,117009.61804031514
2,0.0
3,19993.371303952394
4,12744.9
