reservoir,value
1,88438.39883763297
2,7033.435530841891
3,13091.10071975557
4,7828.325488497772
