reservoir,value
1,129997.81566446854
2,3658.6281782204883
3,10178.896648072598
4,198.42548849777268
