reservoir,value
1,127210.4515790852
2,2649.6199731221695
3,19723.881921252432
4,11886.646765203548
