reservoir,value
1,103336.49499819228
2,585.8167745045328
3,13472.303491082734
4,2029.0172948336167
