reservoir,value
1,25844.8898266867
2,55314.79253312784
3,2616.50063282193
4,1714.8930647352088
