reservoir,value
1,19737.25922330538
2,5182.488267845467
3,3844.596651515614
4,3464.5308393163255
