reservoir,value
1,107974.0599970654
2,0.0
3,37089.254817509034
4,12635.430839316417
