reservoir,value
1,22993.066558520753
2,15049.497077909156
3,3900.9290493973353
4,1561.930650338858
