reservoir,value
1,108047.96693432533
2,5251.116294729448
3,26696.559580779525
4,0.0
