reservoir,value
1,82536.81783654059
2,4341.682469050277
3,15828.022310576938
4,17373.714423951802
