reservoir,value
1,20554.84360664659
2,3907.488999033955
3,7632.000650497379
4,11781.24420313796
