reservoir,value
1,94786.64698070448
2,0.0
3,27335.438672775104
4,12744.9
