reservoir,value
1,24971.628469884647
2,11402.96586073364
3,3901.172868675146
4,7962.1769423862925
