reservoir,value
1,123631.3665027338
2,1380.3857588148257
3,30766.972017328
4,12744.9
