region,depth,value
1,1,45.23400000000001
1,2,11.297
1,3,8.452446052268753
1,4,20.162218441515233
2,1,4.098223529682837
2,2,5.6485
2,3,0.0
2,4,10.0515
3,1,0.0
3,2,0.0
3,3,0.0
3,4,2.127863130848914
4,1,0.0
4,2,0.0
4,3,0.0
4,4,0.0
