from,to,value
1,1,0.0
1,2,2149.579620564391
1,3,59.48186163881766
1,4,0.0
1,5,133.00796427010312
2,1,1721.6682675450397
2,2,0.0
2,3,0.0
2,4,0.0
2,5,0.0
3,1,479.09951378489444
3,2,0.0
3,3,0.0
3,4,0.0
3,5,832.1191914096104
4,1,0.0
4,2,0.0
4,3,0.0
4,4,0.0
4,5,1700.835201521683
5,1,2294.413273190955
5,2,0.0
5,3,248.213255966725
5,4,123.3358280437341
5,5,0.0
