plant,value
1,37342.671657757346
2,9251.308409286716
3,8240.391560624
4,5283.559965539203
