reservoir,value
1,29227.075370489558
2,13029.630597219528
3,6029.997953222593
4,3347.8942196326075
