reservoir,value
1,0.0
2,523.6634514319518
3,7.821783999365416
4,0.0
