reservoir,value
1,30.424053653847775
2,838.0845387224335
3,0.0
4,0.0
