reservoir,value
1,0.0
2,3264.5064299823807
3,66.81317836799423
4,0.0
