reservoir,value
1,56717.36056523975
2,8427.946087314804
3,7745.643942218125
4,411.8526374508437
