reservoir,value
1,39158.3126312976
2,11158.467952056268
3,6322.334269101497
4,8949.570421497509
