reservoir,value
1,20588.583438861675
2,38969.253393734994
3,2587.3352543367337
4,2058.361339370069
