reservoir,value
1,42823.024268784015
2,20623.436160969068
3,9887.085822083765
4,16992.05158248309
