reservoir,value
1,54154.659880546824
2,4293.853646642751
3,16326.245072471178
4,13113.775352493492
