reservoir,value
1,110224.60646902696
2,6690.789436053058
3,15292.42780187954
4,7842.010738284384
