reservoir,value
1,135728.6058698442
2,19617.2
3,7825.497128580624
4,5264.255448402026
