reservoir,value
1,92446.47490451037
2,0.0
3,15659.405703237811
4,6286.526066725252
