reservoir,value
1,29610.663251717648
2,4998.083642755597
3,4631.0449601996315
4,2993.9369609460177
