reservoir,value
1,0.0
2,10519.199999848632
3,13471.300000000005
4,34594.0
