reservoir,value
1,31776.89524183788
2,8680.53666579363
3,7712.929699083835
4,7082.100411326475
