reservoir,value
1,137930.37422599478
2,0.0
3,30785.487209154846
4,12744.9
