reservoir,value
1,49209.83425132162
2,7981.751288670912
3,9167.48988432329
4,5724.410700991826
