reservoir,value
1,111330.73397269542
2,515.6338052250385
3,13246.869766735303
4,0.0
