reservoir,value
1,18728.988648120467
2,5867.555129725395
3,4207.273654390416
4,1380.7679340887728
