reservoir,value
1,132374.04816656568
2,2309.626659834336
3,12582.643512930004
4,12744.9
