reservoir,value
1,19245.436232742046
2,12100.867383349858
3,4170.018956910231
4,2882.1050849537037
