reservoir,value
1,53568.433710183905
2,0.0
3,30475.98093488675
4,7997.105084953891
