reservoir,value
1,28351.193846004837
2,6044.288505893927
3,6418.24653020527
4,11169.271921075828
