reservoir,value
1,121047.0495799462
2,6568.454657686943
3,26072.66199443017
4,12744.9
