reservoir,value
1,97182.5126306072
2,19617.2
3,7966.515524075443
4,9549.139202005168
