reservoir,value
1,27836.57038045601
2,4916.311802155315
3,4674.072629436913
4,5952.940223091707
