reservoir,value
1,122292.05988552803
2,0.0
3,22094.91657699157
4,12744.9
