reservoir,value
1,36563.21763127154
2,13062.801201251441
3,12023.549924015162
4,13552.413116141519
