reservoir,value
1,124305.483219757
2,6749.37241814186
3,22444.32363199254
4,11884.98685297895
