reservoir,value
1,24693.169201656812
2,9542.571059858954
3,4101.937303538499
4,8392.500636230308
