reservoir,value
1,65305.86505095154
2,4122.156806865916
3,26626.966860796827
4,12060.209027926681
