reservoir,value
1,100876.36899541126
2,1491.7168068656658
3,19388.111235111402
4,4430.309027926682
