reservoir,value
1,53764.25081288955
2,5867.64009888504
3,17249.625119029763
4,10990.694220786372
