reservoir,value
1,135378.20367793774
2,0.0
3,40993.64551161657
4,12744.9
