reservoir,value
1,138120.70217186862
2,0.0
3,37470.40319847467
4,12744.9
