reservoir,value
1,38384.89105203478
2,16997.538801939358
3,9324.244340024421
4,11346.979892194351
