reservoir,value
1,114999.50964268012
2,11814.973007687295
3,2924.0605610834245
4,3717.0798922101626
