reservoir,value
1,33481.562549901544
2,2028.4886425107147
3,3085.6324106522034
4,5537.71645603578
