reservoir,value
1,185546.5386753779
2,0.0
3,10252.581782997964
4,12744.9
