reservoir,value
1,28536.816111393833
2,47730.181578870215
3,5862.860558552344
4,2834.5312735314155
