reservoir,value
1,2124.041349110601
2,19617.2
3,2425.3893828435894
4,787.9556979718282
