reservoir,value
1,86077.33351853797
2,16829.139614093347
3,7803.464278707113
4,4091.575923871588
