reservoir,value
1,18274.053677287993
2,11177.006997771
3,3777.2875896714054
4,1838.8410662305912
