reservoir,value
1,92116.7290376405
2,0.0
3,24852.95276578565
4,972.9738091301843
