reservoir,value
1,27531.36162638539
2,4401.469972471163
3,8569.931797193261
4,5787.6872936110585
