reservoir,value
1,22146.93549716936
2,20748.44545929619
3,3911.2889396727296
4,4417.122041516759
