reservoir,value
1,123857.22172686053
2,13716.875153361598
3,21811.071434586214
4,12744.9
