reservoir,value
1,31234.372050786973
2,13839.770073641259
3,4290.732156586841
4,10047.362030088434
