reservoir,value
1,124042.06390921424
2,4469.586671321191
3,9583.589444576184
4,12744.9
