reservoir,value
1,66681.08575599613
2,2010.0738474996815
3,0.0
4,0.0
