reservoir,value
1,30724.812099388597
2,45213.77145009483
3,3951.1001635147722
4,2180.911006893686
