reservoir,value
1,118080.98871401948
2,19617.2
3,20820.89729374703
4,0.0
