reservoir,value
1,56417.84176575999
2,2727.9734975
3,18218.07950394
4,19907.9479613
