reservoir,value
1,71933.26904836527
2,5611.729819657547
3,6384.237999341843
4,298.2912347858928
