reservoir,value
1,190329.6564998664
2,742.3186929538834
3,51806.1
4,11999.337245274452
