reservoir,value
1,13697.414444435897
2,18167.373008874136
3,2665.749584148048
4,1554.9281703632123
