reservoir,value
1,17754.56930839487
2,6848.064297155432
3,2319.0410841572175
4,2076.7384679731567
