reservoir,value
1,18243.91768689224
2,0.0
3,1235.8993494467854
4,811.2197223337927
