reservoir,value
1,34185.49085143565
2,7772.503797496842
3,3699.811446952983
4,5647.280979645871
