reservoir,value
1,161569.27212930002
2,0.0
3,17526.29775253023
4,12744.9
