reservoir,value
1,16601.469422126363
2,11729.35992233721
3,2772.2765878669675
4,1591.5207058628002
