reservoir,value
1,37468.097601875175
2,0.0
3,4993.01288174618
4,6375.810405153052
