reservoir,value
1,41791.39540112591
2,3636.7390561451775
3,8120.755177752853
4,18116.538103649375
