reservoir,value
1,124466.06198968866
2,0.0
3,13502.122829130652
4,2456.7940765751027
