reservoir,value
1,33470.92448871236
2,2321.9879573304415
3,19681.792715035892
4,4857.713215931681
