reservoir,value
1,42118.1717329533
2,1556.3374119812108
3,50211.122307450554
4,23143.431389430814
