reservoir,value
1,0.0
2,0.0
3,40310.22230745055
4,5403.038014209567
