reservoir,value
1,42075.10030718862
2,12063.48619666023
3,8686.440058582255
4,12569.705656439977
