reservoir,value
1,183248.26454282118
2,19617.2
3,50591.640058582256
4,12744.9
