reservoir,value
1,33116.0081965938
2,0.0
3,6425.204948460473
4,5067.317905708083
