reservoir,value
1,28757.3980321891
2,8781.88050037601
3,4092.732904975542
4,1549.8018723696812
