reservoir,value
1,80750.11038728699
2,0.0
3,20248.861531210605
4,4263.512874486729
