reservoir,value
1,145175.82772379002
2,0.0
3,29966.043750330005
4,12744.9
