reservoir,value
1,20621.115911025347
2,12682.123563703088
3,3057.594612550976
4,2039.295933712635
