reservoir,value
1,31797.16025303965
2,0.0
3,0.0
4,3775.2698407448383
