reservoir,value
1,11894.307453681802
2,13369.439368749201
3,0.0
4,2986.212010571255
