reservoir,value
1,49227.84874840392
2,15097.708454409423
3,8992.327815943565
4,5001.263370241846
