reservoir,value
1,34433.82644233835
2,19617.2
3,2992.3268540106747
4,0.0
