reservoir,value
1,49749.94841364
2,3460.4884494400003
3,11322.50648445
4,16582.57038662
