reservoir,value
1,19387.46770932142
2,14300.08088637246
3,4081.7213233646576
4,1894.4004055686298
