reservoir,value
1,56477.16153118191
2,1218.5808863724596
3,33121.901421779636
4,5320.244209279299
