reservoir,value
1,41278.62831472434
2,8491.296757534989
3,3635.507432886954
4,4874.857326164588
