reservoir,value
1,17424.25682261256
2,16739.744715201785
3,3208.4963448455524
4,2066.5948523612574
