reservoir,value
1,31869.66316683402
2,18536.833868964088
3,2462.3768002238235
4,1603.3479557994938
