reservoir,value
1,87601.39434074456
2,15718.152444020787
3,8076.293644180381
4,3303.7336514584094
