reservoir,value
1,16167.436212548117
2,15285.526086967202
3,4056.5434059613863
4,4658.685353469578
