reservoir,value
1,31489.58303811532
2,5985.293157382972
3,9194.283957072563
4,4800.323735557998
