reservoir,value
1,82829.351894542
2,0.0
3,930.8503336143149
4,0.0
