reservoir,value
1,53668.88829232
2,7909.967506519999
3,16233.76339152
4,15569.853863199998
