reservoir,value
1,30465.55978837638
2,21452.293979452388
3,3666.4615670865014
4,4735.531823209109
