reservoir,value
1,20234.215625540877
2,9351.737409840194
3,3361.4318351573647
4,1282.5558616132673
