reservoir,value
1,16383.948363953361
2,11883.115465153443
3,5257.4541533998745
4,2145.000204313571
