reservoir,value
1,48964.039183044166
2,16153.345752499083
3,0.0
4,10.439530032046605
