reservoir,value
1,20203.760913826885
2,7120.706036042959
3,3600.2895668070237
4,3692.716211910851
