reservoir,value
1,12682.436896291641
2,16567.614067451927
3,2539.0128482461396
4,1303.7104761950195
