reservoir,value
1,62030.20867067813
2,7981.457343506412
3,0.0
4,3542.053606779561
