reservoir,value
1,134793.486341675
2,18787.09469105458
3,11355.719501518408
4,11847.453815027378
