reservoir,value
1,70499.5808375401
2,8791.281802823647
3,9444.230211328308
4,11535.276593409913
