reservoir,value
1,94406.57951229712
2,15847.696586323913
3,16609.14355093574
4,6634.692119803361
