reservoir,value
1,29931.522661493007
2,6450.825958355219
3,6360.026060388176
4,4210.62089571427
