reservoir,value
1,21398.163124591265
2,10737.360438656156
3,3536.582016513198
4,10358.17159110611
