reservoir,value
1,108803.90778199221
2,615.7026370412568
3,17105.022100084803
4,12744.9
