reservoir,value
1,62573.37117974443
2,2249.8954647543137
3,27878.087772455194
4,23683.57805312738
