reservoir,value
1,28243.518980738147
2,0.0
3,1107.2193926688888
4,7217.2714513381
