reservoir,value
1,36248.650533958746
2,5055.831186025318
3,8516.44143969821
4,20027.906888980902
