reservoir,value
1,113688.10011236649
2,2548.2402733617
3,5967.265578713664
4,8211.552630193604
