reservoir,value
1,22642.449833483115
2,7068.393448783252
3,4532.665903984875
4,3761.046216257655
