reservoir,value
1,162167.74940037416
2,0.0
3,19817.7484228839
4,11995.381029991022
