reservoir,value
1,40067.21132134862
2,28831.889543394347
3,11154.466818405675
4,16212.908245376197
