reservoir,value
1,0.0
2,15750.389543394347
3,0.0
4,8274.411494579757
