reservoir,value
1,133529.33476699842
2,19617.2
3,18658.518867207997
4,12744.9
