reservoir,value
1,0.0
2,7499.344281497033
3,0.0
4,145.98518470992582
