reservoir,value
1,31148.047884642867
2,5341.2391145097345
3,8719.111359560073
4,2608.001720098705
