reservoir,value
1,34205.83369616
2,8650.75302113
3,12047.783036580002
4,10653.5645426
