reservoir,value
1,114210.98731728927
2,0.0
3,18914.761636580726
4,12580.195342599656
