reservoir,value
1,200717.6
2,9038.484893976953
3,37637.86584911997
4,12744.9
