reservoir,value
1,25829.53333511726
2,4177.503381753006
3,8833.018535264564
4,14301.16613939132
