reservoir,value
1,131058.72230771296
2,0.0
3,34257.53057399981
4,12744.9
