reservoir,value
1,28447.214215696426
2,22689.85797409532
3,3080.0155610379893
4,2985.0863357049993
