reservoir,value
1,30997.465895164412
2,5877.159116355392
3,2566.2883983318334
4,2206.3890910256787
