reservoir,value
1,57196.35241225038
2,0.0
3,6033.634410975741
4,6385.427369170217
