reservoir,value
1,29049.63714449275
2,11011.741033599566
3,5919.604873128686
4,3737.2262554574427
