reservoir,value
1,255.29447861763038
2,11054.593754230638
3,357.7373021645679
4,761.8691109619052
