reservoir,value
1,26635.720036809842
2,24259.12387051114
3,5187.548856139306
4,4247.807359380056
