reservoir,value
1,166216.98453181077
2,19617.2
3,39741.617293851785
4,12744.9
