reservoir,value
1,16630.652004833973
2,6061.144149741607
3,3122.453099138898
4,2564.5352729509837
