reservoir,value
1,71904.96449605259
2,0.0
3,1884.635883546181
4,11846.500247499644
