reservoir,value
1,30344.153384388166
2,13966.282011863379
3,4386.417131834421
4,5954.1729940226605
