reservoir,value
1,32365.342719449225
2,17152.247081710186
3,4763.92179651472
4,3757.647282000057
