reservoir,value
1,25864.977151049534
2,7182.25918303154
3,6944.198589251858
4,3266.9217207776696
