reservoir,value
1,26690.610214024895
2,31729.382714901258
3,3822.0486161031267
4,4729.567027857338
