reservoir,value
1,20616.19148519328
2,32163.856002050266
3,5175.012125621379
4,3230.3911411987697
