reservoir,value
1,159894.0914606678
2,19617.2
3,32084.312019045443
4,6828.647602213708
