reservoir,value
1,21660.68395309446
2,16178.233924005483
3,3175.7288986844906
4,1950.5094504946378
