reservoir,value
1,44518.13487590803
2,12640.888905070913
3,16866.888752136096
4,16893.974772348527
