reservoir,value
1,118678.85930770816
2,8446.614315307552
3,11792.670487835554
4,0.0
