reservoir,value
1,33321.93270012359
2,23550.273160560973
3,3151.3768153876704
4,1500.1669712580813
