reservoir,value
1,18521.813889813082
2,10196.827717524655
3,3992.3208345270823
4,3591.8855284953825
