reservoir,value
1,109264.27081772148
2,0.0
3,4071.4655114815914
4,11524.480551616785
