reservoir,value
1,20222.285744478864
2,7002.887928208182
3,4137.778597797891
4,2814.2278914485846
