reservoir,value
1,96475.82546638076
2,15093.644118685475
3,31903.839415778486
4,6454.535964868082
