from,to,value
1,1,0.0
1,2,4497.17375838408
1,3,0.0
1,4,0.0
1,5,0.0
2,1,0.0
2,2,0.0
2,3,0.0
2,4,0.0
2,5,0.0
3,1,1000.0
3,2,0.0
3,3,0.0
3,4,0.0
3,5,404.929603693445
4,1,0.0
4,2,0.0
4,3,0.0
4,4,0.0
4,5,2774.9202386137295
5,1,3179.849842307198
5,2,0.0
5,3,0.0
5,4,0.0
5,5,0.0
