reservoir,value
1,16850.470145395026
2,12133.173758383971
3,3703.23160615229
4,2812.7432429290398
