reservoir,value
1,14645.920146580946
2,0.0
3,2094.800238823595
4,1962.5264689079054
