reservoir,value
1,82129.16869910958
2,6602.504150993158
3,17589.193378941385
4,14785.372044065563
