reservoir,value
1,104206.84581714867
2,11659.306681358714
3,17512.317425319758
4,9955.330617155718
