reservoir,value
1,114389.28680000019
2,5168.890699999999
3,22504.6843
4,9832.7469
