reservoir,value
1,24524.27276028436
2,2132.166229088123
3,6571.994441552457
4,13544.311252722335
