reservoir,value
1,28210.06632200529
2,22596.136068901513
3,3146.690981897072
4,2390.7521852662776
