reservoir,value
1,157500.76840749002
2,157.1481230699992
3,22860.8564751
4,12744.9
