reservoir,value
1,23773.47471414873
2,9843.449649968416
3,8280.738355070334
4,11613.025388396354
