reservoir,value
1,12592.32372754689
2,2299.5732109218825
3,6334.62844447115
4,6132.22057318435
