reservoir,value
1,60849.122418454455
2,0.0
3,20491.012003096326
4,11762.50403874002
