reservoir,value
1,37732.15089610747
2,12926.752735852635
3,5624.93971230783
4,2359.4120089445487
