reservoir,value
1,22965.834250648535
2,10963.049312316438
3,1460.3539634523695
4,1319.1033897384157
