reservoir,value
1,21748.578250386305
2,1465.6297162846831
3,10804.07342132592
4,15269.260862997531
