reservoir,value
1,20233.531538949017
2,11725.648948553207
3,3336.363192579931
4,1977.8073879007136
