reservoir,value
1,107483.14019286798
2,0.0
3,16200.904148203372
4,6190.793527086288
