reservoir,value
1,159776.08404117386
2,19617.2
3,19021.787758143888
4,12744.9
