reservoir,value
1,16443.8890724549
2,2938.217187325736
3,4890.025558817039
4,3298.6664458362357
