reservoir,value
1,177393.81674675463
2,0.0
3,49173.874607597725
4,12744.9
