reservoir,value
1,143396.7371704459
2,0.0
3,30624.89097305328
4,12744.9
