reservoir,value
1,18171.622277674447
2,12756.292272074445
3,7440.434687925963
4,3018.953376117257
