reservoir,value
1,88703.53014117171
2,0.0
3,49112.61646964598
4,5243.075961888077
