reservoir,value
1,42412.433103756564
2,12017.016445703415
3,4026.7464410290413
4,2530.0671526326105
