reservoir,value
1,19852.00130994587
2,4018.168787226331
3,3013.2838634258087
4,1845.5586783516374
