reservoir,value
1,1651.1737593042471
2,0.0
3,1000.202601327037
4,887.2272925997445
