reservoir,value
1,28644.519999999746
2,0.0
3,30229.199999999997
4,12744.9
