reservoir,value
1,27879.639983576235
2,7706.625022434567
3,9307.085435468307
4,3982.7793350691245
