reservoir,value
1,0.0
2,1004.0218677345802
3,0.0
4,3033.751240536194
