reservoir,value
1,38539.46147867267
2,10328.118655529306
3,7114.725451804949
4,12731.291771783182
