reservoir,value
1,184517.73839173224
2,19617.2
3,26888.57443732116
4,12744.9
