reservoir,value
1,153680.09482083382
2,0.0
3,16209.529653550337
4,12744.9
