reservoir,value
1,37738.44111530403
2,2886.588959956272
3,13502.508613448757
4,18333.148801873733
