reservoir,value
1,159408.13067955984
2,0.0
3,36288.747405828755
4,5976.9448616950385
