reservoir,value
1,43187.398384741304
2,15003.087736456115
3,10714.738611189518
4,13335.681522513441
