reservoir,value
1,90470.5721206324
2,9056.869514560345
3,29870.260232320492
4,8084.813531468933
