reservoir,value
1,14780.078933619754
2,3202.067795998015
3,3299.056370530308
4,2772.822707032789
