reservoir,value
1,19088.827132687697
2,10609.762067339138
3,3671.5076092728286
4,2199.798579586981
