reservoir,value
1,44279.0738421714
2,0.0
3,6045.530512815963
4,6957.961021047612
