from,to,value
1,1,0.0
1,2,5604.0999999999985
1,3,600.0
1,4,0.0
1,5,1691.740757288545
2,1,0.0
2,2,0.0
2,3,0.0
2,4,0.0
2,5,0.0
3,1,0.0
3,2,0.0
3,3,0.0
3,4,0.0
3,5,0.0
4,1,0.0
4,2,0.0
4,3,0.0
4,4,0.0
4,5,0.0
5,1,0.0
5,2,0.0
5,3,818.5377924390796
5,4,873.2029648495018
5,5,0.0
