reservoir,value
1,27607.826840301568
2,8707.311644449088
3,7590.98779243903
4,6722.852964849501
