reservoir,value
1,99120.62659999993
2,2344.702100000194
3,20900.317100000004
4,12744.9
