reservoir,value
1,41991.84495541167
2,12491.147329960037
3,5130.358688798128
4,5183.525659184312
