reservoir,value
1,149861.14774244372
2,19617.2
3,21770.109300823307
4,12744.9
