reservoir,value
1,33657.88191683035
2,7092.936679082703
3,7487.994045558356
4,7749.593534598405
