reservoir,value
1,103341.4174112993
2,0.0
3,49393.19404555835
4,12744.9
