reservoir,value
1,74774.48330550025
2,4280.997598756221
3,11778.765921561295
4,7365.162703568551
