reservoir,value
1,69651.2572982747
2,2168.4527662132914
3,21763.73779008094
4,0.0
