reservoir,value
1,52008.52691897383
2,10523.984600721682
3,13543.510775947147
4,8827.00977591033
