reservoir,value
1,28464.854436998525
2,9599.984600721682
3,12844.453554461295
4,1197.1097759103304
