reservoir,value
1,38479.22311762
2,10646.01568476
3,11129.44050623
4,10015.98705975
