reservoir,value
1,116554.01650238002
2,0.0
3,18403.629206230005
4,8065.41684724721
