reservoir,value
1,0.0
2,0.0
3,2421.5612624367604
4,7599.919658982852
