reservoir,value
1,170600.46300578798
2,0.0
3,51806.1
4,11668.895008604455
