reservoir,value
1,31619.34681770113
2,5940.684191127983
3,17092.67634114141
4,16999.67597911416
