reservoir,value
1,44382.44740453316
2,12389.839212039657
3,3588.05530196992
4,12489.096877354981
