reservoir,value
1,154843.44001283738
2,0.0
3,4256.995630687792
4,12744.9
