reservoir,value
1,87889.0593364125
2,9353.393737524975
3,14264.999056761893
4,1173.4542750290511
