reservoir,value
1,40457.603052518636
2,16972.700000001023
3,51806.1
4,12744.9
