reservoir,value
1,24989.205584237494
2,11631.516542586083
3,4730.996863710975
4,5720.507233195618
