reservoir,value
1,102686.6673
2,0.0
3,17867.316000000003
4,11348.765299989258
