reservoir,value
1,101166.8809877578
2,0.0
3,44624.137780625366
4,12744.9
