reservoir,value
1,22940.287744762576
2,12020.631711169714
3,7104.032798839587
4,10530.587422544142
