reservoir,value
1,33534.82591735536
2,4405.6736221582405
3,14864.8698395778
4,16717.762200372013
