reservoir,value
1,14849.618757965653
2,12962.236328130739
3,3365.4276769151693
4,2566.60680081416
