reservoir,value
1,15619.644656506607
2,5736.979228873239
3,3825.1055173555033
4,2457.01337096559
