reservoir,value
1,21866.25654215258
2,0.0
3,12157.660452840248
4,11343.88553283658
