reservoir,value
1,17993.961609366765
2,9856.050029538783
3,4019.816656226748
4,2625.1634835587747
