reservoir,value
1,52748.85590748332
2,0.0
3,24459.54732428242
4,8271.773701189682
