reservoir,value
1,16083.639495153335
2,3343.5920159176735
3,3442.126028486723
4,2503.0749067823617
