reservoir,value
1,80244.83213056164
2,0.0
3,24815.422274389668
4,7172.974853625488
