reservoir,value
1,36991.194008200764
2,4484.077479033671
3,9091.040528323763
4,13417.06948501724
