reservoir,value
1,133742.15165015482
2,5528.675308141728
3,49164.701790633495
4,12744.9
