reservoir,value
1,50667.555763226475
2,4207.169927794141
3,6207.725445752666
4,4541.961776612464
