reservoir,value
1,126106.37279472494
2,1700.4372832614345
3,35627.140276569866
4,9656.961776612465
