reservoir,value
1,29027.201123052917
2,24315.435821890576
3,3313.98603541402
4,3702.3333091982813
