reservoir,value
1,75442.87912496162
2,19617.2
3,18732.278154463762
4,12744.9
