reservoir,value
1,21987.16504912173
2,8098.345526625437
3,3957.9270632850685
4,2117.4453303271393
