reservoir,value
1,11220.512360206536
2,2360.7117696459864
3,851.8013258673909
4,3326.8444730835618
