reservoir,value
1,70676.7700969
2,6222.32867095
3,17335.200640799998
4,14265.488494920002
