reservoir,value
1,139320.16876784997
2,0.0
3,26761.5843408
4,4750.503860725252
