reservoir,value
1,59374.50680797744
2,8790.24092509689
3,8618.40586901558
4,9525.47863477693
