reservoir,value
1,192383.25039228165
2,11878.130907003513
3,19323.459771208436
4,6358.771100854245
