reservoir,value
1,18024.673283039167
2,20068.681607216902
3,3959.3717598879266
4,2459.082201137818
