reservoir,value
1,46662.86270990768
2,2701.810030714315
3,17699.08310645505
4,10713.702250974247
