reservoir,value
1,18209.12690059404
2,13177.203727010352
3,5175.987209209016
4,4192.739195287279
