reservoir,value
1,39651.247807760854
2,21325.012356731142
3,6079.076593935549
4,10077.441324018047
