reservoir,value
1,15826.357188195305
2,8507.131461434743
3,2100.8502876358293
4,1605.855305185754
