reservoir,value
1,82817.81152729112
2,15042.831461434744
3,2683.070645225821
4,1625.3460750928962
