reservoir,value
1,10960.76500146066
2,4634.344489777242
3,4333.578425297081
4,1846.8619463552031
