reservoir,value
1,61275.341231842714
2,0.0
3,34644.084041724665
4,1616.5109301661842
