reservoir,value
1,20942.33849107607
2,3461.1570742908466
3,7538.42703387739
4,8043.934464406802
