reservoir,value
1,40220.08434557937
2,0.0
3,36328.86975316782
4,12744.9
