reservoir,value
1,63238.6050008981
2,21556.15239893119
3,9934.752139954922
4,6515.430806425584
