reservoir,value
1,14563.554141436978
2,3789.894356093803
3,3865.2186807250064
4,2644.0957598968375
