reservoir,value
1,38537.94664164134
2,0.0
3,754.0621898549051
4,1682.9111227057324
