reservoir,value
1,38322.229170574945
2,4068.352139543317
3,11327.857847925152
4,5732.62173352645
