reservoir,value
1,13994.350904101368
2,6945.091819534529
3,20353.927892372943
4,0.0
