reservoir,value
1,33013.26071235478
2,12198.87557879753
3,2962.787242101428
4,1985.1966626006638
