reservoir,value
1,14462.540362861266
2,16899.33235630683
3,1972.4174198899645
4,2110.4787345380087
