reservoir,value
1,106268.80684757851
2,6714.742652102912
3,7518.325502589113
4,7201.321024193434
