reservoir,value
1,55968.23090330384
2,12109.246971932807
3,14570.641709966068
4,24826.704103808905
