reservoir,value
1,31485.58231685824
2,3815.099596951086
3,4910.288512356148
4,12134.700857258204
