reservoir,value
1,65549.58178422796
2,0.0
3,13359.549994116642
4,8532.11838887133
