reservoir,value
1,33240.92882852656
2,6948.569240789464
3,11860.47773107449
4,9468.602860092044
