reservoir,value
1,31175.544267420173
2,1167.2554463205906
3,2848.3777310744335
4,1838.7028600912115
