reservoir,value
1,14847.742567793404
2,5605.645521310439
3,2473.3453117883178
4,1556.507599529011
