reservoir,value
1,89935.85201998186
2,3111.929524062422
3,9583.532121146884
4,7129.589551075601
