reservoir,value
1,17413.758734676194
2,18268.620637643675
3,3394.2857207662887
4,2253.810254489595
