reservoir,value
1,66300.0311507518
2,19617.2
3,10648.732796660042
4,11024.934140698722
