reservoir,value
1,17538.951388184563
2,17603.868391299395
3,2835.522012435928
4,1506.6189996167377
