reservoir,value
1,31198.184621286186
2,4522.368391299395
3,9327.66105595497
4,4488.180993893842
