reservoir,value
1,0.0
2,0.0
3,20405.992454843697
4,27368.31691067017
