reservoir,value
1,84705.59600461845
2,10960.903414484766
3,51806.1
4,0.0
