reservoir,value
1,42394.90927631339
2,3393.9435560664933
3,13334.158567095128
4,11443.1125619337
