reservoir,value
1,26957.028796106195
2,40830.757321260025
3,4794.433862201335
4,3202.203420029454
