reservoir,value
1,19475.75737053909
2,9554.990732795406
3,2836.9058874253965
4,1758.2711499716795
