reservoir,value
1,37006.66565364251
2,13228.281538552244
3,3624.61498451181
4,3968.0530988590262
