reservoir,value
1,0.0
2,0.0
3,51890.988454920276
4,20500.592546695836
