reservoir,value
1,146883.12931985964
2,9469.29188741271
3,51806.1
4,5496.838078433605
