reservoir,value
1,24742.411052559368
2,7867.758732399467
3,5063.431505357239
4,2306.138241680928
