reservoir,value
1,22926.087138323823
2,8047.571433647977
3,4505.525390759611
4,2694.1972825183266
