reservoir,value
1,4444.475428658484
2,1360.875319589144
3,0.0
4,1283.5759449678778
