reservoir,value
1,53161.26214574941
2,7989.770726511738
3,15787.39328382652
4,19960.078525530538
