reservoir,value
1,36453.02365144703
2,4629.1897250726115
3,10797.270544063407
4,12556.05869850121
