reservoir,value
1,191756.32365144705
2,0.0
3,38237.01303869265
4,12744.9
