reservoir,value
1,24745.055526673572
2,7391.602662270796
3,6760.948708094169
4,9828.964318966406
