reservoir,value
1,124478.07691672328
2,0.0
3,20872.917014595525
4,12744.9
