reservoir,value
1,49388.99534904631
2,4742.6863877056785
3,22802.946975600178
4,13304.767856040053
