reservoir,value
1,0.0
2,0.0
3,32918.56978992018
4,6778.540868626657
