reservoir,value
1,197730.29141767073
2,3364.737412321937
3,31789.577185823946
4,11641.22698729185
