from,to,value
1,1,0.0
1,2,0.0
1,3,0.0
1,4,0.0
1,5,0.0
2,1,3152.8628411626555
2,2,0.0
2,3,0.0
2,4,0.0
2,5,0.0
3,1,152.39999999999964
3,2,0.0
3,3,0.0
3,4,0.0
3,5,0.0
4,1,0.0
4,2,0.0
4,3,0.0
4,4,0.0
4,5,1081.237158837361
5,1,1081.2371588373408
5,2,0.0
5,3,0.0
5,4,0.0
5,5,0.0
