reservoir,value
1,22494.77184130482
2,3005.4576225684164
3,24255.436535576024
4,402.55285176002343
