reservoir,value
1,35160.71508134
2,4311.56884732
3,7668.20935479
4,13158.025202840001
