reservoir,value
1,86866.08382866037
2,0.0
3,16204.902054790107
4,2166.9702173661644
