reservoir,value
1,24926.159378650824
2,10799.939254883693
3,0.0
4,2427.486675497512
