reservoir,value
1,11089.842980344985
2,17871.13546849284
3,3380.924699680907
4,2116.1653705509184
