reservoir,value
1,20709.78715114804
2,4789.635468492841
3,25541.490753991053
4,2093.6624280171413
