reservoir,value
1,47825.84876402472
2,22782.534684853395
3,7599.636225731232
4,7641.265727491208
