reservoir,value
1,93491.48004976622
2,16637.148442989703
3,4302.336225731232
4,1486.9643536029025
