reservoir,value
1,27029.74118685702
2,10714.603616476528
3,3500.29004099666
4,3565.297817650837
