reservoir,value
1,95165.94067647563
2,502.23134323152044
3,14957.091185625013
4,12736.197817650836
