reservoir,value
1,22625.746321800307
2,5348.640891496756
3,5894.978404870953
4,4302.352238619035
