reservoir,value
1,53675.4992511709
2,1747.3559975932
3,13628.183910612745
4,17941.80866179712
