reservoir,value
1,168274.69350048408
2,0.0
3,37937.920884942745
4,9902.515218432267
