reservoir,value
1,47186.80911053876
2,5618.857186557461
3,7792.898366832184
4,6052.094488211726
