reservoir,value
1,75719.23589363572
2,3979.977479726811
3,6558.196252791841
4,0.0
