reservoir,value
1,100742.42071974094
2,0.0
3,44440.78884216555
4,6329.909001152117
