reservoir,value
1,43803.03511897772
2,3470.819714712394
3,7960.390391945397
4,14248.774206632857
