reservoir,value
1,185581.29705429595
2,0.0
3,39051.92495352452
4,12744.9
