reservoir,value
1,31194.28072054716
2,22101.7036341649
3,2988.3920465529995
4,2900.5926147227947
