reservoir,value
1,63821.179845508734
2,19617.2
3,11819.770201016761
4,11926.492614722794
