reservoir,value
1,30680.244423051117
2,27062.42958633449
3,6395.87067122712
4,6888.661214265137
