reservoir,value
1,130065.72640671114
2,13980.929586334489
3,39019.7441205568
4,11807.828475845396
