reservoir,value
1,19847.559290858502
2,7338.127295529789
3,3144.4153247187974
4,1884.9397630583935
