reservoir,value
1,79313.86387576941
2,12871.291792091284
3,23699.42196130892
4,4559.566996592291
