reservoir,value
1,17081.47868334184
2,13640.271278409831
3,4664.111991414009
4,1739.4851574913062
