reservoir,value
1,86703.58904740513
2,19617.2
3,20754.495212355498
4,8722.368571013332
