reservoir,value
1,45519.65926941479
2,6693.847350225706
3,5339.1589900736
4,11104.771020792847
