reservoir,value
1,28455.273727158776
2,10586.330958041006
3,4554.795543727302
4,5483.939206873192
