reservoir,value
1,82877.0579462203
2,0.0
3,26050.20053279765
4,12744.9
