reservoir,value
1,105844.02688320723
2,19617.2
3,9706.663266027714
4,12744.9
