reservoir,value
1,159335.63959805932
2,4934.871677642699
3,32013.61712068526
4,7539.306320031519
