reservoir,value
1,23035.99578870274
2,2392.8818913286855
3,7989.262703344408
4,3061.4067257065235
