reservoir,value
1,60660.375769008664
2,0.0
3,23827.324600363296
4,0.0
