reservoir,value
1,42945.293890970264
2,7602.259326964273
3,5146.663331651043
4,4614.187065492397
