reservoir,value
1,42206.4032378494
2,16808.699326964273
3,1801.6608339137492
4,0.0
