reservoir,value
1,46258.7976176
2,6403.89323704
3,10138.86040028
4,18805.66022148
