reservoir,value
1,135036.81655464
2,0.0
3,22226.86070028
4,810.2974910456542
