reservoir,value
1,39567.28290904964
2,4097.179023592998
3,11589.80042341403
4,6968.915664227656
