reservoir,value
1,13621.595523113087
2,19617.2
3,3593.2245607564546
4,0.0
