reservoir,value
1,121087.05677123556
2,0.0
3,19232.04515092723
4,12744.9
