reservoir,value
1,58940.62054027361
2,0.0
3,0.0
4,7991.066112945687
