reservoir,value
1,13275.016947176915
2,18662.895472030417
3,5766.575104653222
4,2756.9834956782784
