reservoir,value
1,75374.51374171168
2,19617.2
3,32495.518119376404
4,1928.7791543723033
