reservoir,value
1,23783.893794153828
2,5271.893183235228
3,5115.023554816898
4,6198.895335301382
