reservoir,value
1,102589.0509752855
2,0.0
3,30992.864929093037
4,12744.9
