reservoir,value
1,18214.191880709317
2,6763.520077604418
3,4396.083882424459
4,5601.6562720528555
