reservoir,value
1,31798.91799139163
2,2860.2066216924377
3,9029.410500831678
4,12857.985311100601
