reservoir,value
1,140746.31084912104
2,0.0
3,43828.88031380041
4,12307.961946428799
