reservoir,value
1,36175.061038220774
2,8481.63197251017
3,6490.859989088103
4,3181.9130491568617
