reservoir,value
1,36957.99195872081
2,22410.72381606157
3,5419.40566026538
4,8985.03689604729
