reservoir,value
1,53295.84665856886
2,4259.675134572
3,23240.238478598818
4,28175.872526352996
