reservoir,value
1,12311.547553152463
2,6806.265600148954
3,3383.9930689394996
4,2342.1780980660474
