reservoir,value
1,27387.05110228354
2,9601.128467976887
3,2744.1242102901256
4,2301.0640708501214
