reservoir,value
1,113731.26536561408
2,19617.2
3,35305.151415941
4,12744.9
