reservoir,value
1,67152.94146552935
2,8644.700000000377
3,15230.300000000001
4,0.0
