reservoir,value
1,32310.49277721196
2,3477.9815847602217
3,5556.001766339606
4,10290.899230532816
