reservoir,value
1,161510.65028749214
2,0.0
3,9012.086575244437
4,12744.9
