reservoir,value
1,11022.271590850669
2,8208.17962914396
3,2542.477196569758
4,1924.7538499496022
