reservoir,value
1,31511.27288555601
2,4333.369267682084
3,10830.18552835448
4,10000.36679825158
