reservoir,value
1,103004.13751666347
2,0.0
3,21330.55055471584
4,12744.9
