reservoir,value
1,56301.67624396169
2,13411.367576451037
3,11388.334345094372
4,8542.9633315325
