reservoir,value
1,129259.78041865595
2,19064.811037325504
3,1487.4343450943725
4,913.0633315325013
