reservoir,value
1,17065.176879183025
2,8820.307300103012
3,3124.2244416620224
4,3288.854330984631
