reservoir,value
1,80653.72005425283
2,0.0
3,9361.10020274869
4,9152.619796058289
