reservoir,value
1,54088.3416889673
2,19617.2
3,9872.54222690779
4,4530.337264722477
