reservoir,value
1,129718.32208916043
2,2618.685531971374
3,24688.066257827566
4,12744.9
