reservoir,value
1,79177.42624361935
2,2091.7294719339175
3,10979.26398465731
4,667.6220353912511
