reservoir,value
1,25592.535752784002
2,15473.068874117742
3,17796.72920574715
4,12428.00684848512
