reservoir,value
1,30833.235479334326
2,18558.58516736919
3,12193.361492088294
4,12352.476216621648
