reservoir,value
1,111152.41094976524
2,5477.0851673691905
3,30004.735084957985
4,12744.9
