reservoir,value
1,21020.46120303346
2,14666.832179562127
3,4485.591500049177
4,2228.0090091239617
