reservoir,value
1,116746.48000000083
2,19617.2
3,50481.299999999996
4,12744.9
