reservoir,value
1,90325.8807728698
2,6630.28449365103
3,16534.063552384832
4,9760.077012681479
