reservoir,value
1,55609.51229127853
2,9282.675660252175
3,7232.304088543127
4,6110.278546758658
