reservoir,value
1,200717.6
2,6282.247514832096
3,49137.50408854312
4,11225.278546758658
