reservoir,value
1,20198.084089575765
2,10797.190197248347
3,6422.013474590023
4,3727.182837701876
