reservoir,value
1,97215.18296875453
2,4107.51218967288
3,46293.50850256978
4,6809.655333834637
