reservoir,value
1,39474.43872517833
2,14063.036925381952
3,9252.081996332276
4,7967.000956715934
