reservoir,value
1,27851.638140905503
2,5994.038599872911
3,4126.646272420754
4,3618.1668446462722
