reservoir,value
1,108414.5392560754
2,8166.788155718198
3,0.0
4,0.0
