reservoir,value
1,38237.54307448875
2,7290.366635485681
3,6001.411723979546
4,5470.457562275251
