reservoir,value
1,53146.090911445026
2,5552.179726023264
3,27455.496007230966
4,15474.6778209777
