reservoir,value
1,0.0
2,0.0
3,17554.596007230954
4,14480.96794477175
