reservoir,value
1,19785.987987855995
2,22762.68158605948
3,3022.6560807122737
4,1829.7467328708287
