reservoir,value
1,53972.44809275441
2,0.0
3,9701.124866286797
4,5549.1789420375635
