reservoir,value
1,14857.27810300364
2,15866.484113373552
3,2771.955826168226
4,1931.5026510637053
