reservoir,value
1,25505.253598288124
2,18471.089404261904
3,5992.680474515381
4,4629.567977808531
