reservoir,value
1,35113.156061693226
2,3901.5805133104577
3,5513.780838650903
4,6657.758719758342
