reservoir,value
1,47702.25086491562
2,6186.304000916066
3,7169.380357214062
4,0.0
