reservoir,value
1,123001.89130001754
2,4750.39139999304
3,15858.358700000003
4,2185.4926102276736
