reservoir,value
1,131113.4534766103
2,0.0
3,16521.925976050003
4,12744.9
