reservoir,value
1,18884.112075903373
2,4476.657689485906
3,4009.9120722006237
4,3130.8185478054534
