reservoir,value
1,16383.892586863181
2,13611.270412448128
3,3050.7891627054823
4,1888.3544057247343
