reservoir,value
1,49382.6099999996
2,496.02078242118677
3,0.0
4,0.0
