from,to,value
1,1,0.0
1,2,0.0
1,3,600.0
1,4,0.0
1,5,2622.6615588363193
2,1,54.04615689157175
2,2,0.0
2,3,0.0
2,4,0.0
2,5,0.0
3,1,0.0
3,2,0.0
3,3,0.0
3,4,0.0
3,5,0.0
4,1,0.0
4,2,0.0
4,3,0.0
4,4,0.0
4,5,0.0
5,1,0.0
5,2,0.0
5,3,2019.071321924703
5,4,603.5902369120075
5,5,0.0
