reservoir,value
1,43605.1930119047
2,0.0
3,13597.705540231369
4,8128.1615606181285
