reservoir,value
1,54104.24603885711
2,329.3190228439271
3,23114.092431755424
4,12632.496125701644
