reservoir,value
1,36402.748154241846
2,2489.306575658624
3,12416.385899416124
4,14443.186037878017
