reservoir,value
1,114307.41366743993
2,0.0
3,30571.512152166124
4,12744.9
