reservoir,value
1,37662.86430569406
2,12627.031939545832
3,4725.527905720262
4,3960.278729960503
