reservoir,value
1,18342.139380244593
2,10363.66905966502
3,3319.9353525418896
4,2480.68182044424
