reservoir,value
1,78064.97234169042
2,11464.996101185463
3,16753.423796391184
4,20329.968070642943
