reservoir,value
1,200717.6
2,6248.1329410536
3,30297.390052770847
4,12744.9
