reservoir,value
1,68237.2724031306
2,9976.568621911401
3,5660.489773627816
4,14276.261959659056
