reservoir,value
1,21452.201525994824
2,0.0
3,0.0
4,920.4265666074934
