reservoir,value
1,200717.6
2,16943.098621911427
3,7597.262136420612
4,12744.9
