reservoir,value
1,90662.06016679888
2,19617.2
3,29637.16672664108
4,12744.9
