reservoir,value
1,79675.12807475199
2,0.0
3,17974.730240836743
4,12744.9
