reservoir,value
1,157677.9421350586
2,0.0
3,48622.46279198311
4,2930.983907013295
