reservoir,value
1,30822.410801356582
2,12953.704623630207
3,7352.732592274102
4,14385.792147777316
