reservoir,value
1,119777.53079819679
2,0.0
3,29048.3624809341
4,9588.44449674999
