reservoir,value
1,26880.174062914066
2,13792.528553607543
3,3625.3922239668427
4,2372.483988596674
