reservoir,value
1,69502.22107704359
2,711.0285536075426
3,9531.309227725369
4,4632.75693594128
