reservoir,value
1,22725.71003477165
2,5465.191160079392
3,3542.254100754776
4,6054.463658736
