reservoir,value
1,65360.635897621214
2,0.0
3,14131.969870930752
4,11078.464189606353
