reservoir,value
1,18775.475155421045
2,14506.529240571354
3,3730.557724873948
4,3032.2336103911516
