reservoir,value
1,29080.223446811433
2,11715.614965090892
3,9976.383256421886
4,6812.372140531108
