reservoir,value
1,26040.98855123238
2,10935.978333676234
3,6882.148188706212
4,4166.461085547518
