reservoir,value
1,3232.4519097438456
2,0.0
3,25752.266005506528
4,101.51463929782904
