reservoir,value
1,135376.12403987997
2,0.0
3,30694.438586000004
4,12744.9
