reservoir,value
1,40065.25997084839
2,9906.90746327468
3,8174.666359744061
4,4590.715815203162
