reservoir,value
1,19616.972660441515
2,8897.269603611458
3,2262.617318613051
4,2376.560694865026
