reservoir,value
1,17063.618852768494
2,273.79855380678043
3,2867.906825532585
4,3185.0470766978874
