reservoir,value
1,31414.099837698614
2,38055.25076913626
3,4466.4178217176295
4,2934.321282298886
