reservoir,value
1,157602.6441691799
2,19617.2
3,31030.760169459798
4,8527.366658421444
