reservoir,value
1,26259.49244936784
2,6889.614867357066
3,3089.699844321796
4,2001.9104401165835
