reservoir,value
1,38714.932421354635
2,2765.104088175504
3,4390.034925311535
4,3547.2752959703143
