reservoir,value
1,100957.39479498134
2,19617.2
3,2102.116386577257
4,285.0931010926097
