reservoir,value
1,27551.547816203776
2,16890.146686260152
3,3693.671424413935
4,2161.5213229475894
