reservoir,value
1,140984.14182285778
2,7464.176686263807
3,24200.871575854675
4,2375.087434642389
