reservoir,value
1,25801.32923508985
2,11923.239686279258
3,3539.693854991124
4,7189.338995011574
