reservoir,value
1,105178.09453550038
2,0.0
3,21008.123424085203
4,12744.9
