reservoir,value
1,27435.8218611727
2,3456.0762137245083
3,5691.385126476262
4,12246.911289080168
