reservoir,value
1,75285.56115372427
2,0.0
3,20678.35926195187
4,11957.785211359263
