reservoir,value
1,19089.44934399449
2,5261.824475610318
3,3672.0704313632405
4,2949.2787651361427
