reservoir,value
1,23303.13814346389
2,9059.072116638135
3,2809.1562998274867
4,2876.4632335072874
