reservoir,value
1,147542.02369765443
2,11739.74643653209
3,20303.272193529916
4,12047.363233507287
