reservoir,value
1,11723.394400336992
2,3492.7966386180224
3,2783.1277285395954
4,1722.9446599557682
