reservoir,value
1,35967.857956957276
2,0.0
3,17785.438094001634
4,11087.60213194439
