reservoir,value
1,72950.68743760897
2,0.0
3,10117.019979889234
4,12744.9
