reservoir,value
1,15027.97742825084
2,16201.101585787099
3,4583.4370626621085
4,2417.939374589253
