reservoir,value
1,3010.8306407368077
2,3191.101585787099
3,2805.637589361535
4,3000.1566518793834
