reservoir,value
1,36286.97996936558
2,14717.42421288099
3,12112.743980008489
4,8351.029656622974
