reservoir,value
1,158907.18383609137
2,8650.144212880965
3,51806.1
4,12744.9
