reservoir,value
1,0.0
2,11775.571213913081
3,1891.4956352670888
4,447.1285170985175
