reservoir,value
1,29265.72435342379
2,11848.49656942327
3,0.0
4,4333.87364817607
