reservoir,value
1,48494.8758747635
2,42992.8676773237
3,7198.387159425891
4,10948.106300442758
