reservoir,value
1,196645.93086050145
2,19617.2
3,28029.05598166345
4,12744.9
