reservoir,value
1,161441.0667673416
2,8992.662106458753
3,33634.65195213095
4,12744.9
