plant,value
1,41113.951999300385
2,11791.168000699618
3,9900.9
4,7141.5999999999985
