reservoir,value
1,162317.6648118824
2,220.00033030772406
3,42182.90957856555
4,10244.790569389032
