reservoir,value
1,18701.25748950221
2,7552.3168366745895
3,3203.596805039624
4,2232.0311477350942
