reservoir,value
1,27556.020123239436
2,0.0
3,5287.801683836631
4,12082.355631797074
