reservoir,value
1,27807.439624835177
2,1594.252443020553
3,11012.634203510162
4,9846.530212666423
