reservoir,value
1,34286.746630362235
2,11724.011534667618
3,11540.169851524723
4,12987.542354007925
