reservoir,value
1,0.0
2,0.0
3,1639.269851524723
4,2508.186021012738
