reservoir,value
1,127530.67290089534
2,14074.100452291943
3,51806.1
4,12744.9
