reservoir,value
1,126833.49781165915
2,0.0
3,31881.96249863696
4,12744.9
