reservoir,value
1,83362.12100494653
2,3776.742870038899
3,16140.112107754216
4,13600.110407142347
