reservoir,value
1,113291.39924951445
2,16205.87287003838
3,30017.070176315334
4,0.0
