reservoir,value
1,28283.409794030522
2,5421.714422685589
3,5439.811753229275
4,3561.6982373886103
