reservoir,value
1,119965.48196946798
2,7745.432473425433
3,30717.246781416496
4,12744.9
