reservoir,value
1,62582.75013717567
2,4452.400542274263
3,5917.893614461183
4,7485.2387828292485
