reservoir,value
1,37983.6462246672
2,12533.815335646208
3,13540.238331144721
4,1153.492286106285
