reservoir,value
1,67288.44365764996
2,8634.947101843482
3,17428.08045265145
4,9099.95839793339
