reservoir,value
1,22119.370244982565
2,17278.88642191527
3,2959.436063311649
4,2415.1973044657097
