reservoir,value
1,120751.09461477163
2,19617.2
3,13221.749007476838
4,11586.09730446571
