reservoir,value
1,0.0
2,4215.147157327328
3,16843.948119191748
4,0.0
