reservoir,value
1,24533.44153763982
2,11534.126842102052
3,6876.934634985388
4,3198.0700708972254
