reservoir,value
1,98160.19672935884
2,19617.2
3,4166.3237503271375
4,2414.0451013720785
