reservoir,value
1,37283.57473309326
2,12585.333358314181
3,11696.922960556747
4,14898.45038107212
