reservoir,value
1,18287.652771911613
2,5058.8716866170535
3,3061.0767550206674
4,1400.97260478986
