reservoir,value
1,15255.10229159694
2,8855.45616263333
3,3562.2611924323323
4,2271.4983255091415
