reservoir,value
1,25623.892357635814
2,16994.20530018666
3,4860.697960664834
4,2960.494843325386
