reservoir,value
1,109808.04133376472
2,19617.2
3,23450.375652139646
4,12131.394843325386
