reservoir,value
1,43360.598073949965
2,16889.306130971276
3,8623.474363735708
4,7137.300825509306
