reservoir,value
1,0.0
2,0.0
3,3106.6231691822977
4,922.8931705823866
