reservoir,value
1,68769.77745694494
2,0.0
3,8029.949591972953
4,8895.065050057392
