reservoir,value
1,19111.682825987627
2,5521.031179491449
3,4689.31835080837
4,5288.984699432449
