reservoir,value
1,81130.6180701915
2,0.0
3,42538.71402864151
4,10403.984699432911
