reservoir,value
1,81816.26605003464
2,19617.2
3,27402.366531764157
4,1047.9094722874115
