reservoir,value
1,49689.63768336795
2,16795.764847327544
3,8648.74306563727
4,18963.53894125872
