reservoir,value
1,162789.78847835748
2,3714.264847327544
3,19312.916739187276
4,12744.9
