reservoir,value
1,8441.13908150275
2,6468.292142490429
3,2867.3726992531065
4,3528.2805014091023
