reservoir,value
1,6688.246969646273
2,0.0
3,16658.421635124698
4,2081.619679533651
