reservoir,value
1,71470.49280297973
2,7759.618310289725
3,16671.422427100646
4,1492.6019099437426
