reservoir,value
1,84161.44271709525
2,19340.62101473825
3,6275.849116775402
4,3693.0767469934012
