reservoir,value
1,45688.33935912321
2,6173.797323461415
3,10412.828394505403
4,6454.26588476165
