reservoir,value
1,274.03935912320594
2,0.0
3,629.2974503266378
4,0.0
