reservoir,value
1,65651.52476354217
2,5987.735373167731
3,19230.453262410287
4,1982.2256313305606
