reservoir,value
1,124216.51272903998
2,0.0
3,33971.37124143
4,12744.9
