reservoir,value
1,68601.61062673386
2,17678.92498213603
3,6883.574598698581
4,0.0
