reservoir,value
1,29478.029061933026
2,2735.691346755784
3,10146.939289850894
4,12355.9113470987
