reservoir,value
1,15569.45116695132
2,8633.327449663244
3,2288.4104833566407
4,1821.683457768482
