reservoir,value
1,33510.86781719854
2,8030.684969885508
3,4968.3642467608415
4,2231.905292174617
