reservoir,value
1,166204.84272122156
2,7053.307348598598
3,26429.797603761665
4,3289.892145707644
