reservoir,value
1,50019.12602356608
2,5956.363101984576
3,18685.795648743773
4,10194.621150480569
