reservoir,value
1,4604.826023566078
2,0.0
3,6114.229207354347
4,1656.5111676587967
