reservoir,value
1,21588.19680017978
2,11177.16569120984
3,4046.6394653091247
4,6612.189652936402
