reservoir,value
1,120209.38214275005
2,0.0
3,16621.146009415894
4,12744.9
