reservoir,value
1,25371.97858634671
2,13567.93458184477
3,3755.5515404369444
4,1724.4059655526548
