reservoir,value
1,3426.6019145139912
2,7156.043691224145
3,0.0
4,1101.409229848933
