reservoir,value
1,161055.86717556498
2,2964.9932729340508
3,51806.1
4,12744.9
