reservoir,value
1,88080.77081875505
2,0.0
3,9230.338939582633
4,6551.525402827244
