reservoir,value
1,39174.81482105728
2,7268.9691978694855
3,7945.582870375523
4,18026.24103921188
