reservoir,value
1,12004.478516616
2,20262.460896502194
3,2200.575952841833
4,1968.9039864148967
