reservoir,value
1,32698.267285826536
2,9781.85344037349
3,11097.414692414382
4,6385.275742394872
