reservoir,value
1,171872.7480728634
2,1057.5270626321617
3,15058.41809148475
4,12339.293821313317
