reservoir,value
1,20772.99031691682
2,9208.36221162936
3,4039.0880945040008
4,2981.5496179631155
