reservoir,value
1,113644.08889107022
2,0.0
3,19796.390628241348
4,12484.449617963257
