reservoir,value
1,29865.651439839865
2,14370.904926918789
3,7119.8817339652815
4,4034.9601811743564
