reservoir,value
1,18797.617537765294
2,6252.24689190414
3,16617.274101711493
4,2071.894309415426
