reservoir,value
1,65996.44999999998
2,17769.200000095774
3,0.0
4,0.0
