reservoir,value
1,12072.355357853088
2,8462.197120783207
3,3677.1940875574787
4,2281.4775150866753
