reservoir,value
1,43067.67069797497
2,14997.897120783207
3,19009.92703162999
4,8015.518467518457
