reservoir,value
1,101587.89123856742
2,0.0
3,4736.369643396995
4,12285.319409519918
