reservoir,value
1,46765.430783588716
2,23584.135534815934
3,10616.20151943851
4,4982.204808599312
