reservoir,value
1,107003.36331192992
2,19617.2
3,21213.224980549843
4,0.0
