reservoir,value
1,135714.51993814416
2,18329.55436507197
3,23083.146059780127
4,12744.9
