reservoir,value
1,42923.23773526093
2,18147.355364494833
3,7396.55601433881
4,5584.039220871612
