reservoir,value
1,39111.20692395429
2,20612.326721401983
3,13546.979077859367
4,15333.071485703782
