reservoir,value
1,199686.72692395427
2,19617.2
3,51806.1
4,1874.625459544264
