reservoir,value
1,136927.9142988256
2,10069.873316001394
3,50940.6886535274
4,12744.9
