reservoir,value
1,29237.72862485289
2,7634.878336526674
3,4062.541331468911
4,9628.475003981677
