reservoir,value
1,69115.356372804
2,4947.236861563018
3,20733.223415156746
4,20650.985477606497
