reservoir,value
1,122259.7325564822
2,0.0
3,19614.240522844804
4,10062.596223052851
