reservoir,value
1,106055.0586323663
2,7600.950170832525
3,38550.76244206251
4,9726.793677694815
