reservoir,value
1,51862.99067355
2,10028.00516913
3,11712.433449049999
4,17924.12691226
