reservoir,value
1,122986.36144268002
2,0.0
3,21751.284149050003
4,12744.9
