reservoir,value
1,36640.41922851041
2,4522.148060682126
3,6510.572820522981
4,12589.556180404503
