reservoir,value
1,13237.058506266301
2,8393.430633177799
3,3130.4399013350867
4,1770.0934677390405
