reservoir,value
1,17793.216467641498
2,0.0
3,7887.966051433145
4,7675.603025960443
