reservoir,value
1,52238.90378284686
2,19617.2
3,51806.1
4,8699.31020080746
