reservoir,value
1,109616.00171415921
2,3537.349828459701
3,22283.858612064003
4,1448.582686237135
