reservoir,value
1,25639.564506328104
2,6086.705696149058
3,7969.728782545522
4,4267.551268782235
