reservoir,value
1,46334.55728589518
2,12622.405696148535
3,5151.046107769503
4,0.0
