plant,value
1,43295.36000001378
2,10269.759999996884
3,9900.9
4,7401.5999999893365
