reservoir,value
1,0.0
2,298761.4800000544
3,0.0
4,18421.400000010664
