reservoir,value
1,21527.883052505123
2,4389.959999948736
3,9997.1
4,12744.9
