reservoir,value
1,40399.19509356
2,6411.460876409999
3,17595.255669020004
4,22926.4486512
