reservoir,value
1,120295.41886996983
2,0.0
3,34362.12426902
4,0.0
