reservoir,value
1,49126.536386284235
2,16293.938537915325
3,9496.793683055428
4,5348.146188533761
