reservoir,value
1,93512.68878732348
2,6592.938192738367
3,0.0
4,0.0
