reservoir,value
1,45854.5294758177
2,12934.266175438603
3,10629.792284136885
4,7435.845778133552
