reservoir,value
1,83408.26804323934
2,7175.971276874163
3,26434.057569711003
4,0.0
