reservoir,value
1,29867.76630063329
2,13579.95479613683
3,4342.972576720469
4,6508.747322803063
