reservoir,value
1,17222.839854358834
2,10248.057801235896
3,4402.49781424326
4,2546.636914885832
