reservoir,value
1,32225.320839162494
2,0.0
3,31831.747035319626
4,3371.774501643391
