reservoir,value
1,47821.202598057636
2,5495.253799005238
3,15218.810021285204
4,10857.146308868316
