reservoir,value
1,118276.4960281353
2,0.0
3,16450.22837792426
4,12622.721018801112
