reservoir,value
1,48803.328231617605
2,7827.570137228653
3,16194.124695954637
4,10670.246696193499
