reservoir,value
1,21690.716071631905
2,14363.270137228801
3,13892.993562184532
4,3127.7950478900084
