reservoir,value
1,51892.13065701829
2,10160.999467928052
3,18937.193125168767
4,24796.43565789971
