reservoir,value
1,0.0
2,0.0
3,4899.786104193777
4,13909.192025641054
