reservoir,value
1,197176.16406342428
2,9436.56758041617
3,51806.1
4,3257.343632260653
