reservoir,value
1,42457.20147207298
2,3837.924491772128
3,8120.838585269201
4,17585.60783764122
