reservoir,value
1,158796.10843003713
2,0.0
3,33650.5966222692
4,10317.716097157047
