reservoir,value
1,55344.39002306068
2,9236.231786741113
3,10146.9578352173
4,11788.699940746867
