reservoir,value
1,14832.427487809495
2,10616.26281089458
3,3827.9675828914587
4,5882.712503311943
