reservoir,value
1,91264.78674862735
2,1261.8551061917242
3,15667.49506112254
4,11372.612503311942
