reservoir,value
1,29586.25898605188
2,7100.481254502664
3,7419.266829993353
4,3471.175892726893
