reservoir,value
1,200717.6
2,16633.1204750689
3,27217.125341125597
4,2667.7731874287365
