reservoir,value
1,86402.09577842362
2,0.0
3,17654.72610879305
4,10771.743250171246
