reservoir,value
1,100822.00664529612
2,19617.2
3,7607.8040966748395
4,0.0
