reservoir,value
1,181325.83046435413
2,0.0
3,49224.669912678175
4,12744.9
