reservoir,value
1,36948.33088112
2,4960.96292926
3,27971.820262130004
4,16144.398104599999
