reservoir,value
1,106901.04151037999
2,0.0
3,47155.74236213001
4,12744.9
