reservoir,value
1,22894.615431188755
2,12704.675362439491
3,5149.013257357747
4,2108.9203302349174
