reservoir,value
1,26745.45460185982
2,14713.589838199165
3,3676.9544897368355
4,1707.7777751933736
