reservoir,value
1,38857.30850612669
2,17556.195120585704
3,4635.155733575465
4,4915.106310795797
