reservoir,value
1,191702.3325377505
2,19617.2
3,44744.300966439354
4,12311.945367074248
