reservoir,value
1,18591.325854988754
2,12631.999885228066
3,2335.766017946078
4,1359.955967819629
