reservoir,value
1,17336.645640811872
2,5609.464008101879
3,4267.331349011729
4,2186.0968969224086
