reservoir,value
1,19711.021232699713
2,36469.90018040412
3,2224.823162283163
4,1633.151995416733
