reservoir,value
1,22028.121304044424
2,19617.2
3,4739.552301504187
4,3987.1662359830952
