reservoir,value
1,20462.838944551273
2,3357.7268397887
3,5572.3939221178225
4,3266.465050679196
