reservoir,value
1,3194.5947508894265
2,0.0
3,2702.9017413258653
4,106.1180327259226
