reservoir,value
1,143576.30785410004
2,0.0
3,43574.89898422
4,0.0
