reservoir,value
1,137983.77991974715
2,0.0
3,27269.68180620892
4,9361.929974009716
