reservoir,value
1,40949.192395793914
2,5247.851071013735
3,12167.405890544107
4,7222.999540279463
