reservoir,value
1,30332.427315903573
2,7174.630024977616
3,9713.392191569223
4,3640.7208905290317
