reservoir,value
1,24527.98154077492
2,6006.420228320471
3,3585.882948603494
4,4124.105382209027
