reservoir,value
1,52379.21738060814
2,5608.420228320471
3,5246.083582139954
4,1201.0928624467906
