reservoir,value
1,55811.768599999996
2,9705.763299999999
3,18571.188599999998
4,15355.4608
