reservoir,value
1,18656.808583157897
2,8959.94497972207
3,2832.4123721820024
4,1868.21331320818
