reservoir,value
1,63173.527834402805
2,4987.695616614601
3,1828.889215107778
4,0.0
