reservoir,value
1,126879.67957998156
2,5266.978284654761
3,26619.12379034423
4,12744.9
