reservoir,value
1,24581.09709430561
2,7999.705662650931
3,4506.148784547162
4,2993.8271346445495
