reservoir,value
1,59288.610208319275
2,0.0
3,7870.644239832049
4,120.71531322894937
