reservoir,value
1,15605.896516423978
2,81103.05561249108
3,2981.9002818525023
4,4304.449883237487
