reservoir,value
1,79030.73542700426
2,19617.2
3,11845.925499858131
4,12744.9
