reservoir,value
1,21902.81318632004
2,6272.133280350963
3,7800.041361910969
4,11356.13104818523
