reservoir,value
1,111646.9918849467
2,0.0
3,34806.223630116336
4,12744.9
