reservoir,value
1,142541.59416177645
2,10423.514861568616
3,48764.17202170468
4,12744.9
