reservoir,value
1,27773.68316772128
2,8490.374728640718
3,4796.117087619084
4,6237.703273919043
