reservoir,value
1,121591.18783041742
2,4874.07651745161
3,21149.855731219028
4,12744.9
