reservoir,value
1,21654.876694083745
2,4382.212138222421
3,6667.724259589647
4,3883.841632019678
