reservoir,value
1,791.9972213339831
2,0.0
3,1881.5012774202114
4,0.0
