plant,value
1,36266.328539743845
2,13051.87
3,9900.900000000016
4,7629.900000000014
