reservoir,value
1,0.0
2,22485.401
3,14168.657000000005
4,8424.029999999988
