reservoir,value
1,183387.58729554559
2,13658.582981199737
3,32806.45276697865
4,6297.170954899246
