reservoir,value
1,66358.16251005713
2,9635.971347420535
3,13747.054179960105
4,10992.742472410693
