reservoir,value
1,41599.34279937644
2,14884.769052808895
3,6356.323472390701
4,12000.846182293517
