reservoir,value
1,27408.215514288822
2,25459.71670882789
3,5851.23614260098
4,6388.430494607863
