reservoir,value
1,91109.77570070625
2,12378.216708827891
3,47404.13382075894
4,12744.9
