reservoir,value
1,11372.851187756105
2,19617.2
3,3214.5266776440426
4,2750.7823970033187
