reservoir,value
1,14613.88943900158
2,6025.270932732855
3,4244.747704868868
4,4712.26153147443
