reservoir,value
1,147294.37474064622
2,7097.181587188325
3,48153.18416167701
4,10325.523514350749
