reservoir,value
1,80291.16003548
2,3802.3898516900003
3,32848.25546925
4,21359.3682158
