reservoir,value
1,0.0
2,0.0
3,12725.1997125056
4,13729.468215800001
