reservoir,value
1,180228.82663548
2,0.0
3,44070.7122567444
4,12744.9
