reservoir,value
1,47887.294008612225
2,248.32227902258455
3,46494.75242852968
4,2012.7841875717204
