reservoir,value
1,20530.413640614985
2,3386.3856825532553
3,6080.742582945728
4,9804.463247877191
