reservoir,value
1,63355.86340678638
2,0.0
3,11267.503126203244
4,12744.9
