reservoir,value
1,68305.76271947846
2,0.0
3,12404.270413179096
4,7599.083086110119
