reservoir,value
1,40531.0241496621
2,9764.95279705515
3,11064.520709207634
4,5844.302025426235
