reservoir,value
1,194233.29641796835
2,9339.709619796082
3,51806.1
4,8668.743405574725
