reservoir,value
1,20330.004867325784
2,7102.603664439118
3,2251.457070877126
4,2192.9823294214393
