reservoir,value
1,12482.874340896851
2,12733.155490065954
3,0.0
4,2275.6985711586417
