reservoir,value
1,65194.71639015064
2,19772.092821404018
3,10188.703400653785
4,13565.054981551386
