reservoir,value
1,19780.41639015064
2,1428.1923683918883
3,0.0
4,18680.054981554265
