reservoir,value
1,55975.78728036886
2,5177.741176102703
3,15887.533281319877
4,11174.416233543017
