reservoir,value
1,139806.17379183084
2,14575.032786817203
3,36567.22813150961
4,4728.202794161388
