reservoir,value
1,40654.276104506964
2,18075.797234276943
3,9234.329862617029
4,4529.7801151675685
