reservoir,value
1,141179.95940869793
2,15607.638415122434
3,26306.91323483941
4,1.8363223218447988
