reservoir,value
1,52320.3495722464
2,7813.677922787493
3,8917.598723027419
4,8567.608160172573
