reservoir,value
1,11818.924778425539
2,4765.108264294309
3,2519.5648837970803
4,1497.454932946142
