reservoir,value
1,47087.71211452376
2,0.0
3,1770.4401761736126
4,8747.331863550547
