reservoir,value
1,54577.230160458326
2,1165.199095202416
3,37306.36619464496
4,30910.420522711847
