reservoir,value
1,0.0
2,0.0
3,11609.130129924975
4,22281.851108255833
