reservoir,value
1,146731.32210837275
2,0.0
3,51806.1
4,998.6694144560176
