reservoir,value
1,15887.157565376154
2,5573.91653946083
3,4239.936760829981
4,3816.158413844893
