reservoir,value
1,53994.70701854399
2,0.0
3,19060.137271657062
4,10239.285580901838
