reservoir,value
1,124408.49096602525
2,19617.2
3,35860.09037318283
4,12744.9
