reservoir,value
1,20249.017412979847
2,14620.466244112693
3,3763.753475274542
4,2579.526472753873
