reservoir,value
1,61536.72899056988
2,6048.861367355643
3,8553.350398647774
4,8100.047421423238
