reservoir,value
1,56182.15317985387
2,18005.89296162513
3,1542.9526715923994
4,0.0
