reservoir,value
1,16353.681490271709
2,19651.325378320365
3,2945.7963001239855
4,1952.079714626601
