reservoir,value
1,18293.647680565562
2,19617.2
3,5196.250325172421
4,4464.924191673935
