reservoir,value
1,40594.62442167806
2,8691.722767497591
3,5724.2680897102755
4,2137.308358127461
