reservoir,value
1,84478.4365716187
2,4276.865636179058
3,23520.688266872465
4,774.4155126214191
