reservoir,value
1,30623.699262459744
2,11579.05311936096
3,4714.905012239213
4,1874.2264269610248
