reservoir,value
1,85490.88031480783
2,4181.5071405392455
3,23597.483847103904
4,668.9765968507727
