reservoir,value
1,31187.862594130238
2,4924.384877824174
3,10726.305334444216
4,5249.0457698217015
