reservoir,value
1,18237.298384009944
2,13491.90521704494
3,7287.263011363685
4,6641.538241398584
