reservoir,value
1,39716.920646121696
2,908.2052170449388
3,49192.46301136368
4,12464.888241398585
