reservoir,value
1,163712.74617767095
2,2933.120242341134
3,34468.32973819642
4,9003.116479763137
