reservoir,value
1,54586.75807936974
2,19240.14374207212
3,9697.58922982054
4,15676.58125834662
