reservoir,value
1,92314.01551721677
2,19617.2
3,30816.1647085871
4,8046.681258346716
