reservoir,value
1,32023.27501887829
2,10109.45066817769
3,7076.624198117096
4,5660.342883939563
