reservoir,value
1,14095.795518782572
2,9201.330229836682
3,2999.3027372229412
4,2106.518641723725
