reservoir,value
1,12644.528553940465
2,0.0
3,14822.310124880782
4,3386.6507478555764
