reservoir,value
1,111301.06825000132
2,0.0
3,23839.753200000006
4,0.0
