reservoir,value
1,60322.85795217371
2,6491.986629974848
3,36382.60774030642
4,18320.364051480945
