reservoir,value
1,111080.84966028214
2,9974.948153971145
3,6752.187882506644
4,10526.939951660243
