reservoir,value
1,42639.52601588108
2,3801.3422467767996
3,2601.885843285867
4,0.0
