reservoir,value
1,71865.22024575264
2,1350.7051868950077
3,13746.782259332234
4,21139.7976947946
