reservoir,value
1,73649.22846352278
2,7350.2726217970885
3,11947.398158310156
4,23490.47991153747
