reservoir,value
1,126558.56414684825
2,6160.840624877104
3,16171.912160225154
4,0.0
