reservoir,value
1,27458.621272982204
2,6192.529064768716
3,6312.837601876538
4,3374.503242513446
