reservoir,value
1,79052.41166452011
2,0.0
3,48013.694936616994
4,12545.403242513506
