reservoir,value
1,27310.165497318994
2,20160.69550435216
3,3993.6742692801226
4,4189.015950604007
