reservoir,value
1,178530.51421341475
2,19617.2
3,39228.527550340295
4,12744.9
