reservoir,value
1,30851.401668564908
2,3268.9876635569467
3,4498.027203733134
4,7753.078273045467
