reservoir,value
1,156884.45139088412
2,0.0
3,25752.816100872347
4,12744.9
