reservoir,value
1,20081.991395408142
2,17228.15250813106
3,3697.3918952908703
4,2963.1017600282257
