reservoir,value
1,24446.90172368935
2,14378.029949796497
3,4811.406847858834
4,2532.363156442839
