reservoir,value
1,32900.50111912708
2,17540.21969128774
3,5710.301059939148
4,8224.852275418896
