reservoir,value
1,129146.39116389964
2,4701.970540118462
3,33487.86067061368
4,12744.9
