reservoir,value
1,48479.37410197859
2,7715.03735384684
3,23435.309127428656
4,26578.124231951897
