reservoir,value
1,177128.6432221184
2,141.2887900468404
3,35144.915323508656
4,12744.9
