reservoir,value
1,70892.6123252938
2,15144.493447524603
3,33622.744574843164
4,0.0
