reservoir,value
1,30363.134640624667
2,5401.33762120368
3,7199.7954035682
4,9955.17767333141
