reservoir,value
1,108183.48076697983
2,0.0
3,16273.075815068203
4,6505.849261691128
