reservoir,value
1,48552.58228188683
2,4730.532446696904
3,9675.002065786772
4,3130.2273253194203
