reservoir,value
1,62397.76363218964
2,3351.662641960289
3,17382.838758044672
4,11474.913481353087
