reservoir,value
1,16983.46363218964
2,0.0
3,0.0
4,3845.0134813530876
