reservoir,value
1,25994.697340398037
2,8027.578713949603
3,4268.89668972829
4,5832.517326529229
