reservoir,value
1,14815.597450695277
2,34773.717504479886
3,2706.7160297190926
4,1552.8280051521683
