reservoir,value
1,34719.22827273061
2,19617.2
3,15193.074886369572
4,4498.495453334672
