reservoir,value
1,29610.906692600307
2,17729.228218307842
3,3807.7936308095464
4,1895.2118810084244
