reservoir,value
1,27601.76127284489
2,3865.1561828859894
3,13584.7496325932
4,9385.666560660962
