reservoir,value
1,0.0
2,0.0
3,3683.849632593201
4,1755.7665606609626
