reservoir,value
1,51116.77474624573
2,5783.3925514326065
3,8980.062698950387
4,4520.026111768951
