reservoir,value
1,94552.78228387667
2,6042.639259068976
3,5470.664423751654
4,0.0
