reservoir,value
1,34227.1267219139
2,13349.073411070813
3,8273.758902251457
4,12674.901108066728
