reservoir,value
1,115354.41602200107
2,4832.289968555706
3,15871.879684510795
4,12237.899963919921
