reservoir,value
1,16175.305058723916
2,9202.11153836571
3,2784.9164418911046
4,2072.8383642449835
