reservoir,value
1,23326.975918708293
2,20368.4576850101
3,4851.250074741805
4,3569.734137193548
