reservoir,value
1,104203.19095870043
2,7286.9576850101
3,18056.393582056095
4,12740.634137193549
