reservoir,value
1,19674.742092136054
2,9627.282657668915
3,3722.797934256553
4,2559.0289496066466
