reservoir,value
1,94696.16527893391
2,4464.182538548048
3,17397.719105819197
4,11584.928949606649
