reservoir,value
1,56429.76128155985
2,4799.476686899026
3,12184.24212925564
4,12913.408558357636
