reservoir,value
1,155261.00537147626
2,0.0
3,19882.091514370186
4,12744.9
