reservoir,value
1,21126.02898274363
2,17345.648382861502
3,4305.577637125466
4,6620.817113636247
