reservoir,value
1,26138.201066823298
2,13429.008292275088
3,5424.626953665202
4,4675.097286539598
