reservoir,value
1,93.15969352800312
2,19617.2
3,0.0
4,2616.581398096407
