reservoir,value
1,68999.35193259935
2,0.0
3,8930.361481760603
4,4027.3175316131255
