reservoir,value
1,104765.1366493027
2,19617.2
3,1687.8113174402824
4,0.0
