reservoir,value
1,46363.29324475334
2,2637.306538286542
3,20268.215864737795
4,8562.597230599982
