reservoir,value
1,15763.193268696356
2,2723.521782085074
3,3094.826275645375
4,1573.1443432742988
