reservoir,value
1,54651.88603474695
2,0.0
3,9744.72541747526
4,4016.531931845671
