reservoir,value
1,22054.683283282655
2,20442.988282235696
3,4400.795369134133
4,4489.461637959224
