reservoir,value
1,146343.37035249145
2,7361.488282235696
3,12712.484315666181
4,12744.9
