reservoir,value
1,43836.57768191518
2,6994.209388342298
3,7425.616387953777
4,5324.645987581954
