reservoir,value
1,41022.87900122364
2,16200.649388342299
3,4439.7968850991265
4,0.0
