reservoir,value
1,81114.36913982536
2,19617.2
3,6571.340855804563
4,11343.861513199614
