reservoir,value
1,69629.03308800001
2,6118.2442104500005
3,20983.362563060004
4,19136.46234369
