reservoir,value
1,42338.946556969924
2,11347.610401552616
3,7657.151539474253
4,12150.201876541782
