reservoir,value
1,142436.36970049312
2,0.0
3,20682.47054143426
4,12744.9
