reservoir,value
1,18234.109752090022
2,3834.7296553041692
3,4468.655456345338
4,6235.586785322579
