reservoir,value
1,157751.6192674298
2,0.0
3,40377.8717097072
4,12744.9
