reservoir,value
1,15638.853625870655
2,17345.94943146763
3,4378.314798666879
4,2252.166273562069
