reservoir,value
1,23728.844640214076
2,10350.958220554094
3,2976.3384872108986
4,3495.5528384920885
