reservoir,value
1,93186.38815267672
2,3509.0547854197102
3,9398.316426540368
4,12666.452838492089
