reservoir,value
1,18333.960368515272
2,12847.35275238134
3,3379.1179254709095
4,2105.9717046512883
