reservoir,value
1,15183.421882539884
2,7791.232503026453
3,10650.14623711323
4,5921.992295736623
