reservoir,value
1,27830.674212397524
2,10186.703152335253
3,3331.2027827057095
4,9106.732145968726
