reservoir,value
1,74839.32437464963
2,3266.0770897810216
3,21486.967965805863
4,16429.336184808897
