reservoir,value
1,170889.9684944
2,3563.7116792802467
3,39486.32066555
4,0.0
