reservoir,value
1,20584.457164727082
2,8022.3837077809
3,3443.609930387077
4,1841.7288056646184
