reservoir,value
1,64356.862796446076
2,472.88550416209364
3,12308.625489499063
4,2340.798203063746
