reservoir,value
1,22105.927269882763
2,12710.68999018672
3,6977.537454847584
4,3825.066813164388
