reservoir,value
1,143749.9898628418
2,0.0
3,36228.42042268591
4,12744.9
