reservoir,value
1,89626.65784610578
2,5805.785604557978
3,20029.785881635114
4,17089.804529367182
