reservoir,value
1,130289.69136464375
2,15446.855218651328
3,17932.350160342226
4,0.0
