reservoir,value
1,130667.37136108936
2,18777.76843222785
3,15760.667367579397
4,5905.094565183985
