reservoir,value
1,30339.814697455156
2,9273.89818742606
3,3070.863316440199
4,2113.643681549134
