reservoir,value
1,15161.743205035164
2,3166.7277756494764
3,4203.740760491351
4,4817.424377745053
