reservoir,value
1,90248.2111061274
2,0.0
3,17296.909732895474
4,9765.71234363594
