reservoir,value
1,66362.05577428345
2,11152.853377768733
3,10709.387851647558
4,5992.7859001004945
