reservoir,value
1,110324.6911448989
2,13952.935848664714
3,6106.313603798893
4,0.0
