reservoir,value
1,40303.69335227472
2,21332.628214723423
3,7933.64226984358
4,13356.594111361315
