reservoir,value
1,125747.0780117282
2,19617.2
3,16536.10983800414
4,10286.359264325089
