reservoir,value
1,17362.336589207465
2,9384.957091718668
3,5456.946668386135
4,3082.980893106755
