reservoir,value
1,125279.73881083712
2,0.0
3,41796.21641727995
4,4958.811685698052
