reservoir,value
1,31139.942562261363
2,7724.371540321178
3,9315.468478049355
4,5986.903100382117
