reservoir,value
1,15212.84404742326
2,15321.033183086645
3,4569.16873064197
4,1527.0035776054099
