reservoir,value
1,111178.33707204183
2,7164.346848807856
3,27379.630243561245
4,868.7168790945722
