reservoir,value
1,38852.46594442378
2,22985.807712348967
3,4603.204112458417
4,2059.394077221234
