reservoir,value
1,114515.09474100749
2,19617.2
3,21005.362080256342
4,2709.3610199729887
