reservoir,value
1,55423.68579403
2,4501.09672667
3,33477.36500335
4,16568.30672425
