reservoir,value
1,0.0
2,0.0
3,17705.256297997163
4,8938.40672425
