reservoir,value
1,21573.07131339856
2,11046.392666645937
3,4650.762590477088
4,2230.2555155219015
