reservoir,value
1,22589.933115424734
2,15881.694834877908
3,4756.91882463177
4,2482.7228096192644
