reservoir,value
1,55502.66779819029
2,7053.692342534656
3,26033.914932003256
4,11508.622809619032
