reservoir,value
1,22951.988075590198
2,36124.0701058143
3,6049.991261432314
4,2936.8410880953456
