reservoir,value
1,29422.933205637517
2,4756.1412430352775
3,8117.361405922748
4,3791.8691805887956
