reservoir,value
1,23028.75496659225
2,23382.428601548883
3,4252.816922574271
4,2654.0139005335386
