reservoir,value
1,39147.284646694905
2,17770.136903396917
3,5194.474067458767
4,2303.9158017765685
