reservoir,value
1,143635.22256254498
2,19617.2
3,18336.972110883475
4,3076.4567011150652
