reservoir,value
1,44052.186034598286
2,5941.604244813127
3,4626.351276478354
4,10152.035588518986
