reservoir,value
1,18526.536533900624
2,19617.2
3,21451.300000000003
4,12744.9
