reservoir,value
1,9093.006024766284
2,7384.200000000001
3,26882.2
4,12744.9
