reservoir,value
1,15851.790465421422
2,20705.04001455409
3,2088.2291347497057
4,1761.4783317166339
