reservoir,value
1,58699.613988960584
2,19617.2
3,4499.913153317222
4,5437.74467897983
