reservoir,value
1,73967.85800194426
2,0.0
3,1241.8100908010656
4,7542.378818758472
