reservoir,value
1,21933.059872645288
2,27992.542355338028
3,2949.1022021343606
4,2356.9874605747736
