reservoir,value
1,137403.99803366387
2,14911.042355337991
3,6359.131584366667
4,8821.305168641542
