reservoir,value
1,67220.25164974098
2,3761.7375006090488
3,14103.177998484918
4,23210.469337368457
