reservoir,value
1,53659.140327041154
2,0.0
3,8655.557383961599
4,8148.766164714384
