reservoir,value
1,25244.80966071467
2,6632.546058366883
3,4106.968480116473
4,2758.0761392916083
