reservoir,value
1,54096.176213665276
2,2568.2107129669694
3,1572.6561639870934
4,0.0
