reservoir,value
1,16679.557608096347
2,0.0
3,2294.0543786583585
4,3839.876438878613
