reservoir,value
1,42600.08122726158
2,22697.623254290735
3,7797.474916157493
4,10363.193978280859
