reservoir,value
1,85295.22721475537
2,19617.2
3,21416.490528667713
4,2733.293978272725
