from,to,value
1,1,0.0
1,2,0.0
1,3,0.0
1,4,0.0
1,5,0.0
2,1,625.3934753571775
2,2,0.0
2,3,0.0
2,4,0.0
2,5,0.0
3,1,201.60000000009404
3,2,0.0
3,3,0.0
3,4,0.0
3,5,0.0
4,1,0.0
4,2,0.0
4,3,0.0
4,4,0.0
4,5,2026.1865246428365
5,1,2026.1865246427562
5,2,0.0
5,3,0.0
5,4,0.0
5,5,0.0
