reservoir,value
1,18977.593939601516
2,8566.290136751719
3,4126.998810222094
4,2512.086546641248
