reservoir,value
1,14251.245110999409
2,7868.3018706151415
3,2878.426070711654
4,1902.6148249735488
