reservoir,value
1,14838.203451835492
2,13173.467738726837
3,3811.1424709933854
4,2740.0628363244227
