reservoir,value
1,106018.73688036957
2,3336.907922832839
3,27206.4489554131
4,1900.574626005899
