reservoir,value
1,56978.68724374371
2,19617.2
3,5679.22740409211
4,12744.9
