reservoir,value
1,25874.94903666165
2,10614.051744479744
3,4049.970933625867
4,2727.547359118459
