reservoir,value
1,98978.58458947872
2,0.0
3,36458.08703247812
4,11898.447359118458
