reservoir,value
1,54874.05609546615
2,7120.263889429885
3,5517.274802890124
4,6995.147281127392
