reservoir,value
1,28767.86182602663
2,9196.771079206488
3,5264.060657814272
4,2440.69054178037
