reservoir,value
1,45454.6825316665
2,18277.875765945737
3,9843.941252531211
4,1256.494206411454
