reservoir,value
1,46448.44293060804
2,11064.744832811402
3,4739.8124603241
4,12651.864362862416
