reservoir,value
1,109022.1582329949
2,1110.7813185537743
3,22670.090094709893
4,7920.445424492528
