reservoir,value
1,1916.3286394646834
2,0.0
3,2026.8159257736006
4,2812.3603924568497
