reservoir,value
1,16756.318369076653
2,7142.403291508181
3,3881.3730562947235
4,3183.9594834095356
