reservoir,value
1,55533.65503215913
2,0.0
3,11130.034580300626
4,11840.251562326293
