reservoir,value
1,20016.94049339981
2,5964.965546199991
3,2398.923865195695
4,1637.1319706869665
