reservoir,value
1,20677.652925392624
2,11928.5337464891
3,3611.942710391189
4,2564.2340471248995
