reservoir,value
1,180970.07424338488
2,0.0
3,18140.89705263219
4,10641.280946923811
