reservoir,value
1,109600.94070900988
2,0.0
3,1280.9520986293373
4,12744.9
