reservoir,value
1,37092.18796474613
2,15718.405871866886
3,3714.992751771063
4,1916.7471173281303
