reservoir,value
1,35870.94614825984
2,51918.2476829327
3,6365.550503230386
4,9776.18422086144
