reservoir,value
1,155082.5680753548
2,19617.2
3,48270.750503231175
4,10736.235837815542
