reservoir,value
1,197976.04968766647
2,19617.2
3,31839.943589530194
4,379.595251216685
