reservoir,value
1,48709.06232531376
2,10435.657360184816
3,6444.893091857548
4,8077.9775491200635
