reservoir,value
1,99360.88705536006
2,13910.892737475726
3,25955.854350719677
4,448.07754912006385
