reservoir,value
1,0.0
2,42822.16725094485
3,20630.1
4,12784.252050555782
