reservoir,value
1,44940.41729593302
2,4736.254646451177
3,9888.661219248392
4,17576.61058415813
