reservoir,value
1,94626.15774783629
2,0.0
3,33783.61771956376
4,12744.9
