reservoir,value
1,16772.702564741867
2,24057.09456992799
3,3035.3964811192377
4,2755.8623134642144
