reservoir,value
1,13361.11414925754
2,16458.850676963953
3,2539.3404465787667
4,2396.963962531139
