reservoir,value
1,20015.877466190985
2,7100.621590286708
3,622.6446821267846
4,798.0145916409017
