reservoir,value
1,18039.72185466185
2,33166.42514031713
3,4680.092228829272
4,2410.9056055010115
