reservoir,value
1,36061.72804094766
2,22289.87328231535
3,4207.451707035747
4,8382.279004240761
