reservoir,value
1,136178.56458141268
2,14365.092004480004
3,22134.51955387231
4,12744.9
