reservoir,value
1,37385.51723703892
2,0.0
3,10693.137870047773
4,10701.067911555017
