reservoir,value
1,27831.821794031217
2,11264.490200162367
3,4915.0386302155
4,2987.3719975795857
