reservoir,value
1,96659.2097570058
2,3746.0726767110177
3,9377.930366780576
4,0.0
