reservoir,value
1,14948.01773959384
2,8464.430241189351
3,4154.556838057438
4,2378.2465629865883
