reservoir,value
1,87620.12362059542
2,0.0
3,28720.397690039583
4,1487.7547094118781
