reservoir,value
1,16025.631167968586
2,7649.636316874839
3,5965.820977436802
4,4280.604869969827
