reservoir,value
1,63028.10244239769
2,0.0
3,18308.774483928784
4,9967.411107765107
