reservoir,value
1,28607.373013954577
2,5487.867569136049
3,3520.72813141731
4,2707.2673853263223
