reservoir,value
1,40568.83148244281
2,14770.410699893719
3,9839.991260141991
4,7172.902959235511
