reservoir,value
1,89814.55399161225
2,4445.36336578234
3,25103.094436704316
4,0.0
