from,to,value
1,1,0.0
1,2,477.10337259564585
1,3,0.0
1,4,0.0
1,5,0.0
2,1,0.0
2,2,0.0
2,3,0.0
2,4,0.0
2,5,0.0
3,1,0.0
3,2,0.0
3,3,0.0
3,4,0.0
3,5,0.0
4,1,0.0
4,2,0.0
4,3,0.0
4,4,0.0
4,5,1055.911616079629
5,1,646.3116160795697
5,2,0.0
5,3,409.59999999970796
5,4,0.0
5,5,0.0
