reservoir,value
1,23000.14115337049
2,9223.543372595646
3,6063.063125673436
4,2441.5590116675294
