reservoir,value
1,27909.954517795006
2,14738.024421363018
3,8441.231068725854
4,2740.145851861717
