reservoir,value
1,14269.87433813445
2,8742.952477078288
3,4334.6229569508305
4,2238.8815729857015
