reservoir,value
1,32849.998068819965
2,10687.307546602424
3,7643.907638379899
4,12174.871732545693
