reservoir,value
1,119972.14059208
2,2562.7698512000006
3,42897.24804122999
4,918.4272249742393
