reservoir,value
1,22658.950672432533
2,12891.41586752042
3,3133.407128517473
4,3297.9743611893846
