reservoir,value
1,81637.18394719361
2,0.0
3,34343.88767915841
4,11008.573667093342
