reservoir,value
1,119179.08999999992
2,19617.2
3,28542.199999999997
4,0.0
