reservoir,value
1,108553.63966525598
2,0.0
3,16514.00733231062
4,12744.9
