reservoir,value
1,52611.37445020737
2,14477.31486717453
3,13853.179393009716
4,3596.316841027334
