reservoir,value
1,145351.96659999993
2,1215.5541000000935
3,33848.556500000006
4,0.0
