reservoir,value
1,23119.689057086107
2,12975.296948044419
3,4747.639524855978
4,2438.2519549163376
