reservoir,value
1,68003.36615191704
2,19617.2
3,12811.193558361674
4,2905.129594085167
