reservoir,value
1,46996.659352494
2,6976.607868670995
3,8570.391812226297
4,12998.972997540712
