reservoir,value
1,31012.653478323537
2,11396.609692160251
3,3734.80488888828
4,5882.512856725662
