reservoir,value
1,107032.7543255179
2,3367.6696921599646
3,23761.071944204996
4,12744.9
