plant,value
1,42494.36
2,10410.760000000002
3,9900.9
4,7141.5999999999985
