reservoir,value
1,57924.291224269735
2,9855.011067733987
3,15838.36101884901
4,10437.40807655908
