reservoir,value
1,38173.15600238939
2,3390.5244660926064
3,4051.811799777839
4,5667.788648943381
