reservoir,value
1,32747.727145308265
2,3042.1614052054247
3,5702.554249205838
4,14259.292260820523
