reservoir,value
1,150045.70209262235
2,0.0
3,13222.869349600196
4,12744.9
