reservoir,value
1,120459.52500849846
2,0.0
3,16724.20629579578
4,12743.61941005857
