reservoir,value
1,36370.13887265588
2,6247.5152717183955
3,12768.407117702089
4,7439.245268569067
