reservoir,value
1,3868.566142420619
2,18368.7
3,16968.300000000003
4,12744.9
