reservoir,value
1,17703.562661334254
2,10077.955565852055
3,3061.0327412658353
4,2904.359024498494
