reservoir,value
1,81725.50921808515
2,2617.3042815583008
3,14948.445524961084
4,5138.531435112556
