reservoir,value
1,53665.74718520783
2,9335.890836792672
3,9289.696297603896
4,4883.70738812123
