reservoir,value
1,12908.138505882118
2,1970.9131771272623
3,0.0
4,0.0
