reservoir,value
1,50268.86730447919
2,7726.13592474305
3,10611.633586824126
4,10334.29115415906
