reservoir,value
1,24543.79513708727
2,4383.275648410906
3,3626.9022834189705
4,3395.657312073505
