reservoir,value
1,163322.44525522986
2,0.0
3,32107.330401401614
4,7649.914767128969
