reservoir,value
1,14394.668977107849
2,6428.775911031498
3,3368.2785460789933
4,1910.579915180854
