reservoir,value
1,35846.48632450029
2,11834.1148503695
3,6988.1
4,0.0
