reservoir,value
1,23243.651126592085
2,17783.27874568108
3,4909.868087626375
4,4912.6646172750925
