reservoir,value
1,174229.54859557765
2,10016.919843513013
3,32440.873952891816
4,10079.512171196526
