reservoir,value
1,93651.8194083402
2,0.0
3,14487.783169585127
4,12744.9
