reservoir,value
1,12274.556320969765
2,2447.0809186165457
3,3540.0690027278933
4,2603.1198902787937
