reservoir,value
1,41834.53999999892
2,14379.700000000003
3,38209.1
4,12744.9
