reservoir,value
1,0.0
2,6224.479999999907
3,64648.600000000006
4,38616.9
