reservoir,value
1,43289.10985402031
2,4588.103464145628
3,7556.406070644918
4,4714.047539966872
