reservoir,value
1,16047.08687805996
2,19582.258940594602
3,3214.6238163630323
4,2362.176596293877
