reservoir,value
1,91956.23542406884
2,19617.2
3,12854.023480320575
4,9506.404809692258
