reservoir,value
1,28600.562851924115
2,7682.391336618755
3,5024.229797943237
4,3661.768483433534
