reservoir,value
1,88856.55797787619
2,0.0
3,28158.61402401309
4,12744.9
