reservoir,value
1,22800.18266768724
2,1675.739919141401
3,7043.282946279611
4,9986.857189200404
