reservoir,value
1,113335.18002672636
2,0.0
3,12203.5925389883
4,12744.9
