reservoir,value
1,18814.030126306905
2,4436.983476930286
3,3289.507353276094
4,2474.499414411717
