reservoir,value
1,7737.646494651664
2,0.0
3,251.14039381583623
4,0.0
