reservoir,value
1,92044.06811389556
2,0.0
3,25697.859927726306
4,7667.98610724475
