reservoir,value
1,116580.3932334648
2,0.0
3,26552.548816954786
4,4220.631544218015
