reservoir,value
1,25174.189171028487
2,18866.0153626856
3,7279.898762482042
4,7770.747848218066
