reservoir,value
1,79491.554419819
2,19617.2
3,49185.09876248204
4,12744.9
