reservoir,value
1,121750.17696692025
2,0.0
3,27635.39410736769
4,2786.328959824782
