reservoir,value
1,16428.127488950522
2,7153.824289638813
3,4665.348570742654
4,2207.7794999708035
