reservoir,value
1,11539.884942149765
2,0.0
3,2780.3485707426544
4,1498.8229280995045
