reservoir,value
1,31355.328019165463
2,8974.72267350803
3,6018.443716363153
4,4910.164359487897
