reservoir,value
1,81557.87492805163
2,16913.330990013666
3,10569.197261364807
4,0.0
