reservoir,value
1,77008.42543193561
2,6184.154451860992
3,15772.53446874041
4,18768.412947399327
