reservoir,value
1,200717.6
2,1629.9515072407826
3,30374.904116145073
4,580.7632608355452
