reservoir,value
1,28003.208065900166
2,12349.126212833868
3,5119.526851217332
4,2757.166243899672
