reservoir,value
1,68021.80757066925
2,6604.786062135745
3,19985.080303285034
4,23941.524982155886
