reservoir,value
1,0.0
2,0.0
3,10084.180303285035
4,7617.844781766922
