reservoir,value
1,152022.71032896327
2,0.0
3,51806.1
4,8693.780200388965
