reservoir,value
1,21388.94372981622
2,11900.604541992107
3,2375.9541930780047
4,2047.4400655602108
