reservoir,value
1,18935.568090144843
2,39879.76188226298
3,3106.1125923982886
4,2577.0954824453383
