reservoir,value
1,125683.23456540483
2,19617.2
3,20049.77902745784
4,3507.5350671445103
