reservoir,value
1,171544.3707102813
2,500.48549073565397
3,34792.67981057559
4,12310.81935286392
