from,to,value
1,1,0.0
1,2,1504.368223155672
1,3,230.30978811651613
1,4,0.0
1,5,1029.99634630315
2,1,2108.9846677963915
2,2,0.0
2,3,0.0
2,4,0.0
2,5,0.0
3,1,324.3775888804767
3,2,0.0
3,3,0.0
3,4,0.0
3,5,1223.515124177968
4,1,0.0
4,2,0.0
4,3,0.0
4,4,0.0
4,5,0.49
5,1,803.9625229132273
5,2,0.0
5,3,276.5295779774804
5,4,1173.50936959041
5,5,0.0
