from,to,value
1,1,0.0
1,2,1679.7557239720022
1,3,206.12956545944894
1,4,0.0
1,5,993.8371717207353
2,1,1616.8550546320482
2,2,0.0
2,3,0.0
2,4,0.0
2,5,0.0
3,1,352.9008447608289
3,2,0.0
3,3,0.0
3,4,0.0
3,5,1329.8779520247801
4,1,0.0
4,2,0.0
4,3,0.0
4,4,0.0
4,5,0.0
5,1,839.5396352763318
5,2,0.0
5,3,246.774007713768
5,4,1237.4014807557812
5,5,0.0
