reservoir,value
1,55888.094513816584
2,7925.954758771502
3,15759.000124227374
4,17031.462483647985
