reservoir,value
1,58264.81955007158
2,7712.070197965462
3,15651.441917170023
4,16758.8915916476
