reservoir,value
1,1942.7762222596104
2,385.74695168520265
3,2694.8406638619513
4,8126.346684476836
