reservoir,value
1,1983.8062314924339
2,550.7611374662938
3,2678.5157882704843
4,5423.908951202864
