reservoir,value
1,121331.67183064348
2,4747.686488179257
3,31324.53658128574
4,11700.152511488752
