reservoir,value
1,25185.144850839075
2,4316.1324144071805
3,9457.283432068618
4,5739.085220524759
