reservoir,value
1,15144.633170382003
2,10167.491995710112
3,3148.8137093598652
4,2409.8659126646003
