reservoir,value
1,100917.94915696463
2,5215.060106381183
3,8764.317610252509
4,7495.621394897593
