reservoir,value
1,18750.047088341238
2,17957.919794307727
3,2654.2741112017743
4,2237.029307500854
