reservoir,value
1,32797.046319169574
2,5524.8301542985155
3,3087.4137767078255
4,8633.368585740935
