reservoir,value
1,23053.246123776917
2,4960.443251872631
3,2729.63317330101
4,2395.4542255633814
