reservoir,value
1,16026.277474356448
2,8599.838736671063
3,5415.502667873236
4,3929.372352056437
