reservoir,value
1,90377.22276007105
2,0.0
3,22997.697147212963
4,8754.20429948548
