reservoir,value
1,24706.472832189887
2,6109.1938979799415
3,3457.6000903879003
4,2813.5100338429393
