reservoir,value
1,72905.96276926753
2,0.0
3,20565.88186568455
4,11839.410033842938
