reservoir,value
1,15518.057554544232
2,8713.8514892369
3,2786.2569313020645
4,1354.6742031021251
