reservoir,value
1,17891.853371610458
2,0.0
3,2009.4476064428886
4,5948.43584501226
