reservoir,value
1,54508.82884654757
2,0.0
3,0.0
4,903.9654286697839
