reservoir,value
1,27744.090945857977
2,8651.675585544486
3,4758.794935200637
4,1742.3792044715117
