reservoir,value
1,386.9067987043818
2,1377.3002455364162
3,0.0
4,3008.7575911270696
