reservoir,value
1,28351.83110935246
2,15984.675713532706
3,7488.9898869661565
4,2831.3516901097455
