reservoir,value
1,82160.83539765333
2,5341.050641555515
3,42452.597392003154
4,1244.6397060482795
