reservoir,value
1,38159.53182451659
2,3658.18026331342
3,13077.828955355311
4,6061.3840204171665
