reservoir,value
1,510.5158449352502
2,7518.856857115639
3,7259.198748333888
4,0.0
