reservoir,value
1,55950.76177311163
2,3406.1348355994646
3,12382.615585975072
4,18579.958937375657
