reservoir,value
1,149878.18302224093
2,0.0
3,28957.34095061508
4,12744.9
