reservoir,value
1,161595.92655566958
2,0.0
3,44637.18603793684
4,11309.542060738402
