reservoir,value
1,15205.104046522585
2,14907.81225896675
3,3831.8596244637747
4,5465.7446432899
