reservoir,value
1,149537.3006445999
2,4752.88496910215
3,7062.600636943086
4,12744.9
