reservoir,value
1,34490.57573538349
2,28231.33839254923
3,4028.2987155314036
4,6755.032703776048
