reservoir,value
1,145884.60957392034
2,19617.2
3,29500.522265503383
4,12744.9
