reservoir,value
1,6355.524334486792
2,0.0
3,0.0
4,1961.8083613466188
