reservoir,value
1,59673.57220809731
2,6823.468109925429
3,18956.94284014483
4,9127.951006542486
