reservoir,value
1,50401.48061013095
2,0.0
3,42555.707285863835
4,1498.051006542486
