reservoir,value
1,17789.505487664224
2,10596.309177432468
3,2827.835686555061
4,2095.9689967908607
