reservoir,value
1,99342.74087387673
2,0.0
3,23425.360838685898
4,7620.841160169599
