reservoir,value
1,0.0
2,0.0
3,8059.956086623531
4,15510.508836081168
