reservoir,value
1,45318.54032211192
2,14237.216486252746
3,9957.375568771888
4,6272.171545237722
