reservoir,value
1,61501.67242991097
2,5661.711849616968
3,56.47556877188799
4,0.0
