reservoir,value
1,20534.486660301645
2,5334.226081843943
3,7160.567043848914
4,3613.8784569749323
