reservoir,value
1,0.0
2,8344.843635746902
3,2569.9632735831974
4,0.0
