reservoir,value
1,53240.76838005799
2,5600.968993817523
3,16943.030721843155
4,14482.785404225484
