plant,value
1,41317.39999997309
2,12247.720000026919
3,9900.9
4,7401.6
