reservoir,value
1,8519.320000026308
2,19617.2
3,25335.57142839153
4,0.0
