reservoir,value
1,23140.59588672941
2,8498.76950959292
3,3934.5328353928567
4,6811.919330103288
