reservoir,value
1,50973.54576410827
2,6640.645690959387
3,15122.364841141141
4,9597.253375592041
