reservoir,value
1,30940.499884277677
2,5174.038078640733
3,8608.210192298195
4,1967.3533755920416
