reservoir,value
1,48088.338961209156
2,12119.853944711926
3,712.8635454694589
4,7488.748187764222
