reservoir,value
1,22067.438113858145
2,1702.9966100679305
3,4856.911289085885
4,3779.798232582329
