reservoir,value
1,80330.13288247702
2,0.0
3,10713.415157300933
4,0.0
