from,to,value
1,1,0.0
1,2,3479.0600000001286
1,3,0.0
1,4,0.0
1,5,0.0
2,1,0.0
2,2,0.0
2,3,0.0
2,4,0.0
2,5,0.0
3,1,0.0
3,2,0.0
3,3,0.0
3,4,0.0
3,5,0.0
4,1,0.0
4,2,0.0
4,3,0.0
4,4,0.0
4,5,2610.2441148920298
5,1,1985.6441148920312
5,2,0.0
5,3,624.6000000000004
5,4,0.0
5,5,0.0
