reservoir,value
1,64298.9924841362
2,6987.811932165012
3,10159.322808804764
4,9363.172779413635
