reservoir,value
1,101447.47368951852
2,18612.863730674326
3,11081.654195773632
4,3365.583612741455
