reservoir,value
1,730.8696392203667
2,10087.305348769505
3,564.5200998605437
4,1446.0993326889222
