reservoir,value
1,45572.10579280651
2,14557.643609203442
3,10481.713880407437
4,5182.297840684099
