reservoir,value
1,68223.0767440612
2,19617.2
3,18373.3532966461
4,0.0
