reservoir,value
1,135852.591882421
2,19617.2
3,18212.744712745956
4,11563.85682968743
