reservoir,value
1,52189.58842793152
2,15192.803206980438
3,10360.401812466464
4,10600.546199984954
