reservoir,value
1,134861.97010642276
2,19617.2
3,11054.523453261054
4,4262.192822578801
