reservoir,value
1,46304.5830554924
2,4247.254648698722
3,15305.041449593466
4,6426.59985868426
