reservoir,value
1,106628.81523005119
2,1189.8644437288349
3,43406.96400007133
4,12744.9
