reservoir,value
1,147880.0223273491
2,0.0
3,16609.67502667718
4,12744.9
