reservoir,value
1,136532.12573071464
2,19617.2
3,9775.088368735196
4,2654.863851438693
