reservoir,value
1,50685.403131800005
2,5355.48073148
3,10665.908510520001
4,12554.83329923
