reservoir,value
1,130962.3345632776
2,0.0
3,20178.792110520004
4,12744.9
