reservoir,value
1,6753.078914435682
2,7638.4346111929035
3,462.04989740463134
4,1992.9233394524263
