reservoir,value
1,35570.9424114687
2,3859.1907142570444
3,10448.859347036261
4,16156.036624304601
