reservoir,value
1,30306.75978075849
2,5857.157386382683
3,7902.607783982913
4,2832.7103281309655
