reservoir,value
1,108551.33934387218
2,11691.149017781194
3,18435.858145321654
4,993.4752954480408
