reservoir,value
1,44069.971401260904
2,5307.114784530558
3,17931.74543634906
4,13110.397951614454
