reservoir,value
1,13282.086185791464
2,0.0
3,10815.30662769884
4,5480.497951614454
