reservoir,value
1,15424.38914369869
2,8836.229890009148
3,2703.01819265594
4,1516.6009476603592
