reservoir,value
1,77079.14893075282
2,0.0
3,830.5920834720686
4,5851.2248371262585
