reservoir,value
1,194888.16593166883
2,13198.938376970016
3,45501.21081834609
4,12744.9
