reservoir,value
1,96765.34152416137
2,0.0
3,16726.468402245868
4,12744.9
