reservoir,value
1,117201.54325123574
2,18273.650666172616
3,0.0
4,0.0
