reservoir,value
1,26386.042522282867
2,9834.453795737663
3,4751.352508314671
4,5619.062153857305
