reservoir,value
1,96847.49684620762
2,0.0
3,16339.712439460234
4,12744.9
