reservoir,value
1,26791.99038674367
2,11880.71795428126
3,6050.114842320592
4,4560.085773128982
