reservoir,value
1,96706.36656387843
2,0.0
3,45331.33253421179
4,12621.319720761148
