reservoir,value
1,100792.9872995828
2,9932.247067704651
3,13466.090346175792
4,225.14059391827357
