reservoir,value
1,40002.21091085055
2,19454.29115346771
3,9700.47422805814
4,13704.38783374142
