reservoir,value
1,68863.95166615541
2,9432.673682462631
3,5732.690830816999
4,6986.162005126489
