reservoir,value
1,18886.356554529546
2,27081.479507085365
3,3821.9186508417224
4,2338.4780097277107
