reservoir,value
1,40112.58833567314
2,6512.852228431099
3,7984.1863600084
4,17416.380546589753
