reservoir,value
1,127023.45715756557
2,0.0
3,26038.448609776842
4,12744.9
