reservoir,value
1,16920.11828897607
2,11502.853925735286
3,3825.6738534457013
4,3481.344865954051
