reservoir,value
1,8678.893767448002
2,18257.926337935423
3,2878.886983216321
4,2263.3033272935104
