reservoir,value
1,62297.039354057
2,0.0
3,37865.4536494733
4,4117.516508565539
