reservoir,value
1,49677.21257084822
2,7230.599504888964
3,15842.679545846158
4,14912.519348228107
