reservoir,value
1,1828.2860198756655
2,1781.8834500306673
3,0.0
4,0.0
