reservoir,value
1,17555.597539771126
2,18515.9463413036
3,4552.685084946477
4,5932.120230692621
