reservoir,value
1,123742.4244953641
2,19617.2
3,22505.72115147271
4,12744.9
