reservoir,value
1,56478.601787166874
2,13126.047738872783
3,13847.104154345652
4,14364.876971308731
