reservoir,value
1,95392.76146584406
2,44.54773887278316
3,7883.431625180725
4,6734.976971308732
