reservoir,value
1,76538.81585840313
2,10725.598382782358
3,19638.27672904495
4,4473.944826188168
