reservoir,value
1,25860.87167219933
2,2199.0966859650666
3,10690.227921542117
4,10855.153639107013
