reservoir,value
1,36738.91049413831
2,20034.10795245629
3,5883.085908713027
4,2486.280174622324
