reservoir,value
1,132071.80170267823
2,19617.2
3,3449.9148585537314
4,1220.4312983773834
