reservoir,value
1,52993.37936129154
2,12236.958345096615
3,8212.068570784579
4,3658.4452388359987
