reservoir,value
1,29533.671930580764
2,19617.2
3,0.0
4,1589.3773500853042
