reservoir,value
1,156855.9916900356
2,0.0
3,23246.088556385326
4,12744.9
