reservoir,value
1,26920.441721891308
2,38897.05122494995
3,3589.891544605949
4,3523.1186890110275
