reservoir,value
1,22750.8168163796
2,5296.341247145092
3,4426.205295486116
4,6655.099850926625
