reservoir,value
1,85850.42840518865
2,0.0
3,26332.85578359007
4,12744.9
