reservoir,value
1,28951.19431817668
2,10887.405013725982
3,7546.707849134013
4,13917.973669777837
