reservoir,value
1,153574.83053903852
2,11640.368512453791
3,41715.79787986608
4,12744.9
