reservoir,value
1,13190.826602703664
2,3280.8505947843587
3,5004.244968404098
4,9115.793638996141
