reservoir,value
1,104812.87549626906
2,0.0
3,26690.205958352002
4,12744.9
