reservoir,value
1,84.89627981255308
2,19617.2
3,0.0
4,808.4206481805277
