reservoir,value
1,90964.05702191338
2,11281.551988851656
3,12861.611739873722
4,21903.006282151997
