reservoir,value
1,37530.41212719846
2,9668.97589168043
3,8298.633008332841
4,13713.17049437496
