reservoir,value
1,42279.694912416344
2,8521.216035575375
3,8813.381829304082
4,9091.562955570771
