reservoir,value
1,25797.242689467777
2,2866.6041874325165
3,5680.531080436074
4,4800.4363903320955
