reservoir,value
1,132212.91155316576
2,0.0
3,36228.95390401366
4,12744.9
