reservoir,value
1,171547.74905839362
2,4746.465383825373
3,39664.60642333071
4,12744.9
