reservoir,value
1,124479.86240662
2,0.0
3,14195.432462520006
4,12631.0826536
