reservoir,value
1,33185.92189052054
2,6705.968059380161
3,6336.549996157238
4,7487.777294286669
