reservoir,value
1,113192.3279838372
2,5122.2963615773115
3,44895.29586554558
4,12744.9
