reservoir,value
1,17795.608440057385
2,11270.32908309299
3,3439.549904170401
4,2594.972492619625
