reservoir,value
1,18875.82122421607
2,1853.2919240711117
3,3132.907784838267
4,4077.825240130232
