reservoir,value
1,22665.59271457255
2,18358.286511516962
3,5243.541140158779
4,4098.27867132378
