reservoir,value
1,99003.41618076865
2,5927.924601480809
3,43281.06741144833
4,12744.9
