reservoir,value
1,25216.43151472625
2,6816.304268411937
3,5415.994234649352
4,6770.172793201728
