reservoir,value
1,142843.7111266686
2,0.0
3,36357.51846907331
4,12744.9
