reservoir,value
1,0.0
2,0.0
3,11594.423514216736
4,8595.575015180415
