reservoir,value
1,41287.308273372204
2,10371.795680839314
3,13560.129765173777
4,16183.152219887126
