reservoir,value
1,336.04434659510565
2,979.7903694827679
3,17168.073539220397
4,0.0
