reservoir,value
1,31921.961724660716
2,7049.288351446414
3,6484.057288582167
4,7514.544407596585
