reservoir,value
1,48262.40230228
2,11836.239319240001
3,25778.038595360005
4,22810.697032300002
