from,to,value
1,1,0.0
1,2,0.0
1,3,0.0
1,4,0.0
1,5,129.62287800757167
2,1,6543.122878008889
2,2,0.0
2,3,0.0
2,4,0.0
2,5,0.0
3,1,0.0
3,2,0.0
3,3,0.0
3,4,0.0
3,5,29.399999999999636
4,1,0.0
4,2,0.0
4,3,0.0
4,4,0.0
4,5,0.0
5,1,0.0
5,2,0.0
5,3,0.0
5,4,159.0228780075713
5,5,0.0
