reservoir,value
1,81168.41559678352
2,10127.565263473482
3,10321.512350325926
4,0.0
