reservoir,value
1,46959.81084447476
2,3835.7767717595307
3,7595.442727158321
4,6251.120481918811
