reservoir,value
1,60906.566596986886
2,4978.23962660686
3,0.0
4,0.0
