reservoir,value
1,46574.957111508265
2,3187.795319831828
3,9933.376246067404
4,19208.642068241606
