reservoir,value
1,190182.30300935096
2,6119.860606028057
3,30361.65503299224
4,0.0
