plant,value
1,40815.11903519406
2,12657.600964805899
3,9900.9
4,6772.000000000001
