reservoir,value
1,0.0
2,48168.7935293049
3,9557.100056477746
4,11356.0
