reservoir,value
1,21400.387598684923
2,17555.17817948758
3,3439.1626795872503
4,6132.512087200501
