from,to,value
1,1,0.0
1,2,0.0
1,3,0.0
1,4,0.0
1,5,592.4202570692805
2,1,5969.920257069409
2,2,0.0
2,3,0.0
2,4,0.0
2,5,0.0
3,1,0.0
3,2,0.0
3,3,0.0
3,4,0.0
3,5,152.40000000003533
4,1,0.0
4,2,0.0
4,3,0.0
4,4,0.0
4,5,0.0
5,1,0.0
5,2,0.0
5,3,0.0
5,4,744.8202570694306
5,5,0.0
