reservoir,value
1,91387.4933792139
2,9812.30640269742
3,6295.025015768719
4,0.0
