reservoir,value
1,142748.15607678075
2,0.0
3,20151.964790570404
4,12744.9
