reservoir,value
1,87648.68979267703
2,0.0
3,31238.22961936015
4,12419.113316875131
