reservoir,value
1,24610.70181339832
2,35627.157949897766
3,8139.54268317396
4,4810.164762790773
