reservoir,value
1,18343.615445821193
2,2778.6692033653844
3,3558.6584746395033
4,2548.0223860772385
