reservoir,value
1,102109.28009134138
2,0.0
3,16490.46654031915
4,7390.079416601307
