reservoir,value
1,38143.0535885962
2,63626.427070194375
3,7811.791024810505
4,7085.50314348334
