reservoir,value
1,159906.81622020766
2,19617.2
3,32328.54587093519
4,12744.9
