reservoir,value
1,17207.412127191084
2,5368.800028499952
3,4430.81485542474
4,1875.8880711309046
