reservoir,value
1,79942.41585540576
2,0.0
3,6493.9917797589405
4,394.46640112706314
