reservoir,value
1,10570.28522865159
2,10545.12870711015
3,3018.782133193952
4,5240.466388775984
