reservoir,value
1,91992.78528496402
2,9689.523154581413
3,22419.670305612148
4,12744.9
