reservoir,value
1,98251.38221134455
2,7661.038618064336
3,11835.272718682214
4,13633.603721059422
