reservoir,value
1,167052.5353160532
2,19617.2
3,10225.856724495701
4,1392.7442833426664
