reservoir,value
1,25302.049057328328
2,6930.9418192616995
3,3850.542735916936
4,5188.1825142452235
