reservoir,value
1,106633.86748694452
2,350.0788779556151
3,21607.941246065082
4,12744.9
