reservoir,value
1,26615.014615155473
2,8997.350884997697
3,5714.322197473841
4,3162.8839604822488
