reservoir,value
1,7244.161892204633
2,15533.050884997698
3,12396.640710263806
4,991.5730621114672
