from,to,value
1,1,0.0
1,2,0.0
1,3,0.0
1,4,0.0
1,5,0.0
2,1,5970.539112180504
2,2,0.0
2,3,0.0
2,4,0.0
2,5,0.0
3,1,545.6608878195129
3,2,0.0
3,3,0.0
3,4,0.0
3,5,644.6137914205774
4,1,0.0
4,2,0.0
4,3,0.0
4,4,0.0
4,5,0.0
5,1,0.0
5,2,0.0
5,3,0.0
5,4,644.6137914205774
5,5,0.0
