reservoir,value
1,21614.834200200807
2,6897.649579394936
3,3478.581561034934
4,1786.6873041517472
