reservoir,value
1,28188.715409122116
2,0.0
3,0.0
4,30838.4243046228
