reservoir,value
1,200717.6
2,8418.947773950562
3,47851.426660995705
4,184.01428501056444
