reservoir,value
1,53458.592920673706
2,9474.339025645448
3,11108.071219706108
4,6977.834109921006
