reservoir,value
1,62049.376047124504
2,2641.1627487784267
3,51806.1
4,3314.3905302494218
