reservoir,value
1,20929.907897413894
2,2133.662704209928
3,4198.4602849245
4,5467.753636516281
