reservoir,value
1,103426.39641912036
2,0.0
3,16426.292859161204
4,12744.9
