reservoir,value
1,42166.90164103899
2,12503.183885483191
3,10725.552662187754
4,7415.264289601603
