reservoir,value
1,88073.30996882924
2,13692.781844367291
3,2780.388861933444
4,0.0
