reservoir,value
1,77796.30477108143
2,7306.413596536702
3,16107.548511787681
4,22205.145363486536
