reservoir,value
1,26829.083830904692
2,4798.682912089721
3,4583.837102833781
4,5980.605256637884
