reservoir,value
1,136467.31922633384
2,0.0
3,36508.76343331953
4,12744.9
