reservoir,value
1,49433.84031056764
2,3088.5127775456526
3,13865.600544524805
4,8486.149468032552
