reservoir,value
1,16750.229761806935
2,6160.302937254062
3,4431.67876615748
4,3263.710615061374
