reservoir,value
1,20821.12244666888
2,20240.20991050369
3,3587.837809260908
4,2687.4711814062025
