reservoir,value
1,24799.04377674472
2,18360.20783119989
3,2836.9441866396755
4,2853.133436835941
