reservoir,value
1,113076.29419134808
2,16055.247080561217
3,13041.491314528528
4,8375.230614623124
