reservoir,value
1,10411.188365641843
2,2645.671864598592
3,4167.988004324331
4,2265.1015501671177
