reservoir,value
1,34164.49958429753
2,0.0
3,32132.541653797627
4,2924.618058732349
