reservoir,value
1,38464.478164280445
2,11905.559316338211
3,5249.5015518414
4,3167.5670485975115
