reservoir,value
1,23336.60561245437
2,11178.4581149973
3,10341.545793995636
4,681.8342913783363
