reservoir,value
1,18014.53086120003
2,11828.853362646554
3,3854.941578744577
4,1866.8219314417488
