reservoir,value
1,43477.18296987729
2,5385.299641475825
3,9726.343667248871
4,7740.577130698074
