reservoir,value
1,76200.93487278
2,7628.90323152
3,17529.79689238
4,21415.449716539995
