reservoir,value
1,160790.13627277952
2,1012.4643315200001
3,32687.13879238
4,7517.975111898452
