reservoir,value
1,18761.185199629017
2,12402.63503437705
3,3905.668672387446
4,2581.2267898169252
