reservoir,value
1,0.0
2,18938.335034377094
3,0.0
4,474.0802336279658
