reservoir,value
1,77905.43417512122
2,0.0
3,2885.5575622464903
4,8861.657159754724
