reservoir,value
1,20797.633865897737
2,15074.080089166238
3,3916.3082378919157
4,2786.780617304205
