reservoir,value
1,14503.800230391198
2,1992.580089166242
3,2771.007066398907
4,0.0
