reservoir,value
1,41819.701619736545
2,8595.462885391038
3,4738.375856199332
4,6837.291140995461
