reservoir,value
1,43601.76849759951
2,4713.236072895597
3,7094.685880300868
4,14337.40508892859
