reservoir,value
1,65701.5199928633
2,0.0
3,11963.218575451825
4,10480.730693494561
