reservoir,value
1,34495.04179710198
2,16389.795802491557
3,6946.718539919301
4,3216.583282383317
