reservoir,value
1,68919.30766536701
2,19617.2
3,10058.366310994097
4,643.0917479830687
