reservoir,value
1,27626.51649986033
2,7134.640264981617
3,4671.347152429691
4,12451.128303481915
