reservoir,value
1,122745.16649575798
2,0.0
3,13387.595217749464
4,12744.9
