reservoir,value
1,16677.669270008457
2,20441.575156606785
3,4386.248231980485
4,2996.753146525306
