reservoir,value
1,27002.341550808105
2,7707.7280824213885
3,4996.231899351353
4,3324.931868153387
