reservoir,value
1,73586.15888565735
2,0.0
3,20220.957642554775
4,12495.831868153386
