reservoir,value
1,31471.29300695532
2,13760.12571752369
3,5208.047003423189
4,3036.74426472499
