reservoir,value
1,120333.48311639046
2,14193.843724930832
3,30353.342932562387
4,1110.9429836842608
