reservoir,value
1,67014.52615300528
2,5011.964656793176
3,17087.184100312752
4,13172.437716372426
