reservoir,value
1,108278.58550813282
2,0.0
3,27942.258934635778
4,6953.664791111049
