reservoir,value
1,28954.602046988097
2,18916.620390686738
3,4597.707957643455
4,3572.183660092177
