reservoir,value
1,43230.29560124397
2,11200.560953589043
3,13383.752667597602
4,12744.9
