reservoir,value
1,49767.82388272
2,5677.16071394
3,10170.067353120001
4,19615.15606386
