reservoir,value
1,117514.86129666002
2,0.0
3,18712.574053120006
4,4101.982416315517
