reservoir,value
1,20176.456152235758
2,3639.105981158896
3,2358.0359121106967
4,1958.9358957959937
