reservoir,value
1,25827.39255174111
2,8769.639989237596
3,4279.797097327674
4,3854.2165682811465
