reservoir,value
1,22926.328962875217
2,21596.66509427438
3,3793.7008413509548
4,1971.46976225895
