reservoir,value
1,19379.57239401511
2,8574.33926928764
3,6006.236832419291
4,4097.731950079284
