reservoir,value
1,114578.11419179027
2,0.0
3,46460.23408507958
4,8921.991373554894
