reservoir,value
1,117080.05334604
2,0.0
3,29714.263932679998
4,4125.04621639808
