reservoir,value
1,27243.51629266445
2,5969.641315329796
3,6740.051388394957
4,8161.139759819486
