reservoir,value
1,21744.93035867688
2,13603.80890556459
3,2873.221517548688
4,2999.0578539628154
