reservoir,value
1,81242.97515093285
2,522.3089055645289
3,30446.1371145593
4,11161.236396607019
