reservoir,value
1,47973.00244548712
2,6384.086086467503
3,7498.476496279066
4,10466.157325346496
