reservoir,value
1,200717.6
2,6862.1764044152915
3,22151.273485663856
4,4422.911098789761
