reservoir,value
1,44798.50292226019
2,9009.989970905235
3,8236.703529264643
4,4392.193059484385
