reservoir,value
1,23595.8384237702
2,25123.98924075383
3,2677.4326729367444
4,1689.8292530408505
