reservoir,value
1,15805.342330179135
2,2645.214002808137
3,3269.7488986727026
4,4620.808757293272
