reservoir,value
1,17488.90938722893
2,7110.9975551420985
3,4116.194976524339
4,4594.214262030311
