reservoir,value
1,29635.25762702972
2,8239.6475869413
3,7721.184746303235
4,3332.1840059639253
