reservoir,value
1,3155.946574800522
2,2307.386386568957
3,14345.234203998503
4,372.7806430032471
