reservoir,value
1,31279.18461310531
2,13215.295705218035
3,4958.998640216065
4,6282.255876157161
