reservoir,value
1,85254.54703249065
2,133.79570521803544
3,14946.450477727147
4,10393.275919482194
