reservoir,value
1,49601.64405329988
2,4761.2614457223335
3,11593.45817271977
4,10782.098260067849
