reservoir,value
1,28154.255479207197
2,4005.440283835247
3,7449.846594261757
4,3600.6052954452807
