reservoir,value
1,25462.035634851978
2,5220.805159145938
3,4008.322344526996
4,1309.0644083201369
