reservoir,value
1,41795.812411647756
2,10348.96714405202
3,15097.175591393916
4,16741.270695772415
