reservoir,value
1,67091.84709565272
2,0.0
3,15665.600478272469
4,11689.112674493617
