reservoir,value
1,27874.54541406912
2,16689.22662766923
3,4219.891528336505
4,3409.2329760436796
