reservoir,value
1,20131.425042252853
2,5391.530487467366
3,5945.511294456772
4,2420.8325276497194
