reservoir,value
1,24323.221920758544
2,10142.30729753388
3,26808.83194800381
4,951.8639624152556
