reservoir,value
1,16279.112082971977
2,8619.99053704819
3,3282.953105881854
4,3860.8796317843903
