reservoir,value
1,65552.1114900996
2,4917.958525676639
3,9397.611456547142
4,14264.94031142362
