reservoir,value
1,108113.45070023977
2,5927.3883573658895
3,17170.73140739537
4,2140.5003104996063
