reservoir,value
1,22002.67338401429
2,11912.570340378594
3,3249.8943476324516
4,1728.5252708256296
