reservoir,value
1,23678.59428312422
2,15705.96986697257
3,10000.964819488077
4,9164.6271122908
