reservoir,value
1,101395.92471222652
2,8005.7152206786395
3,16680.615447332875
4,6796.497349588792
