reservoir,value
1,152173.21699944956
2,9927.531008994058
3,8754.467312903093
4,1147.3791536384906
