reservoir,value
1,118712.12644221702
2,0.0
3,29048.825458740732
4,11059.033386598625
