reservoir,value
1,22802.221257520654
2,3890.8022477079994
3,3993.8946124502727
4,6860.621196304248
