reservoir,value
1,55278.649753683756
2,26731.648237082904
3,15556.20295513485
4,15676.065115739508
