reservoir,value
1,19839.036537198906
2,3366.699077822134
3,4170.13996764693
4,4390.793678470816
