reservoir,value
1,64531.894191917425
2,3506.327074067417
3,15156.529365523911
4,11947.443910289663
