reservoir,value
1,90376.32454022432
2,1576.8870740673487
3,19571.58645009991
4,4988.10345481418
