reservoir,value
1,25653.955683531938
2,3507.5610001559344
3,5150.731407900946
4,4509.800409118739
