reservoir,value
1,31305.982905462275
2,0.0
3,2187.312488628877
4,0.0
