reservoir,value
1,46136.99178478445
2,11254.615032673519
3,12142.991145011078
4,6681.677762250159
