reservoir,value
1,90365.198247011
2,4152.945249915967
3,14479.111815353835
4,17603.58543619518
