reservoir,value
1,188446.2622811888
2,9638.762321885357
3,32974.83375120723
4,12744.9
