reservoir,value
1,80330.90254519797
2,6977.406855082583
3,10173.825429259105
4,11796.333460530217
