reservoir,value
1,71535.26295618524
2,10511.0444343099
3,10048.384035292827
4,0.0
