reservoir,value
1,84805.99905102747
2,4666.460847059443
3,1637.5236718969481
4,12466.838331959336
