reservoir,value
1,18697.5501522469
2,7760.484329625311
3,5012.990321024454
4,2044.5757410981776
