reservoir,value
1,111966.39668582437
2,13031.27708750686
3,15972.002676652279
4,10603.136071073675
