reservoir,value
1,189348.78298278153
2,19617.2
3,25083.374561140892
4,12488.798327297976
