reservoir,value
1,47013.16711433413
2,11221.89454333964
3,5867.299051212525
4,15382.222659852296
