reservoir,value
1,192118.47084802153
2,0.0
3,16531.918546174267
4,12744.9
