reservoir,value
1,26204.52143369898
2,17348.278047253527
3,5168.163867387619
4,2018.1830794410084
