reservoir,value
1,16582.065896426437
2,9709.645537122975
3,3654.383591881536
4,2448.7657751614115
