reservoir,value
1,18378.66683838641
2,980.7345332980518
3,3263.9304889718455
4,4018.4278198510065
