reservoir,value
1,34228.602309765585
2,14121.981074477675
3,6871.591308057392
4,13134.731010632344
