reservoir,value
1,0.0
2,1040.4810744779656
3,0.0
4,2001.03539782279
