reservoir,value
1,121880.19451823396
2,19617.2
3,12251.337447569666
4,12744.9
