reservoir,value
1,46802.25690501626
2,2281.3938408493923
3,2194.84491258052
4,2255.220488120787
