reservoir,value
1,23061.980144766647
2,7903.648134537161
3,3525.5286866785054
4,6610.435118526305
