reservoir,value
1,0.0
2,5404.127593332388
3,3562.1000000000004
4,21038.0
