reservoir,value
1,59753.31146976883
2,8825.572406667497
3,51806.1
4,0.0
