reservoir,value
1,10343.64523125174
2,4894.482838201051
3,2439.492079872124
4,2481.5704778720765
