reservoir,value
1,44943.226228262734
2,9049.280137656164
3,12725.871300465551
4,8550.286972731028
