reservoir,value
1,62332.4735482752
2,1140.0251031329217
3,3763.227594404155
4,920.3869727310284
