reservoir,value
1,86605.76722559912
2,9247.2501911782
3,12939.844227287758
4,16007.295719259284
