reservoir,value
1,11590.733256526524
2,0.0
3,0.0
4,9770.140002601951
