reservoir,value
1,196653.26928512577
2,15973.78019117823
3,17962.20095178346
4,0.0
