reservoir,value
1,44004.54587809035
2,6033.9296526534
3,3907.9590225550573
4,10887.216085534848
