reservoir,value
1,164639.3880745219
2,647.5686837211597
3,8052.791100296692
4,6203.722184274438
