reservoir,value
1,23401.51910641919
2,0.0
3,31233.02048588434
4,3554.3017801881297
