reservoir,value
1,34578.822477592155
2,3909.002640099444
3,12871.43086659991
4,12111.604168868918
