reservoir,value
1,154501.27046153636
2,0.0
3,41068.54783700385
4,12744.9
