reservoir,value
1,22758.54883802681
2,5301.674380153982
3,13896.311351906077
4,12124.027325312607
