reservoir,value
1,78600.13723942473
2,0.0
3,35458.53310856469
4,12744.9
