reservoir,value
1,22735.63453496819
2,17591.789233350017
3,9025.113201475302
4,7096.599969533392
