reservoir,value
1,14490.232600004125
2,3665.7749340445926
3,3608.8100551498146
4,3432.5785068803834
