reservoir,value
1,42502.44650721671
2,0.0
3,2804.4100551499246
4,10125.078506880383
