reservoir,value
1,34077.91226754378
2,4012.2713950799966
3,6709.494541225833
4,3907.4234006950473
