reservoir,value
1,92416.8252561732
2,0.0
3,1045.848648135903
4,0.0
