reservoir,value
1,26861.46355029072
2,27962.779283308035
3,5899.582416097353
4,6690.7872950589945
