reservoir,value
1,159820.11930077928
2,19617.2
3,46771.83011561772
4,8593.255667703255
