reservoir,value
1,39637.4602062456
2,18238.218722164653
3,7296.76742331075
4,12531.275113249525
