reservoir,value
1,134691.43654046563
2,5156.718722164653
3,21771.898118651075
4,12744.9
