reservoir,value
1,41247.974358933454
2,3609.023001507091
3,10482.638145342571
4,7022.401753284744
