reservoir,value
1,9669.701192968343
2,0.0
3,581.7381453425714
4,1237.5973092079348
