reservoir,value
1,33082.1249311787
2,16558.09865781
3,6435.944334603704
4,10882.96632319418
