reservoir,value
1,156856.24586175854
2,3476.5986578099983
3,30662.26107024265
4,12744.9
