reservoir,value
1,40841.60765509844
2,6541.220856163791
3,12626.926149570654
4,13515.866475087258
