reservoir,value
1,0.0
2,0.0
3,3591.0117341277537
4,17034.80621252721
