reservoir,value
1,70565.81686524922
2,999.1205517621784
3,50941.114415442884
4,0.0
