reservoir,value
1,37302.04752029263
2,11333.19813250658
3,9632.022023520183
4,3267.8101294864546
