reservoir,value
1,98579.98346252262
2,14395.191139570024
3,37299.30790391455
4,0.0
