reservoir,value
1,56546.384225965754
2,9985.83434908643
3,20415.706176917658
4,2586.697314087425
