reservoir,value
1,32807.72402427488
2,3105.5489765316047
3,7505.875403548098
4,5380.858275360007
