reservoir,value
1,26943.84879110679
2,4406.335179937745
3,15048.832209386825
4,18754.76950887136
