reservoir,value
1,132295.54044627587
2,0.0
3,51435.1135020536
4,12744.9
