reservoir,value
1,36727.63067629169
2,0.0
3,10359.072993991957
4,8195.401985543347
