reservoir,value
1,76511.35205717754
2,1769.1793674359396
3,3898.0555110184123
4,0.0
