reservoir,value
1,39145.875240335394
2,16438.46359626379
3,4850.156461724519
4,5854.115580526836
