reservoir,value
1,28624.17167603887
2,10988.75046496565
3,4379.147842876226
4,6030.768344817084
