reservoir,value
1,136157.40531460466
2,0.0
3,26604.652131059884
4,12744.9
