reservoir,value
1,14520.21096579659
2,7509.873569790112
3,2506.5109958357557
4,2256.9467177418387
