reservoir,value
1,63563.070917587946
2,11195.182004214745
3,19335.476458578552
4,8501.93485892165
