reservoir,value
1,149677.3258710488
2,10470.554675364114
3,39293.30355974348
4,10749.12987294174
