reservoir,value
1,43366.17580813021
2,2442.854916051265
3,12641.970558286896
4,20593.82754485196
