reservoir,value
1,0.0
2,0.0
3,2741.070558286896
4,4110.18681979836
