reservoir,value
1,30326.781049221012
2,10513.295526854283
3,3446.792296069713
4,3322.8073693693423
