reservoir,value
1,16451.382977938807
2,8986.546956186106
3,2255.525009000693
4,1607.3805667957379
