reservoir,value
1,26967.072941748644
2,8351.846956186122
3,6043.726604545829
4,1022.3795368065224
