reservoir,value
1,20042.59492958768
2,6749.103915298132
3,4285.329880711615
4,4180.327541157837
