reservoir,value
1,78410.72545049107
2,0.0
3,17149.5615240059
4,12744.9
