reservoir,value
1,41495.74243039002
2,8343.67731100123
3,8104.845232718615
4,9724.759774166574
