reservoir,value
1,17332.9250571038
2,13046.911668059924
3,2738.242039034832
4,2505.132328137025
