reservoir,value
1,47855.328292959995
2,5907.468494979999
3,12381.5987035
4,14781.25848976
