reservoir,value
1,108506.38878794
2,0.0
3,23247.796203500002
4,7151.358489760423
