reservoir,value
1,34149.09911487583
2,7371.888285709434
3,4025.161906884722
4,4009.829026122273
