reservoir,value
1,144568.59231260692
2,0.0
3,34287.95223538267
4,9612.44756103176
