reservoir,value
1,80201.40513833243
2,5970.869459529991
3,13789.061548132615
4,16727.786960098638
