reservoir,value
1,29755.559872009828
2,26818.010451614584
3,2626.627954215405
4,1564.0455035760892
