reservoir,value
1,104885.13160661976
2,19617.2
3,1691.7442647527614
4,7098.93149645206
