reservoir,value
1,12175.19200857242
2,9479.180027183096
3,2334.1668294883993
4,1743.1422387405169
