reservoir,value
1,7587.1387687387605
2,0.0
3,4300.160560514168
4,3150.2649217674725
