reservoir,value
1,27365.04024081416
2,13907.172157511504
3,6039.525085790155
4,4418.3947936689365
