reservoir,value
1,392.8472288205355
2,6192.427627629744
3,0.0
4,815.4307685260742
