reservoir,value
1,17003.273510566447
2,13849.92479041205
3,2609.0235644033346
4,4160.000805070848
