reservoir,value
1,69553.60649843678
2,10962.102587515423
3,10794.512432654365
4,13362.231544295035
