reservoir,value
1,110660.7355185955
2,19617.2
3,18322.191246421466
4,1635.234080746798
