reservoir,value
1,200717.6
2,0.0
3,51509.30701576903
4,7718.635798475316
