reservoir,value
1,94349.35981702851
2,3160.782959105376
3,20613.002187760434
4,0.0
