reservoir,value
1,88065.64329354969
2,13402.385859346714
3,23493.514720162053
4,2069.54983399967
