reservoir,value
1,61083.7298922076
2,6990.492566242726
3,21753.56526634952
4,23392.087343097344
