reservoir,value
1,154654.31464234038
2,0.0
3,45033.10456514952
4,12744.9
