reservoir,value
1,122315.07179465401
2,2362.5970003320517
3,51806.1
4,0.0
