reservoir,value
1,15274.827251518383
2,9312.419967529362
3,2758.182290604509
4,1550.634537663609
