reservoir,value
1,22831.369118279476
2,8574.94375060787
3,3056.1421680027247
4,2492.551189747064
