reservoir,value
1,150510.3062631918
2,15110.643750607871
3,4948.412751900302
4,10343.012965134458
