reservoir,value
1,108756.96030000004
2,0.0
3,14393.582700000003
4,11416.6989
