reservoir,value
1,67879.45564449539
2,6466.8643649672
3,14411.241950486146
4,17159.0300009
