reservoir,value
1,187904.9076042754
2,1061.1243649672228
3,33668.72719026597
4,12744.9
