reservoir,value
1,28923.814402526892
2,7259.310982989982
3,5966.540053793636
4,9059.880258968462
