reservoir,value
1,13994.128257587152
2,12449.04503071872
3,2620.464979884632
4,1510.0611899001688
