reservoir,value
1,8037.288500882867
2,5783.684322170225
3,1401.5534925075508
4,2067.0745653920326
