reservoir,value
1,27227.82480263899
2,3357.9865410881066
3,8730.434297717973
4,9884.00560292475
