reservoir,value
1,125073.56765348374
2,0.0
3,28538.80469170524
4,12744.9
