reservoir,value
1,16762.91050464291
2,12254.775947947399
3,3082.3979934366153
4,5461.227131016632
