reservoir,value
1,74978.24801016133
2,2615.809956722931
3,17923.333213019345
4,12744.9
