reservoir,value
1,28545.231263670663
2,16227.258030722422
3,3814.038693932727
4,1812.9577845551241
