reservoir,value
1,58698.9234011955
2,15504.28776410487
3,765.5430794645905
4,0.0
