reservoir,value
1,18040.41927251354
2,26922.864960496387
3,3043.810711996084
4,1884.2435423548766
