reservoir,value
1,49983.18297962237
2,7008.921230413841
3,9796.708028602941
4,16222.596633476272
