reservoir,value
1,156591.59330858564
2,1278.5464737466286
3,51701.908028602935
4,12744.9
