plant,value
1,37476.95876442737
2,12879.16937606744
3,9900.900000000016
4,7629.900000000014
