reservoir,value
1,0.0
2,16972.347456650452
3,29621.53900000004
4,24074.227000000028
