reservoir,value
1,31825.77910831943
2,12524.065236117107
3,38736.53700000005
4,10068.471000000012
