reservoir,value
1,33125.36233439502
2,35295.47530336703
3,3132.0418797735056
4,1159.7227371953256
