reservoir,value
1,72329.19115716244
2,0.0
3,6005.608729915859
4,12744.9
