reservoir,value
1,18003.677435925125
2,6450.868306101089
3,4849.457959603328
4,7033.494729637956
