reservoir,value
1,70358.44223458196
2,0.0
3,14860.225430842213
4,12744.9
