reservoir,value
1,18180.30613653044
2,19177.53052421306
3,4212.003671314725
4,2011.430091644567
