reservoir,value
1,17147.649914454927
2,9447.318469411035
3,6305.123634451226
4,3350.158756206274
