reservoir,value
1,22806.41587004314
2,11952.330856286888
3,8249.314729834614
4,6392.261223376288
