reservoir,value
1,137904.95879996888
2,0.0
3,50154.51472983461
4,11507.261223376288
