reservoir,value
1,82744.36999999933
2,19617.2
3,18258.300000000003
4,12744.9
