reservoir,value
1,95971.09593832119
2,5462.61108709244
3,15004.162621658224
4,11669.172071635263
