reservoir,value
1,161733.77388536787
2,0.0
3,15993.857829150002
4,12744.9
