reservoir,value
1,17855.57880942253
2,27712.25190682176
3,3324.0299531231
4,2701.872658232573
