reservoir,value
1,160947.65192440437
2,0.0
3,33409.499496516
4,11081.525834296663
