reservoir,value
1,32841.24413554206
2,7768.366659552745
3,13220.289822558749
4,8107.08454058984
