reservoir,value
1,0.0
2,3562.7670613641694
3,11058.160585629386
4,477.18454058984025
