reservoir,value
1,20586.646849948615
2,1710.3926076955222
3,5299.368866488306
4,10186.816665304868
