reservoir,value
1,40220.3772623124
2,8330.585374680666
3,10289.692778514149
4,4890.123209960346
