reservoir,value
1,40438.568801825786
2,4854.722139125077
3,8291.662610635873
4,11638.574432435908
