reservoir,value
1,168242.94444143493
2,0.0
3,36328.68349557862
4,12744.9
