region,depth,value
1,1,216.35907070618498
1,2,45.319
1,3,12.908933594464145
1,4,57.248584971691315
2,1,147.72131382729967
2,2,34.99677693809471
2,3,11.004000000000001
2,4,38.22109430513286
3,1,118.48615317050155
3,2,24.96457301421849
3,3,0.0
3,4,45.422873308977984
4,1,0.0
4,2,19.535831209816497
4,3,0.0
4,4,9.49201760568407
