region,depth,value
1,1,72.5071428405935
1,2,13.326247978058252
1,3,35.56811042873414
1,4,47.579846756963825
2,1,20.090645416922094
2,2,3.3045
2,3,5.02543739231983
2,4,13.68181648409702
3,1,9.3102
3,2,3.1537660685210342
3,3,3.2430100449506254
3,4,3.836962489338479
4,1,5.32187328523819
4,2,0.0
4,3,4.648166742139234
4,4,6.425497268909307
