from,to,value
1,1,0.0
1,2,2322.4299768617043
1,3,178.902421488811
1,4,0.0
1,5,363.0789552055916
2,1,1437.066524514598
2,2,0.0
2,3,0.0
2,4,0.0
2,5,0.0
3,1,333.7025687871008
3,2,0.0
3,3,0.0
3,4,0.0
3,5,421.1893778361484
4,1,0.0
4,2,0.0
4,3,0.0
4,4,0.0
4,5,1482.1452441368435
5,1,1471.885144369001
5,2,0.0
5,3,644.9111124277035
5,4,149.61732038180136
5,5,0.0
