from,to,value
1,1,0.0
1,2,3043.132561296753
1,3,52.094645116680134
1,4,0.0
1,5,118.95746911740507
2,1,865.5372775712282
2,2,0.0
2,3,0.0
2,4,0.0
2,5,0.0
3,1,476.2880406914353
3,2,0.0
3,3,0.0
3,4,0.0
3,5,1035.4081435552241
4,1,0.0
4,2,0.0
4,3,0.0
4,4,0.0
4,5,1731.2822574467332
5,1,2468.7362523207066
5,2,0.0
5,3,262.8181776836215
5,4,154.09344011524442
5,5,0.0
