reservoir,value
1,22354.657202588514
2,18113.711496250377
3,3611.6432700663254
4,2113.712058372855
