reservoir,value
1,28325.73499341424
2,11133.482133346926
3,5687.577079304702
4,3338.6651976537855
