reservoir,value
1,16.55667784875886
2,2175.904523706547
3,0.0
4,0.0
