reservoir,value
1,72619.14294391157
2,9277.601000178436
3,9054.582741053295
4,2267.238583000226
