reservoir,value
1,46662.90683498079
2,7132.295767373398
3,6449.42225511126
4,625.3371727353909
