reservoir,value
1,67138.35991771215
2,8541.658043301175
3,9745.951442295998
4,2099.7977114305704
