reservoir,value
1,67428.90709575737
2,8925.017853583313
3,14732.645062812255
4,26268.072865732458
