reservoir,value
1,120487.59359784743
2,6216.364475918599
3,11038.393574599937
4,0.0
