reservoir,value
1,28804.584539099913
2,2753.178428118897
3,10070.567280946185
4,15868.469695063595
