reservoir,value
1,121899.91528299564
2,0.0
3,19007.412454354093
4,12744.9
