reservoir,value
1,23132.219528859467
2,13888.24417289452
3,3784.2309383933625
4,1973.7072056492098
