reservoir,value
1,17676.57183404356
2,1551.0256279578978
3,5104.632887591946
4,5381.047226618668
