reservoir,value
1,863.0141680265297
2,0.0
3,99.6508027056716
4,2447.9939927652995
