reservoir,value
1,29448.79272198339
2,13084.212135385122
3,4229.878965078532
4,2702.421760681139
