reservoir,value
1,161224.03965942306
2,19617.2
3,28936.750749477527
4,11728.321760681138
