reservoir,value
1,15608.176906733846
2,9481.22289730698
3,4290.717993205182
4,2319.4381582190945
