reservoir,value
1,53584.24275245701
2,0.0
3,24883.96904285434
4,6771.449360515329
