reservoir,value
1,36755.58181026176
2,3955.309125799112
3,5673.649940250126
4,3734.82110682444
