reservoir,value
1,190579.09027538786
2,1034.2140977085255
3,14750.806453804435
4,9561.390586901889
