reservoir,value
1,20829.932457724502
2,4535.573656434605
3,4118.160060575847
4,4419.2947683581015
