reservoir,value
1,49021.37416946682
2,7440.576594394663
3,4388.270852607735
4,14515.829411066046
