reservoir,value
1,103005.2287993753
2,0.0
3,6293.952355464979
4,12744.9
