reservoir,value
1,21210.265912779963
2,9906.318797056068
3,3853.8756440451452
4,2420.020591085427
