reservoir,value
1,29322.06151402393
2,8025.379750645112
3,10560.328311643163
4,11445.920591085334
