reservoir,value
1,18813.458778578246
2,4219.477065269885
3,3164.0865771627386
4,1832.63920069492
