reservoir,value
1,62898.19834368001
2,10623.38060642
3,22443.3764637
4,23051.48381328
