reservoir,value
1,171610.35965010035
2,0.0
3,46391.0329637
4,12744.9
