reservoir,value
1,27236.897002039965
2,0.0
3,1307.2639928229669
4,2388.2474986169514
