reservoir,value
1,47658.57866176708
2,14270.02892608929
3,16316.706066600806
4,17590.107877917784
