reservoir,value
1,73346.36255057406
2,14128.93668070812
3,5676.06454688416
4,1596.5002046002426
