reservoir,value
1,23810.221429340363
2,1334.0080479955222
3,3872.375794700466
4,11229.905362435267
