reservoir,value
1,115189.80685692032
2,0.0
3,12859.13171333509
4,12744.9
