reservoir,value
1,120478.96996826491
2,7095.056788751999
3,7730.23588491927
4,4621.843702599234
