reservoir,value
1,49920.95870632927
2,4617.543765438196
3,10516.894200623436
4,9504.388554715704
