reservoir,value
1,10451.22524767501
2,3333.5192081726996
3,2864.9625301007436
4,2272.227319013273
