reservoir,value
1,14775.638240387916
2,8748.454616584964
3,3286.749199967078
4,2288.652932257539
