reservoir,value
1,72887.87044019937
2,1368.4924964196107
3,17128.240532652755
4,11646.552932257538
