reservoir,value
1,67769.08074187653
2,6214.406987907794
3,11091.605234214294
4,8106.7831400404575
