reservoir,value
1,132915.54162399162
2,5424.525973257808
3,6112.305234214294
4,476.8831400404579
