reservoir,value
1,54478.88353360936
2,13093.834160321028
3,6411.341937155316
4,12153.31238622361
