reservoir,value
1,52810.367699120005
2,5429.10401733
3,19384.316271710002
4,14481.56947364
