reservoir,value
1,128398.71019908431
2,4182.104017365242
3,29964.116371710006
4,11504.028029523939
