reservoir,value
1,65020.58374459999
2,7492.444048799999
3,21621.05722377
4,19619.87400416
