reservoir,value
1,144439.23925286642
2,4281.333940533555
3,38211.528923770005
4,5352.294661049394
