reservoir,value
1,47143.140658478624
2,4985.541976605824
3,11844.703288181885
4,13303.678162552473
