reservoir,value
1,1575.2237516663517
2,0.0
3,1943.8032881818854
4,0.0
