reservoir,value
1,200717.6
2,154.34836505404655
3,51806.1
4,6262.598197428282
