reservoir,value
1,17220.48024530442
2,3568.166357750324
3,6012.585096833154
4,7793.74375570721
