reservoir,value
1,41904.1937540043
2,9239.354320205864
3,6041.979342967468
4,3657.375905132494
