reservoir,value
1,73282.40582682632
2,0.0
3,8692.781576996833
4,12744.9
