reservoir,value
1,161240.33723813522
2,1360.8293035893691
3,1894.6196354192125
4,4925.0106753531945
