reservoir,value
1,23165.06433368283
2,11551.532136333763
3,4447.246419907573
4,2156.113408728524
