reservoir,value
1,22584.348876422067
2,447.90328310393124
3,577.1665118341996
4,0.0
