reservoir,value
1,27734.213347525707
2,25330.08173503407
3,5865.918622893542
4,6878.969129518277
