reservoir,value
1,95674.9220880253
2,12248.58173503407
3,20187.21030226609
4,10544.482160707143
