reservoir,value
1,23072.058273373375
2,15100.89926619131
3,10014.439006768549
4,11981.478194668742
