reservoir,value
1,32761.003653947104
2,4682.678067263521
3,16479.646751449727
4,19300.801411073597
