reservoir,value
1,0.0
2,0.0
3,1145.9129172970952
4,11670.901411073597
