reservoir,value
1,30299.61170281849
2,5815.395913176289
3,6103.470626473881
4,9845.073796496634
