reservoir,value
1,143339.58763457445
2,0.0
3,23361.066395127356
4,10102.427132696452
