reservoir,value
1,24906.300360040823
2,9814.029301891562
3,3689.199560503358
4,2757.6045606362545
