reservoir,value
1,29034.367231268894
2,7394.454160054735
3,11550.171368473246
4,2155.6543877530335
