reservoir,value
1,22405.7261043334
2,11701.696097742206
3,3566.0432353834944
4,3219.4856746749756
