reservoir,value
1,39593.192123660054
2,0.0
3,30143.163522231323
4,5874.629971798008
