reservoir,value
1,127859.46909471945
2,1922.819060419999
3,30654.34813032001
4,3772.3808806274483
