reservoir,value
1,23390.888924986873
2,15955.808221570805
3,3347.415906623
4,2582.952453896833
