reservoir,value
1,45197.53796039379
2,3203.6272444121496
3,21489.208338378878
4,11973.448579598476
