reservoir,value
1,18666.452941915464
2,7800.253569663718
3,3449.9395107151618
4,3044.8051841608644
