reservoir,value
1,27179.699415867457
2,6786.402089371983
3,3574.520205237952
4,2020.8932524356178
