reservoir,value
1,37066.73352442049
2,0.0
3,0.0
4,1509.6610200058499
