reservoir,value
1,84479.59802991267
2,0.0
3,21599.093273824707
4,12744.9
