reservoir,value
1,48650.003406463526
2,8965.169432151675
3,8486.704673445456
4,7334.722929529279
