reservoir,value
1,60067.77525585197
2,18171.609432151672
3,26972.1625375081
4,829.9611714250823
