reservoir,value
1,89820.76210548535
2,14515.669494755834
3,31820.865094522982
4,12744.9
