reservoir,value
1,116672.85380833727
2,0.0
3,42309.016098852255
4,12744.9
