reservoir,value
1,108872.80012877725
2,0.0
3,21305.128539644156
4,12549.526548555841
