reservoir,value
1,88357.6215846723
2,13889.712376788495
3,6803.181997482752
4,0.0
