reservoir,value
1,14145.125231760172
2,3551.129121898168
3,4004.0884191852947
4,3801.957278687703
