reservoir,value
1,22739.896895681668
2,13521.06252856728
3,6820.55459513757
4,8193.7349702169
