reservoir,value
1,163688.95128470135
2,17836.51330906616
3,48725.754595137565
4,12744.9
