reservoir,value
1,27415.214604725716
2,8406.292604006187
3,4006.4778253768027
4,2904.9265815636836
