reservoir,value
1,12458.09400945898
2,17157.660453841272
3,5003.117916522521
4,3720.2811122633984
