reservoir,value
1,20332.7241664043
2,16369.20306927853
3,3312.114655791771
4,2416.752384279598
