reservoir,value
1,60348.75413971127
2,10861.233866020677
3,0.0
4,0.0
