reservoir,value
1,16825.94661275293
2,10826.119623816185
3,3419.2740832740346
4,1845.1445091500973
