reservoir,value
1,12743.896055949375
2,5177.183178419593
3,3598.6762808708254
4,2283.356492021925
