reservoir,value
1,23836.823747295693
2,4110.378419168529
3,9831.657168093909
4,11564.335031389148
