reservoir,value
1,14036.092175696494
2,8307.139642756525
3,4407.1764119331065
4,2540.4736450548803
