reservoir,value
1,39021.9994332191
2,13633.518097903401
3,3019.814406468774
4,4843.617089688021
