reservoir,value
1,99433.78405096853
2,1111.276608152501
3,25733.75071403221
4,12744.9
