reservoir,value
1,14307.874613462067
2,5542.558139957578
3,2960.9209026984386
4,3098.3667702948615
