reservoir,value
1,68508.41037693735
2,0.0
3,20727.93330261282
4,10595.736918641389
