reservoir,value
1,91810.2241088436
2,8716.86176004165
3,39174.287496336445
4,3805.561890808837
