reservoir,value
1,21500.142474932814
2,16425.52482351256
3,11958.894060072604
4,3943.974105375614
