reservoir,value
1,45894.07809669308
2,19617.2
3,33235.83512186752
4,68.02498839955297
