reservoir,value
1,44860.83520482885
2,1713.52003066496
3,14459.246878052374
4,16419.14536436728
