reservoir,value
1,112413.25318921385
2,0.0
3,31513.900167802374
4,10749.17234080967
