reservoir,value
1,30012.988262126033
2,8109.875674153054
3,7716.936030333241
4,2678.7755562706416
