reservoir,value
1,40901.33561006322
2,8322.768578335961
3,17398.737007898097
4,1840.8085994980784
