plant,value
1,43689.36
2,10591.760000000002
3,9900.9
4,6671.5999999999985
