reservoir,value
1,0.0
2,43060.439999999995
3,118353.2
4,68387.29999999999
