reservoir,value
1,19118.84645646304
2,11137.623386519266
3,4783.060950404522
4,5162.370991192522
