reservoir,value
1,106039.67518921365
2,0.0
3,22479.685100148185
4,12744.9
