reservoir,value
1,20714.201802785832
2,9850.482159990353
3,3724.0648071525266
4,2700.645980150605
