reservoir,value
1,162749.05999567406
2,2192.224820047488
3,13722.796382175708
4,5879.731115952834
