reservoir,value
1,27746.29535589512
2,19617.2
3,0.0
4,7850.137403165107
