reservoir,value
1,17940.0091834809
2,2555.4170710846724
3,3439.6703539105297
4,3133.579012335251
