reservoir,value
1,24833.270678117522
2,8027.426989648335
3,5999.174551325548
4,3636.6926652260045
