reservoir,value
1,36338.11394682002
2,31445.192226790852
3,4316.68813929189
4,6574.439726402004
