reservoir,value
1,46883.80239461691
2,14265.076801877258
3,6521.63326839316
4,3892.945399294881
