reservoir,value
1,33051.31464273959
2,16060.345112329202
3,5792.850360424964
4,4216.517013990417
