reservoir,value
1,129706.10067866651
2,2978.8451123292016
3,45344.763178852365
4,9331.517013990417
