reservoir,value
1,40273.686794531386
2,23339.604705920377
3,3669.053983185989
4,1931.7288440666618
