reservoir,value
1,12703.657601907762
2,5830.851982244721
3,3356.4291249336784
4,2045.2144590469077
