reservoir,value
1,20042.95403688011
2,7045.98020006606
3,16568.510854961074
4,8226.951082004196
