reservoir,value
1,14024.695761940726
2,12044.881427062644
3,3122.4982118675207
4,1981.2974155978152
