reservoir,value
1,9792.194343960888
2,16092.11755390296
3,5310.296229734283
4,1334.431441434939
