reservoir,value
1,29321.63240119207
2,8365.382913237687
3,6994.979646706036
4,3289.296479657335
