reservoir,value
1,109918.90360115812
2,14901.082913237688
3,15709.391099349104
4,0.0
