reservoir,value
1,15878.010978667135
2,7615.756258349729
3,3700.4875364287223
4,3765.6422962145416
