reservoir,value
1,82815.10242157907
2,8904.176001385407
3,23125.496798831817
4,12744.9
