reservoir,value
1,39137.310258059224
2,19617.2
3,10532.652244888992
4,5895.041592329753
