reservoir,value
1,40743.9053745211
2,5599.367800685686
3,4772.094707082796
4,12938.24648379926
