reservoir,value
1,42439.288033787656
2,0.0
3,23053.559509895862
4,10213.28959057404
