reservoir,value
1,48931.75799153674
2,8342.25412650384
3,15700.833204537917
4,23800.114003872
