reservoir,value
1,0.0
2,0.0
3,446.55562806791386
4,23055.069419121428
