reservoir,value
1,128555.66667807846
2,0.0
3,51806.1
4,5860.044584750574
