reservoir,value
1,21098.598107360842
2,3699.721776184413
3,6499.3940390127855
4,3003.841174024483
