reservoir,value
1,58782.28895294889
2,5.085942276609179
3,42578.39540835006
4,7563.221690985856
