reservoir,value
1,19728.54387781109
2,17570.600465613214
3,3852.8427064285506
4,2762.9734713389325
