reservoir,value
1,52649.818699635856
2,19617.2
3,10413.083083006793
4,3070.00542274064
