reservoir,value
1,104579.03100287859
2,0.0
3,21395.247485141044
4,448.9953431529909
