reservoir,value
1,19025.74042924417
2,5500.51109710596
3,3720.4088359743364
4,2369.1960129475747
