reservoir,value
1,24139.669529069288
2,3257.104538177123
3,2100.968562953963
4,1854.06605388512
