reservoir,value
1,58109.21662291194
2,5243.066737918109
3,6011.199112385377
4,11012.81346655919
