reservoir,value
1,89682.75349129477
2,0.0
3,7951.251527761193
4,8331.558364005488
