reservoir,value
1,48208.91298848222
2,4002.3070182530682
3,11490.40655586616
4,17075.487748709118
