reservoir,value
1,152817.41313130525
2,0.0
3,20185.65194546617
4,8499.903963933672
