reservoir,value
1,29806.60186911762
2,2147.5424459139654
3,8967.886305110946
4,13261.468352196152
