reservoir,value
1,122203.43464790816
2,0.0
3,22088.154515565515
4,12744.9
