reservoir,value
1,39570.1883306708
2,5479.971283984689
3,4900.534079283422
4,4168.822778627738
