reservoir,value
1,60777.340438901665
2,12015.67128398469
3,0.0
4,0.0
