reservoir,value
1,41241.71196877335
2,19623.125227239118
3,4194.049274571822
4,5669.106074844893
