reservoir,value
1,187597.12896443918
2,19617.2
3,23275.935791510557
4,12744.9
