reservoir,value
1,28421.42457389216
2,1423.67585673436
3,3251.3102563120556
4,3936.127423549823
