reservoir,value
1,161080.3130636255
2,8084.871877213502
3,37115.633230141924
4,10604.605960458823
