reservoir,value
1,0.0
2,11223.885410710609
3,0.0
4,2806.711838050256
