reservoir,value
1,126028.64579746146
2,19617.2
3,14129.583926805755
4,12744.9
