reservoir,value
1,18720.248630271046
2,4351.899524314304
3,5233.753287762789
4,3261.4507754415185
