reservoir,value
1,86696.37160704679
2,0.0
3,36785.244951037166
4,8376.450775441519
