reservoir,value
1,53456.547787097086
2,6028.184896509755
3,16770.34006526413
4,13399.685745717336
