reservoir,value
1,99177.96193682273
2,3668.5004430103586
3,13985.919413183265
4,6392.877191788554
