reservoir,value
1,22541.699506177152
2,7495.1263063323995
3,3376.439933628022
4,2864.456410215227
