reservoir,value
1,53756.95123736
2,7493.07454496
3,12648.59126685
4,15079.551231869998
