reservoir,value
1,129367.56778232002
2,0.0
3,24897.919766850006
4,6907.52883319838
