reservoir,value
1,17826.471982773415
2,26039.648949181974
3,2579.9343555355094
4,2187.5628989553134
