reservoir,value
1,16837.959269168034
2,17509.086066956967
3,2390.821696330645
4,2951.923743594804
