reservoir,value
1,39577.54802702453
2,8306.611355955623
3,13340.828019907414
4,6548.526194010349
