reservoir,value
1,25413.65224403143
2,18627.562561205414
3,4250.066448988405
4,3486.9275537816748
