reservoir,value
1,51813.215692181584
2,6945.953368426843
3,12211.75627082513
4,4577.9379549860605
