reservoir,value
1,164420.03771021686
2,249.2934158334283
3,28850.745120078253
4,0.0
