reservoir,value
1,24843.780403212353
2,19567.46498078446
3,2903.5083893861015
4,1646.2949226855815
