reservoir,value
1,113587.20140128912
2,6485.964980784462
3,20836.088639945192
4,3551.5450819684384
