reservoir,value
1,46298.839885731155
2,3702.010228872157
3,14896.386132848842
4,9577.817642147105
