reservoir,value
1,5513.76701957064
2,0.0
3,5819.771003628843
4,5930.8662351042585
