reservoir,value
1,0.0
2,10522.13237942373
3,69568.20000259137
4,14145.1
