reservoir,value
1,36706.753660164075
2,12865.56762056105
3,0.0
4,0.0
