reservoir,value
1,51531.68002235964
2,19617.2
3,10879.686142434926
4,8684.674930622241
