reservoir,value
1,89511.59745187318
2,14060.634511224478
3,15114.242466630087
4,4864.403579005146
