reservoir,value
1,43856.599206746854
2,5089.351185409354
3,7647.480079204616
4,12339.582889919933
