reservoir,value
1,193300.4483495134
2,0.0
3,49552.68007920461
4,12744.9
