reservoir,value
1,49135.20303711
2,15390.85167776
3,7797.81718282
4,12906.592378360001
