reservoir,value
1,138413.31448131183
2,5149.913777759999
3,15647.695282820005
4,3992.53660482529
