reservoir,value
1,29258.61948919748
2,11053.399291285548
3,5958.449549340601
4,4707.348953605481
