reservoir,value
1,2806.8077770612317
2,0.0
3,18711.881207148122
4,0.0
