reservoir,value
1,67511.26532780998
2,0.0
3,27083.966701165227
4,5030.570667014328
