reservoir,value
1,39828.840956436856
2,12550.440138220258
3,6441.506298465485
4,3828.771138999236
