reservoir,value
1,24665.6201603261
2,7782.700000000001
3,51806.1
4,12744.9
