reservoir,value
1,32910.149921626435
2,3197.06809924038
3,8996.59526851408
4,13886.858210126102
