reservoir,value
1,18220.971087192902
2,11062.488122496146
3,2847.661931034712
4,2693.9401879607476
