reservoir,value
1,41971.83770915903
2,33590.13098287721
3,8662.73951823691
4,12094.254338524815
