reservoir,value
1,0.0
2,13182.144625916508
3,0.0
4,1579.9273218247781
