reservoir,value
1,92628.28520454676
2,14104.124364317082
3,18042.13393654196
4,11539.263108898092
