reservoir,value
1,49344.03307498667
2,7475.347960370129
3,6943.382525631736
4,18293.167097563142
