reservoir,value
1,108761.7084308949
2,0.0
3,17070.173452046998
4,12744.9
