reservoir,value
1,15781.646339286412
2,9513.459186980614
3,2885.4984929792486
4,2561.4667872382715
