reservoir,value
1,67285.33146486641
2,0.0
3,10469.783528836055
4,11587.366787238308
