reservoir,value
1,21907.23001001709
2,6119.93870134891
3,6011.740596357342
4,11221.33713023684
