reservoir,value
1,94206.20781622067
2,0.0
3,26874.5024759414
4,12744.9
