reservoir,value
1,26083.332704561617
2,2771.250242656791
3,0.0
4,342.22786071222345
