reservoir,value
1,18828.61634284752
2,8338.057974428142
3,3069.2466687931455
4,2148.792577152438
