reservoir,value
1,10550.227597733565
2,384.84294197837994
3,0.0
4,479.7763641448249
