reservoir,value
1,16239.098624474182
2,15435.903257085007
3,2886.186955842119
4,1198.6019846768872
