reservoir,value
1,41561.87759856907
2,19617.2
3,8929.311841244906
4,3878.0646459579293
