reservoir,value
1,27248.751974972634
2,4813.973864345867
3,9722.69404889458
4,4430.964709760161
