reservoir,value
1,0.0
2,2097.663199824471
3,13676.75139398709
4,0.0
