reservoir,value
1,20401.69557205739
2,12980.470688898433
3,4652.131646431979
4,3035.0889909763882
