reservoir,value
1,84565.24123491964
2,4348.495488902147
3,11797.072405703035
4,3047.967693869883
