reservoir,value
1,16100.859659973283
2,6346.567283452436
3,1995.0828816762562
4,1809.7230072178043
