reservoir,value
1,41226.26922089486
2,929.1683229389821
3,1435.8496608595322
4,10178.284884812128
