reservoir,value
1,20703.640458863363
2,11048.559123627936
3,6277.112998813379
4,2520.599960915343
