reservoir,value
1,33668.60890397351
2,7475.015922921308
3,42486.04024593732
4,492.9850168133491
