reservoir,value
1,5861.297322506158
2,5665.249308046738
3,0.0
4,706.6646623456405
