reservoir,value
1,22289.558193715387
2,13401.699128410937
3,4404.2972184965765
4,3728.6041066452913
