reservoir,value
1,71167.58928534771
2,10301.886401947417
3,20422.818668397125
4,21664.103132245793
