reservoir,value
1,173570.18788754637
2,8015.250927523036
3,25025.69113129947
4,12744.9
