reservoir,value
1,178714.61576922308
2,19617.2
3,48961.23081014299
4,12331.967031970487
