reservoir,value
1,23401.818883297907
2,3696.0984242798563
3,4149.800180574704
4,2851.4518842646366
