reservoir,value
1,15806.397796978454
2,9095.0078339527
3,2903.1370585714217
4,1786.795576407577
