reservoir,value
1,79860.86017127462
2,0.0
3,10003.660147808585
4,943.5771504672286
