reservoir,value
1,91226.58555204
2,2358.5980868
3,20669.256025730003
4,23313.23293215
