reservoir,value
1,172406.30135204
2,1919.5448867999783
3,40666.91372573
4,0.0
