reservoir,value
1,0.0
2,0.0
3,7119.824451674764
4,7922.782470882046
