reservoir,value
1,48985.47007252
2,9705.614972149999
3,22434.334356849995
4,19541.04920288
