reservoir,value
1,54030.37692434247
2,3778.677317239376
3,8505.16066384241
4,16732.143045371915
