reservoir,value
1,14202.445669337932
2,4574.282207929719
3,2069.722936438702
4,2495.8338530497176
