reservoir,value
1,0.0
2,75923.35865949423
3,0.0
4,1264.2000000000007
