reservoir,value
1,18990.794275335815
2,20608.89096878506
3,2834.3397964201354
4,2352.0562723786757
