reservoir,value
1,65313.81548569001
2,5423.7077618
3,13316.490141879998
4,17399.05967029
