reservoir,value
1,140889.61888695002
2,0.0
3,29701.470609789998
4,0.0
