reservoir,value
1,19830.450925242323
2,27919.703031110505
3,3474.6335215543086
4,1903.0213701723062
