reservoir,value
1,122621.31932582828
2,19617.2
3,18427.551890798986
4,9573.603032625666
