reservoir,value
1,82152.78269738118
2,9549.410534566246
3,15460.305184564762
4,0.0
