reservoir,value
1,23970.17440151648
2,10590.17054880615
3,6915.035169135681
4,4298.706260719094
