reservoir,value
1,135766.14579985285
2,14160.96830683273
3,48820.235169135674
4,8550.447327663858
