reservoir,value
1,120627.66620094338
2,19617.2
3,11662.677587887078
4,4645.120496691598
