reservoir,value
1,19170.519098108183
2,5170.107364866964
3,3962.566667624554
4,3556.4753386705124
