reservoir,value
1,35134.4179031168
2,0.0
3,18628.976177519857
4,6888.114929244553
