reservoir,value
1,40927.0912
2,7016.695
3,25928.437700000002
4,16840.478199999998
