reservoir,value
1,14981.512134738727
2,1809.6724765881065
3,4426.497429024491
4,1905.2304363537132
