reservoir,value
1,100590.48253073181
2,1151.941266611695
3,14801.74318442876
4,12744.9
