reservoir,value
1,14951.581820668118
2,2518.023230653214
3,3122.2644894899586
4,2162.1855386142815
