reservoir,value
1,117386.71210254598
2,9053.723230653215
3,9976.75406664521
4,9085.699511095178
