reservoir,value
1,76854.31908061088
2,7466.017670308913
3,0.0
4,1330.5642020485975
