reservoir,value
1,115044.66734029965
2,0.0
3,34870.77590178785
4,12744.9
