reservoir,value
1,14289.041355611462
2,9804.366329942552
3,7107.081973608218
4,4373.8508088501585
