reservoir,value
1,93049.18734649508
2,4200.839896550426
3,46905.77747565951
4,9488.850808850175
