reservoir,value
1,1365.5088313946762
2,0.0
3,1542.9903851828985
4,288.21604198078967
