reservoir,value
1,59954.68830182426
2,4924.639082930483
3,12089.139358701206
4,24971.90233657355
