reservoir,value
1,137107.30207481785
2,6025.550142950984
3,15442.03634266212
4,4912.933309948037
