reservoir,value
1,29223.224215705945
2,0.0
3,0.0
4,4156.851219664505
