reservoir,value
1,138848.88279747684
2,0.0
3,34201.87090087673
4,12744.9
