reservoir,value
1,14550.286630358758
2,19617.2
3,14098.25016410033
4,1510.6406752580167
