reservoir,value
1,62738.25277243558
2,0.0
3,14260.93169422638
4,268.147212559346
