reservoir,value
1,74150.61506050001
2,7352.2508812
3,17661.619670380005
4,16343.29136267
