reservoir,value
1,178713.7655605002
2,883.5980811999907
3,34591.598770380006
4,12744.9
