reservoir,value
1,93606.09055252222
2,5191.313222276941
3,32517.662345779743
4,23311.311737143962
