reservoir,value
1,0.0
2,0.0
3,18681.96137984133
4,16142.027459356874
