reservoir,value
1,138392.8509245761
2,2110.606704479847
3,25268.590103432176
4,69.24822837949357
