reservoir,value
1,32365.61396724109
2,5640.831956791028
3,7967.274608256342
4,9546.826617104485
