reservoir,value
1,87308.64548354471
2,0.0
3,31928.71904496056
4,1916.926617105084
