reservoir,value
1,26722.734124558483
2,11557.458566850653
3,5848.977777485865
4,3107.456970178913
