reservoir,value
1,4429.217729977245
2,872.6812147863391
3,0.0
4,0.0
