reservoir,value
1,73935.53406145438
2,8435.919507259372
3,14444.045640569853
4,12744.9
