reservoir,value
1,18213.783633871906
2,18043.84041045826
3,2557.1412560988247
4,2021.2671523849212
