reservoir,value
1,78438.36225119143
2,4962.340410458259
3,0.0
4,8641.272081315277
