reservoir,value
1,123397.18481660253
2,0.0
3,24510.123973675898
4,12744.9
