reservoir,value
1,113576.53942166845
2,0.0
3,23605.678715945545
4,9351.669270949356
