reservoir,value
1,40754.52277703925
2,18843.94630099117
3,11716.65621782503
4,17170.88424861384
