reservoir,value
1,127229.49757688884
2,5762.446300991623
3,29265.866783775033
4,8824.011391264961
