reservoir,value
1,15696.201503064403
2,7397.80154384446
3,4448.177004024115
4,2127.131438335184
