reservoir,value
1,43471.445479273985
2,13674.45870423232
3,9325.875320608404
4,14565.778642066443
