reservoir,value
1,118113.94668147512
2,592.9587042323201
3,14057.310101427076
4,12744.9
