reservoir,value
1,21739.66563643344
2,8909.29787281009
3,7343.987401873205
4,7671.440197515448
