reservoir,value
1,121541.07978803063
2,0.0
3,39719.25139774059
4,12744.9
