reservoir,value
1,37349.64427036772
2,9588.836257699884
3,4808.3096272985695
4,5209.922470626122
