reservoir,value
1,16541.864065889637
2,15748.539433796643
3,3499.9587280273263
4,2595.073297385718
