reservoir,value
1,0.0
2,17235.171839059476
3,13878.777000000013
4,10287.787999999988
