reservoir,value
1,43322.55787274675
2,14324.902068835001
3,45764.646000000015
4,11364.908000000005
