reservoir,value
1,13393.212386697965
2,5435.087058632242
3,3347.8915369821175
4,2063.317501712199
