reservoir,value
1,85403.6281218064
2,0.0
3,0.0
4,10504.20945203726
