reservoir,value
1,20140.619463412488
2,2354.7063007963716
3,5070.3064700700725
4,3033.3482787599005
