reservoir,value
1,33634.72490300657
2,79540.72480709139
3,3867.030299005871
4,1891.7029941964831
