reservoir,value
1,89829.46445409393
2,19617.2
3,4081.2807900978733
4,2999.2133127633147
