reservoir,value
1,53439.60183164708
2,4667.855532879994
3,18818.047477160057
4,9884.56753683549
