reservoir,value
1,18886.113602810055
2,24212.47848126893
3,4354.36526665187
4,2159.3999744614844
