reservoir,value
1,95697.97833420247
2,19617.2
3,35488.16729400656
4,5871.459712243258
