reservoir,value
1,17629.557001175715
2,9418.386207232312
3,4372.317947617456
4,2653.8629616958146
