reservoir,value
1,22480.24312672731
2,2957.0365743592993
3,5577.469467327923
4,10083.972835755747
