reservoir,value
1,94978.18978954444
2,0.0
3,20126.588203693802
4,12744.9
