reservoir,value
1,49436.64260079402
2,9315.979915724833
3,14826.523382553629
4,9061.453999471245
