reservoir,value
1,59032.85846966461
2,0.0
3,16113.464631673438
4,2986.339488381287
