reservoir,value
1,134309.01736709243
2,0.0
3,35481.369808603435
4,8339.106469515293
