reservoir,value
1,20877.349541535685
2,9409.713468409518
3,3826.675233980068
4,4198.762527656743
