reservoir,value
1,41319.624982731555
2,6642.985247631877
3,4335.595747889659
4,2688.6431544618345
