reservoir,value
1,21939.385765556097
2,15818.576814176424
3,3135.529797748941
4,2561.9598189085846
