reservoir,value
1,38106.35392520028
2,9010.43479698867
3,8872.942750618067
4,12031.343742658528
