reservoir,value
1,67979.62143260657
2,11964.885682314773
3,12548.432623253902
4,8660.025713750361
