reservoir,value
1,95489.83164903923
2,11092.499943617375
3,14669.234660570817
4,18218.75609318815
