reservoir,value
1,180166.69628716417
2,17082.00381427201
3,21640.812443954044
4,12744.9
