reservoir,value
1,152378.56864453055
2,8237.121621354858
3,29477.9990553974
4,7621.588473792867
