reservoir,value
1,29123.985215994384
2,7507.860120301984
3,6212.209057869051
4,11357.171176962298
