reservoir,value
1,115709.50280379617
2,0.0
3,20348.920461609057
4,10885.679883712202
