reservoir,value
1,55638.483574440004
2,7433.25715111
3,12964.2934856
4,11645.67562351
