reservoir,value
1,125214.90802555002
2,0.0
3,20930.709485600004
4,8296.283587977912
