reservoir,value
1,31467.890319923266
2,9665.14355779102
3,3502.208459933955
4,4076.339941482346
