reservoir,value
1,18896.39930350644
2,11607.172653202371
3,2983.6966728114035
4,3135.3249558144903
