reservoir,value
1,73124.10884552152
2,0.0
3,1860.925988595097
4,12493.22495581823
