reservoir,value
1,17731.717811863877
2,8310.760125602234
3,4581.226201570584
4,3250.100590977671
