reservoir,value
1,47746.03419873152
2,0.0
3,0.0
4,8451.558342319055
