reservoir,value
1,75207.59453808123
2,4683.795388899891
3,21562.06522232442
4,14030.75233389663
