reservoir,value
1,0.0
2,0.0
3,33742.299999999996
4,33954.299999999974
