reservoir,value
1,139929.8434762036
2,0.0
3,25496.119038975452
4,12744.9
