reservoir,value
1,17490.85172547308
2,13290.481240000805
3,3563.4065772029385
4,1670.3959824257925
