reservoir,value
1,16400.62877818138
2,9101.656388471005
3,3472.914576729089
4,2923.71216858563
