reservoir,value
1,66149.1385197939
2,0.0
3,19292.837543804366
4,11949.61216858563
