reservoir,value
1,30474.779589026937
2,6131.516938164861
3,6443.629446432611
4,4721.361789848115
