reservoir,value
1,26891.033434150515
2,7668.3524660741095
3,3359.756854477005
4,3753.476545645144
