reservoir,value
1,173573.31052833312
2,14168.74170978181
3,38020.85143220849
4,8458.80455809342
