reservoir,value
1,32356.40807546574
2,11173.229204482093
3,2903.6253119206312
4,5192.0584705417805
