reservoir,value
1,76921.27882874652
2,0.0
3,12593.938972072789
4,12744.9
