reservoir,value
1,31184.8865912845
2,19633.70432683364
3,3300.171202050212
4,2709.325023624627
