reservoir,value
1,93713.2378086605
2,7029.990059790925
3,3339.275323647521
4,2004.9981113526023
