reservoir,value
1,50419.986985470525
2,5146.849196443744
3,10327.757677623325
4,6432.552832694639
