reservoir,value
1,5005.686985470522
2,0.0
3,426.8576776233258
4,0.0
