reservoir,value
1,100532.57640367677
2,0.0
3,13328.442491627487
4,12744.9
