reservoir,value
1,37723.54316791068
2,3149.0590360975043
3,10911.376757869437
4,8663.92917154138
