reservoir,value
1,0.0
2,0.0
3,12060.553478492171
4,1097.5667386028845
