reservoir,value
1,27219.10955413564
2,4941.558127962065
3,7678.4225508518775
4,11201.90525014405
