reservoir,value
1,102566.97563857226
2,0.0
3,23782.18676996641
4,12744.9
