reservoir,value
1,59472.06666545309
2,4266.005419770908
3,2597.55000700668
4,0.0
