reservoir,value
1,22532.35676519945
2,12893.47077447716
3,3020.2554258069476
4,3161.619186713374
