reservoir,value
1,68450.15288685898
2,18962.60430211042
3,2350.335891552376
4,12664.519186713373
