reservoir,value
1,46758.340703103466
2,8997.159151637941
3,5914.593130382745
4,7961.3787559777575
