reservoir,value
1,189711.0436320066
2,0.0
3,20994.217711405785
4,12744.9
