reservoir,value
1,28897.978970726363
2,3058.573697847057
3,4941.7091535162945
4,3337.456943222485
