reservoir,value
1,53605.371998192895
2,0.0
3,0.0
4,384.0492217596452
