reservoir,value
1,23868.417108463123
2,30644.839169513805
3,3218.802323621563
4,2344.989349912434
