reservoir,value
1,53895.26550348318
2,19617.2
3,15433.490305170779
4,12077.863630441247
