reservoir,value
1,28954.97324276922
2,16233.386820492125
3,4403.7814779415185
4,4077.9754691069297
