reservoir,value
1,118255.40992384951
2,19617.2
3,19532.80409911636
4,12744.9
