reservoir,value
1,21444.622206188462
2,32010.86637790528
3,3264.333592028176
4,2062.5165647380745
