reservoir,value
1,77235.6974211023
2,19617.2
3,22502.684850060432
4,6185.5566643726615
