reservoir,value
1,60042.980845549246
2,1107.790578510537
3,17939.978093700487
4,24089.049554940084
