reservoir,value
1,169830.30109008314
2,5212.90241820659
3,50061.04433341774
4,5279.904717600527
