reservoir,value
1,75164.64446809118
2,14415.09357751736
3,17700.93525135176
4,12407.324602890512
