reservoir,value
1,29158.802024123754
2,3466.5321777754466
3,4394.4537776301895
4,2909.796607781842
