reservoir,value
1,47515.65443637414
2,3068.5321777754466
3,527.1881886059309
4,1665.3239769520596
