reservoir,value
1,118243.4701
2,2840.562099999999
3,17750.778100000003
4,10964.2183
