reservoir,value
1,34536.9517020336
2,8085.008162828477
3,16087.525902841027
4,15800.19461871307
