reservoir,value
1,101192.39458043664
2,3515.3443157960905
3,43896.63835634331
4,12744.9
