reservoir,value
1,28859.617139326383
2,5360.482024080769
3,4635.573480590426
4,4436.407029371145
