reservoir,value
1,48892.0571892296
2,4962.482024080769
3,0.0
4,143.7659771045968
