reservoir,value
1,35339.9545889764
2,6277.49470495432
3,18692.88340861014
4,0.0
