reservoir,value
1,106936.33969999976
2,0.0
3,21539.255500000003
4,12744.9
