reservoir,value
1,21684.370746407403
2,10454.995088686435
3,5161.939993034663
4,3672.565641763573
