reservoir,value
1,19901.729519426575
2,10593.90191885906
3,17486.663495242
4,282.5824036217007
