reservoir,value
1,115896.16864743957
2,0.0
3,24827.69222512438
4,10644.697085248145
