reservoir,value
1,113610.28359595512
2,0.0
3,21524.355300000003
4,12744.9
