reservoir,value
1,17243.819133963087
2,3635.518144354016
3,5031.972785526486
4,4155.788184334751
