reservoir,value
1,24287.877056633886
2,28267.65770259759
3,3160.045864336743
4,4404.04677372888
