reservoir,value
1,158052.9324081999
2,0.0
3,35363.96603739
4,12744.9
