reservoir,value
1,16270.842368044317
2,6702.624904593198
3,5206.041300437933
4,6880.349322366147
