reservoir,value
1,86175.42851614658
2,0.0
3,41462.57955730244
4,11995.349322366146
