reservoir,value
1,47676.06020561588
2,4503.89673605504
3,9357.449091708935
4,17576.621641276728
