reservoir,value
1,148482.399071671
2,0.0
3,28132.141859528943
4,11602.600608372399
