reservoir,value
1,37510.58413614705
2,3987.2997923683592
3,7103.315843404971
4,3824.0256807228393
