reservoir,value
1,26044.67643168263
2,3675.2997923746743
3,0.0
4,0.0
