reservoir,value
1,111448.4904714863
2,0.0
3,51806.1
4,12118.812980581073
