reservoir,value
1,21098.62633410649
2,7933.55680683181
3,3596.7517724943295
4,3524.9711826722737
