reservoir,value
1,57645.835301139996
2,5718.67221642
3,11939.6808026
4,24555.59346388
