reservoir,value
1,146002.81001755997
2,0.0
3,27097.0227026
4,8538.406175187472
