reservoir,value
1,15247.376863697018
2,12481.923736364186
3,5206.420657783665
4,4999.931470900478
