reservoir,value
1,156386.37684584712
2,19017.623736364185
3,45258.45129872724
4,8181.620895622182
