reservoir,value
1,22045.28376827725
2,9149.398200665844
3,2521.862101937688
4,2966.9032612106507
