reservoir,value
1,21916.7942000729
2,6800.759675423044
3,2896.7056732638475
4,5964.507778514135
