reservoir,value
1,123093.70037442009
2,1252.7196754193694
3,15347.219273306237
4,12089.407778516936
