reservoir,value
1,35835.272906533944
2,7729.395973047742
3,14339.880304893895
4,13897.311668460861
