reservoir,value
1,89776.20895559195
2,0.0
3,19678.556547564778
4,7982.725244781755
