reservoir,value
1,34013.777570492544
2,7736.679744510606
3,7545.07351798301
4,15240.960382538755
