reservoir,value
1,146290.93248984293
2,15252.81197498329
3,45702.28616794663
4,12744.9
