reservoir,value
1,30519.594169901535
2,5651.272591273748
3,8460.68243099337
4,7259.766961846133
