reservoir,value
1,44240.19093303277
2,8170.481170112918
3,26884.504804479904
4,0.0
