reservoir,value
1,22158.36741349525
2,6218.989300716625
3,2631.8127539639563
4,2283.1042139919073
