reservoir,value
1,59711.78784870033
2,3670.083799692351
3,16154.666188649724
4,10575.621658411961
