reservoir,value
1,28278.00508000194
2,20417.728892574345
3,6993.627462619912
4,17357.550157038087
