reservoir,value
1,48439.83384525
2,6815.719399560001
3,9672.485155600001
4,16190.44818436
