reservoir,value
1,121879.58377895539
2,0.0
3,26597.97107944004
4,12744.9
