reservoir,value
1,21133.928650708298
2,11383.733029797942
3,2894.9307804241275
4,1884.0634672541173
