reservoir,value
1,27248.199327659182
2,4349.274009590522
3,5929.693844842367
4,6295.962656534572
