reservoir,value
1,81150.0015303563
2,15371.71473810782
3,47959.21455868584
4,4466.802068686573
