reservoir,value
1,140582.27683964602
2,5331.737221579918
3,39169.41884564812
4,8951.295306913444
