reservoir,value
1,17950.370945765826
2,5508.112938783212
3,2459.1552510630413
4,1938.5914631698258
