reservoir,value
1,49864.96529132375
2,10342.980345174823
3,2159.436331512788
4,7437.0551310600395
