reservoir,value
1,16966.363108573878
2,38308.62896822157
3,3514.066808142657
4,1925.3565813835075
