reservoir,value
1,15270.21076060952
2,15828.571768248023
3,4243.044268682486
4,2545.7628590857153
