reservoir,value
1,21923.708077104246
2,11298.719136299353
3,28075.858177884755
4,1904.6402342357133
