reservoir,value
1,49094.4157885912
2,4022.206654248816
3,18755.278029068337
4,20301.08901373725
