reservoir,value
1,166582.59868006923
2,0.0
3,45202.52946954834
4,7530.270008339993
