reservoir,value
1,64682.29790345695
2,0.0
3,22834.00797348593
4,12492.802517096643
