reservoir,value
1,22205.381092808384
2,26772.75660341047
3,3772.7367142397197
4,3129.178627958927
