reservoir,value
1,16924.7458313296
2,11817.574103941331
3,3443.6163170795007
4,1839.5798801451806
