reservoir,value
1,17513.77519635477
2,2398.057889059607
3,9447.183661388799
4,1670.8017994312893
