reservoir,value
1,17285.236505868997
2,11266.642785854325
3,3549.105481255222
4,2467.4909823723706
