reservoir,value
1,10823.79024385284
2,4933.732084549024
3,2423.979116361416
4,1745.891613939579
