reservoir,value
1,8361.544677796985
2,0.0
3,2744.6904779334186
4,8803.776016684185
