reservoir,value
1,50293.00207752336
2,2389.135997356352
3,15251.47165421171
4,23818.311453218907
