reservoir,value
1,147144.55669560996
2,0.0
3,40150.63191229171
4,12744.9
