reservoir,value
1,57118.32964061721
2,7448.277673784569
3,9518.960759854752
4,12314.835580342844
