reservoir,value
1,117864.14183751447
2,2455.4304485394387
3,18063.315435470453
4,12632.266545555742
