reservoir,value
1,197251.33865621086
2,19617.2
3,24546.70504258867
4,12744.9
