reservoir,value
1,21343.390442943703
2,2925.8201051724595
3,5453.399467580011
4,8241.17214224788
