reservoir,value
1,88805.64156598641
2,0.0
3,13774.201835729644
4,9500.916712054775
