reservoir,value
1,26885.996913895342
2,5318.577104590003
3,6176.136930877632
4,9623.420460819663
