reservoir,value
1,20244.76862329912
2,7413.91307902701
3,4056.268145805504
4,6138.969761627461
