reservoir,value
1,90625.86448814187
2,5811.272932181337
3,20723.1053736292
4,12744.9
