reservoir,value
1,2583.962704602556
2,1996.0565398956526
3,1080.375271615414
4,354.7653840257285
