reservoir,value
1,12984.322380167705
2,7573.019450453694
3,2309.1413126512584
4,2343.801819151058
