reservoir,value
1,50411.75123601841
2,0.0
3,0.0
4,2256.280637909531
