reservoir,value
1,16781.734296804578
2,6123.5184142036305
3,3745.919660275108
4,4741.642499019181
