reservoir,value
1,119732.77007809916
2,0.0
3,29326.38946887854
4,5450.848968533604
