reservoir,value
1,18901.190498454114
2,8208.797668220996
3,3705.5421675791376
4,2123.982815380024
