reservoir,value
1,17373.168669496714
2,3063.55894299549
3,0.0
4,3990.0761632647377
