reservoir,value
1,150363.6383921758
2,9626.198873321304
3,51806.1
4,7728.778815863047
