reservoir,value
1,55825.87295929443
2,3801.5419064973785
3,11768.389222253083
4,3830.8941895396674
