reservoir,value
1,22831.546758525357
2,3262.5419064973785
3,6260.64716842282
4,0.0
