reservoir,value
1,23088.807406033306
2,0.0
3,23691.94893587159
4,5613.5891781245955
