reservoir,value
1,23779.49687060707
2,13732.638089963846
3,6033.2262712895645
4,6195.949868789985
