reservoir,value
1,109395.44479487231
2,651.1380899638461
3,47938.42627128956
4,12744.9
