reservoir,value
1,55443.368255335285
2,15330.883906903617
3,9594.99429785615
4,7285.251541366713
