reservoir,value
1,82596.69516614234
2,2249.3839069036167
3,11236.801676134906
4,0.0
