reservoir,value
1,147585.9604211474
2,0.0
3,29208.692980333955
4,5931.632765059725
