reservoir,value
1,23861.145768906943
2,4420.499601032216
3,5677.260614928872
4,2925.4101806702415
