reservoir,value
1,4151.435311381327
2,0.0
3,4009.646968117434
4,0.0
