reservoir,value
1,41350.8787074603
2,10884.270829531722
3,5957.1236549834075
4,13678.940413664233
