reservoir,value
1,26408.88515050755
2,9896.163141365261
3,4559.0700665153745
4,1567.198794638191
