reservoir,value
1,0.0
2,5351.8000000001075
3,7142.1
4,6273.200000000001
