reservoir,value
1,48980.28713105274
2,7414.292510468813
3,7435.172328137329
4,8451.83622741481
