reservoir,value
1,20047.089649006313
2,9599.963450110388
3,2788.2744510359603
4,1637.8606582817706
