reservoir,value
1,16559.309421244117
2,1729.8442073842398
3,3077.4106732204436
4,3101.2669861626355
