reservoir,value
1,17547.55665019374
2,2549.8186420511784
3,5770.585039488583
4,2194.8831485384226
