reservoir,value
1,18070.445354215288
2,12254.55579233712
3,2495.5485404976325
4,4040.987339787147
