reservoir,value
1,80845.05481891996
2,0.0
3,10326.8457069007
4,12744.9
