reservoir,value
1,104096.90410765671
2,0.0
3,24486.054943406147
4,12553.768231639346
