reservoir,value
1,25174.121463878437
2,4718.259995625995
3,6284.923383807861
4,2858.6630862339384
