reservoir,value
1,73282.739194047
2,0.0
3,7617.170881303921
4,0.0
