reservoir,value
1,109636.22263025877
2,19617.2
3,10177.372780304253
4,10031.217491123329
