reservoir,value
1,54398.421290765305
2,14026.738640150135
3,11467.251700751769
4,7794.5540212214755
