reservoir,value
1,104183.663114953
2,19617.2
3,4993.770240406928
4,3065.4030041189135
