reservoir,value
1,67011.1183808807
2,0.0
3,26025.01168653353
4,12744.9
