reservoir,value
1,36662.69220785085
2,7480.8567522617195
3,6678.420136928311
4,3985.7092563545516
