reservoir,value
1,20248.601378916865
2,31606.419718242392
3,3033.798138306872
4,1944.668991181823
