reservoir,value
1,63867.72529235549
2,19617.2
3,13467.481294695353
4,9500.924509763718
