reservoir,value
1,100543.6270993642
2,0.0
3,27447.586552832057
4,6300.400917856482
