reservoir,value
1,104724.45872335532
2,19617.2
3,27746.265527789874
4,7914.662020176621
