reservoir,value
1,21300.323823712257
2,14720.34513141163
3,2547.8680585368256
4,2108.5482524840218
