reservoir,value
1,2839.1984978513356
2,1968.2792298075408
3,0.0
4,1714.7699677178116
