reservoir,value
1,20535.745743841777
2,15226.6690952797
3,4099.370232178858
4,3050.811548774209
