reservoir,value
1,86906.63674672035
2,2145.1690952797
3,15593.717717319902
4,0.0
