reservoir,value
1,43045.899231261275
2,0.0
3,21444.919318988377
4,12744.9
