reservoir,value
1,13440.780280053785
2,24013.02161539688
3,2455.406810109249
4,1411.9736426434238
