reservoir,value
1,46374.800442293614
2,19617.2
3,8267.399837133164
4,2435.310413387844
