reservoir,value
1,13826.25258321606
2,11036.305420169272
3,4198.167488549607
4,2696.217072258349
