reservoir,value
1,38982.10017268895
2,0.0
3,32061.46605430891
4,3435.497057466997
