reservoir,value
1,38101.88573287199
2,0.0
3,46210.73575605122
4,9259.522804216896
