reservoir,value
1,55313.48361654961
2,4609.6644475789435
3,5989.843429482469
4,11400.068858187045
