reservoir,value
1,22002.564059976787
2,23428.42132595655
3,2933.1742039903315
4,1949.5432654515118
