reservoir,value
1,109092.29863236009
2,10346.921325956551
3,6290.38601681948
4,10414.19247902229
