reservoir,value
1,49662.10177115
2,8753.41350328
3,13771.160703739999
4,14744.63538134
