reservoir,value
1,22685.768079153757
2,6356.77506669174
3,4158.4016766786
4,3117.8219318830193
