reservoir,value
1,107417.58197391781
2,0.0
3,20172.59208144245
4,12620.72193188302
