reservoir,value
1,18659.32095592919
2,14454.544043022674
3,2485.6724439213995
4,1259.3987286874737
