reservoir,value
1,77006.07563134287
2,19617.2
3,4500.892324363129
4,1434.8899255053184
