reservoir,value
1,22637.499393781556
2,6358.197850630971
3,3373.630151780144
4,1976.1118042663204
