reservoir,value
1,66557.92965101977
2,9156.187432569479
3,18513.10050757438
4,17075.89435106716
