reservoir,value
1,0.0
2,0.0
3,8612.200507574207
4,7947.018587476312
