reservoir,value
1,167775.16064662742
2,12985.697971719983
3,51806.1
4,12744.9
