reservoir,value
1,29108.776101029456
2,7990.33423146116
3,11244.478224672603
4,6457.142979785823
