reservoir,value
1,94447.37266447031
2,14478.83431110898
3,27997.51069962325
4,0.0
