reservoir,value
1,43635.04256692697
2,66295.83784726266
3,8977.271776313082
4,9394.092569544826
