reservoir,value
1,200717.6
2,19617.2
3,50966.871776313084
4,8096.8075592894165
