reservoir,value
1,117027.4442761352
2,15886.219824686883
3,16742.116439052363
4,1932.4808303671493
