reservoir,value
1,13429.656457671212
2,10722.827840044598
3,2580.6193491713957
4,1783.018339700752
