reservoir,value
1,83641.549297062
2,17258.527840044597
3,4616.0970868222275
4,9589.485750885642
