reservoir,value
1,71305.36841537748
2,2312.089729270214
3,3366.316639372142
4,0.0
