reservoir,value
1,19481.985420914785
2,7467.763280104222
3,3669.7665385047585
4,2568.75975354308
