reservoir,value
1,37962.39601225918
2,0.0
3,18419.61150418963
4,6647.458736761205
