reservoir,value
1,4937.623838008536
2,278.8957088373081
3,0.0
4,779.6517629059645
