reservoir,value
1,111503.37078644609
2,0.0
3,30890.61437275011
4,12744.9
