reservoir,value
1,158846.894006654
2,0.0
3,30408.10015144074
4,4003.5661116947995
