reservoir,value
1,18352.982675719784
2,11337.667406391609
3,2713.7200618945953
4,2386.5636678902674
