reservoir,value
1,144933.24135985004
2,0.0
3,24573.71888545074
4,12744.9
