reservoir,value
1,26260.89303896964
2,54550.49788851906
3,2245.2621733910178
4,1313.4293371113413
