reservoir,value
1,19518.354080547506
2,19617.2
3,8668.933222409953
4,832.0431113720097
