reservoir,value
1,75351.39100595686
2,0.0
3,39106.981643971885
4,4175.634544046605
