reservoir,value
1,122961.23159053677
2,13543.68054681461
3,32596.38024369656
4,12744.9
