reservoir,value
1,25394.809452588703
2,8174.088322979214
3,8480.820579802012
4,14479.841151613122
