reservoir,value
1,100154.5437242279
2,0.0
3,29992.522424913986
4,12744.9
