reservoir,value
1,35478.97640847761
2,17884.862933775577
3,6535.253700828279
4,3571.7958525755676
