reservoir,value
1,10708.531754740994
2,4803.362933775601
3,0.0
4,0.0
