reservoir,value
1,45089.8917293913
2,0.0
3,17761.87180796989
4,2884.049827116702
