reservoir,value
1,41272.495934883904
2,7776.207800009577
3,4696.907603951173
4,9573.928627764772
