reservoir,value
1,137626.32698216927
2,0.0
3,17091.07710494252
4,12744.9
