reservoir,value
1,37222.05176022567
2,11678.869741178318
3,10364.493112337099
4,7176.446986569809
