reservoir,value
1,7908.687283338759
2,19617.2
3,4056.817673093554
4,475.44698656980927
