reservoir,value
1,13695.974195167997
2,11398.171284374986
3,3320.5364142740445
4,1383.0714662468392
