reservoir,value
1,11540.945248400558
2,0.0
3,5909.137754751039
4,4423.503566605174
