reservoir,value
1,41330.1870592437
2,7231.625401783661
3,3400.40389709552
4,3385.9657073621247
