reservoir,value
1,25654.743259863906
2,6573.92180335846
3,2799.029181850432
4,505.81955852495093
