reservoir,value
1,30676.313565561613
2,9062.241567174528
3,5282.069695817703
4,5054.457376741562
