reservoir,value
1,151598.46818762817
2,0.0
3,29575.605441753298
4,12744.9
