reservoir,value
1,20164.132443933453
2,7530.266833232919
3,5145.267876591702
4,2381.5366518678843
