reservoir,value
1,72025.38673251343
2,0.0
3,18841.85172369569
4,0.0
