reservoir,value
1,24872.34748912892
2,6282.532264495552
3,4347.308164369195
4,3993.403476828048
