reservoir,value
1,118517.80999999888
2,19617.2
3,32163.199999999997
4,0.0
