reservoir,value
1,35142.46188869772
2,4581.74419795759
3,8752.824994984414
4,6363.369048861653
