reservoir,value
1,148999.43654819168
2,0.0
3,39920.472831988256
4,11478.369048861652
