plant,value
1,39275.68649624426
2,13081.5
3,9900.9
4,6853.533503755738
