reservoir,value
1,0.0
2,12554.167356453076
3,72537.2
4,16832.466496244262
