reservoir,value
1,101461.28269858444
2,13383.853448718142
3,0.0
4,0.0
