reservoir,value
1,90042.28410673323
2,15394.22023394053
3,8772.67959715849
4,12690.602768022134
