reservoir,value
1,48982.32043109434
2,8243.067396894596
3,21920.783197650173
4,11058.523820139784
