reservoir,value
1,76864.36723218636
2,10850.59942406774
3,35545.77961420212
4,0.0
