reservoir,value
1,26130.856504857824
2,5359.527635698419
3,6768.923781828101
4,2638.132696960767
