reservoir,value
1,46313.29593339398
2,9907.733088357532
3,0.0
4,435.83121855769343
