reservoir,value
1,43206.721000000005
2,10918.282000000001
3,9209.9325
4,9829.4087
