reservoir,value
1,0.0
2,1117.9745609794059
3,11050.076720622734
4,63.53756706150398
