reservoir,value
1,134678.22108435846
2,0.0
3,50146.72711805772
4,9879.65178280783
