reservoir,value
1,0.0
2,4172.676593802135
3,4082.2697929785763
4,0.0
