reservoir,value
1,29015.814251410196
2,6785.719947070742
3,7964.590926182906
4,9950.985662572019
