reservoir,value
1,39237.866209863736
2,0.0
3,18877.94558705359
4,12744.9
