reservoir,value
1,35614.64737759794
2,10720.344423991328
3,3619.37311754216
4,4698.693200403368
