reservoir,value
1,182199.9927953655
2,650.9400277678733
3,47751.944099440174
4,12744.9
