plant,value
1,36169.40551335338
2,12807.454744814648
3,9900.900000000016
4,7624.047000000013
