reservoir,value
1,0.0
2,21099.622183895015
3,8612.523995025895
4,8370.808444306995
