reservoir,value
1,26415.41006421724
2,14649.745471042705
3,33423.11400078059
4,12448.938999999997
