reservoir,value
1,27762.729838788837
2,2916.190563856113
3,8000.748372964426
4,15282.609007936062
