reservoir,value
1,102608.84827389481
2,0.0
3,16727.001553744565
4,12744.9
