reservoir,value
1,19853.22859428364
2,12872.939807039118
3,2244.905356806584
4,2094.120475510052
