reservoir,value
1,98839.09405357776
2,13191.36796794027
3,0.0
4,6101.867380874709
