reservoir,value
1,39615.53457602654
2,5409.319834379323
3,5176.307349570815
4,11096.286887587747
