reservoir,value
1,50930.05898292891
2,23366.981776511322
3,7074.584541564736
4,10415.982001867436
