reservoir,value
1,119366.51673099908
2,19617.2
3,35018.723483573434
4,3944.6686430731133
