reservoir,value
1,13552.897565230824
2,23967.910932944586
3,4784.802708435087
4,4557.486704196426
