reservoir,value
1,30054.124319384893
2,24423.370404453068
3,3287.8164020131703
4,1490.2640759316805
