reservoir,value
1,40313.68733851111
2,19617.2
3,3091.3951588468894
4,1195.7584785212366
