reservoir,value
1,40141.51620948166
2,11038.035137863433
3,4140.158836532002
4,14153.867772759999
