reservoir,value
1,132070.62280506507
2,0.0
3,10918.676448922006
4,12744.9
