reservoir,value
1,23841.01980901545
2,7574.697879091696
3,8103.341331532118
4,9651.998291776381
