reservoir,value
1,137884.29507848676
2,0.0
3,50008.54133153202
4,12744.9
