reservoir,value
1,26214.924588855167
2,12213.7214679494
3,4361.014060218144
4,3026.434652256825
