reservoir,value
1,72560.36704489026
2,277.68376214532765
3,9633.22423502512
4,3350.6731043642294
