reservoir,value
1,118712.58149728001
2,0.0
3,23157.711381800007
4,6866.005283428092
