reservoir,value
1,18934.002670076945
2,15917.527302743303
3,3678.983525560053
4,3450.423932549348
