reservoir,value
1,5008.912559211735
2,4055.136438104475
3,0.0
4,0.0
