reservoir,value
1,132886.28268880871
2,8129.46234751886
3,45972.35532307018
4,2398.078342121494
