reservoir,value
1,41465.68743216485
2,31219.313307809316
3,8196.73433014025
4,6245.166304278511
