reservoir,value
1,80978.56141650457
2,0.0
3,9615.162722982157
4,3373.1392737898077
