reservoir,value
1,184167.06142068258
2,2177.012907639688
3,39516.610127442014
4,6415.7340981132
