reservoir,value
1,21423.208344374856
2,15266.092039849704
3,3216.4459092919587
4,4852.611120171779
