reservoir,value
1,30566.424973671103
2,9554.090329820532
3,6871.1940783389655
4,5294.309291026277
