reservoir,value
1,161641.27591165472
2,3563.554767789865
3,19661.79274598784
4,12744.9
