reservoir,value
1,45132.561677902006
2,3545.178190366653
3,15343.10794007997
4,5168.580449954769
