reservoir,value
1,17255.60504771495
2,5939.24798069179
3,2878.084061296585
4,3626.1351439115633
