reservoir,value
1,78573.41091557515
2,12230.95893093141
3,6835.520649358472
4,12744.9
