plant,value
1,41908.87112387167
2,10996.248876128331
3,9900.9
4,7141.5999999999985
