reservoir,value
1,23763.906757635912
2,37159.427198220095
3,5126.405455701719
4,1808.8074850119208
