reservoir,value
1,56043.49216720334
2,19617.2
3,19373.15811729259
4,562.164542383823
