reservoir,value
1,27980.709145279678
2,0.0
3,7352.105303670254
4,12552.996443818447
