reservoir,value
1,12147.68433402053
2,9501.541198550136
3,2404.2122818043254
4,1762.6449017938314
