reservoir,value
1,33520.94064148832
2,18359.57531679559
3,4832.859454341255
4,9876.429613569484
