reservoir,value
1,124220.48087738494
2,15147.014826745562
3,17090.13183756202
4,12308.120117163737
