reservoir,value
1,18446.278711060364
2,9574.187389434215
3,3691.4710817252117
4,3870.668666835345
