reservoir,value
1,108005.86391366023
2,1653.8795882068498
3,2984.5197784675465
4,12744.9
