reservoir,value
1,26893.334359285538
2,6648.375517386586
3,2949.5858067269246
4,2871.0831866215467
