reservoir,value
1,85526.48534304976
2,0.0
3,13023.501123681704
4,9137.05081424049
