reservoir,value
1,31067.6683968628
2,23797.79469463533
3,5548.378787902701
4,3113.619270819404
