reservoir,value
1,58043.82807124828
2,19617.2
3,282.5437580983544
4,0.0
