reservoir,value
1,18552.97735703144
2,7263.9473724936925
3,3732.5248968725405
4,3530.0940970887323
