reservoir,value
1,96340.61000000023
2,19617.2
3,46992.399999999994
4,12744.9
