reservoir,value
1,18667.725862680756
2,9402.604557950504
3,4542.441123656244
4,6496.96509383774
