reservoir,value
1,19525.209396944338
2,13396.636850846062
3,2294.8994417513627
4,1404.615949535067
