reservoir,value
1,26537.86319486102
2,15296.804100100948
3,5114.967387762581
4,5258.5335650869665
