reservoir,value
1,137753.1040111328
2,0.0
3,11782.41266909362
4,7760.034687819558
