reservoir,value
1,115074.56320000003
2,5237.649899999996
3,34507.6601
4,12744.9
