reservoir,value
1,72815.67989794308
2,0.0
3,26950.364415317614
4,12744.9
