reservoir,value
1,23510.536378814522
2,1678.0682828518131
3,7505.518009408644
4,3530.169127044553
