reservoir,value
1,15338.893411436864
2,4185.733149738266
3,1719.5096717479146
4,1865.9104114275983
