reservoir,value
1,20606.43843316633
2,9920.4142899461
3,2697.594643207361
4,3013.872835406367
