reservoir,value
1,135407.92934232543
2,0.0
3,20987.725306639728
4,6512.412386877237
