reservoir,value
1,27556.145353342527
2,7877.471271447125
3,3202.4467810488572
4,2069.454795196693
