reservoir,value
1,39813.90447818056
2,2847.5557831031037
3,9200.742758685377
4,12769.997088048836
