reservoir,value
1,90529.43610205644
2,0.0
3,17417.77652227361
4,7813.400113246183
