reservoir,value
1,150511.71035310582
2,19617.2
3,46941.958102766235
4,9545.501938617079
