reservoir,value
1,52492.01242279229
2,0.0
3,1162.5633230888293
4,0.0
