reservoir,value
1,68846.65959723404
2,16157.611486372209
3,15784.940387725153
4,20034.0792990667
