reservoir,value
1,2881.455884397389
2,540.9153016654064
3,0.0
4,25149.079299204914
