reservoir,value
1,127507.77234933196
2,0.0
3,23784.882489821557
4,12744.9
