reservoir,value
1,31289.57814597056
2,18490.36404085474
3,5267.717773905855
4,2424.407316980392
