reservoir,value
1,26546.35235435636
2,6913.767916856159
3,3655.963692866014
4,2762.7362820574167
