reservoir,value
1,108808.77878842421
2,0.0
3,4229.466414204055
4,12265.636282057416
