reservoir,value
1,45357.65969883965
2,3832.612003239949
3,9420.686954064291
4,7981.291263259445
