reservoir,value
1,56196.410083978975
2,10240.063216576686
3,0.0
4,351.3912632594456
