reservoir,value
1,74143.68203544109
2,10537.243124775028
3,6798.12178615485
4,3639.1348379803185
