reservoir,value
1,30318.9551597743
2,15995.80481467919
3,5642.392808445304
4,5942.223325587438
