reservoir,value
1,34336.75753523726
2,19617.2
3,20928.32784081163
4,412.4237702841008
