reservoir,value
1,22832.8163584942
2,0.0
3,4302.626495310293
4,5336.901954947989
