reservoir,value
1,19691.383396187495
2,13963.769539616256
3,2432.0185293027816
4,1441.3758080132718
