reservoir,value
1,18686.060191464814
2,7961.23451777252
3,4442.733753934828
4,2175.7313047121283
