reservoir,value
1,110405.43448560033
2,6698.584457729043
3,21752.73771599991
4,8925.56906936349
