reservoir,value
1,114761.96687582922
2,8850.77795888166
3,41089.46775143699
4,7665.293233813163
