reservoir,value
1,32315.111587363914
2,34020.389692114244
3,15212.750917910545
4,14989.034662770136
