reservoir,value
1,0.0
2,20938.889692114244
3,5311.850917910546
4,7359.134662768619
