reservoir,value
1,67964.77447837457
2,4781.074402374847
3,127.09537909281586
4,358.93509452202125
