reservoir,value
1,21921.692129081177
2,3602.4759806102356
3,4495.68676100091
4,3700.916098129457
