reservoir,value
1,144125.2871510609
2,0.0
3,32782.327401763905
4,5409.841032055434
