reservoir,value
1,28531.195887350448
2,8866.340901049789
3,5512.759112708059
4,3812.751949816324
