reservoir,value
1,484.2340662529532
2,8380.799580729825
3,34.024123103802594
4,0.0
