reservoir,value
1,14367.31196024912
2,1093.6257095685664
3,0.0
4,7779.042258192909
