reservoir,value
1,44749.0713274
2,6349.83610095
3,14645.552340390002
4,14120.95401367
