reservoir,value
1,61031.24322313332
2,9389.942577263564
3,20244.760180450536
4,13646.75975581797
