reservoir,value
1,160109.49428721005
2,19617.2
3,31022.095247249246
4,12744.9
