reservoir,value
1,40233.75451140122
2,4831.119909394675
3,6539.085069336901
4,6458.07620559834
