reservoir,value
1,76290.10392445684
2,2198.9643253112636
3,0.0
4,0.0
