reservoir,value
1,55571.09179519381
2,14763.751518611309
3,11090.236461669027
4,3989.9778243549317
