reservoir,value
1,66162.72739364034
2,15217.936096190007
3,38693.001834497045
4,0.0
