reservoir,value
1,17584.606341184677
2,6325.58157396611
3,4620.054170623836
4,3771.6139541905545
