reservoir,value
1,15057.600794545891
2,15385.906497522596
3,2686.5444720121823
4,1379.618770726796
