reservoir,value
1,28758.551497639448
2,13249.589495953987
3,4664.646983535749
4,6074.111281387399
