reservoir,value
1,43661.32469979643
2,16242.482582465002
3,7585.913273925529
4,7469.90584480962
