reservoir,value
1,175365.32961214797
2,3160.9825824650015
3,33299.75324490609
4,12744.9
