reservoir,value
1,46107.48870123688
2,12382.066117263166
3,5388.748889404314
4,17284.13139587648
