reservoir,value
1,27996.04081389992
2,5913.62854203698
3,5151.079876095521
4,12069.168977922463
