reservoir,value
1,120311.5498750276
2,0.0
3,10476.69151007483
4,12744.9
