reservoir,value
1,39170.878010181834
2,3444.27024922188
3,18887.43228939807
4,22351.805205216675
