reservoir,value
1,0.0
2,0.0
3,8986.532289398077
4,7793.760530963693
