reservoir,value
1,110263.35362338528
2,6050.703865649415
3,40441.93650009918
4,12744.9
