reservoir,value
1,0.0
2,4275.715889948879
3,6021.448552304349
4,0.0
