reservoir,value
1,98843.94217030295
2,39171.577428894714
3,15210.523469685255
4,23348.974722150124
