reservoir,value
1,119564.19662186533
2,19617.2
3,17615.63071230903
4,0.0
