reservoir,value
1,114676.96396614835
2,13469.548903692588
3,41567.774881398305
4,7343.497095802877
