reservoir,value
1,26716.334858634735
2,2947.993810201297
3,8872.274603356576
4,8670.103056610124
