reservoir,value
1,13882.496952561323
2,3029.650965036929
3,3897.828748354642
4,2402.176478222489
