reservoir,value
1,82389.14072427065
2,0.0
3,0.0
4,7517.176478223016
