reservoir,value
1,20610.55598282039
2,4722.393033475089
3,4027.9630513685725
4,6117.104273207848
