reservoir,value
1,81988.88755757094
2,0.0
3,19889.542481088836
4,11607.004273207847
