reservoir,value
1,82343.96698332642
2,0.0
3,31818.115101131923
4,6417.254594911203
