reservoir,value
1,19309.612311723886
2,8452.74450181466
3,3277.784149047033
4,2434.236635144347
