reservoir,value
1,30988.29557751768
2,3066.0197456896803
3,10040.316968918236
4,19008.59595988229
