from,to,value
1,1,0.0
1,2,0.0
1,3,0.0
1,4,0.0
1,5,614.7856698698515
2,1,3685.765597793077
2,2,0.0
2,3,0.0
2,4,0.0
2,5,0.0
3,1,0.0
3,2,0.0
3,3,0.0
3,4,0.0
3,5,132.40000000000146
4,1,0.0
4,2,0.0
4,3,0.0
4,4,0.0
4,5,0.0
5,1,0.0
5,2,0.0
5,3,0.0
5,4,747.1856698698539
5,5,0.0
