reservoir,value
1,43787.25721020345
2,2966.8169298764597
3,13313.13730012094
4,7448.185669869853
