reservoir,value
1,13160.602400043535
2,25555.851968219624
3,2976.2914312818025
4,2309.572254544269
