reservoir,value
1,12126.068093852224
2,19617.2
3,0.0
4,3666.731477942343
