reservoir,value
1,24987.66256782935
2,18415.966757369813
3,3417.675347425879
4,1759.5925812545622
