reservoir,value
1,26689.287806210785
2,19617.2
3,3884.979128561752
4,4071.788868985288
