reservoir,value
1,20377.481845882543
2,12387.929554954597
3,3306.6341292477114
4,1789.1048340083032
