reservoir,value
1,9640.836129006384
2,15012.399421927345
3,3406.698948735594
4,3323.8319462994905
