reservoir,value
1,31301.215919995717
2,2842.6795323564593
3,31913.86206538252
4,13593.372999647729
