reservoir,value
1,99774.3875827286
2,0.0
3,11181.444057062128
4,11221.161596285425
