reservoir,value
1,21720.478327021654
2,5505.156148031003
3,6243.984841573475
4,9790.291654473776
