reservoir,value
1,11792.183296729929
2,13193.41194131875
3,2446.74304007202
4,1291.3873261631254
