reservoir,value
1,39583.66873366331
2,7357.196170413873
3,12181.606762333857
4,4116.977817690574
