reservoir,value
1,139392.9312962083
2,16704.636170413876
3,20617.67887321733
4,322.4345188056395
