reservoir,value
1,61314.45619484931
2,3922.5847746375593
3,12239.002436458086
4,7608.317281069214
