reservoir,value
1,19641.147520065588
2,12048.044038778751
3,3417.133596546088
4,2171.9214417488142
