reservoir,value
1,20666.779897517
2,3311.628114296321
3,2788.9506190510033
4,1878.3615097868849
