reservoir,value
1,38747.650299348476
2,6979.552440178751
3,7906.776381233933
4,20877.30203159698
