reservoir,value
1,138448.9509337639
2,0.0
3,29152.288954197316
4,12744.9
