reservoir,value
1,82373.29773166207
2,0.0
3,34195.92747578908
4,10752.409857240002
