reservoir,value
1,19183.957920059176
2,7284.120340572417
3,4761.771089974902
4,8502.574790939818
