reservoir,value
1,90880.90316346535
2,0.0
3,3862.480867449596
4,12744.9
