reservoir,value
1,50723.15039821626
2,0.0
3,27610.164963801995
4,7284.300104286251
