reservoir,value
1,34518.35235047599
2,13520.622736808793
3,6046.0900335808965
4,7948.575273312995
