reservoir,value
1,102012.7209502641
2,16.56163565224233
3,26072.190953527148
4,12744.9
