reservoir,value
1,68873.81396793865
2,0.0
3,16366.192988816645
4,9492.941267164411
