reservoir,value
1,18278.129004529594
2,14766.231139772806
3,4354.665883698524
4,3080.6670940901968
