reservoir,value
1,21685.915085909728
2,4044.2693390415297
3,6783.922714601087
4,2888.9668424529714
