reservoir,value
1,70819.25325787187
2,0.0
3,9560.409648543031
4,0.0
