reservoir,value
1,103656.657
2,0.0
3,13040.338900000002
4,10338.106800000001
