reservoir,value
1,65422.47433951265
2,10145.677134003618
3,12627.773473705252
4,15203.587324805136
