reservoir,value
1,25626.400931731587
2,4384.42679036424
3,4700.970278092789
4,4300.421924610886
