reservoir,value
1,752.7752726281833
2,4036.0822804301943
3,0.0
4,0.0
