reservoir,value
1,39081.44458962839
2,1435.08683424448
3,7907.700935544359
4,20015.319650446676
