reservoir,value
1,31286.328988158086
2,7225.876851717654
3,4495.858162767668
4,3699.444455077348
