reservoir,value
1,14549.319985541095
2,7484.867490425583
3,2902.0046589207195
4,2014.8301097212934
