reservoir,value
1,83712.42393679233
2,8943.826549919348
3,23916.292754002083
4,10402.570766360612
