reservoir,value
1,106329.7468441735
2,1918.6763252467535
3,49576.55276712176
4,2855.0863980426757
