reservoir,value
1,37278.62929023617
2,0.0
3,5576.999163204092
4,5910.513260402062
