reservoir,value
1,54111.72295351791
2,4420.853904428967
3,12462.797801478853
4,6789.093342979007
