reservoir,value
1,111838.28034253631
2,11043.448125667564
3,10029.542044348498
4,0.0
