reservoir,value
1,79294.22941801048
2,18719.22020338735
3,10698.056917987024
4,12744.9
