reservoir,value
1,79533.93965792238
2,15610.722686536163
3,12468.55483510364
4,1330.2955275838779
