reservoir,value
1,15802.12602630916
2,4591.987760933073
3,5784.944686229244
4,3324.591953576818
