reservoir,value
1,43867.67818555284
2,0.0
3,25754.875619834496
4,5546.403225326411
