reservoir,value
1,25457.359090737653
2,6120.30170670001
3,5935.107336988215
4,3102.2049446897427
