reservoir,value
1,48541.85907195139
2,3480.5701044552698
3,18173.891913162035
4,15979.522740655248
