reservoir,value
1,132497.27993328785
2,4320.414406529659
3,22795.958420552277
4,6946.342345961879
