reservoir,value
1,14056.586760295151
2,12026.30637489204
3,3212.3205281272635
4,1732.1415257814485
