reservoir,value
1,900.2168776264176
2,15485.597514210589
3,2133.699664156076
4,848.7791311513179
