reservoir,value
1,64484.96332388921
2,5506.958082820052
3,11523.799805171104
4,4824.638406767005
