reservoir,value
1,68715.86239202396
2,17336.79090021855
3,0.0
4,5851.0471093252345
