reservoir,value
1,15940.394167325161
2,8235.16511930007
3,3814.8066290538204
4,2164.420697446695
