reservoir,value
1,125546.57781238612
2,0.0
3,14348.177287851482
4,10886.390375106585
