reservoir,value
1,40552.46996642578
2,7435.252359213488
3,7687.2398491719405
4,5011.531009191317
