reservoir,value
1,12828.077835982513
2,0.0
3,21604.018247347707
4,0.0
