reservoir,value
1,29478.30727162768
2,14797.133371864606
3,2896.2877434533216
4,2332.108227553157
