reservoir,value
1,70024.26765210807
2,19617.2
3,8082.227307252049
4,2211.5359963349647
