reservoir,value
1,30506.444770901828
2,10847.102270744592
3,4949.487681901856
4,5441.723612512438
