reservoir,value
1,140481.26578566316
2,0.0
3,21625.757738380467
4,11566.623612512438
