reservoir,value
1,27849.231175380002
2,5156.23614277
3,9206.635174390001
4,14731.05271344
