reservoir,value
1,81081.26721814997
2,0.0
3,18089.62787438959
4,0.0
