reservoir,value
1,41266.45514731483
2,18376.676303936856
3,6213.897721256868
4,3571.3165349784863
