reservoir,value
1,65479.30381283166
2,10548.315554623185
3,0.0
4,0.0
