reservoir,value
1,21770.954317958152
2,37867.70046346582
3,4418.288984654918
4,2143.142004862719
