reservoir,value
1,30118.934471162003
2,19617.2
3,7387.071329775905
4,3274.142619526994
