from,to,value
1,1,0.0
1,2,0.0
1,3,0.0
1,4,0.0
1,5,0.0
2,1,1860.220730020829
2,2,0.0
2,3,0.0
2,4,0.0
2,5,0.0
3,1,1000.0
3,2,0.0
3,3,0.0
3,4,0.0
3,5,1783.6215300483432
4,1,0.0
4,2,0.0
4,3,0.0
4,4,0.0
4,5,1128.8240309540124
5,1,2912.445561002342
5,2,0.0
5,3,0.0
5,4,0.0
5,5,0.0
