reservoir,value
1,23380.26209424046
2,5027.28840149349
3,4089.2123923445997
4,2201.6675958451874
