reservoir,value
1,106055.51670000001
2,2331.0696000000007
3,19670.116200000004
4,12744.9
