reservoir,value
1,121524.6585172117
2,0.0
3,6348.802721340403
4,12744.9
