reservoir,value
1,14743.626481064439
2,76379.59896713201
3,3448.1481807756245
4,1661.0851556607356
