reservoir,value
1,32876.97820349445
2,19617.2
3,11854.468665135204
4,4835.920210856925
