reservoir,value
1,63312.44180180281
2,6858.548795398215
3,10724.848877951985
4,13971.694292080263
