reservoir,value
1,135643.1276198237
2,0.0
3,9005.029889365054
4,12744.9
