reservoir,value
1,12548.893415895338
2,3864.120431448626
3,5110.6116586529915
4,2647.991099683361
