reservoir,value
1,86297.09068734347
2,0.0
3,556.2500359432197
4,12744.9
