reservoir,value
1,35821.673289853825
2,5203.717043493351
3,9642.627820771566
4,12555.809681623412
