reservoir,value
1,34246.85944860984
2,4941.9520250656005
3,13418.620540483946
4,13675.4584944543
