reservoir,value
1,115190.09525199275
2,0.0
3,51069.81870109393
4,12744.9
