reservoir,value
1,43559.453893731734
2,4305.523118050836
3,10339.824618145849
4,9241.51345367632
