reservoir,value
1,62935.427183108695
2,5570.771049695301
3,1809.9707182919192
4,1611.6134536763202
