from,to,value
1,1,0.0
1,2,0.0
1,3,600.0
1,4,0.0
1,5,811.5435278399241
2,1,801.7819975800339
2,2,0.0
2,3,0.0
2,4,0.0
2,5,0.0
3,1,0.0
3,2,0.0
3,3,0.0
3,4,0.0
3,5,0.0
4,1,0.0
4,2,0.0
4,3,0.0
4,4,0.0
4,5,0.0
5,1,0.0
5,2,0.0
5,3,353.60000000000036
5,4,457.9435278410028
5,5,0.0
