reservoir,value
1,61975.14181651193
2,0.0
3,20449.12472015764
4,8470.504827955716
