reservoir,value
1,44543.16055854584
2,11028.21924500022
3,2322.8394232550863
4,577.7811147196827
