reservoir,value
1,66547.80332711272
2,7827.796457853785
3,11233.627359005655
4,10800.111027465962
