reservoir,value
1,83211.76049508151
2,0.0
3,6798.327359005655
4,3170.2110274659626
