reservoir,value
1,11548.52280804521
2,3519.3341910892022
3,6025.777556323616
4,3713.9482013986944
