reservoir,value
1,149480.02677449008
2,0.0
3,49550.20629019322
4,12744.9
