reservoir,value
1,11169.644316013626
2,5100.798019229751
3,3514.5249696342207
4,1942.3170965323054
