reservoir,value
1,62634.4432919636
2,0.0
3,24573.190035913372
4,4680.9050938920145
