reservoir,value
1,30840.170333411334
2,7902.879089391371
3,8896.734915722936
4,3788.57084815693
