reservoir,value
1,62118.691537792016
2,30258.24389417172
3,11635.941097107265
4,8456.578256799952
