reservoir,value
1,36862.77847401945
2,4549.910303224115
3,6035.461082633612
4,9271.747422576374
