reservoir,value
1,23936.84056103604
2,4712.019883995605
3,3788.525635750634
4,4158.413278026985
