reservoir,value
1,94541.72109336214
2,0.0
3,13785.22539211082
4,12744.9
