reservoir,value
1,15254.217672402337
2,4250.510804636957
3,2840.6246019594855
4,3233.535252653309
