reservoir,value
1,95119.01032450944
2,0.0
3,2197.88941642302
4,8348.53525265331
