reservoir,value
1,33732.713292677035
2,32702.686000987356
3,3680.5927898286914
4,2438.527957936907
