reservoir,value
1,181658.63956978958
2,19617.2
3,31652.433009189706
4,6782.971117783671
