reservoir,value
1,39778.23351996404
2,13037.766192824543
3,4612.255599500932
4,2244.837132924931
