reservoir,value
1,20081.937548913495
2,5053.6149535039885
3,3001.0839603212157
4,2547.8134256236904
