reservoir,value
1,37738.637618458255
2,2010.1749535046629
3,11713.283062302196
4,6901.596893638251
