reservoir,value
1,13056.109972167893
2,15607.614929914687
3,2085.078512246955
4,1601.8881365316352
