reservoir,value
1,19069.434799017698
2,30038.78457337351
3,5324.69966014747
4,1940.7643856886486
