reservoir,value
1,133423.23551533386
2,19617.2
3,30408.31112217266
4,2759.3171905816603
