reservoir,value
1,101539.8585824
2,4018.7066323199997
3,24523.541610040003
4,20502.57074115
