reservoir,value
1,14267.88194936657
2,38533.86429857655
3,4014.0718764104477
4,5683.21904799756
