reservoir,value
1,78331.4088135848
2,19617.2
3,20987.674352351845
4,12744.9
