reservoir,value
1,35209.367150713966
2,7782.700000000001
3,51806.1
4,12744.9
