reservoir,value
1,25861.48142133656
2,4327.968518632048
3,13929.760628600328
4,12208.118008314166
