reservoir,value
1,21423.895885539026
2,13176.853275482814
3,5092.205687995304
4,5597.915326593981
