reservoir,value
1,69972.11624892779
2,19617.2
3,44376.40445047734
4,12744.9
