reservoir,value
1,17081.058504930144
2,8621.648589479933
3,5711.815591732014
4,2239.7150036759667
