reservoir,value
1,107145.9292650312
2,17937.916289244942
3,13007.247076920434
4,4619.324959968494
