reservoir,value
1,14208.171191728095
2,3752.557756720943
3,3806.5407171948286
4,2257.61144000413
