reservoir,value
1,81634.19757808858
2,0.0
3,36618.688272433006
4,5840.498081609943
