reservoir,value
1,55408.63040388352
2,4720.747091674782
3,15679.971004291976
4,20462.838439899257
