reservoir,value
1,113174.0050095807
2,0.0
3,20424.58300145273
4,6984.593392341789
