reservoir,value
1,28201.57085358097
2,9319.459369034026
3,4330.204151382678
4,3085.885474650317
