reservoir,value
1,11437.830575365493
2,8054.290984312493
3,3144.3348573967633
4,1677.9186530069983
