reservoir,value
1,46452.97625910007
2,7948.7999997061415
3,18683.348393874323
4,7693.083274349585
