reservoir,value
1,35446.2248696026
2,2676.8964079483394
3,12749.11997704376
4,18530.202040077907
