reservoir,value
1,127785.60581444207
2,0.0
3,47541.46658700376
4,10900.302040077908
