reservoir,value
1,33610.62520606234
2,14800.254707342998
3,26504.756655691646
4,21224.038844279723
