reservoir,value
1,0.0
2,0.0
3,16603.856655691718
4,849.2388442797237
