reservoir,value
1,141023.94634270002
2,0.0
3,9448.820694440004
4,10730.067436798048
