reservoir,value
1,70849.04474583999
2,6893.3680152
3,22705.966864439997
4,13340.004015999999
