reservoir,value
1,150466.09363990615
2,3483.8645211340845
3,39296.43856444
4,12744.9
