reservoir,value
1,119621.22140950614
2,5654.306134469234
3,20641.36143352962
4,3132.084545685276
