reservoir,value
1,17413.27618958806
2,7711.269999318427
3,2755.5453790529236
4,1922.7516581675684
