reservoir,value
1,124787.58550067554
2,5064.956364395248
3,3318.439154887884
4,0.0
