reservoir,value
1,39717.73458213553
2,12275.298581764335
3,8662.32402898074
4,12973.736039263229
