reservoir,value
1,83986.77389063679
2,0.0
3,14675.853712872395
4,12035.279253029925
