reservoir,value
1,77016.46936640562
2,2010.2286251805608
3,37853.108669370406
4,23183.099818977575
