reservoir,value
1,138081.51631429003
2,6492.921637433335
3,50285.948993085054
4,0.0
