reservoir,value
1,110141.74657227223
2,6899.446911265416
3,17940.244133541855
4,585.5667790224712
