reservoir,value
1,24200.643429464617
2,50579.8339926419
3,3810.754963878258
4,2732.1448327856438
