reservoir,value
1,143113.6574244981
2,19617.2
3,33529.058242909334
4,9091.59789124202
