reservoir,value
1,31473.427798776193
2,13926.868859656566
3,16014.79047236542
4,24608.889040904683
