reservoir,value
1,63032.19657795513
2,3953.5268395125013
3,18808.375357683683
4,17995.825028748586
