reservoir,value
1,56605.20921015077
2,7539.399695598388
3,51806.1
4,11148.839737439952
