reservoir,value
1,126475.15490266458
2,10657.092225671307
3,0.0
4,1899.455177384772
