reservoir,value
1,37328.130174416336
2,5832.72694037702
3,0.0
4,318.4360268890528
