reservoir,value
1,12312.805556847403
2,3097.3347950498437
3,3533.4644320540274
4,3461.4239251880754
