reservoir,value
1,60520.32299294151
2,0.0
3,5865.026993736166
4,7230.249869339542
