reservoir,value
1,112207.95434950864
2,0.0
3,10630.505771057342
4,12744.9
