from,to,value
1,1,0.0
1,2,615.3637427889116
1,3,600.0
1,4,0.0
1,5,881.4559329517433
2,1,0.0
2,2,0.0
2,3,0.0
2,4,0.0
2,5,0.0
3,1,0.0
3,2,0.0
3,3,0.0
3,4,0.0
3,5,0.0
4,1,0.0
4,2,0.0
4,3,0.0
4,4,0.0
4,5,725.1440670482534
5,1,0.0
5,2,0.0
5,3,1606.5999999999985
5,4,0.0
5,5,0.0
