reservoir,value
1,87644.42266834005
2,0.0
3,46601.755123281575
4,12744.9
