reservoir,value
1,15721.798558873441
2,12581.597326618692
3,4258.715554161154
4,3982.431464300527
