reservoir,value
1,127147.54473561353
2,0.0
3,22767.795380455776
4,7589.255295284634
