reservoir,value
1,29932.71323151367
2,16496.82860911669
3,6519.192478213588
4,2501.958299124387
