reservoir,value
1,87449.16347809782
2,19617.2
3,8511.551273593202
4,0.0
