reservoir,value
1,26266.161136567152
2,15517.493023101857
3,4796.466885856966
4,2859.4841358962562
