reservoir,value
1,137333.2455129718
2,19617.2
3,24752.91161713766
4,7974.484135895471
