reservoir,value
1,24421.452977825276
2,12667.724643826565
3,4604.714162964532
4,2126.0945320064793
