reservoir,value
1,36686.599740383506
2,5224.665224702938
3,3829.7012579239363
4,2444.909159347324
