reservoir,value
1,24138.034120328557
2,6509.161796200826
3,4325.83531806328
4,7676.307931250061
