reservoir,value
1,30906.886834393878
2,7032.5961993772025
3,7946.189403222599
4,13047.728491877508
