reservoir,value
1,10602.630749918051
2,10872.603702476135
3,2579.7835022959503
4,1947.184976842912
