reservoir,value
1,10014.923841193488
2,935.6966965720057
3,4581.773902771743
4,195.2564256065798
