reservoir,value
1,0.0
2,0.0
3,8588.439129129287
4,7735.955385599388
