reservoir,value
1,46873.38383279017
2,2760.0584184920717
3,36734.25925892641
4,17014.276513114717
