reservoir,value
1,69554.16017161109
2,0.0
3,41376.839767638485
4,7597.907741194577
