plant,value
1,44664.5218722282
2,6779.058127771817
3,9900.9
4,7629.9
