reservoir,value
1,36398.075140514586
2,11383.126142164538
3,7524.742783535657
4,17241.195905920482
