reservoir,value
1,28165.10989875112
2,7668.55547802561
3,8282.846405342843
4,11172.701146900492
