reservoir,value
1,138100.6573406289
2,0.0
3,27644.33902466994
4,12744.9
