reservoir,value
1,97398.29308464535
2,12292.92905995006
3,13656.09452363162
4,1335.3144871339066
