reservoir,value
1,127694.35848478664
2,1575.3759438126835
3,30598.426368127573
4,12744.9
