reservoir,value
1,109685.11902085601
2,0.0
3,42469.78432028073
4,12744.9
