reservoir,value
1,64354.95302464842
2,0.0
3,17430.12805659321
4,7931.785538579667
