reservoir,value
1,18853.089007039456
2,12547.581963016059
3,2619.915590199863
4,2175.7369109865767
