reservoir,value
1,23969.05159840707
2,262.07621532776466
3,2231.311385219869
4,2466.2518144052524
