reservoir,value
1,11835.990121380139
2,22942.15462405759
3,2636.486399466387
4,2019.2527167684962
