reservoir,value
1,72958.37173649712
2,9860.654624057592
3,0.0
4,6803.604499631849
