reservoir,value
1,30886.135014084226
2,10268.368705700472
3,5809.240702242942
4,2614.2475964804507
