reservoir,value
1,12063.189168192155
2,9291.948316394397
3,0.0
4,2868.1299987137986
