reservoir,value
1,37514.8326810783
2,11324.019693413218
3,9927.900177103429
4,2266.4761535114703
