reservoir,value
1,122116.42453442709
2,19617.2
3,6480.837273544188
4,5115.217288379157
