reservoir,value
1,36866.3779462506
2,7669.851365471201
3,8201.378804789307
4,13161.30130264704
