reservoir,value
1,115732.23435503882
2,0.0
3,27597.524149743662
4,12744.9
