reservoir,value
1,33904.25740875921
2,7333.094580067972
3,8154.176785860659
4,2848.1501679103735
