reservoir,value
1,126905.14823591946
2,0.0
3,39180.50419022437
4,12744.9
