reservoir,value
1,14423.378512621886
2,4575.233301383444
3,3538.8039215014237
4,1943.0237826138136
