reservoir,value
1,9053.303212485946
2,0.0
3,8123.100526699426
4,7642.4672772901295
