reservoir,value
1,185695.285411915
2,0.0
3,45735.65684619754
4,12744.9
