reservoir,value
1,46539.2800326
2,4045.26891589
3,13451.182015710001
4,18783.24766768
