reservoir,value
1,132958.67464848998
2,0.0
3,25539.18231571
4,12744.9
