reservoir,value
1,91996.9340495223
2,14239.53907242516
3,17128.90710601891
4,352.46201255298274
