reservoir,value
1,70771.41964897863
2,10121.328582994569
3,11828.261942087833
4,5049.899400612181
