reservoir,value
1,43173.07031939553
2,6196.3249147746355
3,24204.85405318688
4,0.0
