reservoir,value
1,60902.93167500691
2,9704.694435353184
3,11859.769827729164
4,7849.564415768358
