reservoir,value
1,85160.37580560686
2,1162.7381578904278
3,9096.309481671273
4,219.6644157683586
