reservoir,value
1,69395.79637302758
2,21281.8446957306
3,9783.01582147722
4,4924.549521497751
