reservoir,value
1,44301.82844915427
2,11346.529121651898
3,0.0
4,0.0
