reservoir,value
1,1379.5324988634893
2,4213.50146136217
3,17362.5026721574
4,0.0
