reservoir,value
1,96547.62701630105
2,14875.166612224795
3,16962.209422865944
4,8202.540013305626
