reservoir,value
1,16781.14027272204
2,7081.0348685416375
3,7615.5219971245715
4,6127.95060708797
