reservoir,value
1,62486.662717274085
2,5309.092600077755
3,7513.251711426816
4,13884.743229034122
