reservoir,value
1,129744.65633414475
2,0.0
3,38081.15777232908
4,12744.9
