reservoir,value
1,3692.5904455481723
2,1500.0708236352348
3,0.0
4,816.909092533052
