reservoir,value
1,24293.54884879353
2,6895.1005938990065
3,6245.717129329401
4,3274.3787348124692
