reservoir,value
1,0.0
2,37781.30399999999
3,12854.690000000002
4,33888.18200000003
