reservoir,value
1,132025.40301578483
2,18857.58499999997
3,41654.42100000006
4,0.0
