reservoir,value
1,9092.945015056735
2,9977.20000000007
3,51806.1
4,12744.9
