reservoir,value
1,81788.77029754285
2,11830.338995720907
3,22005.062612690992
4,13735.494846950507
