reservoir,value
1,166581.29346049036
2,18366.038995720908
3,23902.259637856045
4,6105.594846950507
