reservoir,value
1,36417.21408242507
2,10835.394436917248
3,15368.704414845972
4,11492.845172253748
