reservoir,value
1,86353.65459657228
2,0.0
3,38059.28235616806
4,12547.52308106028
