reservoir,value
1,60949.410457375736
2,2384.488359873461
3,26606.903488367145
4,10769.477100545668
