reservoir,value
1,98074.68376479049
2,9641.145965094587
3,21677.06965298586
4,0.0
