reservoir,value
1,25141.662373759795
2,13561.354895698656
3,4661.110668166405
4,2599.8709059351245
