reservoir,value
1,64870.31744803849
2,15229.660373477214
3,14696.440166011505
4,10614.204307338863
