reservoir,value
1,25547.30183655319
2,8707.12833899995
3,3485.7518727039355
4,2999.181919619451
