reservoir,value
1,118162.91961942877
2,0.0
3,18542.315430642055
4,8114.181919619451
