reservoir,value
1,29587.641079331028
2,5710.571569324245
3,8813.339375450581
4,4265.7167224170635
