reservoir,value
1,24279.931107870023
2,6413.541543669917
3,2635.0777820550857
4,2274.935874133991
