reservoir,value
1,94366.77085864005
2,0.0
3,5284.812746833982
4,6529.316587543969
