reservoir,value
1,83892.01370014
2,7175.46459866
3,21031.55306745
4,20631.7614377
