reservoir,value
1,140182.59108140756
2,3967.516517392456
3,31488.121367450003
4,8323.673069013059
