reservoir,value
1,47441.71787625656
2,3368.8186770642824
3,8631.526339914828
4,13230.27573583424
