reservoir,value
1,166567.67592552037
2,0.0
3,13356.984808904832
4,12744.9
