from,to,value
1,1,0.0
1,2,0.0
1,3,600.0
1,4,0.0
1,5,613.2336753370848
2,1,906.2856726064028
2,2,0.0
2,3,0.0
2,4,0.0
2,5,0.0
3,1,0.0
3,2,0.0
3,3,0.0
3,4,0.0
3,5,0.0
4,1,0.0
4,2,0.0
4,3,0.0
4,4,0.0
4,5,0.0
5,1,0.0
5,2,0.0
5,3,382.5999999994647
5,4,230.6336753376201
5,5,0.0
