reservoir,value
1,24591.586949731172
2,7765.154327393598
3,5035.969802631209
4,3430.0222367842575
