reservoir,value
1,16525.58071083477
2,9558.864286467295
3,4582.655493145513
4,5005.235269556224
