reservoir,value
1,82329.19068831395
2,0.0
3,31152.92453551258
4,12744.9
