reservoir,value
1,17009.48535999062
2,6527.747492268575
3,5386.776837617802
4,4112.582367962103
