reservoir,value
1,31607.3928507796
2,4105.844372614977
3,11832.982325343391
4,8775.855820905055
