reservoir,value
1,398.2675405363766
2,11786.089217902081
3,2177.582325343388
4,2794.1056414771347
