reservoir,value
1,49031.74365152085
2,4204.772004818229
3,12598.39395136731
4,12696.684494817473
