reservoir,value
1,53966.60106543522
2,0.0
3,6053.126392761724
4,3611.000470792708
