reservoir,value
1,44230.81254155523
2,8561.901409845006
3,4719.9999340733075
4,13896.244408941357
