reservoir,value
1,63667.26301759921
2,9662.297139905855
3,10885.767124737788
4,11631.523502270364
