reservoir,value
1,88213.57687897109
2,8487.297139904527
3,20607.71929601169
4,10654.067072992611
