reservoir,value
1,27780.280000000697
2,5794.261603827883
3,0.0
4,0.0
