reservoir,value
1,60604.131130480004
2,8248.999153409999
3,17099.2120988
4,17622.70045909
