reservoir,value
1,134401.83218389004
2,0.0
3,33180.4392988
4,3443.5016462880144
