reservoir,value
1,12164.20153847133
2,7330.876010970874
3,2378.733124149087
4,1363.242863696632
