reservoir,value
1,49227.70128883256
2,25484.608908344348
3,13315.7303015022
4,11238.290712655638
