reservoir,value
1,27436.769871908444
2,10922.688734676154
3,5573.11524565215
4,4720.007155084302
