reservoir,value
1,138531.9005895466
2,9486.241208493584
3,32171.76508832016
4,10847.882327803498
