reservoir,value
1,16287.49759829999
2,7224.764609874622
3,4990.5118142891915
4,2576.767525806011
