reservoir,value
1,72786.09570649949
2,0.0
3,42751.03937594674
4,6086.372786280957
