reservoir,value
1,41080.41273743725
2,9404.861638446078
3,6104.303524020681
4,11859.2200345352
