reservoir,value
1,147187.69881308335
2,0.0
3,17885.968752650686
4,12744.9
