reservoir,value
1,50801.1747972837
2,25480.037928223384
3,3348.223369696753
4,2171.8623374063354
