reservoir,value
1,3404.0882773804087
2,12398.537928222151
3,0.0
4,0.0
