reservoir,value
1,200717.6
2,19617.2
3,16921.087709452993
4,7199.241690186332
