reservoir,value
1,31785.625838969212
2,7851.519944483251
3,9612.409282446008
4,11308.188289481915
