reservoir,value
1,130251.89820686214
2,0.0
3,34123.59023976925
4,12744.9
