reservoir,value
1,33081.798900228445
2,12295.362617850747
3,10318.54625591437
4,14061.631773313315
