reservoir,value
1,128237.18740303235
2,1136.6816782707465
3,37634.07497814994
4,10204.112653940383
