reservoir,value
1,21011.07706697801
2,10762.588971055906
3,2748.617925357896
4,1895.8127846966245
