reservoir,value
1,127258.01576817948
2,16442.244960939453
3,15793.090217156796
4,5089.134726926042
