reservoir,value
1,26642.50203074653
2,16140.253527654408
3,7962.294704433661
4,18137.820082099013
