reservoir,value
1,102329.10780645863
2,3058.7535276544077
3,31529.955069971278
4,10507.920082099014
