reservoir,value
1,128053.8732564692
2,0.0
3,2011.867320301777
4,12744.9
