reservoir,value
1,19949.57440178597
2,9370.98925372792
3,3658.8065532239207
4,3151.8493883688798
