reservoir,value
1,46700.784287137794
2,12670.029208847875
3,16247.23473966919
4,16584.156472567745
