reservoir,value
1,59409.52928988605
2,13830.48081957439
3,18482.516472362397
4,5164.381200798338
