reservoir,value
1,56503.770863382495
2,12579.15779915053
3,16318.275405473505
4,12379.083227255851
