reservoir,value
1,200717.6
2,7381.0877991504885
3,31903.699028193878
4,12744.9
