reservoir,value
1,154426.32206284278
2,17790.486891803906
3,21181.04018303418
4,12744.9
