reservoir,value
1,49955.143941011695
2,6426.148171776396
3,13927.647169643471
4,14505.144369224496
