reservoir,value
1,58210.313160831705
2,0.0
3,24657.444852761946
4,6615.9341533337065
