reservoir,value
1,47336.54757756916
2,5201.097608610089
3,13539.003472976317
4,6081.497376960043
