reservoir,value
1,40018.49109723506
2,1599.2490033718127
3,17168.377051081174
4,9927.914159828466
