reservoir,value
1,34425.54288256751
2,1060.2490033718127
3,7267.477051081174
4,2298.0141598284663
