reservoir,value
1,40597.1304214
2,17013.534838
3,6871.5574955600005
4,10926.68918732
