reservoir,value
1,58134.50602808463
2,10606.701188378638
3,8332.358566976674
4,10004.897245246175
