reservoir,value
1,78969.88157420985
2,9980.73038032141
3,6163.738007237341
4,5173.867732962222
