reservoir,value
1,34832.512953390295
2,713.823248745
3,6107.529710584775
4,14207.70136615321
