reservoir,value
1,18074.371129337895
2,9387.525615411636
3,2662.0822750213506
4,1943.8848134575744
