reservoir,value
1,95942.49713038933
2,3713.210621669644
3,11942.540099453614
4,12387.472370817384
