reservoir,value
1,17320.83588205352
2,13032.967203027363
3,3746.73115783515
4,2442.4386164833313
