reservoir,value
1,9395.275128982832
2,1414.0614804236993
3,19584.981994687005
4,2951.5368444633837
