reservoir,value
1,39387.90251324844
2,19617.2
3,35598.371453266875
4,0.0
