reservoir,value
1,25146.836292344484
2,19056.10017392323
3,7893.9242010409525
4,6441.566680147542
