reservoir,value
1,157719.60905578936
2,19617.2
3,49799.12420104095
4,12744.9
