reservoir,value
1,20775.768513451578
2,5230.481000603678
3,4294.129390153262
4,2532.536688058833
