reservoir,value
1,58526.337368320004
2,8921.27315814
3,11473.343404209998
4,14883.737048500001
