reservoir,value
1,148660.81652646093
2,0.0
3,18332.93350421
4,2831.2165743873898
