reservoir,value
1,115941.31173460995
2,19617.2
3,5823.20551118662
4,10400.337516546333
