reservoir,value
1,16553.64978425757
2,11740.227374383801
3,3355.4502655732717
4,2487.059872870258
