reservoir,value
1,87691.21411598499
2,18275.927374383802
3,6116.166588140444
4,8431.01766207226
