reservoir,value
1,23421.297452698785
2,1817.9976048225826
3,9571.39124917455
4,13545.529644895265
