reservoir,value
1,117119.3998215092
2,0.0
3,15006.465360912936
4,9655.907325346412
