reservoir,value
1,52035.86499412228
2,9032.17020079674
3,11859.759110418721
4,14689.311446902291
