reservoir,value
1,21260.088385615956
2,7449.5621792904185
3,3930.2680028458026
4,1704.7535978056367
