reservoir,value
1,60530.00832018502
2,12893.3573733523
3,18527.491839429385
4,2071.6381161674913
