reservoir,value
1,55283.47773700001
2,6085.58713077
3,23546.647087780002
4,21089.5279472
