reservoir,value
1,47043.43267793722
2,5544.46350910548
3,13480.273018228601
4,14869.637320345242
