reservoir,value
1,15003.563237885312
2,5316.320813752313
3,3970.3830259523966
4,2046.3008561773697
