from,to,value
1,1,0.0
1,2,5543.5
1,3,0.0
1,4,0.0
1,5,0.0
2,1,0.0
2,2,0.0
2,3,0.0
2,4,0.0
2,5,0.0
3,1,1000.0
3,2,0.0
3,3,0.0
3,4,0.0
3,5,989.9551042474
4,1,0.0
4,2,0.0
4,3,0.0
4,4,0.0
4,5,3010.0448957528647
5,1,4000.0
5,2,0.0
5,3,0.0
5,4,0.0
5,5,0.0
