reservoir,value
1,11061.383497665702
2,8903.987599331376
3,2530.080902793412
4,1776.0984937996536
