reservoir,value
1,68285.00587238143
2,15357.204257339548
3,0.0
4,6465.816744075282
