plant,value
1,43295.359999999986
2,10269.760000000002
3,9900.9
4,7401.600000000001
