reservoir,value
1,0.0
2,13798.239999999998
3,25283.204653384273
4,18209.399999999998
