reservoir,value
1,52868.83428420033
2,0.0
3,8667.259336330462
4,8286.813762238375
