reservoir,value
1,21821.580995929842
2,10288.507631216966
3,6227.544015817063
4,13694.628330101186
