reservoir,value
1,118317.03164257256
2,0.0
3,20536.091880533815
4,12744.9
