reservoir,value
1,15090.990894689556
2,4252.630118122861
3,3712.730495919488
4,2267.048314075432
