reservoir,value
1,49334.68340575471
2,13814.32588175211
3,6186.2179834863755
4,16434.329890440986
