reservoir,value
1,48921.842668239864
2,732.8258817565855
3,7628.387527819876
4,9450.13208620739
