reservoir,value
1,35797.3516043362
2,4220.33610516536
3,7486.673649296712
4,8441.026388690885
