reservoir,value
1,163682.46829821385
2,0.0
3,25146.986012694382
4,12744.9
