reservoir,value
1,27322.392422860237
2,5781.324872904999
3,7848.727654746507
4,5332.727321461566
