reservoir,value
1,128547.820187646
2,0.0
3,32749.604553271907
4,12744.9
