reservoir,value
1,23029.00444834543
2,0.0
3,0.0
4,1.880399671989769
