reservoir,value
1,51713.12044021023
2,8007.219906360074
3,10327.537766961312
4,10846.791067681295
