reservoir,value
1,73422.68710566295
2,11339.225326131358
3,3024.1877739678644
4,3216.8910676812957
