reservoir,value
1,17210.824755019275
2,15816.136796723293
3,2519.195631838349
4,1929.4893185862113
