reservoir,value
1,61432.75056475695
2,18362.46497804876
3,8476.19538871985
4,5156.81636732767
