reservoir,value
1,60439.69066081883
2,3082.8017249710465
3,17242.063562525036
4,14931.360318052022
