reservoir,value
1,22819.687617567997
2,11219.834784566143
3,5031.832981481194
4,2298.7198174612704
