reservoir,value
1,58548.93876390756
2,0.0
3,39843.115965048964
4,11324.61981746127
