reservoir,value
1,25242.114744324183
2,3948.5981876787737
3,3578.263805968406
4,14501.379867084279
