reservoir,value
1,95592.50121582083
2,0.0
3,6360.422952137998
4,12744.9
