reservoir,value
1,32528.978350253965
2,24111.272213650944
3,5990.235388413166
4,4155.513333918623
