reservoir,value
1,134985.07366514482
2,2271.171892358432
3,47107.21008560672
4,9963.94284851044
