reservoir,value
1,19611.852562026423
2,20757.280400587064
3,3112.2523593657656
4,2536.9676079259125
