reservoir,value
1,106930.47757052518
2,7675.780400587064
3,9935.558655161545
4,11561.587017984482
