reservoir,value
1,93686.8256806876
2,14793.360564050952
3,36879.10983261075
4,0.0
