reservoir,value
1,127952.98237173645
2,19617.2
3,33469.48681812964
4,8044.730127073556
