reservoir,value
1,147855.68623603697
2,0.0
3,44700.36981296873
4,7079.876635328197
