reservoir,value
1,42509.25837295287
2,19617.2
3,6688.4000049620945
4,2379.3019541951576
