reservoir,value
1,148859.2955982503
2,0.0
3,44133.86712848001
4,9092.495391282131
