reservoir,value
1,17539.78176627063
2,9445.068334149812
3,2789.8881187407173
4,1894.6843432735768
