reservoir,value
1,99637.94024125318
2,11818.882279676747
3,1268.5919217638152
4,5603.604467538976
