reservoir,value
1,50690.739707710934
2,5294.020930919936
3,20203.45798240492
4,18939.135781421763
