reservoir,value
1,196065.76720357098
2,0.0
3,51806.1
4,7543.867222524527
