reservoir,value
1,41585.480625394266
2,18789.882373904562
3,6805.154393716963
4,2887.1232044682624
