reservoir,value
1,16670.587918857003
2,8852.992466800502
3,5551.452631769995
4,4669.505821009363
