reservoir,value
1,119191.10977731721
2,4412.485066795347
3,20614.747287814844
4,12744.9
