reservoir,value
1,21869.79658380124
2,18311.963332633906
3,2382.263486908433
4,1617.5907270657174
