reservoir,value
1,52487.77447040349
2,19617.2
3,1109.2068756229273
4,2238.2740172699387
