reservoir,value
1,36188.86983772027
2,12733.702985494205
3,4227.478633234555
4,3754.4037953851494
