reservoir,value
1,142670.85071967109
2,0.0
3,32288.241780098084
4,12744.9
