reservoir,value
1,110820.24465740094
2,2959.8421983851185
3,23020.840083571606
4,12744.9
