reservoir,value
1,39671.170517834864
2,5123.170365182399
3,27132.265458474794
4,16593.07409794192
