reservoir,value
1,21023.703962118907
2,12923.425315819724
3,3477.5545841893027
4,3023.4673891161974
