reservoir,value
1,14018.910281288212
2,5366.75547011824
3,1462.6683608972046
4,4026.9359748571374
