reservoir,value
1,146045.1027065411
2,19617.2
3,31849.70802246942
4,6692.412670348329
