reservoir,value
1,23240.52379240601
2,12836.958919979921
3,5939.765268226264
4,5417.345114432997
