reservoir,value
1,93760.54007520496
2,10999.76341141628
3,25844.516955365136
4,12744.9
