reservoir,value
1,18354.92705449402
2,9290.125027744749
3,2855.7105849545437
4,1485.727717805754
