reservoir,value
1,110693.73106562681
2,0.0
3,6801.4561907959305
4,5455.762405625312
