reservoir,value
1,18916.194795894982
2,4322.0201252192555
3,5032.932175752094
4,3368.2533218489098
