reservoir,value
1,117475.85501161768
2,0.0
3,41548.8704916787
4,11028.790022094649
