reservoir,value
1,65303.16000000014
2,7834.700000000001
3,51806.1
4,12744.9
