reservoir,value
1,15931.744767286076
2,29126.1070421791
3,2728.8841935084643
4,1884.230062656632
