reservoir,value
1,17955.804756914666
2,8333.71863534387
3,3291.2444304243863
4,2692.1258994729487
