reservoir,value
1,33508.28227439115
2,14869.41863534387
3,0.0
4,0.0
