reservoir,value
1,124948.41942215097
2,0.0
3,41157.72549904204
4,12744.9
