reservoir,value
1,26827.895713047998
2,19373.283431357177
3,3995.476428691621
4,2498.3706029055697
