reservoir,value
1,44885.37129133603
2,15750.474282853387
3,9960.938621615227
4,5403.3205342155325
