reservoir,value
1,12182.906529415159
2,19617.2
3,667.6174104712918
4,1985.1831254436238
