reservoir,value
1,28372.43786452235
2,9058.183778457174
3,5535.138546353249
4,11028.787974225053
