reservoir,value
1,41517.57872436
2,3450.26145704
3,18639.900436399996
4,17341.20787693
