reservoir,value
1,111360.67988140002
2,0.0
3,30278.255936399997
4,2093.3826560886273
