reservoir,value
1,98280.60190975423
2,6713.481960564646
3,32554.856328889364
4,12744.9
