reservoir,value
1,19374.412008916635
2,7009.524884699835
3,3559.254969307837
4,3467.9018127967315
