reservoir,value
1,16087.857704212525
2,8126.053240047442
3,2913.1039172980854
4,1580.546606369451
