reservoir,value
1,56216.21372312819
2,0.0
3,5833.31007182562
4,4020.988633046913
