reservoir,value
1,51462.25751888837
2,14083.485528899177
3,21116.289257351917
4,14411.23441104412
