reservoir,value
1,0.0
2,1001.9855288991766
3,0.0
4,1957.8495963056846
