reservoir,value
1,99096.72198237444
2,19617.2
3,17683.015723629323
4,4823.484814738436
