reservoir,value
1,16620.896872296984
2,10657.129889106916
3,4009.7495014260453
4,3778.731064592118
