reservoir,value
1,32877.02077156179
2,0.0
3,12347.017328161823
4,12744.9
