reservoir,value
1,122624.11163191358
2,19617.2
3,27459.523100787508
4,12744.9
