reservoir,value
1,41118.5988727919
2,5752.2007556530225
3,9493.466837212782
4,6994.2992162509745
