reservoir,value
1,116166.4302184309
2,0.0
3,13457.89167240911
4,12744.9
