reservoir,value
1,23254.16962514308
2,9354.763408729159
3,5216.467414408758
4,6906.681613441499
