reservoir,value
1,111461.07871720969
2,0.0
3,31431.447317237133
4,12088.660808612289
