reservoir,value
1,49930.27927992013
2,8853.283997632254
3,18945.37025929326
4,20309.428670863184
