reservoir,value
1,104266.64645525227
2,4658.009411983154
3,19448.859184363922
4,3784.342809775305
