reservoir,value
1,56346.609083108066
2,15013.496035642056
3,13173.265859868312
4,5902.716796877833
