reservoir,value
1,74515.5876016801
2,19617.2
3,7685.460786578744
4,1220.4154185606376
