reservoir,value
1,62154.70321265972
2,5452.419469923914
3,11017.779145674884
4,12727.51010223206
