reservoir,value
1,102232.9065212628
2,0.0
3,4165.850212271913
4,0.0
