reservoir,value
1,3751.266015542991
2,292.46934338302987
3,128.0960379574317
4,370.8489519380746
