reservoir,value
1,18911.989919374082
2,6033.777611688886
3,5147.059461644639
4,5129.5643642608065
