reservoir,value
1,111040.284035833
2,0.0
3,9480.923704821485
4,12744.9
