reservoir,value
1,41705.67837297
2,8108.2312364
3,11856.25634975
4,13253.50526032
