reservoir,value
1,116487.74930937
2,0.0
3,23494.611849750003
4,5623.605260318905
