reservoir,value
1,198579.27386236878
2,8578.16530606029
3,33647.6069848481
4,12744.9
