reservoir,value
1,24548.844036921397
2,51062.498773810876
3,4602.6368265528
4,5759.634550728617
