reservoir,value
1,96804.5689105663
2,19617.2
3,36191.47520594511
4,12744.9
