reservoir,value
1,28353.737275878088
2,16941.954374500587
3,3711.3073253536195
4,2981.4960023412164
