reservoir,value
1,186694.0254745026
2,13090.877796631732
3,26402.14005217602
4,12152.396002342184
