reservoir,value
1,76877.55095340736
2,6227.361556563916
3,17964.716600475866
4,19226.697061274466
