reservoir,value
1,168659.2908767868
2,7103.878755203581
3,22415.211926286956
4,4100.807097582996
