reservoir,value
1,93739.70356596
2,9779.914614199999
3,22944.648599919998
4,37290.091045049994
