reservoir,value
1,167915.14496595957
2,10505.535714200641
3,38101.99049992
4,0.0
