reservoir,value
1,145227.38159999976
2,6159.886900000016
3,29262.848900000005
4,0.0
