reservoir,value
1,13008.700979381374
2,11499.465008067888
3,3771.8285027282423
4,1695.6285061926321
