reservoir,value
1,105185.68322833489
2,0.0
3,24987.450671698673
4,9433.822054667708
