reservoir,value
1,17613.89658243482
2,4719.923671466213
3,3602.5328403211615
4,5583.35606710156
