reservoir,value
1,43545.58381308603
2,0.0
3,33920.0210452958
4,10698.35606710156
