reservoir,value
1,50807.42347339708
2,7074.685119955468
3,9472.286272650555
4,9824.914098057689
