reservoir,value
1,52048.67167510812
2,14521.418671924077
3,13547.64295753184
4,20606.58865052434
