reservoir,value
1,0.0
2,1439.9186719240854
3,0.0
4,12976.688650523445
