reservoir,value
1,183476.60944857768
2,19617.2
3,47263.3617391619
4,0.0
