reservoir,value
1,43944.27841262863
2,2114.99901542182
3,10599.108030760299
4,14761.38064002818
