reservoir,value
1,133834.86225158226
2,0.0
3,30047.091527760298
4,12744.9
