reservoir,value
1,21683.46549484697
2,10461.36557689812
3,3787.686829586676
4,3063.1604520454316
