reservoir,value
1,89118.66638763911
2,0.0
3,30021.56921237393
4,6405.682088906766
