reservoir,value
1,42072.770000000324
2,14899.7
3,38251.29979939914
4,10782.1
