reservoir,value
1,138702.3278784965
2,15287.62191980448
3,30298.380701201928
4,12603.893516879649
