reservoir,value
1,162619.30309198
2,3015.8684039999844
3,36109.729014360004
4,0.0
