reservoir,value
1,26569.251083174026
2,8450.594498786093
3,4473.822830294461
4,3644.555010751981
