reservoir,value
1,120040.85919054203
2,2985.9697397617256
3,15555.381558514695
4,12744.9
