reservoir,value
1,26290.690697031656
2,2545.7125994914477
3,17024.530672303124
4,14977.199177007253
