reservoir,value
1,40484.69242660171
2,28440.966400235466
3,3559.3285453739227
4,1911.0470794743803
