reservoir,value
1,140747.19120853997
2,19617.2
3,7467.728949840704
4,3237.6385557047442
