reservoir,value
1,43784.49702764314
2,21031.74415662123
3,8714.761226919692
4,6765.698255032124
