reservoir,value
1,70157.14598749368
2,16699.151667207207
3,23519.91561251022
4,0.0
