reservoir,value
1,30291.869255779406
2,15887.944069371511
3,5372.379656434564
4,9263.836212512408
