region,depth,value
1,1,32.304300000000005
1,2,7.735700000000001
1,3,14.520800000000005
1,4,11.628469700558979
2,1,9.577086609518307
2,2,3.3153
2,3,3.1116
2,4,2.0316
3,1,1.889823046235906
3,2,2.2102000000000004
3,3,0.8568087391712812
3,4,0.0
4,1,0.0
4,2,0.0
4,3,0.0
4,4,0.0
