from,to,value
1,1,0.0
1,2,2562.2004084321393
1,3,167.31253521372957
1,4,0.0
1,5,433.29327525237403
2,1,1143.9099475545165
2,2,0.0
2,3,0.0
2,4,0.0
2,5,0.0
3,1,247.60149788983773
3,2,0.0
3,3,0.0
3,4,0.0
3,5,567.0411912694423
4,1,0.0
4,2,0.0
4,3,0.0
4,4,0.0
4,5,1868.646400770403
5,1,1761.159902073861
5,2,0.0
5,3,845.8159419241546
5,4,262.00502329419294
5,5,0.0
