reservoir,value
1,18146.43449750035
2,11019.830020274718
3,3684.477208420697
4,2549.2280583228635
