reservoir,value
1,18038.200976358734
2,11874.518984578826
3,3329.0740483007435
4,1975.7163229359007
