reservoir,value
1,101134.5212275467
2,5081.77470639028
3,18227.068516129017
4,8208.730582768632
