reservoir,value
1,8449.555532123704
2,0.0
3,0.0
4,9063.50728554864
