reservoir,value
1,200717.6
2,6851.518000020038
3,46483.74662339516
4,10038.774214571116
