reservoir,value
1,29173.074014764778
2,15583.03650591982
3,3571.4759025849476
4,2658.2426346787715
