reservoir,value
1,149317.41805593861
2,19617.2
3,15621.963660728838
4,11829.14263467877
