reservoir,value
1,19096.3420441325
2,13781.454327916561
3,3315.2089981340905
4,3212.755482232994
