reservoir,value
1,114981.32385391288
2,8129.068110671071
3,11742.396033564033
4,12715.655482232993
