reservoir,value
1,40120.27258052539
2,19617.2
3,51264.299999999996
4,12713.1
