reservoir,value
1,43440.59008033424
2,0.0
3,5099.633161413264
4,12744.9
