reservoir,value
1,61383.423852207656
2,7461.219019661163
3,17755.233501544535
4,12095.706218779102
