reservoir,value
1,28709.773203036944
2,12199.453871802114
3,3140.011806427121
4,2263.0968203825887
