reservoir,value
1,39085.632642769044
2,21.883871802083167
3,11019.951004463308
4,10418.66030729836
