reservoir,value
1,21612.656928304215
2,3639.5646198871427
3,2789.7182258530606
4,2286.8639822818286
