reservoir,value
1,11706.695559372634
2,4046.368591209165
3,3337.9905556612016
4,3384.51107859926
