reservoir,value
1,99814.96128461881
2,0.0
3,13276.033264685215
4,7050.997090671052
