reservoir,value
1,40314.501511178096
2,5552.378032838899
3,7504.853547325798
4,14089.519587519299
