reservoir,value
1,104908.089560005
2,0.0
3,10227.902169559247
4,12744.9
