reservoir,value
1,35205.546089899755
2,22219.88530041473
3,3080.5161202744516
4,6738.190772946139
