reservoir,value
1,152365.71240761445
2,9138.38530041473
3,17006.783361820017
4,12744.9
