reservoir,value
1,38422.37425205925
2,35681.504593475795
3,5872.3669678495435
4,8931.070766554118
