reservoir,value
1,162383.3227304197
2,19617.2
3,20985.983707034702
4,12744.9
