reservoir,value
1,119718.9335997526
2,0.0
3,43908.183466911
4,12744.9
