reservoir,value
1,81705.21406028763
2,19617.2
3,200.02347914300628
4,8971.012475579666
