reservoir,value
1,92713.61740000277
2,2292.474599999944
3,20767.097500000003
4,12744.9
