reservoir,value
1,72772.0728732022
2,13634.464503976018
3,14491.861594230195
4,5989.76446695808
