reservoir,value
1,97491.43016752636
2,19617.2
3,10724.938880845973
4,0.0
