reservoir,value
1,26857.12343432561
2,7884.325543948811
3,3614.0549305246896
4,4419.702023793581
