reservoir,value
1,141863.77730747106
2,0.0
3,12962.047157431209
4,12744.9
