reservoir,value
1,77150.4618714
2,4528.2960881
3,16462.695225120002
4,21160.53042824
