reservoir,value
1,38057.94348760991
2,4085.294169270761
3,7629.79918357813
4,4080.9026523453254
