reservoir,value
1,51639.825033529676
2,3546.2941692712884
3,0.0
4,0.0
