reservoir,value
1,42964.283371688645
2,13813.346576640704
3,5183.368458424155
4,4778.682659000124
