reservoir,value
1,198297.50337168865
2,19617.2
3,33006.65970183665
4,0.0
