reservoir,value
1,22898.61635082942
2,11644.488790055264
3,4010.748718261734
4,3627.0923394080883
