reservoir,value
1,140153.51350000003
2,1894.8356999999598
3,26920.7531
4,12744.9
