reservoir,value
1,84278.07129750974
2,10601.336442227397
3,8194.769905005269
4,8576.446582565428
