reservoir,value
1,96750.50963149231
2,10453.221513074304
3,3215.469905005387
4,946.5465825654283
