reservoir,value
1,13507.097023642646
2,5084.183393207306
3,3669.342436060444
4,2026.1202288592303
