reservoir,value
1,58270.161621471765
2,4200.254504849087
3,14275.605257354156
4,9513.338187455316
