reservoir,value
1,37179.083542230306
2,12382.121802383404
3,31183.537205357967
4,2835.302149870572
