reservoir,value
1,62900.101392228215
2,19617.2
3,22925.51114035574
4,8800.476741804603
