reservoir,value
1,0.0
2,1708.284542163284
3,0.0
4,630.5290116098913
