reservoir,value
1,199292.67893253648
2,19617.2
3,37310.85729632785
4,12744.9
