reservoir,value
1,14474.919180132878
2,6802.051690841293
3,2976.624569554619
4,2006.4619877035243
