reservoir,value
1,73675.192389437
2,0.0
3,1519.0721541300245
4,3526.085197127878
