reservoir,value
1,28336.203112106545
2,30124.09335433653
3,3031.5858536948954
4,1621.806320318051
