reservoir,value
1,17399.9911056958
2,8724.976473679457
3,3223.08678317591
4,3740.4394414148674
