reservoir,value
1,81142.89979711456
2,0.0
3,23144.727218738553
4,10412.998986942497
