reservoir,value
1,33127.19789221662
2,4018.459447153098
3,6286.663751799598
4,10633.287821901347
