reservoir,value
1,88029.71531724642
2,0.0
3,24544.377775812023
4,12744.9
