reservoir,value
1,35266.76523858994
2,12112.981489809272
3,7949.7532974297
4,11226.8762269381
