reservoir,value
1,33651.632548053676
2,4091.1382763135734
3,7768.932351271817
4,5544.126225061998
