reservoir,value
1,39772.60547611547
2,2371.1301573044616
3,9407.678412039682
4,12988.880437161315
