reservoir,value
1,131957.95794658893
2,0.0
3,20828.9392431791
4,10659.727780942247
