reservoir,value
1,134443.15902175824
2,19617.2
3,27715.848920431876
4,6635.650760227507
