reservoir,value
1,51969.680038023726
2,6216.4957438704
3,12400.365979450575
4,23721.2579318056
