reservoir,value
1,17539.294616572162
2,12026.116796944949
3,3705.1601028928735
4,2494.678493424709
