reservoir,value
1,36034.98870919331
2,0.0
3,722.4270717052003
4,2672.1183873853456
