reservoir,value
1,34711.93178753645
2,5911.386920407724
3,6231.45635577105
4,5419.143778276724
