reservoir,value
1,24614.861729434444
2,7208.693762956276
3,3236.0749038147733
4,2016.531783747238
