reservoir,value
1,137490.57815038585
2,0.0
3,21764.63640787833
4,3905.4968302884804
