from,to,value
1,1,0.0
1,2,0.0
1,3,0.0
1,4,0.0
1,5,1013.0177081655521
2,1,1875.166657325819
2,2,0.0
2,3,0.0
2,4,0.0
2,5,0.0
3,1,0.0
3,2,0.0
3,3,0.0
3,4,0.0
3,5,110.88229183447092
4,1,0.0
4,2,0.0
4,3,0.0
4,4,0.0
4,5,0.0
5,1,0.0
5,2,0.0
5,3,0.0
5,4,1123.8999999999996
5,5,0.0
