reservoir,value
1,110825.7135720937
2,0.0
3,20937.236484978414
4,12744.9
