reservoir,value
1,30857.429755130444
2,9740.45144313112
3,6783.982122153125
4,2924.6878953462406
