reservoir,value
1,22167.568506621123
2,7741.87014986018
3,2609.3282885686936
4,1272.0980692768612
