reservoir,value
1,31405.554695411178
2,0.0
3,950.8353516067017
4,7701.769774055047
