reservoir,value
1,30570.10690243003
2,5166.679944862615
3,12386.721525945164
4,8402.36919126278
