reservoir,value
1,101484.24658848013
2,4736.375789410319
3,8867.082729408361
4,2358.1353857908916
