reservoir,value
1,15832.538915255387
2,18471.806186839505
3,2878.9175211724414
4,1687.590988118577
