reservoir,value
1,21581.36722895193
2,25057.90407932443
3,3648.5231521771707
4,2773.846869437388
