reservoir,value
1,86707.41418882704
2,19617.2
3,18907.062881000067
4,11275.255518581895
