reservoir,value
1,24750.807145232804
2,25802.12018138155
3,3707.5315722753817
4,3399.874738899759
