reservoir,value
1,26362.047463571562
2,29554.57819469737
3,11616.649247295249
4,9345.112881732948
