reservoir,value
1,127645.51994483164
2,19581.059406154705
3,41527.80117615679
4,12744.9
