reservoir,value
1,65084.798311039995
2,3627.08201078
3,20101.79030656
4,13951.343482500002
