reservoir,value
1,148171.84582182
2,0.0
3,36625.71270656001
4,7676.5943771119455
