reservoir,value
1,28740.517310317562
2,5843.844708059251
3,8663.264930602165
4,9760.3276687812
