reservoir,value
1,120071.47593901781
2,0.0
3,27090.75124843754
4,12744.9
