reservoir,value
1,54001.35940057545
2,11434.42325724549
3,6606.8886598378085
4,4235.505850148024
