reservoir,value
1,15685.85135619234
2,5841.403133702941
3,4456.223401068869
4,2885.3202249827423
