reservoir,value
1,75584.68205825676
2,0.0
3,26884.279889739584
4,11912.708762554676
