reservoir,value
1,19160.30214492393
2,8294.578442622109
3,4453.400848111688
4,2866.6229704760767
