reservoir,value
1,77379.62658511536
2,0.0
3,17602.343953614898
4,7317.48874915731
