reservoir,value
1,135835.65936296206
2,748.1125858592844
3,26736.936882343576
4,12744.9
