reservoir,value
1,30999.641215769298
2,6507.872975562888
3,12139.678461522986
4,10940.28823990146
