reservoir,value
1,106568.70247649294
2,0.0
3,22868.22547898328
4,9506.579522170901
