region,depth,value
1,1,94.26800000000001
1,2,24.01
1,3,21.454
1,4,13.012
2,1,35.943743597497466
2,2,6.0025
2,3,5.3635
2,4,3.253
3,1,0.0
3,2,0.0
3,3,0.0
3,4,0.0
4,1,0.0
4,2,0.0
4,3,0.0
4,4,0.0
