region,depth,value
1,1,95.49572620528103
1,2,24.795246184248608
1,3,21.365999999999993
1,4,13.127999999999997
2,1,4.6611
2,2,1.1933
2,3,1.0683
2,4,0.6564000000000001
3,1,0.0
3,2,0.0
3,3,0.0
3,4,0.0
4,1,0.0
4,2,0.0
4,3,0.0
4,4,0.0
