from,to,value
1,1,0.0
1,2,1363.3242239867748
1,3,211.89816862243933
1,4,0.0
1,5,1001.8782919372853
2,1,2633.27780637825
2,2,0.0
2,3,0.0
2,4,0.0
2,5,0.0
3,1,323.94260082964274
3,2,0.0
3,3,0.0
3,4,0.0
3,5,1231.280858848107
4,1,0.0
4,2,0.0
4,3,0.0
4,4,0.0
4,5,3.1000387051957747
5,1,834.5221767890006
5,2,0.0
5,3,261.37346430627156
5,4,1140.363548395232
5,5,0.0
