from,to,value
1,1,0.0
1,2,1678.0735900401942
1,3,220.6096623422389
1,4,0.0
1,5,1076.190958903997
2,1,1547.6369062295748
2,2,0.0
2,3,0.0
2,4,0.0
2,5,0.0
3,1,310.0
3,2,0.0
3,3,0.0
3,4,0.0
3,5,1214.0883350490542
4,1,0.0
4,2,0.0
4,3,0.0
4,4,0.0
4,5,0.0
5,1,781.2921509306485
5,2,0.0
5,3,262.58214302240185
5,4,1246.404999999998
5,5,0.0
