reservoir,value
1,62369.78714465491
2,9414.175615118069
3,14357.153046656225
4,13979.225151631834
