reservoir,value
1,57896.4023268941
2,8197.090407024063
3,16656.062912527217
4,17210.808780069623
