reservoir,value
1,59117.05926958801
2,9779.073137108371
3,15537.644745166192
4,14375.563944377189
