reservoir,value
1,595.3256053882611
2,1061.0204898194445
3,1000.2831517107138
4,5335.568097013221
