reservoir,value
1,1294.7245198396165
2,523.2453152104882
3,1746.9435165382488
4,4043.876807025538
