reservoir,value
1,1160.064725458363
2,539.9412492284613
3,629.97786655668
4,5075.160368668634
