reservoir,value
1,105953.80427564468
2,8018.742174038442
3,20111.753920047086
4,4823.560603983797
