reservoir,value
1,116738.70020292785
2,6176.103442586935
3,27792.96818326728
4,9412.055832108961
