reservoir,value
1,32640.8079933948
2,5108.160374912076
3,26963.119519960186
4,19444.985880090775
