reservoir,value
1,0.0
2,0.0
3,5548.6187461597365
4,14935.957597560011
