reservoir,value
1,181938.70035994618
2,12226.513041605904
3,20771.61669216022
4,9422.264044433936
