reservoir,value
1,40516.788773443
2,3355.6516256872824
3,25829.535810665046
4,23527.368594579304
