reservoir,value
1,112953.10078374934
2,0.0
3,38029.311981258994
4,8524.73551946908
