reservoir,value
1,79258.67533104669
2,0.0
3,18709.245183525833
4,12163.240828770233
