reservoir,value
1,62798.1820355223
2,9545.460399814569
3,18474.55402544203
4,10694.15924032614
