reservoir,value
1,86733.90140872232
2,19617.2
3,39463.54134106617
4,5764.945272158782
