reservoir,value
1,0.0
2,201.04996850671887
3,1104.9163672148206
4,403.7923431987356
