reservoir,value
1,17648.994776037518
2,10026.889923181181
3,3235.8798460135677
4,1709.2818291021276
