reservoir,value
1,66390.26745552292
2,11258.955163280014
3,12652.679441756281
4,8863.109999841417
