reservoir,value
1,8357.52630543989
2,3081.2000000000007
3,0.0
4,0.0
