reservoir,value
1,63068.2535
2,5451.4972
3,12199.383600000001
4,13228.131300000001
