reservoir,value
1,15063.77950353078
2,10339.19952659408
3,3388.4499312981397
4,2200.201841463442
