reservoir,value
1,20138.09580714448
2,7807.137107532167
3,4687.46224635587
4,2361.4518303548048
