reservoir,value
1,115988.03697260315
2,0.0
3,37489.37346327624
4,3703.424527059306
