reservoir,value
1,127636.67539627603
2,0.0
3,34531.370676160994
4,12020.120111509063
