reservoir,value
1,109773.30760000003
2,0.0
3,15349.029300000004
4,6527.223415256427
