reservoir,value
1,49168.85007974061
2,0.0
3,9329.937201729223
4,11356.47592104144
