reservoir,value
1,49409.60101764981
2,2698.8048153772393
3,11849.246777997236
4,16419.79483050837
