reservoir,value
1,42248.31401700272
2,5203.929533488766
3,14037.015218573732
4,11661.600522131805
