reservoir,value
1,112143.82133348158
2,6479.830446996927
3,28549.353429285155
4,8821.44728349589
