reservoir,value
1,57457.05328449469
2,12748.130810369663
3,10153.600716683082
4,4164.898563353355
