reservoir,value
1,27198.44797678405
2,3610.4944480088006
3,38457.500112324786
4,0.0
