reservoir,value
1,25226.563808682295
2,6067.112111569937
3,7479.585458866362
4,8325.990379714023
