reservoir,value
1,104817.28061953295
2,0.0
3,44592.261632021306
4,12744.9
