reservoir,value
1,22469.779935139886
2,33033.895349821774
3,2502.1287125196595
4,2367.9202369686673
