reservoir,value
1,39953.06010336
2,8447.6114545
3,15531.84493234
4,12318.74592134
