reservoir,value
1,95636.72282975065
2,0.0
3,23690.537632340754
4,12744.9
