reservoir,value
1,24957.462901998584
2,6614.160324563467
3,10199.293014511417
4,4784.900177516899
