reservoir,value
1,33996.01180187748
2,4226.0421045888825
3,9745.241951769156
4,6878.601201636333
