reservoir,value
1,0.0
2,46241.500000000044
3,60922.19999675634
4,9671.1
