reservoir,value
1,87302.92710847162
2,9840.781551697695
3,29640.086034511914
4,7695.129666347796
