reservoir,value
1,18699.352979767624
2,23580.60796089988
3,2843.666949126637
4,1881.6310865213059
