reservoir,value
1,95828.08358162432
2,0.0
3,5666.979616906856
4,4196.027203674594
