reservoir,value
1,18424.86122636057
2,5817.924028555195
3,4139.81698386159
4,3951.241027785125
