reservoir,value
1,29271.897276000003
2,2981.09141499
3,13368.434573640001
4,13181.170943179999
