reservoir,value
1,96219.45659099003
2,0.0
3,26376.784473698837
4,4662.249840463076
