reservoir,value
1,53011.79934696719
2,4721.580660165207
3,10068.599651492357
4,9438.992764011795
