reservoir,value
1,82668.9121950124
2,12134.183203774814
3,167.6996514923576
4,1809.0927640117952
