reservoir,value
1,21774.01588711018
2,6893.082775205718
3,2562.8015417196184
4,3300.3288124653955
