reservoir,value
1,76567.90973236931
2,0.0
3,19336.55992094133
4,3452.6689732747864
