reservoir,value
1,122699.48741154943
2,0.0
3,8061.660909506993
4,9282.763906142016
