reservoir,value
1,20154.84755992983
2,6188.175506633115
3,6711.034619082392
4,6266.406206905528
