reservoir,value
1,35924.222627811156
2,0.0
3,3152.090873612426
4,9890.459212989244
