reservoir,value
1,19411.25550954218
2,11815.144506264784
3,3144.8032856052805
4,1937.3538216995023
