reservoir,value
1,49753.73323339448
2,0.0
3,13472.439043525856
4,6771.561993977442
