reservoir,value
1,183205.08663237368
2,13171.064214108874
3,16388.50689113464
4,2856.075901158676
