reservoir,value
1,47702.11855136
2,7801.43790947
3,35571.291476649996
4,19506.8026856
