reservoir,value
1,144864.93435136
2,512.3906094700142
3,41820.17377371123
4,12744.9
