reservoir,value
1,60095.926531225974
2,6229.871837442181
3,14693.19880814867
4,16835.32799374943
