reservoir,value
1,120574.20990872406
2,5875.232213687115
3,25048.136436442037
4,3817.7493710342555
