reservoir,value
1,19488.602992204153
2,2599.501347245201
3,3660.140835950377
4,3630.1203361305693
