reservoir,value
1,14460.140219663608
2,9377.980189051914
3,3585.652793866315
4,2639.4398827856426
