reservoir,value
1,128191.61055403727
2,0.0
3,24840.87610679648
4,12744.9
