reservoir,value
1,55595.28356968785
2,0.0
3,1190.8932579026284
4,3019.7610758088645
