reservoir,value
1,99891.87969404062
2,0.0
3,6823.94994506371
4,3946.788592577188
