reservoir,value
1,146809.99850104688
2,4738.027031882884
3,40123.66336637711
4,6657.666932464982
