reservoir,value
1,46910.34670383
2,6663.440275350001
3,9838.13927389
4,16155.370077119998
