from,to,value
1,1,0.0
1,2,629.0891091477424
1,3,0.0
1,4,0.0
1,5,0.0
2,1,0.0
2,2,0.0
2,3,0.0
2,4,0.0
2,5,0.0
3,1,1000.0
3,2,0.0
3,3,0.0
3,4,0.0
3,5,3309.576714038501
4,1,0.0
4,2,0.0
4,3,0.0
4,4,0.0
4,5,0.0
5,1,2162.6767140383286
5,2,0.0
5,3,0.0
5,4,1146.899999999682
5,5,0.0
