reservoir,value
1,24981.32262649312
2,8265.089109147742
3,5211.822211250312
4,3228.0932064366016
