reservoir,value
1,32378.306515155506
2,3823.555721680469
3,14295.682277208001
4,8674.016259308859
