reservoir,value
1,17254.237164206104
2,11984.000617456502
3,2608.5490003938044
4,1419.624464588922
