reservoir,value
1,12104.34291690374
2,18519.700617456503
3,2276.93443681268
4,1428.982265770705
