reservoir,value
1,27730.00523403747
2,5860.761661846659
3,10336.286057937872
4,11335.590838748767
