reservoir,value
1,137376.3895371476
2,0.0
3,38095.01322389644
4,12744.9
