reservoir,value
1,0.0
2,0.0
3,42158.69602079586
4,9248.74649142976
