reservoir,value
1,12952.638646310015
2,24402.592824030722
3,2931.2743485457913
4,2179.4917940033492
