reservoir,value
1,31770.364213471832
2,11613.939360282271
3,5527.390725538571
4,4201.303743361266
