reservoir,value
1,18865.08511806567
2,13996.445871241245
3,3493.655689272543
4,2488.027783478812
