reservoir,value
1,113009.86080871095
2,0.0
3,23028.632011079393
4,12744.9
