reservoir,value
1,50914.884218476895
2,8555.579575719672
3,24024.999505711905
4,14020.897122103619
