reservoir,value
1,19363.269413465285
2,11278.725067971765
3,4165.605079670929
4,2689.966367441356
