reservoir,value
1,15232.617085035856
2,10840.654603717725
3,3187.5063317025083
4,1630.671043983046
