reservoir,value
1,14746.607573393812
2,8541.159365128115
3,9814.114571812886
4,9353.311576795517
