reservoir,value
1,41407.9594422956
2,14773.59357345011
3,8999.024463696747
4,20551.944827199597
