reservoir,value
1,122006.34944197563
2,1692.0935734501109
3,24209.447864716753
4,12744.9
