reservoir,value
1,19762.446362478928
2,13693.91203288427
3,3630.9985563725886
4,2557.9214018853313
