reservoir,value
1,59423.45325233126
2,13550.579256328834
3,3868.4914268450093
4,2380.905239125183
