reservoir,value
1,185992.64999372847
2,0.0
3,35258.3618529712
4,12744.9
