reservoir,value
1,16681.561774243317
2,15348.07786121971
3,3490.4087747969465
4,2713.3444531194195
