reservoir,value
1,70089.64104754242
2,2266.57786121971
3,2789.2788250069607
4,12071.24445311942
