reservoir,value
1,29973.961798839548
2,3612.551366315792
3,8923.305708739252
4,11777.888764975047
