reservoir,value
1,185277.26179883955
2,2084.8320961532772
3,50828.50570873925
4,10284.911108294773
