reservoir,value
1,36019.9851950749
2,5716.6988957637905
3,11314.787322314882
4,12600.683693780646
