reservoir,value
1,117371.90570303868
2,0.0
3,20073.33170951489
4,11680.789046814025
