reservoir,value
1,32147.761902662984
2,4703.042545549636
3,3496.807081099774
4,4101.786961377478
