reservoir,value
1,143762.20885560062
2,0.0
3,3191.3117143804784
4,9403.689506926914
