reservoir,value
1,21917.617783706177
2,9680.339179676763
3,8205.296794918191
4,3064.9957081764014
