reservoir,value
1,39326.729801285095
2,15600.70857883917
3,28324.722373486533
4,0.0
