reservoir,value
1,53544.900820127616
2,8132.32983151218
3,18623.050740059414
4,21038.600482961203
