reservoir,value
1,110439.40482537434
2,5403.295559244719
3,22100.676170595252
4,5018.010054762712
