reservoir,value
1,25515.019753650377
2,9682.348360534248
3,6932.540411316966
4,7486.34770053345
