reservoir,value
1,118294.04050251181
2,0.0
3,21443.278479010733
4,12744.9
