reservoir,value
1,39521.963251482426
2,5616.939383650073
3,14409.991450411237
4,13643.581765676008
