reservoir,value
1,35169.87174841
2,0.0
3,13015.493812817427
4,5870.35015788424
