reservoir,value
1,86801.42443514161
2,13384.151200677867
3,21377.44843300077
4,11371.684851733999
