reservoir,value
1,37871.69790180924
2,6646.56128341194
3,10011.009217485842
4,14688.89928543143
