reservoir,value
1,121887.22595456555
2,0.0
3,20820.67904281585
4,12744.9
