reservoir,value
1,31897.942306838908
2,5861.719166696563
3,6083.28543861966
4,11321.106771893128
