reservoir,value
1,109635.2103060438
2,0.0
3,14396.072326467533
4,12661.569783788162
