reservoir,value
1,29744.54537179562
2,17443.37407955605
3,3359.8503087286763
4,1733.736158555064
