reservoir,value
1,34989.68588727956
2,6867.176701884446
3,5070.874193937059
4,3006.2888213620945
