reservoir,value
1,24111.8132050776
2,3851.6679331913215
3,6956.96751843844
4,3323.8430228564625
