reservoir,value
1,65809.97181357791
2,0.0
3,22223.3947625933
4,0.0
