reservoir,value
1,32846.0867317105
2,3780.4642072839347
3,13358.267021490543
4,9496.748172287
