reservoir,value
1,186442.74582818602
2,0.0
3,45202.108903479115
4,12744.9
