reservoir,value
1,157210.27139833636
2,9115.077758057783
3,51806.1
4,11881.641066944409
