reservoir,value
1,35323.75022295005
2,7351.52808205069
3,3405.4759409078433
4,0.0
