reservoir,value
1,24321.223923332043
2,25952.695591113028
3,4284.553013119975
4,3600.3997378330696
