reservoir,value
1,123981.02941282139
2,0.0
3,32926.661372680144
4,10885.353225319373
