reservoir,value
1,23418.27462492566
2,16322.570389064183
3,3877.774817267345
4,2996.677952324936
