reservoir,value
1,0.0
2,0.0
3,4398.650263151261
4,2322.163312105238
