reservoir,value
1,29911.484897235798
2,9501.89852647808
3,4699.53997678531
4,2294.715296432699
