reservoir,value
1,2393.738204912188
2,0.0
3,1051.3214371823597
4,0.0
