reservoir,value
1,69342.21676970433
2,6782.643888639753
3,9725.991055459352
4,15315.910706420867
