reservoir,value
1,128846.56922034507
2,0.0
3,24839.94370769998
4,3302.6524876040057
