reservoir,value
1,16393.795598352324
2,17712.259019705583
3,3180.8649755743013
4,2324.1863929807487
