reservoir,value
1,52434.32412121299
2,6313.31191154453
3,22748.64633044794
4,10661.784323390162
