reservoir,value
1,29763.109339135735
2,12988.822009868829
3,6714.815388373647
4,2504.841751056038
