reservoir,value
1,23168.31256438235
2,52542.86949702867
3,4118.685572013661
4,4660.589073422796
