reservoir,value
1,23057.749537832315
2,5524.221631216565
3,3895.329994644666
4,5672.298581531586
