reservoir,value
1,33396.593776191425
2,5183.606485938693
3,5933.406696657756
4,12951.677175118173
