reservoir,value
1,41275.207227979095
2,0.0
3,22193.948792761792
4,5681.858434449963
