reservoir,value
1,52050.092487140006
2,3630.7444733
3,11718.341118710001
4,22597.9890356
