reservoir,value
1,107448.33056044002
2,0.0
3,21713.859018710005
4,0.0
