reservoir,value
1,21364.09677096767
2,46664.37868861159
3,4027.8768290923135
4,3628.984362401532
