reservoir,value
1,64880.97011814277
2,19617.2
3,23243.062962496842
4,12744.9
