reservoir,value
1,25666.770434235976
2,20722.63621612594
3,4041.948635982613
4,5520.522332450806
