reservoir,value
1,111942.43914716817
2,7641.1362161259385
3,22395.02848759311
4,7385.902503930026
