reservoir,value
1,21650.596949020328
2,4379.127831687169
3,3387.1372405779816
4,1847.9367255951074
