reservoir,value
1,28263.986563495797
2,7405.235567036081
3,8380.748296164526
4,4412.570788551592
