reservoir,value
1,74133.07097934574
2,7231.163433422513
3,21051.342394569772
4,0.0
