reservoir,value
1,81127.37905544767
2,2526.5686171161433
3,16315.37635708104
4,12744.9
