reservoir,value
1,79410.78225572
2,3809.550596
3,17620.16527433
4,19327.0915788
