reservoir,value
1,60494.79614200784
2,0.0
3,13880.743269456068
4,12278.951054504476
