reservoir,value
1,117135.33735207049
2,14557.971648802217
3,27748.956631100536
4,12744.9
