reservoir,value
1,116225.51934254546
2,14191.425848622896
3,27337.547038574587
4,5342.65623801671
