reservoir,value
1,25568.261050117173
2,20510.61378275451
3,3880.1744843599918
4,5162.434561091105
