reservoir,value
1,128804.4818097804
2,7429.11378275451
3,14202.48703542994
4,12744.9
