reservoir,value
1,103730.87435158213
2,6487.640589221007
3,49876.779630624325
4,0.0
