reservoir,value
1,24980.136480465266
2,3766.0104751895847
3,9795.22650897117
4,7952.074227168201
