reservoir,value
1,0.0
2,0.0
3,1366.8765089711706
4,322.17422716820147
