reservoir,value
1,109320.21999999972
2,19617.2
3,23623.300000000003
4,7277.1
