reservoir,value
1,48593.2620521644
2,5493.174921105974
3,13825.974851620522
4,9259.477202705242
