reservoir,value
1,50978.097265823395
2,8651.928928736597
3,3925.074851620522
4,1629.5772027052426
