reservoir,value
1,29231.29348259317
2,4363.88288175964
3,10977.230345080388
4,14945.41374226459
