reservoir,value
1,128617.32468779373
2,0.0
3,17605.358733681183
4,12744.9
