reservoir,value
1,13303.853899814467
2,22868.429031994325
3,3293.636605292124
4,2083.260121758381
