reservoir,value
1,2217.4075796209336
2,19617.2
3,6968.783126365727
4,4288.10787349455
