reservoir,value
1,60925.31214088904
2,3193.485349132573
3,13172.519687016136
4,20393.445198399437
