reservoir,value
1,57163.78680698356
2,0.0
3,10514.22288065138
4,2656.0314445597633
