reservoir,value
1,23377.34570301752
2,10445.516043383595
3,4148.794604388008
4,2129.1992482397814
