reservoir,value
1,117432.22068360918
2,496.22344651970616
3,25720.182217878464
4,3042.056873229151
