reservoir,value
1,25464.08091634782
2,12471.916552064593
3,7780.2014508192215
4,11113.758513282603
