reservoir,value
1,24681.992306965585
2,18969.64725018633
3,2599.7069843218214
4,970.0491655328891
