reservoir,value
1,71111.93502406092
2,19617.2
3,2467.265310199966
4,1521.8403639273401
