reservoir,value
1,27137.010530402276
2,5035.360783872362
3,4824.255397290665
4,3031.418763857976
