reservoir,value
1,170102.98538862626
2,0.0
3,36843.970542551135
4,8926.854940856048
