reservoir,value
1,19839.63267337853
2,13712.409483504493
3,2950.485990116896
4,2308.3513128861396
