reservoir,value
1,61543.48501103304
2,16949.599614724735
3,5906.491311235013
4,1014.4155173370636
