reservoir,value
1,14944.256988776724
2,12470.303012944489
3,3593.841801016241
4,2601.727396018277
