reservoir,value
1,21638.66032833023
2,0.0
3,1673.4834406088212
4,1772.592598405176
