reservoir,value
1,30762.457410596428
2,2076.9620564926718
3,20605.809786563004
4,7971.8035949169525
