reservoir,value
1,115798.75981443356
2,0.0
3,51806.1
4,4405.617182703441
