reservoir,value
1,33128.87107274819
2,11320.581301542123
3,2947.183430822258
4,11268.826159864711
