reservoir,value
1,79049.98566755364
2,0.0
3,13028.555189610379
4,12744.9
