reservoir,value
1,42298.03774468963
2,2755.5917869089208
3,17026.137783641003
4,10112.510347515845
