reservoir,value
1,44757.57551164795
2,0.0
3,33180.41429127064
4,3932.8111561834266
