reservoir,value
1,91339.48235277063
2,0.0
3,10759.368911977645
4,11734.856804990975
