reservoir,value
1,29558.371857277198
2,7827.229248774486
3,6179.931823419505
4,4684.177659997674
