reservoir,value
1,5560.535983340393
2,7429.229248766397
3,3965.542550724729
4,0.0
