reservoir,value
1,34727.71756884517
2,7104.482588882214
3,11147.776683708571
4,5554.727063003943
