reservoir,value
1,150632.46837416769
2,13602.646779604835
3,29652.263250684933
4,6762.626842952555
