reservoir,value
1,148311.70376749814
2,4674.841687381852
3,38535.00960608
4,10018.793398972313
