reservoir,value
1,59323.142606499634
2,6153.240658051276
3,13187.441912478218
4,14367.60545299272
