reservoir,value
1,81763.22477313006
2,4978.240658051088
3,39302.11300224859
4,12744.9
