reservoir,value
1,37992.5817223544
2,10896.499653564613
3,10412.814546109646
4,8816.387995478617
