reservoir,value
1,0.0
2,17495.48803730942
3,23809.35871610244
4,1674.7879954786167
