reservoir,value
1,63543.70140771771
2,7126.432667705017
3,8598.104311365141
4,13495.615943749362
