reservoir,value
1,0.0
2,0.0
3,10286.170535037505
4,3336.0043118600515
