reservoir,value
1,49377.48695517734
2,24096.824543060182
3,16427.5621126598
4,9238.329419567233
