reservoir,value
1,0.0
2,5894.645153986785
3,6611.062112659802
4,2593.3294195672333
