reservoir,value
1,64773.99440135963
2,7400.180490997191
3,16323.99586301882
4,21902.900922371882
