reservoir,value
1,18418.69468001115
2,2548.727450019287
3,3406.8400420359726
4,2673.4915959099853
