reservoir,value
1,30581.480000000498
2,2116.2000000000007
3,51806.1
4,12744.9
