reservoir,value
1,122416.24269999997
2,0.0
3,25316.128600000004
4,12536.995
