reservoir,value
1,105747.13692752991
2,0.0
3,18581.331447360648
4,8399.80849679993
