reservoir,value
1,45239.51960954185
2,36511.71753349283
3,4249.004278464891
4,5014.918713331807
