reservoir,value
1,48907.67717271764
2,8420.93999065288
3,20068.12019230845
4,15044.769334707504
