reservoir,value
1,90947.41675571
2,5355.073146471656
3,16974.495046248026
4,8171.940181141828
