reservoir,value
1,16636.902893762446
2,15438.029794144066
3,2482.6942794401434
4,2140.9583454061567
