reservoir,value
1,90922.43086590385
2,19617.2
3,14451.653545001654
4,0.0
