reservoir,value
1,25342.218002430804
2,4763.7174526786985
3,5677.044417074405
4,12171.442426102441
