reservoir,value
1,46981.138054775554
2,0.0
3,4209.754675076048
4,0.0
