reservoir,value
1,22416.254323488334
2,15953.407202475555
3,3179.4278903801796
4,2082.5884514113213
