reservoir,value
1,31100.176471664574
2,2871.907202475555
3,4703.943116477335
4,9539.269046672372
