reservoir,value
1,26030.61101080026
2,20878.362091149163
3,2604.7724890118266
4,1685.581821966301
