reservoir,value
1,18860.28239853446
2,24574.704787523806
3,3293.175144979643
4,1339.3271786802768
