reservoir,value
1,94291.78661984458
2,19617.2
3,14542.68443078879
4,2032.9041450059929
