reservoir,value
1,66851.98813812014
2,10449.344415916588
3,0.0
4,0.0
