reservoir,value
1,63398.76876177819
2,16679.228047105786
3,20251.24199535691
4,15923.270136131121
