reservoir,value
1,126655.56969290163
2,11520.44631871688
3,27884.17306729038
4,11093.787486139478
