reservoir,value
1,23804.39761301699
2,15962.758425055883
3,10823.316672607672
4,12086.119518351832
