reservoir,value
1,0.0
2,0.0
3,922.4166726076728
4,4456.219518351832
