reservoir,value
1,126582.41887349005
2,14601.361176655973
3,12354.589916649255
4,0.0
