reservoir,value
1,22532.569577131093
2,14888.927277966584
3,4912.034784373456
4,1601.4475581615793
