reservoir,value
1,58000.05857914731
2,7432.742600164269
3,28708.722475787636
4,22739.278955303504
