reservoir,value
1,101457.90094868166
2,6139.649502366589
3,36329.180210212275
4,0.0
