reservoir,value
1,14203.383904955823
2,19617.2
3,4023.072198345373
4,469.4906913477971
