reservoir,value
1,39942.900782147764
2,22990.41710547742
3,3102.8724034034753
4,2523.2291101113333
