reservoir,value
1,39757.857606664926
2,6104.11259039328
3,12965.649682569005
4,12270.791792715041
