reservoir,value
1,129158.62262193808
2,0.0
3,20625.104563598605
4,12744.9
