reservoir,value
1,63328.686266156525
2,0.0
3,3867.3800608368874
4,12701.096481569664
