reservoir,value
1,31600.82272315666
2,7926.939229142132
3,4403.71795109675
4,1876.5971513905567
