reservoir,value
1,66936.63311044362
2,0.0
3,14751.679482307489
4,1938.4438507917992
