reservoir,value
1,25592.21477897762
2,12217.23713209232
3,5578.650044925613
4,6219.24239422981
