reservoir,value
1,118052.16270163443
2,12539.903799232598
3,44617.1475181153
4,10991.82010929516
