reservoir,value
1,20885.69327193588
2,0.0
3,18849.985756150054
4,10689.808157975522
