reservoir,value
1,24153.07192560826
2,2608.76935819477
3,5627.609264837611
4,8899.606632315279
