reservoir,value
1,43944.62996262
2,9673.6993827
3,15272.431328699997
4,13114.26969712
