reservoir,value
1,32080.838923621377
2,3280.7345810756897
3,9532.581311578993
4,6502.896935512874
