reservoir,value
1,79083.36417979456
2,0.0
3,677.5299597148969
4,0.0
