reservoir,value
1,27858.343108687663
2,7903.8458618053355
3,4656.53912516098
4,2056.9235201693564
