reservoir,value
1,915.0176632686489
2,2190.7602666024613
3,0.0
4,0.0
