reservoir,value
1,85456.33810937
2,5632.6731003800005
3,12416.471377699998
4,16272.532372680002
