reservoir,value
1,170553.25390976056
2,0.0
3,18373.930077700003
4,10828.12498290447
