reservoir,value
1,46083.2854498733
2,1988.0872163345773
3,30824.938005960783
4,1948.0901676471294
