reservoir,value
1,25568.41510132686
2,11251.236811738227
3,4670.151073492754
4,7626.440129915896
