reservoir,value
1,95489.67568155879
2,0.0
3,23949.164346939953
4,12744.9
