reservoir,value
1,33065.24317921643
2,11843.45384983539
3,3706.1621837584626
4,3185.5930867176157
