reservoir,value
1,109833.54249999933
2,3931.094900000651
3,26419.705500000004
4,12744.9
