reservoir,value
1,23077.4552200895
2,42747.516370173646
3,1857.7289560933805
4,1541.7143530463607
