reservoir,value
1,37971.56735226371
2,19617.2
3,6527.270858874096
4,3426.6792348919607
