reservoir,value
1,28080.64419295232
2,8560.993758353301
3,12793.489629711716
4,11180.535820524865
