reservoir,value
1,25175.79410486321
2,17089.51004342328
3,4684.11741148017
4,3657.7024151467044
