reservoir,value
1,12631.248310231114
2,7371.363747419995
3,873.2124508992238
4,1674.6603089505497
