reservoir,value
1,51188.452646842416
2,11408.976842151245
3,10394.3891639376
4,13915.706517363802
