reservoir,value
1,169748.34962418527
2,0.0
3,34415.149163777605
4,11114.346985853455
