reservoir,value
1,49815.939999999275
2,7834.700000000009
3,31019.300000000003
4,0.0
