reservoir,value
1,182153.67872812034
2,19617.2
3,10848.407288412316
4,8779.96821483811
