reservoir,value
1,24452.217232105188
2,7739.32885177388
3,4020.200589639285
4,2982.6295649347367
