reservoir,value
1,114811.49564164176
2,0.0
3,13891.771433553624
4,11375.378745495345
