reservoir,value
1,174603.84708501515
2,0.0
3,48575.476703983484
4,12242.126556318275
