reservoir,value
1,11193.946798729012
2,10711.44629505362
3,3054.3209754762192
4,2298.2510471658693
