reservoir,value
1,74508.99723741392
2,10620.136071221232
3,3946.6013170836104
4,1101.302536536864
