reservoir,value
1,163638.3939950335
2,19617.2
3,37355.803279031075
4,9933.453058456376
