reservoir,value
1,59458.23449214465
2,3904.6678488136267
3,13099.376700731573
4,18417.87110488227
