reservoir,value
1,175179.54996918511
2,0.0
3,24673.39285551088
4,12744.9
