reservoir,value
1,18313.937637940293
2,13649.862646960948
3,2459.978018601056
4,1189.2778997732785
