reservoir,value
1,20494.09794951635
2,6669.609109379428
3,1224.9416167348982
4,5744.41334809321
