reservoir,value
1,9084.337285588328
2,4768.73675992688
3,2984.040871874565
4,2267.7978096799698
