reservoir,value
1,35480.837154809895
2,14229.546605791309
3,12229.420431679335
4,6295.842731441706
