reservoir,value
1,28527.722867490458
2,5213.9423195680565
3,5048.471178098973
4,2214.872820163036
