reservoir,value
1,82495.38008935929
2,0.0
3,5636.729734261206
4,0.0
