reservoir,value
1,33135.30712075689
2,19617.2
3,30198.969030379438
4,6659.605902579706
