reservoir,value
1,50446.45892625283
2,7614.914950497496
3,17904.848258754522
4,7936.346950443591
