reservoir,value
1,91801.19584005035
2,4804.2406621104055
3,33288.188074911166
4,306.44695044359105
