reservoir,value
1,33984.36255989047
2,7501.878720506096
3,8505.155549950643
4,9398.380361216608
