reservoir,value
1,58725.87282267313
2,3339.97296147005
3,0.0
4,2347.1595283201077
