reservoir,value
1,138351.19633791398
2,5116.65997184267
3,23821.670393987268
4,12744.9
