reservoir,value
1,23731.394746466092
2,12715.193666546304
3,3600.6547502580997
4,2571.3777825578713
