reservoir,value
1,46932.005238381425
2,19617.2
3,5877.803781135874
4,9078.196287730747
