reservoir,value
1,10290.746556905504
2,14964.018760794444
3,2134.960901580812
4,1327.3427493553502
