reservoir,value
1,14029.70191655985
2,16540.79113931855
3,8445.807336800346
4,2602.6376053695317
