reservoir,value
1,29713.543470580968
2,12263.858582644156
3,2903.345532430814
4,5200.2815442737
