reservoir,value
1,118248.93087758013
2,2600.7026299206977
3,15790.156813730877
4,12744.9
