reservoir,value
1,75825.48000000001
2,9849.0254
3,18314.7532
4,15451.245499999999
