reservoir,value
1,75708.12086700404
2,10103.577208671486
3,4051.252658697056
4,6979.391321882589
