reservoir,value
1,30983.856061962848
2,6379.984912980627
3,3402.968388212644
4,3309.405573217475
