reservoir,value
1,66733.47423844191
2,2833.635399874238
3,0.0
4,0.0
