reservoir,value
1,13582.27220940938
2,6196.013623706262
3,2893.386979458801
4,3211.3476765002833
