reservoir,value
1,112100.41277517113
2,0.0
3,13443.923413428802
4,12382.247676500283
