reservoir,value
1,19971.96592259019
2,6627.244730767931
3,3197.320629182348
4,6012.331493477394
