reservoir,value
1,80438.91004882405
2,4449.288561656831
3,12594.252088279167
4,7872.242529940308
