reservoir,value
1,120517.95038288622
2,8779.104677450952
3,5331.804760206567
4,242.34252994030794
