reservoir,value
1,35604.68466763379
2,6287.797617761422
3,35384.07909482742
4,5049.422455624437
