reservoir,value
1,15676.337682054404
2,12870.671058858024
3,4663.959632543335
4,2105.090288907106
