reservoir,value
1,59007.674383831574
2,1735.3134240114032
3,37872.264365952455
4,6582.115850219046
