reservoir,value
1,29767.406143857217
2,28552.108735341502
3,3813.073233195385
4,3591.496185459891
