reservoir,value
1,110621.55516755077
2,19617.2
3,21544.82072716221
4,9592.617139911656
