from,to,value
1,1,0.0
1,2,5531.5
1,3,0.0
1,4,0.0
1,5,240.66771125447676
2,1,0.0
2,2,0.0
2,3,0.0
2,4,0.0
2,5,0.0
3,1,0.0
3,2,0.0
3,3,0.0
3,4,0.0
3,5,850.2322887455977
4,1,0.0
4,2,0.0
4,3,0.0
4,4,0.0
4,5,0.0
5,1,0.0
5,2,0.0
5,3,0.0
5,4,1090.9000000000742
5,5,0.0
