reservoir,value
1,20688.967722897392
2,14544.708480158188
3,3783.5338634171717
4,2008.6080958214632
