reservoir,value
1,15045.622898386973
2,2035.0719288360142
3,0.0
4,814.3103264179605
