reservoir,value
1,61898.03224860001
2,5768.63547958
3,16553.910827
4,15914.57930894
