reservoir,value
1,55457.83675884391
2,0.0
3,17038.389889985563
4,2672.989403411648
