reservoir,value
1,33490.655215690196
2,7735.200000000001
3,51806.1
4,12744.9
