reservoir,value
1,47531.05325854659
2,8783.831741991542
3,16258.502481016327
4,6285.837611986308
