reservoir,value
1,27326.984468596704
2,5645.015687146935
3,8141.304026582986
4,3846.22924292623
