reservoir,value
1,0.0
2,0.0
3,666.621684079264
4,15076.297264703699
