reservoir,value
1,152700.86192709493
2,487.05362060657535
3,51806.1
4,8589.951616954102
