reservoir,value
1,50201.68851741895
2,7351.3698641849205
3,9036.133790521008
4,17036.45532843128
