reservoir,value
1,18494.45327452482
2,5634.955150486218
3,3868.9744668633384
4,1496.0929230721142
