reservoir,value
1,84929.09475246289
2,4821.855150486198
3,12677.386933941943
4,830.0524867131232
