reservoir,value
1,96677.90937445915
2,4300.080752846021
3,38407.791315981136
4,12603.084953323343
