reservoir,value
1,2449.008309564829
2,19617.2
3,35258.51630657034
4,12744.9
