reservoir,value
1,32929.856583999834
2,2598.7812388520197
3,10774.814421033512
4,17925.71794733803
