reservoir,value
1,135409.6434254696
2,11564.414045868329
3,36533.32124872295
4,6802.180165556753
