reservoir,value
1,110047.1306628574
2,0.0
3,22943.07032158133
4,12744.9
