reservoir,value
1,19872.552938828354
2,15802.601568246066
3,3190.0387105038994
4,3342.9638633481973
