reservoir,value
1,14942.469868941549
2,9148.903982133943
3,2476.8504751784862
4,2188.4256717003022
