reservoir,value
1,12483.911795535974
2,0.0
3,8684.822245790445
4,9874.42570357904
