reservoir,value
1,78779.50233377572
2,5099.420774604647
3,0.0
4,0.0
