reservoir,value
1,11761.140219497138
2,12104.415632110427
3,12105.369394741263
4,1552.6326874651
