reservoir,value
1,66578.1872562824
2,4794.405253917312
3,37520.39069489077
4,26667.914683436185
