reservoir,value
1,154050.16994509398
2,5154.797601435543
3,51806.1
4,0.0
