reservoir,value
1,39387.47817599959
2,6632.148890509683
3,6276.848390644656
4,7438.01497094381
