reservoir,value
1,104003.21528984426
2,3551.4084628260607
3,18600.146922338616
4,0.0
