reservoir,value
1,22708.78999421151
2,9947.268643793484
3,4025.679253948023
4,2615.139340409079
