reservoir,value
1,155807.33377350058
2,0.0
3,15295.588138861904
4,8383.642368293506
