reservoir,value
1,27050.611713969087
2,5571.566829978553
3,4007.973465536193
4,13003.986686090835
