reservoir,value
1,14566.913986464766
2,9324.087892564115
3,2854.551079251837
4,2019.7261691011374
