reservoir,value
1,47922.815846967525
2,0.0
3,16949.587014291552
4,5832.12880065505
