reservoir,value
1,18641.537489845065
2,12238.131034526024
3,4951.857161595732
4,10204.927000480766
