reservoir,value
1,80754.86592204866
2,0.0
3,34088.347511684144
4,12744.9
