reservoir,value
1,149033.88669620286
2,12685.432232950852
3,34985.72720449361
4,12744.9
