reservoir,value
1,40994.95561649164
2,8479.554506302236
3,7352.6132901525925
4,2398.5814723825333
