reservoir,value
1,129502.95587603627
2,0.0
3,1051.4641562405068
4,0.0
