reservoir,value
1,27830.268395635463
2,26029.077322572484
3,2324.992553589901
4,1430.931261997657
