reservoir,value
1,27024.665212053198
2,19617.2
3,786.42552772518
4,4359.2010095422265
