reservoir,value
1,28774.813466663367
2,19492.956518485113
3,5806.334261241991
4,12730.1078924287
