reservoir,value
1,0.0
2,2114.5098669789177
3,0.0
4,5100.2078924287
