reservoir,value
1,132284.60672490037
2,19617.2
3,27853.936066526236
4,12744.9
