reservoir,value
1,51235.78022851389
2,5321.203724356534
3,11987.70301589204
4,6398.35266208993
