reservoir,value
1,61280.2815398871
2,9335.417826914927
3,2817.7465781882092
4,0.0
