reservoir,value
1,19766.254559561985
2,8217.778078620997
3,5595.779408681953
4,3395.190988736825
