reservoir,value
1,67390.7467037777
2,0.0
3,36680.749951199134
4,12421.090988737076
