reservoir,value
1,25355.372342322313
2,26953.200847826047
3,7126.440140894667
4,12212.534934337133
