reservoir,value
1,124657.88474759029
2,15212.41029250748
3,40312.115511340795
4,12744.9
