reservoir,value
1,35819.47578261308
2,7548.387609981286
3,16807.63808712036
4,6596.621743338837
