reservoir,value
1,79107.20919767622
2,3988.6746653109576
3,18949.481194582488
4,11090.096174948245
