reservoir,value
1,70415.51351831897
2,9012.471327983256
3,7880.389419780091
4,7906.912981876173
