reservoir,value
1,94072.61351808804
2,4151.260431051627
3,4661.4798527633675
4,277.0129818761734
