reservoir,value
1,103250.99774804292
2,11009.94342821397
3,37845.0389420087
4,1158.5866412056766
