reservoir,value
1,16036.20531090608
2,34416.676650476395
3,3076.602658269779
4,2060.835545013833
