reservoir,value
1,12731.644125760766
2,19617.2
3,2834.5670954397156
4,7169.525671879754
