reservoir,value
1,15861.086434358247
2,6915.575575643257
3,3321.8759349402753
4,1915.0178277657938
