reservoir,value
1,48712.4833019233
2,0.0
3,10083.117006859295
4,10521.576053818782
