reservoir,value
1,25417.07509723882
2,4710.246324183274
3,5473.724850029314
4,5046.194017546375
