reservoir,value
1,24322.92225456726
2,16059.271601925877
3,5243.970642670922
4,1817.4312828629377
