reservoir,value
1,70220.2116200706
2,2920.206796866647
3,26284.27667370681
4,21690.959790008455
