reservoir,value
1,57482.81117592806
2,1745.206796866647
3,21037.17295207632
4,12744.9
