reservoir,value
1,121305.32817413355
2,0.0
3,17546.689602362036
4,12740.312420150261
