reservoir,value
1,153488.3122618817
2,0.0
3,8037.147809412534
4,5652.79886260087
