reservoir,value
1,22995.67766712626
2,8794.298376119954
3,6711.63675773528
4,6119.536700245739
