reservoir,value
1,138073.04009050343
2,0.0
3,46416.83831592661
4,11234.536700245739
