reservoir,value
1,31756.144617760743
2,7226.856540147641
3,8882.70156958247
4,10786.597935383903
