reservoir,value
1,108900.36196661936
2,0.0
3,22010.433580661862
4,12744.9
