reservoir,value
1,124545.40599910103
2,578.0595008989976
3,26424.822400000005
4,12744.9
