reservoir,value
1,14091.610329826632
2,5964.269340353332
3,2852.521384632452
4,1939.8615876609688
