reservoir,value
1,45898.071833919996
2,5073.74557734
3,9565.8379536
4,14265.839086
