reservoir,value
1,64508.229719459996
2,4168.87768905
3,39732.05908422999
4,28190.057275080002
