reservoir,value
1,0.0
2,0.0
3,21985.660958030443
4,20560.157275080004
