reservoir,value
1,149059.68050850992
2,0.0
3,40292.49922619955
4,12744.9
