reservoir,value
1,19690.18639197712
2,6992.540994160944
3,6984.8458200910545
4,8386.263307988973
