reservoir,value
1,140283.17869653762
2,8640.992599994934
3,20767.088835035513
4,12744.9
