reservoir,value
1,21028.0475716766
2,6181.562912483552
3,3955.6527867412806
4,1668.2920888915094
