reservoir,value
1,18054.048953130656
2,12072.232861577522
3,2898.733669764475
4,1407.6196282076307
