reservoir,value
1,91625.000653634
2,18607.932861577523
3,7370.441438684222
4,7701.540662230118
