reservoir,value
1,19859.273609364034
2,7167.0740890572
3,5931.254095193244
4,5882.639476656284
