reservoir,value
1,94930.88239845872
2,1750.0735657134637
3,45409.07789763067
4,12744.9
