reservoir,value
1,130929.67697386294
2,4737.679993072399
3,28145.301216897657
4,12744.9
