reservoir,value
1,22078.05873924057
2,11040.46003575173
3,4083.0449517143898
4,7152.4570016646285
