reservoir,value
1,78147.03139415315
2,0.0
3,21545.377962476046
4,12744.9
