reservoir,value
1,53961.64858599036
2,5461.289556568487
3,15869.595572909411
4,13126.943967330995
