reservoir,value
1,17722.422045350464
2,13513.34587911648
3,4310.55723817926
4,2200.0967594958074
