plant,value
1,37281.70121813944
2,12962.361
3,9900.900000000016
4,7629.900000000014
