reservoir,value
1,0.0
2,27122.076007221538
3,6707.5429999999915
4,10223.20099999999
