reservoir,value
1,60554.799527870084
2,14882.647907894472
3,47850.712999999996
4,9598.97600000001
