reservoir,value
1,19112.428008937484
2,11711.25264538504
3,2591.0331316406982
4,5733.273305681241
