reservoir,value
1,88869.21980801938
2,2294.137776979287
3,16830.025785954567
4,12744.9
