reservoir,value
1,32978.62776210852
2,16924.282572856297
3,12818.19463357384
4,15067.851658411177
