reservoir,value
1,85280.52453503717
2,19617.2
3,51806.1
4,11651.892865535288
