reservoir,value
1,53707.37867409384
2,8021.745646462865
3,37053.381491214284
4,16775.051873360724
