reservoir,value
1,0.0
2,0.0
3,27152.48149121429
4,5357.344115473748
