reservoir,value
1,122998.66659693177
2,9520.850196746951
3,51806.1
4,3787.807757886975
