reservoir,value
1,84734.46677571638
2,19617.2
3,7224.668491807299
4,12744.9
