reservoir,value
1,104627.19544924333
2,0.0
3,10806.820913202731
4,0.0
