reservoir,value
1,83937.14144281339
2,0.0
3,23498.14794544731
4,12744.9
