reservoir,value
1,9266.328480961061
2,15257.645730862485
3,3077.4472008626126
4,1616.299213182772
