reservoir,value
1,19681.53078162385
2,36359.77632662936
3,4335.120839811143
4,5847.824303868411
