reservoir,value
1,125405.4929085778
2,19617.2
3,22226.32283071694
4,9106.689846018799
