reservoir,value
1,15303.686362352295
2,21866.873335953755
3,2857.2185551447833
4,1871.615612218728
