reservoir,value
1,44456.60183296725
2,8785.373335953755
3,15001.577172424717
4,10634.429597497397
