reservoir,value
1,15629.09908614328
2,8035.686172150751
3,2549.5441606879153
4,1896.0145150854514
