reservoir,value
1,0.0
2,6029.753817803042
3,8786.164264101903
4,1865.719057632352
