reservoir,value
1,19196.665119252884
2,16123.058086549818
3,3383.488280884526
4,2823.093155836421
