reservoir,value
1,54581.21816992
2,10857.069707800001
3,8658.056289479999
4,12758.56031977
