reservoir,value
1,138048.30117772002
2,0.0
3,15324.45408948
4,12744.9
