reservoir,value
1,38793.920000000144
2,3210.2000000000007
3,51806.1
4,12744.9
