reservoir,value
1,48508.94202334265
2,3928.553520605444
3,13363.877333035492
4,22608.817012653388
