reservoir,value
1,152022.70287751756
2,0.0
3,36783.594639345494
4,12744.9
