reservoir,value
1,33537.97765630187
2,20743.09440073398
3,4498.999363722837
4,1902.1583081066808
