reservoir,value
1,86998.93304634755
2,8039.734763566754
3,6454.330786302127
4,0.0
