reservoir,value
1,32503.32695495891
2,16536.31549183826
3,2923.2306686604447
4,2044.9312172635348
