reservoir,value
1,61469.14390282669
2,4590.470296704587
3,5895.198953712314
4,2919.3067958988295
