reservoir,value
1,32931.20559546901
2,9127.049067655626
3,8169.920601288167
4,3221.4587971682163
