reservoir,value
1,71533.36977129031
2,2038.0642204995465
3,39444.24331615742
4,961.7408967992801
