reservoir,value
1,47366.09214834
2,3072.2113356500004
3,21842.78156303
4,20557.0300284
