reservoir,value
1,40555.39613724603
2,4463.035337331263
3,8909.561547904541
4,3067.907390063342
