reservoir,value
1,77186.19049903998
2,11556.526273812206
3,9996.190275713243
4,0.0
