reservoir,value
1,43568.22049743066
2,39965.52280029839
3,4858.327215042134
4,5125.700453533904
