reservoir,value
1,167988.44369556938
2,19617.2
3,13582.767051341807
4,12744.9
