reservoir,value
1,105167.41318997671
2,0.0
3,5634.020519933452
4,12509.396532387076
