reservoir,value
1,19556.527629711323
2,5443.121547742507
3,3151.7483694851026
4,2719.9147174041977
