reservoir,value
1,49204.47231113333
2,0.0
3,0.0
4,423.9740772513187
