reservoir,value
1,17396.080207241514
2,7652.463824825778
3,4810.421629938572
4,2521.220832857914
