reservoir,value
1,126180.64222490336
2,17310.981045738215
3,12701.925886824696
4,3816.566986917127
