reservoir,value
1,96696.36267172
2,4955.76750337
3,35492.88952239999
4,25560.818307720005
