reservoir,value
1,36996.59494875104
2,9552.21403835688
3,6929.198972770863
4,10745.298539463549
