reservoir,value
1,138676.01016482792
2,0.0
3,19050.353062250862
4,12744.9
