reservoir,value
1,65853.78804511979
2,0.0
3,41689.93055663107
4,9408.3824608849
