reservoir,value
1,37795.59266638781
2,13151.01296776729
3,7521.404176924551
4,4898.386417868637
