reservoir,value
1,2638.8482530772744
2,18579.3896958025
3,0.0
4,161.3900087800239
