reservoir,value
1,69144.89256052999
2,10131.25236404
3,13404.473389600002
4,18019.239958799997
