reservoir,value
1,143625.69312456998
2,0.0
3,18596.145389600006
4,1133.647314927504
