reservoir,value
1,29348.483347544323
2,5082.521799739087
3,4132.429454052422
4,4965.403879175926
