reservoir,value
1,43505.344351385575
2,6695.2415287655185
3,0.0
4,0.0
