reservoir,value
1,36787.3430356
2,12359.274292
3,14133.384637060002
4,15382.58370232
