reservoir,value
1,25961.454064180594
2,3926.216368554705
3,5949.967596222992
4,8050.270020976866
