reservoir,value
1,19279.861465098325
2,10388.625995875404
3,4269.011540783078
4,3798.719893794354
