reservoir,value
1,113165.89515109261
2,0.0
3,27978.408255881084
4,12744.9
