reservoir,value
1,26707.322262673737
2,1853.1698532712448
3,10730.84366726608
4,9334.526597091803
