reservoir,value
1,45113.19257678128
2,5627.7783461906265
3,5999.557992475875
4,7808.832861527913
