reservoir,value
1,49083.600280169994
2,8825.25771635
3,6533.108436
4,11631.806721
