reservoir,value
1,126535.40619652117
2,0.0
3,11724.780436000005
4,9947.11530117376
