reservoir,value
1,16462.008989127604
2,22782.07113727639
3,3637.0578008694697
4,3476.661556081096
