reservoir,value
1,111113.60189770539
2,19617.2
3,15962.48063158644
4,9009.351402099895
