reservoir,value
1,106073.35436081413
2,0.0
3,15029.857129485352
4,3339.1437739792154
