reservoir,value
1,39097.461221687394
2,257.51851752223865
3,6937.481080727929
4,1083.0860734460396
