reservoir,value
1,40229.93750152909
2,4044.323492907635
3,9958.44104412242
4,6010.906981685024
