reservoir,value
1,10022.873243443886
2,3732.3234929049836
3,2014.6378645020532
4,0.0
