reservoir,value
1,48955.44382187952
2,15001.47845204266
3,11588.494354997089
4,21001.829476616807
