reservoir,value
1,160900.92050087065
2,1919.9784520426601
3,44834.80292437044
4,4363.934931856548
