reservoir,value
1,24697.663403698734
2,6004.775495967198
3,4790.113968812593
4,3942.728252046202
