reservoir,value
1,136914.4474952786
2,0.0
3,41454.69388265791
4,8674.7419130438
