reservoir,value
1,21989.932353085205
2,6602.407340966414
3,4957.563306432488
4,1791.714480146152
