reservoir,value
1,20941.981148953673
2,76796.59650521073
3,5022.053839382028
4,2536.34332296802
