reservoir,value
1,122226.16473139242
2,19617.2
3,41034.702027354695
4,8509.24332296802
