reservoir,value
1,15766.782603287975
2,19617.2
3,37682.299999999996
4,12744.9
