reservoir,value
1,17889.970945060446
2,16277.944050263435
3,2747.9264142489455
4,2141.396082152611
