reservoir,value
1,75030.85676064165
2,0.0
3,15535.259628692176
4,5793.51032592448
