reservoir,value
1,115452.1059731178
2,649.3004268821887
3,23864.6336
4,12744.9
