reservoir,value
1,107389.04169067054
2,0.0
3,8926.263128351962
4,11496.480725199173
