reservoir,value
1,50897.66134826563
2,12619.888099655507
3,8231.162972747617
4,4141.580783317732
