reservoir,value
1,70819.73693367769
2,19155.58809965524
3,0.0
4,0.0
