reservoir,value
1,0.0
2,0.0
3,3910.9270267689267
4,5615.282134387748
