reservoir,value
1,39777.5911493185
2,2395.0564267457285
3,16380.049433185017
4,5372.443022425222
