reservoir,value
1,60771.581303202416
2,1856.0564267457285
3,10623.435433507882
4,0.0
