reservoir,value
1,139670.5850131961
2,498.66655680097665
3,28477.689002410276
4,10110.591540631429
