reservoir,value
1,15320.04406550035
2,3744.8190488042337
3,3412.929367162096
4,2016.9483328563995
