reservoir,value
1,54925.58508815535
2,0.0
3,8870.71448274007
4,3535.8718762017843
