reservoir,value
1,21807.74541191685
2,15905.600552301898
3,4463.783158721856
4,2030.485610412286
