reservoir,value
1,56529.54713141772
2,19617.2
3,10887.266331359846
4,9692.294592975932
