reservoir,value
1,36739.29290844545
2,10674.221559944293
3,10521.443410455251
4,7868.400692972293
