reservoir,value
1,32500.519182113123
2,4531.24015415685
3,9708.398778919176
4,7642.147443160226
