reservoir,value
1,166606.46993292973
2,0.0
3,51613.59877891917
4,10696.999033978806
