reservoir,value
1,49747.271105627704
2,3598.8482030722353
3,14904.448727188435
4,12230.269315455913
