reservoir,value
1,45868.310730695055
2,5630.902510528203
3,7346.891306371113
4,4600.369315455913
