reservoir,value
1,45552.20744471032
2,7999.595413425526
3,7147.87339485691
4,4354.576846327635
