reservoir,value
1,53696.51780428582
2,4102.437671603263
3,19947.298330726295
4,17734.06048518423
