reservoir,value
1,97136.69405655173
2,5416.225863301665
3,27165.32137708058
4,12744.9
