reservoir,value
1,30364.1458254448
2,2270.479016650549
3,10977.982124025531
4,15188.83328970752
