reservoir,value
1,27563.609509923626
2,3999.5975577648805
3,8658.339166307424
4,3577.366847726561
