reservoir,value
1,92410.51924371623
2,18366.7
3,37964.299999999996
4,12744.9
