reservoir,value
1,14694.701757441477
2,5195.4504565322
3,4849.269371460112
4,2579.438775024196
