reservoir,value
1,88245.86640576395
2,0.0
3,41408.60345653969
4,7782.430148579089
