reservoir,value
1,46175.20506005982
2,12199.89013430655
3,23518.753018163472
4,13476.713635368415
