reservoir,value
1,21555.574234421525
2,18430.664076634326
3,3249.725868470425
4,2983.876106744802
