reservoir,value
1,82862.75153923723
2,6757.501149449046
3,13441.297204759088
4,12154.776106744801
