reservoir,value
1,51612.305463561745
2,0.0
3,36609.687160533096
4,7435.302844573559
