reservoir,value
1,13775.319994636178
2,24728.295941371292
3,4509.268640824057
4,2044.4815761150805
