reservoir,value
1,57555.40854653367
2,19266.405493037244
3,28720.997699532243
4,8990.64587284104
