reservoir,value
1,42717.84324140161
2,18751.989740951867
3,11755.041404203324
4,7876.811193079537
