reservoir,value
1,0.0
2,19617.2
3,19935.00190360953
4,958.6944344811491
