reservoir,value
1,86649.700846091
2,14047.25699541924
3,841.4398520508403
4,0.0
