reservoir,value
1,74678.11040924388
2,0.0
3,11954.753571187326
4,6106.908260659954
