reservoir,value
1,109523.5416896469
2,0.0
3,24788.827337785962
4,12744.9
