reservoir,value
1,30027.333541075626
2,14087.73289399214
3,4209.835275466996
4,11486.93688253066
