reservoir,value
1,142787.95247286226
2,1006.2328939921408
3,13625.79018782254
4,12744.9
