reservoir,value
1,30720.088800581474
2,9305.914095694032
3,4391.585652707099
4,8646.75610492095
