reservoir,value
1,132557.39598987845
2,0.0
3,18688.44557200762
4,12744.9
