reservoir,value
1,1215.662762761495
2,1937.48649183413
3,0.0
4,0.0
