reservoir,value
1,21968.44751980815
2,12818.698117696511
3,5261.186759989814
4,7581.432927376965
