reservoir,value
1,139251.0153379977
2,0.0
3,16042.757301424075
4,12696.432927377042
