reservoir,value
1,47694.58903877919
2,13663.657932395225
3,43304.28049211743
4,1799.9443968019677
