reservoir,value
1,52099.34254855633
2,5805.57234611128
3,15308.140441987747
4,20128.849674921265
