reservoir,value
1,160704.42956826766
2,0.0
3,38525.752136647745
4,12498.949674921265
