from,to,value
1,1,0.0
1,2,2913.0693010274363
1,3,0.0
1,4,0.0
1,5,0.0
2,1,0.0
2,2,0.0
2,3,0.0
2,4,0.0
2,5,0.0
3,1,1000.0
3,2,0.0
3,3,0.0
3,4,0.0
3,5,2187.8782734549022
4,1,0.0
4,2,0.0
4,3,0.0
4,4,0.0
4,5,1055.2006235852832
5,1,3243.078897040191
5,2,0.0
5,3,0.0
5,4,0.0
5,5,0.0
