reservoir,value
1,33586.6100987831
2,14323.57981679339
3,5312.681413597519
4,1817.520754174324
