reservoir,value
1,10478.807891896015
2,3377.661999304559
3,2382.694692140576
4,2177.3472919111728
