reservoir,value
1,54308.77587222349
2,0.0
3,10177.643282754076
4,8824.147220007613
