reservoir,value
1,19425.086960766
2,4022.384170801254
3,4876.318064033201
4,3058.6751485846785
