reservoir,value
1,50820.36910035061
2,3694.450504980203
3,11040.54781247841
4,9628.66729719067
