reservoir,value
1,0.0
2,0.0
3,14094.925499867835
4,1242.0273248512817
