reservoir,value
1,187356.53458193757
2,14770.504098645551
3,51806.1
4,10936.292012926924
