reservoir,value
1,200717.6
2,6337.82413587989
3,31391.949481327756
4,5811.627956130487
