reservoir,value
1,17020.772895115613
2,3626.3684086758285
3,5560.458287029852
4,2486.3143067020023
