reservoir,value
1,46169.8412957129
2,0.0
3,6462.546250430951
4,1084.9751728576666
