reservoir,value
1,769.1453800669568
2,2593.1395324249843
3,0.0
4,348.0144385448857
