reservoir,value
1,35185.649900698816
2,10331.855146973292
3,5573.601647284009
4,3138.9689625076085
