reservoir,value
1,26716.68024438294
2,9066.59642986233
3,7891.773476539098
4,3089.793354362334
