reservoir,value
1,45391.00466007957
2,8688.523364093475
3,156.01872890047707
4,0.0
