reservoir,value
1,13894.0259901576
2,36474.689582482446
3,3460.7041301120144
4,4023.837944411567
