reservoir,value
1,90165.25537134422
2,19617.2
3,5833.791865415715
4,12413.036651453242
