reservoir,value
1,42710.208571037525
2,0.0
3,1863.5270045579834
4,1681.8993582573403
