reservoir,value
1,64296.67964100826
2,6456.79299882631
3,34116.176079601835
4,21078.647432324004
