reservoir,value
1,0.0
2,0.0
3,10838.044137775141
4,19167.8763086862
