reservoir,value
1,29369.679606347767
2,20245.60360217104
3,3655.2144716328157
4,3881.530243632315
