reservoir,value
1,0.0
2,19617.2
3,439.4473989275484
4,569.4651876236783
