reservoir,value
1,31186.976040967023
2,4682.3992299475085
3,6339.149897683035
4,4342.784781409982
