reservoir,value
1,32634.86693664268
2,18439.938273652064
3,9996.660571789795
4,12013.79391601696
