reservoir,value
1,151386.06877157095
2,5358.4382736520665
3,34755.69813898181
4,12744.9
