reservoir,value
1,34719.18227207231
2,6401.2724099328025
3,5592.683093760776
4,4223.00799134359
