reservoir,value
1,20113.428464549474
2,3572.7361935586086
3,0.0
4,0.0
