reservoir,value
1,8505.791800283652
2,29224.115528109724
3,2866.997588223415
4,1821.9294059287581
