reservoir,value
1,23540.644572627658
2,16142.615528109633
3,25238.76468253501
4,7585.5313805561245
