reservoir,value
1,15539.076285470053
2,481.4867122934811
3,27966.256923121586
4,696.7034517673569
