reservoir,value
1,68090.07713764226
2,6577.996055436977
3,18726.999344139113
4,6797.923811261202
