reservoir,value
1,60781.614417679484
2,5103.901829896588
3,23679.542123505187
4,12744.9
