reservoir,value
1,3420.2703351628006
2,0.0
3,29312.530569471084
4,0.0
