reservoir,value
1,52449.98729576
2,5903.351613999999
3,17379.9526274
4,13845.43165851
