reservoir,value
1,46080.31906264
2,3416.9542925099995
3,11048.96673127
4,14357.931112999999
