reservoir,value
1,110700.10205515003
2,0.0
3,22048.383831269955
4,12744.9
