reservoir,value
1,20388.106568285613
2,15800.700855280686
3,4459.515529470292
4,2173.9547453700475
