reservoir,value
1,83154.1201093743
2,2719.2008552806856
3,18354.08192832062
4,11199.854745370047
