reservoir,value
1,56384.58832561506
2,9568.70268003184
3,16206.051291547103
4,12245.469651419107
