reservoir,value
1,168193.67587982264
2,19617.2
3,44444.77987098782
4,0.0
