reservoir,value
1,37008.18869673491
2,7989.325145266601
3,11953.110188821422
4,10207.641978721202
