reservoir,value
1,53156.06753995272
2,0.0
3,10233.82488687899
4,2577.741978721202
