reservoir,value
1,12990.051459420207
2,8010.851668909521
3,1125.3025005234422
4,2582.2585240347526
