reservoir,value
1,157647.45013375214
2,8224.043291191518
3,34842.888622482904
4,12744.9
