reservoir,value
1,14866.147311634837
2,19693.75888828008
3,5224.057035405071
4,2158.6853885692335
