reservoir,value
1,112313.92090720887
2,0.0
3,18083.475520994798
4,12744.9
