reservoir,value
1,78809.52782209525
2,0.0
3,28740.35788139084
4,12744.9
