reservoir,value
1,13941.560779687981
2,22050.422453481682
3,2411.720356379518
4,1572.4445365787342
