reservoir,value
1,45959.34364620205
2,8968.922453481682
3,0.0
4,3699.269833735919
