reservoir,value
1,143769.640536295
2,11339.710944806819
3,26397.06082815033
4,8719.120500291743
