reservoir,value
1,20707.115155349482
2,11877.748648399707
3,3045.117533520639
4,1814.2305829115478
