reservoir,value
1,130426.49321128978
2,18413.44864839971
3,11666.781194245485
4,9924.373217593416
