reservoir,value
1,168091.8600384186
2,367.9732778447242
3,20129.122857030758
4,12744.9
