reservoir,value
1,21869.100813544843
2,2728.874969602586
3,2902.0608555437893
4,1811.3872492444737
