reservoir,value
1,36433.661978092285
2,0.0
3,8457.072400392804
4,7920.616040970887
