reservoir,value
1,27256.694407116942
2,10171.646433026772
3,3609.550208178399
4,5117.376270185116
