reservoir,value
1,169653.18555419115
2,14137.24431989381
3,25131.615893702005
4,12744.9
