reservoir,value
1,61288.83198218875
2,5393.627141858297
3,14887.88188781229
4,16197.329835733766
