reservoir,value
1,110375.60382836347
2,3823.906701800749
3,24751.980491197668
4,11303.57521762776
