reservoir,value
1,16568.656236820512
2,13047.811324099017
3,3275.3804029188286
4,2069.5231319484874
