reservoir,value
1,90326.70945814931
2,0.0
3,19395.282747290526
4,12744.9
