from,to,value
1,1,0.0
1,2,0.0
1,3,0.0
1,4,0.0
1,5,354.3000000001007
2,1,2585.4799999995744
2,2,0.0
2,3,0.0
2,4,0.0
2,5,0.0
3,1,0.0
3,2,0.0
3,3,0.0
3,4,0.0
3,5,460.60000000000036
4,1,0.0
4,2,0.0
4,3,0.0
4,4,0.0
4,5,0.0
5,1,0.0
5,2,0.0
5,3,0.0
5,4,814.9000000000765
5,5,0.0
