reservoir,value
1,26399.157379758373
2,5357.9543154841795
3,3697.414472358704
4,2583.9832694422644
