reservoir,value
1,42606.88714426178
2,7151.994791650197
3,10349.594161529838
4,15201.066364169674
