reservoir,value
1,75566.2491159682
2,8828.348335922416
3,1062.1941615298365
4,7571.166364169674
