reservoir,value
1,73220.90847466799
2,4175.059356906586
3,18823.71281532547
4,10776.050413167812
