reservoir,value
1,80406.88573543222
2,2245.6193569065854
3,21095.412770030107
4,3146.150413167812
