reservoir,value
1,164353.42390340014
2,0.0
3,31110.324658085105
4,12744.9
