reservoir,value
1,16187.875068201924
2,3376.404235829418
3,5660.229525838836
4,4102.530085586975
