reservoir,value
1,70744.33198549715
2,0.0
3,16909.74743091128
4,9634.430085586975
