reservoir,value
1,32686.800552040433
2,9298.560751757648
3,9973.222895123956
4,6871.8291874652705
