reservoir,value
1,20143.443584037537
2,4286.632395587255
3,3185.332868801356
4,3216.0640542796086
