reservoir,value
1,23700.603246958708
2,3179.2744425274464
3,6943.814477882774
4,11785.093640788422
