reservoir,value
1,134483.60187768907
2,0.0
3,15000.23738184344
4,12744.9
