reservoir,value
1,18616.52309649261
2,15069.608234352585
3,4457.251084594395
4,3054.2630915744376
