reservoir,value
1,117513.4041314559
2,1988.108234352585
3,33256.56251235192
4,12225.163091574437
