reservoir,value
1,25430.448864633076
2,10350.658474827136
3,5550.256468419639
4,6593.032654874997
