reservoir,value
1,13751.056819143167
2,4647.051608149707
3,6571.074747374345
4,1772.4367717545963
