reservoir,value
1,40589.30962884646
2,0.0
3,47168.73911552186
4,5543.742094336244
