reservoir,value
1,19787.95589171461
2,10465.873481150107
3,3125.8457245326854
4,1875.6398434968557
