reservoir,value
1,85448.18065670421
2,17100.75822080538
3,10017.187752591906
4,552.2089460329371
