reservoir,value
1,29242.77583731358
2,6140.295989576694
3,3552.4759102855223
4,5367.789203721001
