reservoir,value
1,113974.60625528634
2,4605.1973722067505
3,20878.774968384245
4,12744.9
