reservoir,value
1,15707.49976017436
2,7130.970565936945
3,2889.921126348609
4,3207.9658225841886
