reservoir,value
1,96514.4247678765
2,0.0
3,2853.2660807305233
4,12565.865822583175
