reservoir,value
1,76350.746344
2,4875.06295114
3,20719.89824048
4,18211.238600149998
