reservoir,value
1,158231.39328608918
2,2393.322951140004
3,36348.151440480004
4,5799.191625535468
