reservoir,value
1,122206.80052975286
2,14933.753725718478
3,9622.045713732416
4,10289.030007367855
