reservoir,value
1,46129.7203181828
2,5847.445702352745
3,12027.651822375896
4,16408.43517611829
