reservoir,value
1,86355.76923425897
2,11625.320162079382
3,8922.395360425522
4,8778.535176118292
