reservoir,value
1,58791.03622508436
2,3547.593293668556
3,0.0
4,0.0
