reservoir,value
1,75430.81059641934
2,0.0
3,4500.4271252143535
4,1577.5927388816854
