reservoir,value
1,24261.9518239468
2,5875.841480448946
3,2615.440236993268
4,4467.459660767272
