reservoir,value
1,55930.78805278
2,9127.25412522
3,14929.327447999998
4,14408.54883568
