reservoir,value
1,116394.471577716
2,19617.2
3,22461.52894046063
4,2516.9900143135455
