reservoir,value
1,104970.20525080757
2,0.0
3,51806.1
4,12424.803786164597
