reservoir,value
1,20545.133457757216
2,7711.347407956504
3,7062.393484202772
4,5269.509396195192
