reservoir,value
1,121009.1285477541
2,0.0
3,48967.593484203186
4,10384.509396195192
