reservoir,value
1,85220.65654308868
2,16270.46749374321
3,35970.01532621242
4,0.0
