reservoir,value
1,24672.978745283795
2,6882.750783319567
3,6646.797243663805
4,6124.6227309030355
