reservoir,value
1,143395.98034033226
2,0.0
3,44625.61342758333
4,11239.622730903036
