reservoir,value
1,20528.8352023564
2,23505.710245857143
3,2826.2362089993203
4,2083.445420114857
