reservoir,value
1,23904.786769835006
2,0.0
3,6036.744814887039
4,598.7707139552276
