reservoir,value
1,25017.311219940766
2,4753.817516096402
3,3794.6797821517152
4,14783.46794845099
