reservoir,value
1,29915.331780234665
2,22335.19911940793
3,4912.333687641466
4,2676.1362029742527
