reservoir,value
1,42369.563592902916
2,19617.2
3,19863.646914858717
4,520.2917967513155
