reservoir,value
1,17366.35944607988
2,9930.81887590219
3,4056.3380516898574
4,3634.5905509957847
