reservoir,value
1,66412.0976302864
2,5903.2777543792035
3,38359.138750721446
4,12660.490550995784
