reservoir,value
1,12825.341542237045
2,1215.8404023815292
3,5469.519245411551
4,3063.9768212910244
