reservoir,value
1,41427.79910742433
2,9588.932579864135
3,4187.828251379404
4,10758.906165713439
