reservoir,value
1,161604.3265081223
2,0.0
3,10496.45790492974
4,12744.9
