reservoir,value
1,32483.91493150898
2,276.0106574536785
3,17748.247877384994
4,1035.2941413207768
