reservoir,value
1,119589.74139999958
2,6465.061100000407
3,25058.2419
4,0.0
