reservoir,value
1,0.0
2,14894.286154840389
3,269.36719692665156
4,5.780220508650018
