reservoir,value
1,129426.46294971732
2,16158.579340215621
3,16492.424653563
4,4641.561634799658
