reservoir,value
1,34272.57242617791
2,6760.216015168375
3,4435.898114971416
4,4778.810392315321
