reservoir,value
1,23489.78472037953
2,2905.8462529155277
3,9746.622478308493
4,913.0605502585875
