reservoir,value
1,27834.07948796812
2,4291.870149466733
3,10648.177575582235
4,11626.547351724657
