reservoir,value
1,148884.5640472572
2,0.0
3,49606.10155819133
4,12744.9
