reservoir,value
1,20953.377702722384
2,19617.2
3,14870.19999889092
4,12744.9
