reservoir,value
1,41073.69717957769
2,2123.267264868272
3,6697.6790334117795
4,14060.9024955104
