reservoir,value
1,133523.69220874592
2,0.0
3,18871.881302251786
4,12744.9
