reservoir,value
1,24033.538996358966
2,10254.74515186948
3,4093.7710963304507
4,7807.334443226739
