reservoir,value
1,140144.29953539738
2,8813.61366432339
3,35908.668976196524
4,12744.9
