reservoir,value
1,24538.77905639293
2,3885.541353070569
3,8123.607296847262
4,10095.385896896554
