reservoir,value
1,113751.92568623957
2,0.0
3,30291.22972315214
4,12744.9
