reservoir,value
1,47968.17865806974
2,19270.86445343547
3,9558.555717824043
4,9851.970482117471
