reservoir,value
1,118694.18239637937
2,11473.732333962791
3,14011.882297622735
4,2222.0704820948445
