reservoir,value
1,58259.49836948
2,7325.12909314
3,19061.376671700003
4,23361.289322300006
