reservoir,value
1,19181.475899545927
2,12376.717992451424
3,2362.348088268589
4,1785.3963625204626
