reservoir,value
1,13959.716528041929
2,0.0
3,3507.995089609699
4,0.0
