reservoir,value
1,19290.55130343823
2,12134.334123529698
3,4329.0903132166195
4,2658.6311289079936
