reservoir,value
1,91030.80883183792
2,6339.791808539798
3,12484.583895272714
4,11680.265266101542
