reservoir,value
1,79541.5278600816
2,14059.289364538243
3,0.0
4,2386.087043475831
