reservoir,value
1,43579.90669520643
2,18219.94289645549
3,5724.523020940057
4,5313.288908000791
