reservoir,value
1,44725.14491596015
2,8368.487562061746
3,5067.634562818281
4,1986.7566786347857
