reservoir,value
1,43517.22562569029
2,5705.278624740704
3,10142.667858992438
4,19640.530019054924
