reservoir,value
1,82963.20006673559
2,6667.358945503847
3,0.0
4,12744.9
