reservoir,value
1,129122.50038873311
2,0.0
3,4107.068402014925
4,12744.9
