reservoir,value
1,47461.15010400247
2,0.0
3,7950.7774848953695
4,11215.103273132796
