from,to,value
1,1,0.0
1,2,914.2222238215527
1,3,600.0
1,4,0.0
1,5,2294.9472613594808
2,1,0.0
2,2,0.0
2,3,0.0
2,4,0.0
2,5,0.0
3,1,0.0
3,2,0.0
3,3,0.0
3,4,0.0
3,5,0.0
4,1,0.0
4,2,0.0
4,3,0.0
4,4,0.0
4,5,0.0
5,1,0.0
5,2,0.0
5,3,2168.5399617601274
5,4,126.40729959935197
5,5,0.0
