reservoir,value
1,20092.888175050408
2,8454.222223821553
3,4108.360233214371
4,6463.407299599352
