reservoir,value
1,24748.328797008293
2,12895.975987951411
3,13452.415271649506
4,14847.778731144539
