reservoir,value
1,117928.06606274658
2,256.99366139620906
3,51806.1
4,12744.9
