reservoir,value
1,0.0
2,0.0
3,6826.806104465768
4,2415.575165672024
