reservoir,value
1,121866.73726573835
2,442.51767344479777
3,51806.1
4,12744.9
