reservoir,value
1,18016.380252469742
2,13378.669889832423
3,2782.048063923636
4,1567.7751541318246
