reservoir,value
1,123022.02682655101
2,297.1698898324394
3,5275.118654070223
4,4772.598680130584
