reservoir,value
1,15626.778651998704
2,7471.155769158388
3,2783.7251032766744
4,2019.664548018481
