reservoir,value
1,51020.766159703664
2,0.0
3,0.0
4,7621.358539847046
