reservoir,value
1,23967.95512917017
2,8935.890681707077
3,3834.7546988815348
4,3503.4540858172763
