reservoir,value
1,57568.613367348546
2,1811.58121634067
3,25179.54098968774
4,27840.422650431894
