reservoir,value
1,0.0
2,0.0
3,15278.64098968774
4,30714.33824215075
