reservoir,value
1,169117.45038318803
2,0.0
3,51806.1
4,2241.0844082794415
