reservoir,value
1,26808.15094982815
2,8193.044582761217
3,4554.54955637219
4,11958.43462951187
