reservoir,value
1,38155.190962198096
2,11198.884459066416
3,9399.958602288247
4,6444.560779624286
