reservoir,value
1,78889.42860939066
2,19617.2
3,1013.4190434057164
4,1606.8899892454083
