reservoir,value
1,39977.37344789046
2,47529.16323591173
3,7137.868131444786
4,9571.867337483658
