reservoir,value
1,52080.49342615572
2,10636.840530222868
3,13893.620054958545
4,6728.960860244611
