reservoir,value
1,74649.88862915136
2,19617.2
3,11842.917934192916
4,547.3488046711645
