reservoir,value
1,17723.75433138784
2,7127.49914874493
3,3183.769573129204
4,2223.034356395742
