reservoir,value
1,36130.14027164828
2,7637.483195451436
3,5888.611416300419
4,12996.003536174827
