reservoir,value
1,55148.02256333713
2,0.0
3,17333.629716161784
4,11900.06925583984
