reservoir,value
1,19696.023481354583
2,12935.983722542196
3,2500.615873063542
4,1940.6474303141467
