reservoir,value
1,86382.88354519053
2,19065.807440158263
3,9195.541311669036
4,5871.263700841889
