reservoir,value
1,125683.67314203597
2,0.0
3,20702.67956644211
4,12029.532752687845
