reservoir,value
1,0.0
2,82642.50000000001
3,3267.1000000000004
4,20022.0
