reservoir,value
1,99797.31819195749
2,10048.941376870265
3,11070.891235233023
4,0.0
