reservoir,value
1,15811.25317100703
2,6819.510246299864
3,5032.3958716373345
4,4736.401615668508
