reservoir,value
1,84728.87455278105
2,0.0
3,45550.354594439916
4,12744.9
