reservoir,value
1,19947.74546204034
2,6517.548466171806
3,3676.368548970787
4,2345.5568621164653
