reservoir,value
1,24445.773941066975
2,25289.373809189783
3,3288.4135031677547
4,2502.690852433514
