reservoir,value
1,9905.075018211495
2,19617.2
3,3447.6153817988006
4,1630.7647683953173
