reservoir,value
1,106130.48122588184
2,1874.931951585383
3,51806.1
4,11938.381387440246
