reservoir,value
1,49012.45437616001
2,5446.2581218000005
3,21973.6612143
4,18754.70216111
