reservoir,value
1,114893.88179796
2,0.0
3,32430.2295143
4,12744.9
