reservoir,value
1,115074.5631999998
2,5237.6498999999985
3,34507.6601
4,12744.9
