reservoir,value
1,15777.119331761893
2,13557.66086731626
3,2885.7123155309564
4,3541.291440265902
