reservoir,value
1,88447.75174642418
2,7824.057182199831
3,5823.1229176542765
4,0.0
