reservoir,value
1,23433.667068263618
2,19617.2
3,40765.299999999996
4,12744.9
