reservoir,value
1,41759.25118170775
2,4031.203213633432
3,12038.36757058016
4,6449.1124187862215
