reservoir,value
1,94924.93464423036
2,14941.626771989684
3,39436.77547449471
4,0.0
