reservoir,value
1,14450.152336286337
2,12914.531973247727
3,4187.223487160009
4,2659.0220358614174
