reservoir,value
1,24391.01835657204
2,6555.850292791753
3,10757.21082914808
4,13828.004072743706
