reservoir,value
1,104289.96150765718
2,0.0
3,48830.782107161736
4,12744.9
