reservoir,value
1,56612.07959970722
2,9077.991796536919
3,6516.656358903707
4,11900.917859822632
