reservoir,value
1,151713.63886118814
2,5790.65802961141
3,18844.98366622434
4,8111.019015797922
