reservoir,value
1,131616.70147776906
2,0.0
3,12719.841912319276
4,12744.9
