reservoir,value
1,26438.296911703917
2,8084.323461079981
3,4570.848457099952
4,2461.046727356784
