reservoir,value
1,13836.026834034894
2,2097.379702695057
3,0.0
4,1845.0955559231907
