reservoir,value
1,32705.53539885561
2,2786.43781297692
3,11841.56395674306
4,7115.0568340110585
