reservoir,value
1,65402.931426914656
2,2247.437812976275
3,9557.834838046983
4,0.0
