reservoir,value
1,20475.521311940705
2,7489.324609401072
3,2619.3942020897875
4,2528.0797494368735
