reservoir,value
1,30264.18845440696
2,23953.70919490685
3,3636.4375127888525
4,4980.539248237476
