reservoir,value
1,184916.2563773805
2,19617.2
3,29810.385572404914
4,12744.9
