reservoir,value
1,47518.45813064044
2,11031.863271533097
3,12743.99053664314
4,5232.043754048922
