reservoir,value
1,118553.36812904333
2,11250.598176965554
3,6538.734290692072
4,0.0
