reservoir,value
1,168774.8170190793
2,0.0
3,31885.526462560003
4,6020.791976622348
