reservoir,value
1,41651.26603503449
2,11455.677102764994
3,24722.452306395888
4,0.0
