reservoir,value
1,43705.60935588257
2,4466.956784831946
3,9916.777019431116
4,5943.067575334917
