reservoir,value
1,109795.93158958158
2,8582.034489972677
3,24165.575838245168
4,2621.361595586777
