reservoir,value
1,14467.015901991395
2,6592.678659657908
3,2771.8985376204223
4,1955.905456818975
