reservoir,value
1,92598.3159758307
2,4360.873334307191
3,20774.905420749557
4,6710.820579856229
