reservoir,value
1,16273.182771852893
2,5610.82772411807
3,3077.140385837078
4,3426.300132031147
