reservoir,value
1,95244.02533962192
2,0.0
3,7641.3952512386
4,12744.9
