reservoir,value
1,24027.11948645595
2,9006.480129065614
3,2682.5236117819054
4,1367.9380575456757
