reservoir,value
1,113714.87269774538
2,14338.428777465324
3,8473.189334649567
4,5531.126746517603
