reservoir,value
1,23996.529042569073
2,21414.09539798952
3,4294.182169147468
4,3958.7486981706006
