reservoir,value
1,108077.5168816896
2,17006.212237192936
3,29076.647865764277
4,3299.609433376092
