reservoir,value
1,58554.94699285716
2,13276.972242756596
3,0.0
4,1807.1571973109467
