reservoir,value
1,35790.28540720805
2,3910.1627550102953
3,18118.834461091163
4,15548.886491156178
