reservoir,value
1,0.0
2,0.0
3,8217.934461091163
4,6281.970995655403
