reservoir,value
1,109892.76103737159
2,19390.691380349737
3,11281.897220079707
4,0.0
