reservoir,value
1,57462.952507864946
2,4716.681480071817
3,17658.17185078913
4,17095.446666923704
