reservoir,value
1,65290.22549032781
2,19617.2
3,22030.79852497939
4,8766.04404597863
