reservoir,value
1,182616.97998215142
2,19617.2
3,49952.930640943574
4,6797.689424721702
