reservoir,value
1,200717.6
2,14709.002944911523
3,21103.673719737744
4,6263.775701035604
