from,to,value
1,1,0.0
1,2,0.0
1,3,0.0
1,4,0.0
1,5,958.2999999996915
2,1,3311.4800000024456
2,2,0.0
2,3,0.0
2,4,0.0
2,5,0.0
3,1,0.0
3,2,0.0
3,3,0.0
3,4,0.0
3,5,115.59999999999967
4,1,0.0
4,2,0.0
4,3,0.0
4,4,0.0
4,5,0.0
5,1,0.0
5,2,0.0
5,3,0.0
5,4,1073.8999999999996
5,5,0.0
