reservoir,value
1,62508.61505996253
2,4704.950842473562
3,13095.019975430052
4,18619.71047643906
