reservoir,value
1,200717.6
2,17041.870842476015
3,27273.99472170192
4,10989.810476524226
