reservoir,value
1,15476.23948800871
2,10654.83921329961
3,3419.4342093654604
4,2029.7229833556107
