reservoir,value
1,79437.81481038245
2,17190.539213299613
3,22821.095309500666
4,7329.991199329753
