reservoir,value
1,114389.2868
2,5168.890700001062
3,22504.6843
4,9832.746900001172
