reservoir,value
1,120417.42091517836
2,136.8662045569415
3,51650.63659765274
4,12744.9
