from,to,value
1,1,0.0
1,2,3388.060000000017
1,3,0.0
1,4,0.0
1,5,0.0
2,1,0.0
2,2,0.0
2,3,0.0
2,4,0.0
2,5,0.0
3,1,0.0
3,2,0.0
3,3,0.0
3,4,0.0
3,5,0.0
4,1,0.0
4,2,0.0
4,3,0.0
4,4,0.0
4,5,1720.4098572108906
5,1,1067.8098572107024
5,2,0.0
5,3,652.6000000001882
5,4,0.0
5,5,0.0
