reservoir,value
1,22093.887048209097
2,19393.577903463203
3,3558.336567960436
4,4948.590142789109
