reservoir,value
1,0.0
2,68179.23999999999
3,25956.1
4,7827.500000000002
