reservoir,value
1,118668.97127758784
2,0.0
3,21174.38048421743
4,6484.322138388983
