reservoir,value
1,19047.296490767734
2,5676.874499415131
3,3430.5569647454395
4,3154.9519704529685
