reservoir,value
1,98684.36576070433
2,0.0
3,15612.354173681448
4,8686.51382453195
