reservoir,value
1,49990.45440861743
2,7458.467099430096
3,13357.044402979176
4,7570.611453467756
