reservoir,value
1,69218.44752994974
2,9639.04969757452
3,11061.571405215178
4,397.1336032985855
