reservoir,value
1,32314.540686140404
2,24388.593054399804
3,5471.944442906067
4,8437.532123310084
