reservoir,value
1,146255.88715120003
2,3511.6675224000037
3,33118.51169466
4,0.0
