reservoir,value
1,45937.6799510633
2,26873.12567635054
3,5079.721196455413
4,11597.589215658549
