reservoir,value
1,91234.43905857236
2,19617.2
3,7629.041813943533
4,6091.039117611794
