reservoir,value
1,14474.316853853594
2,15469.276115519995
3,3080.9898557948704
4,1863.3023511822307
