reservoir,value
1,72536.23999557234
2,14321.363930563202
3,5776.806392395266
4,10921.356428473751
