reservoir,value
1,74853.27924371621
2,19617.2
3,42717.399999999994
4,0.0
