reservoir,value
1,120737.18656251041
2,11556.25889486884
3,23576.947227414752
4,12141.082907983347
