reservoir,value
1,67210.40508160327
2,0.0
3,12972.873278998215
4,8087.116024823685
