reservoir,value
1,40628.23718518256
2,6360.665451575296
3,13305.75302949789
4,21605.38507766717
