reservoir,value
1,22736.04296285194
2,1037.1835976272196
3,29384.25135296904
4,3073.3724886820282
