reservoir,value
1,57123.0829656554
2,6937.423155397471
3,527.90426928005
4,8173.959881658464
