reservoir,value
1,35379.634092447806
2,11909.915373511229
3,4679.268495701861
4,3614.2872150868716
