reservoir,value
1,169982.20379388458
2,1797.3046617907767
3,40429.99419096692
4,9030.808862794453
