reservoir,value
1,41898.97143366281
2,5491.990668885308
3,16102.114896351377
4,7767.1832988553015
