reservoir,value
1,83837.57607163992
2,8010.795557372752
3,10407.665461375122
4,2271.971524882596
