reservoir,value
1,73430.92418672002
2,6211.35156551192
3,13496.936416005134
4,26467.359869491924
