reservoir,value
1,414.19748880770476
2,0.0
3,0.0
4,14063.401307775195
