reservoir,value
1,200717.6
2,2034.7534127117651
3,34638.73837492513
4,4774.058561716728
