reservoir,value
1,157893.0944739499
2,19617.2
3,24698.46666811853
4,11822.265487318227
