reservoir,value
1,153352.75048755886
2,15666.584204982906
3,12760.966332033113
4,5579.543987113549
