reservoir,value
1,22550.32877757764
2,15534.187309433273
3,4723.66348370175
4,7717.552382198659
