reservoir,value
1,104961.53741885355
2,2452.687309433273
3,14052.691169026268
4,12744.9
