reservoir,value
1,116398.22234194995
2,0.0
3,13560.328618723805
4,12744.9
