reservoir,value
1,29241.51430725484
2,19603.552145672427
3,8855.013006070601
4,9890.218806323592
