reservoir,value
1,26665.40795126695
2,7977.327728386052
3,10851.443358281025
4,11935.749716485956
