reservoir,value
1,126400.0878840949
2,0.0
3,33559.26709144853
4,12744.9
