reservoir,value
1,135141.51729348337
2,0.0
3,43365.89080742424
4,9435.630732763635
