reservoir,value
1,43195.42870681211
2,3182.060472709238
3,4965.144524989779
4,12884.283410171038
