reservoir,value
1,36588.7590488462
2,13553.765147275659
3,6711.770057513668
4,3390.4897874180515
