reservoir,value
1,130773.40493427898
2,7509.7392197239315
3,9602.20132158718
4,5410.62410607085
