reservoir,value
1,18911.362545363976
2,38590.70771382408
3,2724.844814058477
4,2465.058470959926
