reservoir,value
1,120048.78485079651
2,19617.2
3,2103.7523108852283
4,4597.175683433632
