reservoir,value
1,29588.821783465366
2,7748.426333088123
3,5875.001464997639
4,2042.6860518472815
