reservoir,value
1,82418.82537286513
2,14284.126333088123
3,39682.251205891465
4,2310.1992278523794
