reservoir,value
1,84092.46181376168
2,17818.58291119973
3,1189.233738364488
4,0.0
