reservoir,value
1,130424.169447552
2,0.0
3,9412.897836605855
4,12744.9
