reservoir,value
1,123759.34749260785
2,1781.7699063066866
3,18366.855508002947
4,12744.9
