reservoir,value
1,25821.30163428579
2,4269.543772355024
3,14464.680156752178
4,7034.07192256489
