reservoir,value
1,45030.55369795133
2,0.0
3,8017.114698057569
4,0.0
