reservoir,value
1,42748.56825068388
2,2860.1448283785535
3,12595.951666524006
4,17554.612366714555
