reservoir,value
1,188860.5317303708
2,13056.95830896583
3,50793.75576180753
4,0.0
