reservoir,value
1,34478.20454882747
2,17877.016203281528
3,4873.907712181064
4,1918.1480129903039
