reservoir,value
1,27703.365916600258
2,2232.0578640955273
3,3301.2838698049522
4,2739.636515748138
