reservoir,value
1,58066.94395652581
2,0.0
3,3907.0838933766227
4,3945.829226041797
