reservoir,value
1,22493.746385096194
2,2923.110481391881
3,4160.427804553925
4,4792.55790835501
