reservoir,value
1,103759.30357246881
2,0.0
3,28082.37007487462
4,12744.9
