reservoir,value
1,29900.925738773512
2,7272.992070464015
3,9424.28367508405
4,10873.776184164282
