reservoir,value
1,14958.612914332243
2,9721.63207067942
3,3752.446974269063
4,1945.7857283926623
