reservoir,value
1,61383.050584823715
2,16257.33207067942
3,5714.942215445312
4,10394.438874917814
