reservoir,value
1,16364.492442458839
2,345.26963960239846
3,3194.81854706605
4,2448.230323038023
