reservoir,value
1,43038.57989306677
2,5336.341852100626
3,8653.573786447463
4,12168.49293549219
