reservoir,value
1,28146.172096864146
2,9037.27737369752
3,3111.2812188764583
4,2380.3303867788113
