reservoir,value
1,24310.135367606355
2,18218.412334665914
3,6906.84420789733
4,11880.51891979363
