reservoir,value
1,111787.24903025726
2,11404.475978895023
3,21041.725251797332
4,12744.9
