reservoir,value
1,27737.994951407483
2,20409.986052747543
3,7550.9136944588
4,7484.252349874772
