reservoir,value
1,26057.587910867216
2,5282.119329842393
3,4784.091921329564
4,14399.208282918024
