reservoir,value
1,113101.39271982889
2,0.0
3,9411.583837590957
4,12744.9
