reservoir,value
1,45732.245501037614
2,6640.27207874789
3,5899.833332618893
4,7303.020774426798
