reservoir,value
1,61932.447018340004
2,10777.679394359999
3,36769.9587568
4,25498.716329119998
