reservoir,value
1,0.0
2,0.0
3,19408.79792010786
4,17868.816329119996
