reservoir,value
1,156280.02281834008
2,3488.6320943600103
3,42598.99133669214
4,12744.9
