reservoir,value
1,41590.73235022296
2,7598.764181185346
3,7199.655945786713
4,7670.88717015527
