reservoir,value
1,106918.39366958919
2,3482.9235485556424
3,49104.855945788266
4,12744.9
