reservoir,value
1,128007.87633545778
2,0.0
3,17300.05654130731
4,12744.9
