reservoir,value
1,30069.04423011413
2,10937.312535827898
3,11539.072398581611
4,11608.75764012772
