reservoir,value
1,124703.91562515483
2,3661.247087767897
3,31859.88460880161
4,12744.9
