reservoir,value
1,133340.03162073277
2,19617.2
3,18857.135767784053
4,5430.570016164055
