reservoir,value
1,19618.585547888233
2,11348.935137383407
3,5166.002881984808
4,4779.079806969895
