reservoir,value
1,91214.70818420652
2,9053.958878477013
3,44203.70069903159
4,12744.9
