reservoir,value
1,96188.65448408511
2,2068.705917709083
3,25730.737639284835
4,718.3505772177621
