reservoir,value
1,31964.584093379814
2,0.0
3,11433.88240205224
4,837.8193543672587
