reservoir,value
1,85719.41490904479
2,0.0
3,12837.594103944391
4,6331.955060020413
