reservoir,value
1,58149.69551030001
2,13345.90389965
3,5606.48682395
4,14346.093253879999
