reservoir,value
1,51534.47863784076
2,12131.631529745035
3,10428.780439068316
4,771.7457561380425
