reservoir,value
1,25850.1266410229
2,10080.889317535744
3,4534.4351668297695
4,3751.246260584967
