reservoir,value
1,89781.60224664227
2,710.7480670465449
3,32160.123964257713
4,11348.11666258904
