reservoir,value
1,49266.815902379996
2,9326.24326735
3,17725.132100709998
4,30209.745170139995
