reservoir,value
1,63321.85004901535
2,9708.453535541608
3,10898.875114444749
4,5641.154423862684
