reservoir,value
1,82843.0002666874
2,5778.011138497141
3,6744.309744270548
4,0.0
