reservoir,value
1,43700.680559735454
2,19997.764171222978
3,9108.392373409602
4,5545.172169371074
