reservoir,value
1,20615.63074553389
2,6374.42932859827
3,2447.2870307831695
4,1562.5934004449457
