reservoir,value
1,77952.94346205212
2,3600.473770097624
3,10598.616550797888
4,3965.3648093853394
