reservoir,value
1,162041.5993380884
2,0.0
3,1749.1807070383948
4,0.0
