reservoir,value
1,42114.13505382242
2,750.5020311507951
3,15184.446198453688
4,5056.288134010095
