reservoir,value
1,90696.29589816908
2,0.0
3,21248.010519202573
4,12744.9
