reservoir,value
1,38427.08748779932
2,5359.994665876367
3,14510.279636156223
4,8628.818270195856
