reservoir,value
1,0.0
2,0.0
3,8619.026604273658
4,998.9182701958562
