reservoir,value
1,20059.027323952738
2,8095.110691840748
3,3385.2432723811576
4,1844.4696681933883
