reservoir,value
1,21128.627276728294
2,3772.8215195187877
3,3060.492949980503
4,2058.0373892987523
