reservoir,value
1,84205.91885980127
2,1426.4256995895153
3,995.3751271138664
4,2608.631901286532
