reservoir,value
1,24765.143395227507
2,12298.353656728033
3,5176.240749594114
4,7371.19865497038
