reservoir,value
1,126952.13259872925
2,0.0
3,30089.75673950356
4,12744.9
