reservoir,value
1,26398.65768251657
2,8957.428075979333
3,4067.341431813955
4,2080.44763401323
