reservoir,value
1,21630.35655807909
2,21382.27947844258
3,3004.965244542622
4,2693.398607858072
