reservoir,value
1,24299.81551787371
2,15316.615625223007
3,3242.4940303386597
4,3192.3584793583636
