reservoir,value
1,129450.56110180133
2,5361.597187908108
3,9326.063573150721
4,9214.258479358363
