reservoir,value
1,18485.293060322478
2,14062.208855441377
3,2907.210793195788
4,3211.919257875109
