reservoir,value
1,70461.85220915104
2,988.2088554413767
3,7574.595651070026
4,12714.819257875108
