reservoir,value
1,44163.0162385976
2,11363.904189092827
3,12787.87110470008
4,6465.433971640799
