reservoir,value
1,52175.41331249053
2,3885.161119510558
3,4657.552138979543
4,0.0
