reservoir,value
1,144403.7736181499
2,4384.741006999435
3,31977.28968676024
4,10449.768287188537
