reservoir,value
1,5203.507618411357
2,2460.6964942520367
3,0.0
4,0.0
