reservoir,value
1,200717.6
2,19617.2
3,37986.60808341345
4,10480.13304477422
