reservoir,value
1,39171.82200823632
2,34301.84088543932
3,6881.7942174269865
4,8148.462959247611
