reservoir,value
1,145414.06778813736
2,19617.2
3,28408.659556864026
4,12744.9
