reservoir,value
1,87302.37764771312
2,0.0
3,15980.782502411646
4,7874.156989530397
