plant,value
1,43295.36000000004
2,10269.760000000006
3,9900.9
4,7401.600000005211
