reservoir,value
1,0.0
2,61975.23999999999
3,49014.49766199809
4,15717.399999994788
