reservoir,value
1,27336.003793055497
2,4200.795956843501
3,7906.527450916004
4,13035.205133943817
