reservoir,value
1,20027.311743406743
2,7446.5440359860695
3,3823.5711347677116
4,4696.241583635486
