reservoir,value
1,93786.19189852868
2,0.0
3,15104.394558852913
4,12744.9
