reservoir,value
1,67748.55667103102
2,8134.350084554833
3,14825.252436530292
4,1619.4060010302462
