reservoir,value
1,49170.939052400005
2,11958.66826686
3,7794.00775396
4,10115.25848082
