reservoir,value
1,16207.56383625535
2,4970.759111602523
3,3167.780039735473
4,1525.3152920417713
