reservoir,value
1,26056.042015932067
2,19541.200962701736
3,4679.96506267308
4,4817.208677847296
