reservoir,value
1,166043.48344659395
2,19209.263690014242
3,42603.41986782453
4,12744.9
