reservoir,value
1,45071.031517520256
2,9627.781069264232
3,7793.692403319031
4,12071.189074600567
