reservoir,value
1,175408.18085405402
2,0.0
3,46206.84969416903
4,6525.924280230822
