reservoir,value
1,32050.108977680928
2,3308.4512484600505
3,5959.699765622019
4,15040.287343130349
