reservoir,value
1,144391.2432483819
2,0.0
3,25016.140716237096
4,12744.9
