reservoir,value
1,80708.57785595107
2,13711.585302055944
3,0.0
4,0.0
