reservoir,value
1,26276.09628363209
2,5170.321569607386
3,4523.0486361589965
4,8412.67447168734
