reservoir,value
1,110163.46776982227
2,0.0
3,19145.485027408453
4,12744.9
