reservoir,value
1,27026.0995558574
2,0.0
3,4653.7962783695075
4,5282.577052354376
