reservoir,value
1,28821.627030848947
2,21623.101120300667
3,3815.9203863021985
4,1249.918452640445
