reservoir,value
1,60413.40266219182
2,19617.2
3,140.51271066532627
4,0.0
