reservoir,value
1,169255.19108220533
2,6273.077092326784
3,32486.656657414802
4,12744.9
