reservoir,value
1,20162.860934861463
2,5424.188113651863
3,3863.3908431570503
4,2880.8887483156554
