reservoir,value
1,13409.636664345586
2,19824.019806548044
3,2160.3200588092686
4,1375.2944736015738
