reservoir,value
1,63410.68596140758
2,19617.2
3,4545.117145631497
4,4502.780224487216
