reservoir,value
1,74362.79477171692
2,4165.411135114905
3,29113.245951061203
4,21100.835791950616
