reservoir,value
1,171247.91736203586
2,6550.127466996679
3,46982.33601278539
4,11659.942260529084
