reservoir,value
1,18042.026452046346
2,0.0
3,7764.240202513993
4,5556.816314702932
