reservoir,value
1,91817.63437118114
2,0.0
3,12886.775407317222
4,12744.9
