reservoir,value
1,68053.92025464
2,4259.80336174
3,19691.3724122
4,13926.299870399998
