reservoir,value
1,146208.40111638105
2,0.0
3,32295.156712199998
4,6906.076561477507
