reservoir,value
1,31391.052730823576
2,2604.1338526482896
3,11213.126252376102
4,15600.671851058656
