reservoir,value
1,0.0
2,0.0
3,1312.226252376102
4,2154.0165253116375
