reservoir,value
1,46663.78430205
2,4934.8181869
3,7904.375479509999
4,13992.04739728
