reservoir,value
1,141791.36763953362
2,0.0
3,13565.549179510002
4,12098.747225255896
