reservoir,value
1,30828.112372995914
2,8070.536420136708
3,4433.804593824742
4,2395.925069441021
