reservoir,value
1,92896.9525658639
2,5400.096420149238
3,10733.808742028112
4,956.8185965273096
