reservoir,value
1,31617.18921870527
2,9162.87718331999
3,12606.628073817843
4,3504.9360325450307
