reservoir,value
1,19813.054481041632
2,16207.044194129296
3,2520.7282716013933
4,2287.4578671756117
