reservoir,value
1,41931.241724785345
2,19617.2
3,2490.6556756936907
4,11645.357867175406
