reservoir,value
1,58166.00781861
2,3483.8764030400002
3,17071.569058439996
4,22708.141573610003
