reservoir,value
1,12095.145216738227
2,39247.69503701901
3,3126.9373657592955
4,1525.40380806695
