reservoir,value
1,21832.756315338993
2,47566.74531269484
3,2387.426692752721
4,1720.4286190146831
