reservoir,value
1,39817.023079910585
2,19617.2
3,6700.537615175506
4,6829.955655243807
