reservoir,value
1,2887.393903936114
2,2166.7434080602543
3,18667.182866964322
4,0.0
