reservoir,value
1,113372.60836257419
2,0.0
3,30976.565176114244
4,2896.132742899783
