reservoir,value
1,109943.6988452919
2,15451.787407063475
3,7648.863516968367
4,1840.5707460808226
