reservoir,value
1,24937.68649337547
2,9095.79817638635
3,5216.723469227389
4,2599.906844150487
