reservoir,value
1,16982.078337812985
2,5248.33957448199
3,2231.598257383271
4,2234.9805482495008
