reservoir,value
1,29757.445395917974
2,0.0
3,8636.521967314717
4,6460.738613245172
