reservoir,value
1,23890.78532127717
2,6263.383543162046
3,6405.412420234473
4,3043.6745409046116
