reservoir,value
1,54970.12340552909
2,0.0
3,4531.786420115949
4,127.68491961423479
