reservoir,value
1,15021.724047806722
2,7680.796759867555
3,4532.698135761912
4,2231.4677798269768
