reservoir,value
1,67017.74158730084
2,0.0
3,9940.524129042671
4,5082.483105134707
