reservoir,value
1,62969.08381524648
2,17669.342961957816
3,7309.1044749709345
4,5702.377139460807
