reservoir,value
1,100357.53746159743
2,0.0
3,51760.25852907735
4,12744.9
