reservoir,value
1,62349.27204321322
2,6903.249978779853
3,14751.573534127234
4,8478.419774831931
