reservoir,value
1,114188.20718722632
2,4182.8436749543935
3,29670.222100862782
4,848.5197748319315
