reservoir,value
1,26034.631688130386
2,3636.8395106927064
3,4370.020792759869
4,0.0
