reservoir,value
1,33979.20109638779
2,8923.361137210364
3,10877.13791661738
4,9718.377450795915
