reservoir,value
1,181893.0413164555
2,8659.83729900268
3,16749.909679002267
4,12744.9
