reservoir,value
1,110158.40060000001
2,0.0
3,16399.378600000004
4,6577.75337740369
