reservoir,value
1,67952.94647067589
2,5482.924293766937
3,25177.385120759485
4,14792.060063922596
