reservoir,value
1,14792.724782364749
2,10600.556798463396
3,3142.9205584338392
4,3093.3061135518633
