reservoir,value
1,75482.43289131582
2,0.0
3,2073.563035932057
4,1553.6761434101188
