reservoir,value
1,28373.88412125403
2,3016.2374032025937
3,9483.236619412677
4,7620.071185136546
