reservoir,value
1,23987.39026809581
2,5847.935076854581
3,10871.800186150645
4,9266.118016319168
