reservoir,value
1,14745.306380123497
2,20497.162082020415
3,4523.479698785317
4,4016.5470343410116
