reservoir,value
1,18275.50484498777
2,6583.12139121481
3,4249.502004495984
4,1385.6096430246803
