reservoir,value
1,18538.02737816583
2,6698.103957413088
3,1210.0011298267498
4,5380.116778452528
