reservoir,value
1,84030.950872
2,4121.45251683
3,28236.831728259996
4,13960.9495642
