reservoir,value
1,153005.93767199997
2,5131.903216827946
3,40840.616028259996
4,12744.9
