reservoir,value
1,72268.45516372327
2,0.0
3,8145.955062576656
4,6354.325500683059
