reservoir,value
1,154838.23618917124
2,0.0
3,12580.312408126552
4,12744.9
