reservoir,value
1,24971.621510909576
2,7501.480615481753
3,2783.8744921739676
4,2286.4530469604224
