from,to,value
1,1,0.0
1,2,5299.5
1,3,0.0
1,4,0.0
1,5,0.0
2,1,0.0
2,2,0.0
2,3,0.0
2,4,0.0
2,5,0.0
3,1,0.0
3,2,0.0
3,3,0.0
3,4,0.0
3,5,0.0
4,1,0.0
4,2,0.0
4,3,0.0
4,4,0.0
4,5,2319.8689234915273
5,1,1656.4205938666262
5,2,0.0
5,3,663.4483296249011
5,4,0.0
5,5,0.0
