reservoir,value
1,42248.388314867734
2,7488.114922168676
3,8045.8841768887905
4,6522.617320976185
