reservoir,value
1,92007.2413951335
2,14023.814922163181
3,5824.523747398809
4,0.0
