reservoir,value
1,57032.43739633317
2,9410.48942898281
3,8962.904366894794
4,232.00404354884176
