reservoir,value
1,55614.27326450008
2,5380.597814401888
3,7679.99155295761
4,23624.2719282
