reservoir,value
1,153232.51633933198
2,0.0
3,20884.58391190761
4,12744.9
