reservoir,value
1,18075.029009195365
2,9818.152756504272
3,3119.6569166423105
4,3694.865729500618
