reservoir,value
1,92806.47664931626
2,0.0
3,14584.585035856842
4,12744.9
