reservoir,value
1,123364.87342854084
2,3244.9401841060026
3,33296.20648441971
4,6790.411789675103
