reservoir,value
1,25646.747948119897
2,12515.099338277978
3,4785.182100938553
4,10692.309253424171
