reservoir,value
1,106180.34806048636
2,1981.839611639678
3,8250.147679652217
4,12639.861883617788
