reservoir,value
1,38460.777968344
2,2853.847992804049
3,10164.199320626285
4,15409.232003731424
