reservoir,value
1,17256.4272882515
2,6857.277121356691
3,3749.199221674532
4,2315.5881835070763
