reservoir,value
1,101329.02245821142
2,2128.707876360816
3,24410.7818206836
4,11017.588774484622
