reservoir,value
1,146591.2061743472
2,0.0
3,16203.813600042387
4,12744.9
