reservoir,value
1,20070.022643024542
2,25659.78417682047
3,4643.56217940072
4,5122.637050551065
