reservoir,value
1,131847.17768975432
2,19617.2
3,21826.316109635063
4,12744.9
