reservoir,value
1,63287.85303411271
2,17855.87636592811
3,13436.538346946403
4,6336.485929604724
