reservoir,value
1,39722.869715824316
2,3884.8632996500173
3,8496.596750833487
4,5045.087350473259
