reservoir,value
1,16521.615649804953
2,3314.764890994048
3,2860.8405398505515
4,1711.6530242385645
