reservoir,value
1,31619.76905188164
2,21736.529912010243
3,3570.91635340098
4,3201.0372861872347
