reservoir,value
1,1309.7461428788665
2,19617.2
3,0.0
4,854.1770854307059
