reservoir,value
1,177333.27464134162
2,0.0
3,45810.11625336186
4,12520.218433371425
