region,depth,value
1,1,127.8886714928157
1,2,39.5395
1,3,21.828000000000003
1,4,26.210151859944553
2,1,40.43074364163796
2,2,6.392081883858815
2,3,2.0791563832677684
2,4,10.540039597251289
3,1,0.0
3,2,2.815485178299523
3,3,0.0
3,4,0.0
4,1,0.0
4,2,0.0
4,3,0.0
4,4,0.0
