from,to,value
1,1,0.0
1,2,942.0447225661229
1,3,57.83076702425862
1,4,0.0
1,5,161.16741321269168
2,1,909.6840432122696
2,2,0.0
2,3,0.0
2,4,0.0
2,5,0.0
3,1,393.01279059298975
3,2,0.0
3,3,0.0
3,4,0.0
3,5,274.16222710339366
4,1,0.0
4,2,0.0
4,3,0.0
4,4,0.0
4,5,699.9524520207534
5,1,794.7511273374929
5,2,0.0
5,3,177.8209046803291
5,4,162.7100603190163
5,5,0.0
