reservoir,value
1,42648.55027569989
2,8732.623663100287
3,10692.891509648802
4,6080.167223963042
