reservoir,value
1,27945.553367474917
2,11224.767061504
3,5842.782399733804
4,3277.352220609176
