reservoir,value
1,0.0
2,1462.7224624213256
3,54.51910410476133
4,0.0
