reservoir,value
1,18158.389507052547
2,6788.628645137953
3,7831.197418843769
4,798.4324691377947
