reservoir,value
1,22266.47889576292
2,7972.3054239959165
3,5172.697129564173
4,1037.4401188971847
