reservoir,value
1,30504.78719492
2,5976.50584223
3,7727.46495318
4,11659.68782892
