reservoir,value
1,24553.768752743388
2,3913.4907207444194
3,3588.7255504254313
4,8977.361397951425
