reservoir,value
1,106111.74688503722
2,0.0
3,9215.311764025864
4,12744.9
