reservoir,value
1,19804.683668978763
2,8805.235681012744
3,3935.155336556972
4,3620.5831000059115
