reservoir,value
1,38885.6608366485
2,15340.935681012745
3,0.0
4,0.0
