reservoir,value
1,64501.39405488995
2,8324.378516852468
3,9302.170436149238
4,0.0
