reservoir,value
1,72886.59486744
2,7935.78835029
3,18638.13689722
4,16271.623555899998
