reservoir,value
1,33939.04944924174
2,4800.494181538822
3,6234.557365665782
4,12233.646711284378
