reservoir,value
1,13254.409372847469
2,8485.883415630658
3,4481.425370020936
4,3861.3311244202205
