reservoir,value
1,35287.36390165817
2,9521.14120326665
3,8105.382915628036
4,9013.127031196973
