reservoir,value
1,139832.77899033917
2,0.0
3,17335.622776493477
4,12744.9
