reservoir,value
1,16096.949934327375
2,6003.0018932208495
3,3573.679043187122
4,2012.223811805007
