reservoir,value
1,57967.092551818874
2,0.0
3,241.0638222423686
4,4390.568854272396
