reservoir,value
1,12099.750152512106
2,9789.242484790137
3,2350.4152072282172
4,1534.8224333199023
