reservoir,value
1,30587.22465141098
2,7032.060792915007
3,5281.492611644469
4,2754.8181935061157
