reservoir,value
1,53114.74215784312
2,4060.572696022641
3,12646.801636614862
4,21349.62087718121
