reservoir,value
1,63684.229707598075
2,0.0
3,26547.996087371335
4,6814.217322422013
