reservoir,value
1,140205.75306552698
2,0.0
3,30637.26436602
4,12744.9
