reservoir,value
1,18239.964687593303
2,21528.865031003632
3,2765.5536988998215
4,1385.9470407159488
