reservoir,value
1,25942.392376724587
2,8447.365031003632
3,6879.306142404838
4,8771.680571891291
