reservoir,value
1,123446.31841476748
2,16642.161949196314
3,15280.511258635486
4,5676.028163503899
