reservoir,value
1,22532.537688426426
2,5032.763401064047
3,4627.874028336011
4,4788.07625378238
