reservoir,value
1,112847.37369289159
2,0.0
3,34777.150584302704
4,12744.9
