reservoir,value
1,25810.642041157156
2,9568.311114883052
3,3624.6504465502485
4,2361.7402618110045
