reservoir,value
1,130168.96227576004
2,7688.933587018445
3,18628.89087984026
4,9675.537495293847
