reservoir,value
1,95248.30223942612
2,4683.713251635332
3,16698.371353026803
4,9715.301226521202
