reservoir,value
1,17919.87821875245
2,5074.594844035293
3,2860.7606800746275
4,2422.8648470903277
