reservoir,value
1,83161.56842112396
2,0.0
3,5689.364044541984
4,7537.864847091217
