reservoir,value
1,15561.701904742393
2,7002.819670161745
3,3341.2094464496454
4,2252.178485169954
