reservoir,value
1,26812.623067871402
2,3083.987950652759
3,4187.372610288967
4,3342.741863612455
