reservoir,value
1,91511.88438762425
2,0.0
3,12602.34664936758
4,12744.9
