reservoir,value
1,45119.91801860502
2,5848.917386503521
3,6904.84924274556
4,13001.135044078575
