reservoir,value
1,153950.47554476856
2,0.0
3,17939.567241545563
4,12744.9
