reservoir,value
1,33596.105774442
2,22014.895141260753
3,12548.331505198159
4,6296.287337926459
