reservoir,value
1,64293.30893637934
2,19617.2
3,9123.03150519816
4,0.0
