reservoir,value
1,62829.13966551999
2,4955.08149957
3,20580.596113869997
4,26301.39678514
