reservoir,value
1,13258.392954314479
2,4200.768211656303
3,2833.4994758669914
4,2368.9260986414574
