reservoir,value
1,51303.77134662496
2,0.0
3,6886.081463843473
4,10316.786890217401
