reservoir,value
1,21430.862977591747
2,7742.277574971811
3,4443.919515799228
4,3839.2744920691757
