reservoir,value
1,142060.04642418568
2,16786.781264986064
3,37146.43938362376
4,12017.754492029977
