reservoir,value
1,86870.98551505983
2,2009.2345620311098
3,27935.38049215725
4,687.8347070516056
