reservoir,value
1,32550.01687208064
2,8920.406802415137
3,4274.32408096843
4,2050.970762625232
