reservoir,value
1,41959.788552082005
2,9570.076184049802
3,0.0
4,636.3765590902931
