reservoir,value
1,113368.07812048965
2,17566.445939179946
3,7212.436687675415
4,4348.923434252903
