reservoir,value
1,19921.494749967176
2,3483.7179019099867
3,4093.5417836437523
4,2212.8341003052265
