reservoir,value
1,39731.73423192096
2,7147.079300125403
3,24216.354370310386
4,15307.954458221573
