reservoir,value
1,109491.90459167145
2,0.0
3,51806.1
4,7678.054458221831
