reservoir,value
1,12196.54799651956
2,5145.068150649828
3,2811.680906352395
4,2248.9764017594375
