reservoir,value
1,45357.007645131256
2,12665.051804699578
3,11063.113334658832
4,12816.941011536153
