reservoir,value
1,27551.077523681346
2,10286.127800401033
3,5006.127675459974
4,7747.36855937146
