reservoir,value
1,153628.80575880726
2,5585.037436086836
3,43833.88853181792
4,12744.9
