reservoir,value
1,41417.06778314285
2,49786.710175407134
3,7356.921105101362
4,13429.558493726518
