reservoir,value
1,125615.76918894755
2,19617.2
3,41199.64346545872
4,10066.451754025653
