reservoir,value
1,198425.44164888674
2,1612.4301782042635
3,32060.622473739983
4,12744.9
