reservoir,value
1,53158.316596993536
2,4136.161016531957
3,8343.741460138932
4,10908.845874909444
