reservoir,value
1,47670.5245546055
2,7170.13104107132
3,14230.4766849079
4,20405.312425276927
