reservoir,value
1,128314.65231577682
2,0.0
3,18837.745173407908
4,12744.9
