reservoir,value
1,22897.186502146807
2,14087.164225883305
3,4137.215888324559
4,1825.222691935387
