reservoir,value
1,112550.30642608381
2,19617.2
3,31898.2974406636
4,3017.1911369382183
