reservoir,value
1,78979.98895646152
2,0.0
3,13596.243970977463
4,1111.461440317791
