reservoir,value
1,93352.8188460786
2,0.0
3,30647.277238564642
4,10325.600819369582
