reservoir,value
1,36552.96443477174
2,15771.14736731459
3,7566.03744359537
4,14503.95199467933
