reservoir,value
1,64049.378932086394
2,9050.53844937935
3,17933.69018059146
4,0.0
