reservoir,value
1,96861.84857252559
2,2406.53052912157
3,20097.988784394674
4,3253.491225276156
