reservoir,value
1,68418.6100000003
2,6242.058659494226
3,0.0
4,0.0
