reservoir,value
1,45754.77038657272
2,4696.987856645214
3,7555.104956297856
4,10927.548078228127
