reservoir,value
1,70630.48021658981
2,0.0
3,8196.233015882139
4,8549.755403932937
