reservoir,value
1,124107.6777993964
2,3909.2336176982235
3,17894.912238317214
4,12164.4848013778
