reservoir,value
1,22517.815118440383
2,8760.182758135838
3,7922.032351059589
4,8212.693192695568
