reservoir,value
1,98121.92939132237
2,0.0
3,49827.232351059145
4,12744.9
