reservoir,value
1,17116.091895785925
2,14075.621136292619
3,2694.15243315349
4,1622.0231286085818
