reservoir,value
1,66921.1609051173
2,8319.84610080806
3,12371.288362342839
4,13374.899164571518
