reservoir,value
1,112968.68109999999
2,0.0
3,24851.713600000003
4,12744.9
