reservoir,value
1,79621.55189450245
2,3734.8773699843314
3,14755.228654859373
4,19386.514673424295
