reservoir,value
1,60230.089057584584
2,0.0
3,6485.2051528979255
4,7545.73825213013
