reservoir,value
1,66170.60607831375
2,5591.840768721545
3,17009.353567918042
4,16547.879282111877
