reservoir,value
1,8899.237808753696
2,0.0
3,6096.109329734697
4,0.0
