reservoir,value
1,200717.6
2,11387.309169792463
3,51806.1
4,8917.979282111877
