reservoir,value
1,56016.42453361979
2,8175.841932919423
3,16043.620573513808
4,15521.85522237801
