reservoir,value
1,78112.641414466
2,19131.42482895539
3,42568.80216809618
4,11802.624397193436
