reservoir,value
1,32911.365849880516
2,8120.428332754836
3,41836.93920523569
4,785.1947309339125
