reservoir,value
1,14780.822344270317
2,12661.580540180825
3,3316.836075102471
4,2745.091779087016
