reservoir,value
1,84907.15324198773
2,4497.151230815012
3,15118.260200593159
4,7265.573355324912
