reservoir,value
1,33776.80254664736
2,4843.730079643623
3,11717.005781289794
4,18588.237074543937
