reservoir,value
1,115276.40795648386
2,0.0
3,19107.06421910513
4,11083.410752607251
