reservoir,value
1,112588.66732116425
2,7873.005571677842
3,4849.859130035032
4,4804.33818407904
