reservoir,value
1,55170.28206850155
2,468.38538047190195
3,7452.743095625971
4,6308.811068398165
