reservoir,value
1,117274.42138449418
2,8930.970589675078
3,19215.55472332918
4,1771.4566876981326
