reservoir,value
1,25108.84314253322
2,78705.28508108624
3,2392.494407862252
4,2490.549048911991
