reservoir,value
1,67808.69320587927
2,29440.082819744108
3,5228.083254852998
4,13994.118908543267
