reservoir,value
1,11650.540244458403
2,7767.276178741755
3,0.0
4,2057.735308884665
