reservoir,value
1,29149.260191947214
2,7163.591419111879
3,21125.07982654358
4,1440.6981131463897
