reservoir,value
1,56983.02882082331
2,10682.170436698874
3,9373.636683172559
4,12497.433032905308
