reservoir,value
1,4675.761795761055
2,3438.2073036457423
3,2852.0391381372447
4,1777.7677847627056
