reservoir,value
1,67482.66468182
2,11515.2715088
3,13958.62867188
4,21457.33312581
