reservoir,value
1,10017.434440072897
2,11686.677457981812
3,2751.3503449339773
4,1499.7459507096596
