reservoir,value
1,21565.66427721882
2,0.0
3,0.0
4,5257.3457522977815
