reservoir,value
1,43853.50452252781
2,9996.613418395462
3,9397.828958252263
4,5262.800111545805
