reservoir,value
1,36945.11341749524
2,11599.16859235222
3,15545.899412088513
4,5688.258609366297
