reservoir,value
1,52498.92450866701
2,502.0057176618102
3,19087.33227270848
4,0.0
