reservoir,value
1,40559.89326512
2,5462.411129
3,17227.0064558
4,17611.822617359998
