reservoir,value
1,102219.79059412003
2,0.0
3,40468.9441558
4,3853.13062618988
