reservoir,value
1,40837.828385440196
2,30273.322312362296
3,8666.535996007102
4,10716.00084022355
