reservoir,value
1,171016.01641773715
2,19617.2
3,41511.89902017845
4,12744.9
