reservoir,value
1,17720.410481115687
2,8201.990451869873
3,3970.29537214921
4,2066.776146163382
