reservoir,value
1,19765.15044511686
2,7621.518891135977
3,6318.22182232298
4,3573.753965482833
