reservoir,value
1,122031.5656632812
2,3652.0788911362342
3,39316.14908758806
4,3712.4775864848475
