reservoir,value
1,27193.300787080265
2,14569.633487978543
3,2662.7027206545213
4,2840.6174444200524
