reservoir,value
1,58622.8186022164
2,10302.7
3,27023.199930482362
4,0.0
