reservoir,value
1,36683.515714093286
2,4849.191653955257
3,5803.631569613166
4,3759.218215003057
