reservoir,value
1,18675.491917769305
2,13348.823819465426
3,2377.682418761567
4,1837.6921090968399
