reservoir,value
1,18613.238275480526
2,267.3238194654259
3,2826.8512896959373
4,1419.3935309235246
