reservoir,value
1,109833.54249999998
2,3931.094899999999
3,26419.705500000004
4,12744.9
