reservoir,value
1,0.0
2,0.0
3,1929.2867095787478
4,424.3149841054469
