reservoir,value
1,146593.96291422728
2,19617.2
3,13518.156956726692
4,11796.976729685106
