reservoir,value
1,25018.89681445759
2,10016.810304100698
3,4436.929489710454
4,1523.4681184138688
