reservoir,value
1,150233.56823691554
2,590.8403041006746
3,30670.192345095136
4,2634.119969620235
