from,to,value
1,1,0.0
1,2,0.0
1,3,600.0
1,4,0.0
1,5,2048.7871657168253
2,1,2040.0033092072808
2,2,0.0
2,3,0.0
2,4,0.0
2,5,0.0
3,1,0.0
3,2,0.0
3,3,0.0
3,4,0.0
3,5,0.0
4,1,0.0
4,2,0.0
4,3,0.0
4,4,0.0
4,5,0.0
5,1,0.0
5,2,0.0
5,3,1346.6000000000004
5,4,702.1871657168249
5,5,0.0
