reservoir,value
1,33725.63066774908
2,5725.996690792719
3,5803.455236594874
4,6460.553302271086
