reservoir,value
1,133648.76501154556
2,0.0
3,18890.741003070158
4,12190.26613655426
