reservoir,value
1,113824.27233050563
2,16809.823141068176
3,24082.682686615488
4,5991.42422429414
