reservoir,value
1,89591.94218156849
2,18240.12942137311
3,7480.777302526539
4,8159.802320985542
