reservoir,value
1,86539.63151762461
2,0.0
3,7678.353681954464
4,12744.9
