reservoir,value
1,95642.362079229
2,4638.076520992276
3,33915.44174938814
4,36413.03031117202
