reservoir,value
1,184976.92075750732
2,0.0
3,27206.16997831642
4,0.0
