reservoir,value
1,33068.40533646905
2,3126.2096451921457
3,6846.071668750085
4,10393.695425312128
