reservoir,value
1,133565.17744281818
2,0.0
3,22454.203984561464
4,12744.9
