reservoir,value
1,64775.12225959094
2,18386.400583216513
3,5883.424096700523
4,2239.956288901624
