reservoir,value
1,139578.1905418888
2,0.0
3,14550.818187360885
4,12744.9
