reservoir,value
1,71251.5572530523
2,0.0
3,48368.41298771587
4,8299.891791316013
