reservoir,value
1,49718.33340152596
2,1418.9975338661684
3,0.0
4,1422.1081902981532
