reservoir,value
1,66100.2004691
2,7634.642017990001
3,19990.75078576
4,15035.478814600001
