reservoir,value
1,23875.502121374986
2,4574.114756114208
3,6349.280335490095
4,8862.983520372523
