reservoir,value
1,61707.076436300005
2,8733.29837809
3,10935.57613881
4,14537.553782300001
