reservoir,value
1,151653.58081439012
2,0.0
3,17795.16623881
4,3901.2119346078266
