reservoir,value
1,69986.62362401208
2,5596.9377548178545
3,10580.276803045992
4,17592.499800250887
