reservoir,value
1,161135.61547704003
2,917.4631383002093
3,21474.91615477951
4,9962.599800249494
