reservoir,value
1,9215.626783127795
2,29435.442118755862
3,3130.249934673417
4,2770.4442999196635
