reservoir,value
1,30000.693735492896
2,10171.56464956184
3,5809.834247907467
4,10890.466913035434
