reservoir,value
1,86138.26065127423
2,0.0
3,7884.770407295895
4,9023.312021727379
