reservoir,value
1,76388.18854080999
2,9103.16595744
3,29183.053528480003
4,26441.496733539996
