reservoir,value
1,15317.154750197331
2,3828.953982954139
3,3360.784482319399
4,2540.4355050815866
