reservoir,value
1,44914.92077831107
2,0.0
3,0.0
4,7857.679294481371
