reservoir,value
1,14732.514796948923
2,25065.20882843993
3,2966.2205550530516
4,4815.734576453442
