reservoir,value
1,91464.05905079706
2,19617.2
3,11184.0132746423
4,12744.9
