reservoir,value
1,29277.62110384865
2,10839.707113824914
3,4286.477829260132
4,3649.3525903237187
