reservoir,value
1,55645.45086563823
2,4522.464124565407
3,2145.258557184233
4,513.5429757192491
