reservoir,value
1,40048.26829503284
2,4449.1570802561855
3,5860.325051724724
4,14384.151022762166
