reservoir,value
1,81760.44390829417
2,0.0
3,32311.508295259864
4,12744.9
