reservoir,value
1,62765.11004695386
2,4040.611936326354
3,11935.813266139046
4,15919.009446606766
