reservoir,value
1,113178.18870311584
2,15796.104883105967
3,9515.690568665585
4,12744.9
