from,to,value
1,1,0.0
1,2,2762.3462970592377
1,3,0.0
1,4,0.0
1,5,0.0
2,1,0.0
2,2,0.0
2,3,0.0
2,4,0.0
2,5,0.0
3,1,0.0
3,2,0.0
3,3,0.0
3,4,0.0
3,5,0.0
4,1,0.0
4,2,0.0
4,3,0.0
4,4,0.0
4,5,305.9866481684239
5,1,199.38664816849055
5,2,0.0
5,3,106.59999999993337
5,4,0.0
5,5,0.0
