reservoir,value
1,20516.287273476373
2,5136.169416075233
3,3057.4434143562644
4,1925.535806673749
