reservoir,value
1,146084.7546862531
2,2571.3016842323377
3,25487.819649600344
4,7004.610940426903
