reservoir,value
1,112603.89720000004
2,3854.7874999999995
3,22591.481300000003
4,12744.9
