reservoir,value
1,112403.6136626509
2,6267.563644229101
3,23834.281043900002
4,12744.9
