reservoir,value
1,102315.13184136491
2,0.0
3,40542.67699467895
4,6541.714634705202
