reservoir,value
1,16447.962727391212
2,6998.109008167223
3,4595.506084988426
4,1937.6219818529569
