reservoir,value
1,22333.519218805362
2,11489.047488203849
3,5212.0825517277
4,4014.120544869783
