reservoir,value
1,138847.74371404012
2,18024.747488203866
3,22242.64065239258
4,12474.178506661092
