reservoir,value
1,67571.04080921826
2,3698.1110624334406
3,21517.22282190051
4,8263.972432071057
