reservoir,value
1,47799.81519092995
2,2220.1507386070366
3,24406.555368939764
4,17100.713614276272
