reservoir,value
1,31907.146233860938
2,16774.257044379458
3,4287.52215361366
4,18198.82246924054
