reservoir,value
1,119520.6483844509
2,3692.7570443794575
3,8811.160653314037
4,12744.9
