reservoir,value
1,43486.16922312775
2,10208.509152011351
3,6273.253670045625
4,10486.047360813827
