reservoir,value
1,14679.300258635782
2,7465.446066571653
3,3837.1560985973297
4,2339.3109950967805
