reservoir,value
1,16298.989467038435
2,19617.2
3,1169.3804424515074
4,6965.907924556965
