reservoir,value
1,61348.3678369873
2,8203.727164387095
3,27395.619991229614
4,31506.31357525596
