reservoir,value
1,109993.72384160577
2,6083.130578871862
3,51806.1
4,0.0
