reservoir,value
1,22587.586102672212
2,14896.066466319586
3,3723.040469339794
4,2144.650140570899
