reservoir,value
1,108583.25593376686
2,15952.816274361847
3,18384.687596090465
4,8661.163118467795
