reservoir,value
1,167906.58001449652
2,1632.2456488279602
3,34222.21672505769
4,12744.9
