reservoir,value
1,53997.211524281214
2,2162.288246835751
3,15990.754919790852
4,19934.68423456917
