reservoir,value
1,0.0
2,0.0
3,6089.854919790852
4,7567.768519144871
