reservoir,value
1,105048.35228899549
2,0.0
3,24028.117079408734
4,12744.9
