reservoir,value
1,40157.047149489306
2,0.0
3,6469.2371426975515
4,0.0
