reservoir,value
1,120789.96675175373
2,297.6457582794974
3,12980.945524561997
4,5285.134707026714
