reservoir,value
1,120317.53218346956
2,0.0
3,25622.483823764604
4,8374.483280414182
