reservoir,value
1,52332.97837284
2,3265.45475894
3,10626.363104279999
4,10348.90487625
