reservoir,value
1,21884.722913396683
2,19617.2
3,16736.19999930596
4,12744.9
