reservoir,value
1,25614.495945967086
2,5465.281507735084
3,2218.4956327725504
4,1759.8977843162318
