from,to,value
1,1,0.0
1,2,2277.2083038271194
1,3,0.0
1,4,0.0
1,5,0.0
2,1,0.0
2,2,0.0
2,3,0.0
2,4,0.0
2,5,0.0
3,1,827.1483038285851
3,2,0.0
3,3,0.0
3,4,0.0
3,5,0.0
4,1,0.0
4,2,0.0
4,3,0.0
4,4,0.0
4,5,3053.0
5,1,3052.999999998556
5,2,0.0
5,3,0.0
5,4,0.0
5,5,0.0
