reservoir,value
1,42414.428638231264
2,53222.17468148316
3,3541.8616645191546
4,1863.963937736723
