reservoir,value
1,29541.142506575256
2,5584.889951982081
3,9514.80979218196
4,6918.364759697013
