reservoir,value
1,19536.459370579305
2,17230.007069574334
3,4896.864179154731
4,2638.4544550736814
