reservoir,value
1,143484.01254134125
2,7081.627311915468
3,29464.293917351082
4,7922.5709348368
