reservoir,value
1,20405.179534765128
2,4658.098097533627
3,6399.1285001209235
4,7072.333450612456
