reservoir,value
1,88648.47487832682
2,0.0
3,41122.36628074629
4,12187.333450612456
