reservoir,value
1,30188.02213673304
2,7375.7734437084655
3,9337.437887415044
4,3240.4041422067594
