reservoir,value
1,22772.421371108918
2,9626.264065023823
3,34390.87206269792
4,624.2604912627448
