reservoir,value
1,122274.1928497173
2,5969.070519799108
3,23103.57286790581
4,12744.9
