reservoir,value
1,53118.55670731417
2,9208.49935404596
3,10992.023001795184
4,5542.269617994279
