reservoir,value
1,18850.717173088615
2,3844.509396647303
3,3168.4047799726177
4,2924.7440349554367
