reservoir,value
1,52398.296345950774
2,0.0
3,7567.073017727247
4,12744.9
