reservoir,value
1,16652.742420628667
2,4477.393092333301
3,3411.311658967975
4,1595.626185672447
