reservoir,value
1,51116.58370272
2,3536.53192052
3,14647.41162797
4,14192.132949680003
