reservoir,value
1,127719.89921928053
2,0.0
3,26270.866927969993
4,12744.9
