reservoir,value
1,20226.723948093433
2,6453.466757241467
3,4173.883464282389
4,4099.413092270343
