reservoir,value
1,130554.12836433292
2,0.0
3,18625.70017817255
4,9214.413092270335
