reservoir,value
1,25462.043391551786
2,5687.04367554896
3,4234.799920063958
4,3645.746986899012
