reservoir,value
1,25955.8608484847
2,61386.1058441192
3,4509.860159156041
4,1820.8403993211673
