reservoir,value
1,16619.19523771674
2,19617.2
3,6463.428824291245
4,1771.424424440425
