reservoir,value
1,78289.65270862433
2,0.0
3,5254.259759713268
4,11187.456250207677
