reservoir,value
1,59841.50662711819
2,4208.649806064597
3,25957.36082528836
4,17899.45673308072
