reservoir,value
1,33770.09534996542
2,5876.915332762125
3,7845.297154112271
4,3418.0753246337454
