reservoir,value
1,71165.69694475443
2,5747.029521631686
3,11847.41579007875
4,6760.178342086399
