reservoir,value
1,96191.59228722304
2,8268.085788315426
3,1974.7518655701915
4,1980.7818040496986
