reservoir,value
1,17661.25689949406
2,6655.9717304832775
3,3541.8685375168843
4,6479.726681532046
