reservoir,value
1,97647.44805322395
2,0.0
3,21741.263684283174
4,12744.9
