reservoir,value
1,146475.50411313752
2,0.0
3,27158.495768653476
4,7887.253336199818
