reservoir,value
1,45896.035066733166
2,13369.923790518464
3,9009.389359715915
4,5947.586519587385
