reservoir,value
1,18542.9447249663
2,11215.76241814351
3,6728.753953356085
4,3179.9515333994223
