reservoir,value
1,36522.21695731522
2,4803.890939697897
3,6940.164540785314
4,9910.324432669155
