reservoir,value
1,64987.72666010187
2,4607.993383602092
3,34881.166964535114
4,6603.121521214488
