reservoir,value
1,59718.37785406011
2,19617.2
3,5190.26844218574
4,3922.2135872752106
