reservoir,value
1,29215.495354161878
2,7885.735952627371
3,5282.119697628443
4,9923.940672627017
