reservoir,value
1,41974.490693454936
2,7798.979804370685
3,7494.306317622548
4,18370.963640208956
