reservoir,value
1,126847.96190538802
2,933.8442802896388
3,14319.399892222486
4,10419.255951019577
