reservoir,value
1,41122.96077511932
2,18535.465368148667
3,10178.425000879943
4,5442.982384086884
