reservoir,value
1,13695.81112316927
2,5667.437289477917
3,2847.7218459688447
4,2047.4757738373903
