reservoir,value
1,77387.96608811837
2,6002.278737914457
3,8994.527681885862
4,6820.9416807055695
