reservoir,value
1,28022.42050594872
2,12229.714820324007
3,5574.167853787302
4,15599.198432255529
