reservoir,value
1,171372.52477419598
2,19617.2
3,28778.167400170343
4,12744.9
