reservoir,value
1,24040.21030061451
2,5083.368911889836
3,4851.2220038903415
4,6247.039031242737
