reservoir,value
1,80198.64024245375
2,2223.699216376226
3,14179.173068042444
4,11759.798580415103
