reservoir,value
1,75508.51994956948
2,19617.2
3,9297.404106563388
4,4997.154312462253
