reservoir,value
1,36379.303139361444
2,19232.34135364027
3,9234.471771213564
4,3224.1011307777394
