reservoir,value
1,0.0
2,12961.207258426239
3,24258.28639308951
4,0.0
