reservoir,value
1,14558.946990928413
2,25004.26610545311
3,2482.6902218553323
4,3278.489465873309
