reservoir,value
1,45295.51122243404
2,19617.2
3,0.0
4,1551.2003890734024
