reservoir,value
1,751.5097216714566
2,0.0
3,3444.713183885511
4,0.0
