reservoir,value
1,40712.80123534205
2,7654.808604723485
3,5647.470931022934
4,15235.812676718106
