reservoir,value
1,111562.42227077723
2,695.7686047236048
3,14738.686075520429
4,12744.9
