reservoir,value
1,23559.78193684914
2,6188.73462196203
3,3946.880536471812
4,3941.971297602408
