reservoir,value
1,134450.60246063906
2,0.0
3,9337.668985174756
4,12744.9
