reservoir,value
1,12400.474909641745
2,21081.494306146
3,5222.674665792177
4,3019.3297437727956
