reservoir,value
1,8683.706261661497
2,19617.2
3,22368.096314963976
4,1802.075995021177
