reservoir,value
1,19150.991010313748
2,9604.104354702875
3,4659.618389852058
4,3971.913629434833
