reservoir,value
1,18760.889411759956
2,3015.7800463342605
3,2978.5906033973533
4,2673.5153696023303
