reservoir,value
1,105652.35062618088
2,5724.085277081871
3,12838.310602123593
4,2931.7013860164157
