reservoir,value
1,11778.578622153478
2,6063.926311055346
3,5857.657244448903
4,2633.848509233517
