reservoir,value
1,17471.92350581962
2,13313.06033255297
3,4545.040636050467
4,2323.950479970023
