reservoir,value
1,45439.658564042904
2,10142.136921956859
3,10620.680073244741
4,11950.478980959117
