reservoir,value
1,131900.910149649
2,10300.118185000198
3,30023.039943884894
4,4320.578980958847
