reservoir,value
1,54363.05909630345
2,15764.228854033992
3,16181.155243733941
4,6206.19544434648
