reservoir,value
1,54388.286380330406
2,8463.259725970165
3,10132.676740809626
4,13787.037207195133
