reservoir,value
1,92598.66945221231
2,9611.775463407706
3,18060.887447515102
4,7157.870437885452
