reservoir,value
1,39812.042621221015
2,6369.5410517867895
3,12674.100524536603
4,16836.29837217412
