reservoir,value
1,114685.487474989
2,0.0
3,42535.625373321716
4,11123.676431529631
