reservoir,value
1,69388.69250020459
2,0.0
3,3960.1435091297058
4,2698.033079998878
