reservoir,value
1,29699.224107273498
2,18787.24534004944
3,3569.5004620027644
4,3175.6950209678125
