reservoir,value
1,80126.80002461298
2,10009.43581877488
3,22458.787718755
4,12346.595020967812
