reservoir,value
1,46185.887458613324
2,2149.9578358580256
3,9321.01097273369
4,14079.172748009476
