reservoir,value
1,54084.206186561976
2,5002.3775462081085
3,9533.17267950127
4,7705.756194263088
