reservoir,value
1,13796.75560463556
2,0.0
3,363.43188811298387
4,830.721277983389
