reservoir,value
1,21032.116335824034
2,2148.1411067753106
3,9481.330222894494
4,5593.742010281277
