reservoir,value
1,0.0
2,1355.1058698432025
3,1701.5003032178402
4,1366.8414284544297
