reservoir,value
1,15452.7976193127
2,13306.989558905594
3,3872.810761263402
4,5830.89863462055
