reservoir,value
1,108350.63303319627
2,4143.2438662633
3,24266.671928207896
4,12744.9
