reservoir,value
1,38313.00652776634
2,9952.345551354518
3,12558.766541683479
4,15722.281139057071
