reservoir,value
1,19137.037707592608
2,2814.3626991712276
3,6788.057021763582
4,4747.035138981696
