reservoir,value
1,30221.874017103823
2,13853.355654422357
3,3214.6874939310856
4,10056.988825131057
