reservoir,value
1,52555.979169759994
2,8802.28473134
3,12361.456960800002
4,17776.57488664
