reservoir,value
1,31032.82069697939
2,8009.478221192255
3,16688.129687969013
4,6270.237881064588
