from,to,value
1,1,0.0
1,2,2961.7400000001767
1,3,0.0
1,4,0.0
1,5,0.0
2,1,0.0
2,2,0.0
2,3,0.0
2,4,0.0
2,5,0.0
3,1,1000.0
3,2,0.0
3,3,0.0
3,4,0.0
3,5,2335.7361327822705
4,1,0.0
4,2,0.0
4,3,0.0
4,4,0.0
4,5,251.7028483663762
5,1,2587.4389811486394
5,2,0.0
5,3,0.0
5,4,0.0
5,5,0.0
