reservoir,value
1,18621.197561434805
2,25842.965006179085
3,3642.8025247473565
4,6417.297151633828
