reservoir,value
1,128616.33379239295
2,19617.2
3,19603.625484941673
4,12744.9
