reservoir,value
1,46399.0664391
2,12183.3742872
3,7769.048978349999
4,15504.1322855
