reservoir,value
1,19417.85355366736
2,10812.880383066855
3,6179.799152305817
4,7956.446118794535
