reservoir,value
1,18830.838648489735
2,8424.514687708524
3,7410.096766477981
4,7585.728612770523
