reservoir,value
1,36503.22828960046
2,5267.258615278715
3,12627.630384218468
4,17498.16601295902
