reservoir,value
1,89247.82144138319
2,0.0
3,10538.047616262274
4,1553.6767510507852
