reservoir,value
1,23016.877393854607
2,2600.8195511225013
3,6000.5590801804465
4,10042.369043533461
