reservoir,value
1,101337.94406471243
2,0.0
3,47750.29567783314
4,12744.9
