reservoir,value
1,45025.59089493839
2,5957.892241760715
3,6984.311902348266
4,12075.303209343252
