reservoir,value
1,116615.64883250832
2,0.0
3,10199.08688784787
4,8970.363011895033
