reservoir,value
1,70404.0586022164
2,19617.2
3,1687.1000000000004
4,0.0
