reservoir,value
1,23140.894663988387
2,9915.4673975158
3,4042.4667445182354
4,2724.024594325156
