reservoir,value
1,10001.527334124228
2,13124.352720631116
3,4339.032429035458
4,4654.5428555054905
