reservoir,value
1,47593.61003062688
2,11818.555909382343
3,9660.64216480859
4,5952.844992414908
