reservoir,value
1,51651.49801314312
2,4521.308328075962
3,0.0
4,0.0
