reservoir,value
1,55941.665411434005
2,4653.375198668529
3,18502.503375221306
4,20192.038875118
