reservoir,value
1,156349.60846420255
2,0.0
3,51806.1
4,12562.138875118
