reservoir,value
1,39411.66114286986
2,6381.115532578249
3,15601.851964272952
4,13181.067427668982
