reservoir,value
1,142007.2406352241
2,0.0
3,39360.87327202295
4,12744.9
