reservoir,value
1,23585.535813725237
2,19392.057378641424
3,2568.880862257003
4,3266.762226204539
