reservoir,value
1,80966.74529038019
2,19617.2
3,12540.080757486536
4,9765.662226204538
