reservoir,value
1,69301.7600000003
2,6065.700000000001
3,51806.1
4,12744.9
