reservoir,value
1,43131.36894997661
2,18491.775163358758
3,3911.7147308087897
4,10611.462524259869
