reservoir,value
1,198434.6689499766
2,19617.2
3,34666.25121909398
4,12744.9
