reservoir,value
1,28855.600147021847
2,4697.063333898086
3,9857.54660742701
4,4392.107381698854
