reservoir,value
1,42317.051613501004
2,4349.4350069113525
3,0.0
4,0.0
