reservoir,value
1,181691.6194438572
2,7069.421005475495
3,45726.87512577563
4,11009.69731736381
