reservoir,value
1,38318.09462641315
2,5983.338350806309
3,13326.441650118706
4,4398.24315136667
