reservoir,value
1,72955.60528325691
2,9121.36056472494
3,9651.867719914006
4,13140.844654967792
