reservoir,value
1,123988.61408891038
2,9997.961185545644
3,12938.794078477933
4,0.0
