reservoir,value
1,25532.090382944483
2,26205.17062940189
3,6059.242082512935
4,5193.178591659425
