reservoir,value
1,129312.67735809565
2,13123.670629401891
3,35882.15639743834
4,12744.9
