reservoir,value
1,102003.33089771742
2,4909.5706906341875
3,16518.724125490688
4,7762.481576237897
