reservoir,value
1,18007.76712027521
2,13775.703517674352
3,3385.8492526410114
4,1925.9106257169453
