reservoir,value
1,4632.984112304321
2,1316.4535176743536
3,2013.113126322407
4,1562.08209898641
