reservoir,value
1,19212.67133986474
2,4095.8019593483014
3,9496.950178843417
4,6180.988221480925
