reservoir,value
1,3921.87468975885
2,7968.244845287105
3,0.0
4,1648.149820572079
