reservoir,value
1,27598.263230508193
2,25992.26313955708
3,6441.916451759491
4,3074.0222912497475
