reservoir,value
1,160242.87228890177
2,17657.22852338245
3,36205.6228750902
4,12244.922291249746
