reservoir,value
1,14294.527650562617
2,8633.251471515166
3,5214.303861529421
4,3544.465480399662
