reservoir,value
1,47258.50154053221
2,0.0
3,17318.16586462568
4,12396.319519139895
