reservoir,value
1,39283.845766050705
2,1602.443265838462
3,5718.681086111514
4,5475.750695005381
