reservoir,value
1,80741.34150913058
2,5288.68109788748
3,16599.37336104303
4,10315.550703920515
