reservoir,value
1,14924.064103822959
2,7119.517058415464
3,3611.737333318379
4,2181.0183883231743
