reservoir,value
1,15344.759346700348
2,0.0
3,0.0
4,2538.294103266757
