reservoir,value
1,31519.692629759877
2,14626.16342371599
3,4349.253213197326
4,3612.2264041234785
