reservoir,value
1,24118.259434945565
2,3605.3335527049207
3,3198.206596246676
4,4993.930214375299
