reservoir,value
1,23929.67116533
2,11049.860223892196
3,5928.958533768855
4,15626.635772135898
