reservoir,value
1,92767.27059549204
2,0.0
3,18755.793298289012
4,10390.91941225226
