reservoir,value
1,29227.778155971784
2,11231.941502919137
3,6084.936303608461
4,8172.3033752767005
