reservoir,value
1,48070.12979063744
2,0.0
3,26598.06055809163
4,12744.9
