reservoir,value
1,15731.251786223904
2,4389.86630227152
3,3821.6519795203367
4,5328.21996290817
