reservoir,value
1,95351.96817028013
2,0.0
3,15692.61713085814
4,12744.9
