reservoir,value
1,173524.88580669498
2,2670.941892344399
3,26545.86011502249
4,7299.875795948772
