reservoir,value
1,62758.32408735187
2,5593.6567011191
3,9822.381323680744
4,7721.702529476721
