reservoir,value
1,42799.68945677213
2,6294.770777676458
3,15424.875843358192
4,10210.749468318545
