reservoir,value
1,54544.922073485286
2,9647.36293252118
3,26058.25389526559
4,2580.8494683185454
