reservoir,value
1,34902.025197834286
2,31947.303294516943
3,10087.439174626572
4,10785.94744635843
