reservoir,value
1,0.0
2,18865.803294516943
3,0.0
4,3156.0474463584305
