reservoir,value
1,162042.931106838
2,19617.2
3,25042.019863188583
4,12744.9
