reservoir,value
1,110031.49613861497
2,0.0
3,9957.264732626456
4,4942.833534920115
