reservoir,value
1,20853.25823129533
2,51219.777168425
3,3096.0938569996333
4,4400.114452233195
