reservoir,value
1,57756.07016987884
2,19617.2
3,16956.773476513063
4,12744.9
