reservoir,value
1,139292.85563053034
2,19617.2
3,12293.256015776884
4,1178.3410726456516
