reservoir,value
1,18993.974748600565
2,6003.418696774004
3,3928.450859896432
4,3862.3173436029483
