reservoir,value
1,143046.13484395883
2,6671.368051032009
3,17081.421953053254
4,12744.9
