reservoir,value
1,29534.792160965073
2,23708.649542060237
3,5491.391968999837
4,3960.7797307778405
