reservoir,value
1,28046.32780531612
2,11278.054525597192
3,9557.56551575976
4,3861.0672525948557
