reservoir,value
1,3014.420760583629
2,17813.754525597193
3,0.0
4,975.7521948965232
