reservoir,value
1,32110.61866577215
2,12212.943441674503
3,4462.474544054735
4,2566.6861142222588
