reservoir,value
1,0.0
2,0.0
3,5303.624936071748
4,24023.233751331434
