reservoir,value
1,76940.66135811788
2,0.0
3,3248.4197150337386
4,1861.1907855980978
