reservoir,value
1,35894.90464122421
2,1585.1903951150773
3,9413.22196128921
4,16716.058049774478
