reservoir,value
1,69327.96502920259
2,0.0
3,13394.590536741038
4,12744.9
