reservoir,value
1,0.0
2,16861.239999999998
3,73727.6
4,11937.099999999999
