reservoir,value
1,21633.94699323589
2,13297.733147844163
3,3365.930259394271
4,1653.556200122496
