reservoir,value
1,24482.47353298018
2,16285.462596718484
3,2021.2883450204506
4,7774.946421072217
