reservoir,value
1,66305.30809041226
2,0.0
3,26715.492142592422
4,10131.157926280886
