reservoir,value
1,70649.3527270809
2,7120.985679858508
3,20221.922639419092
4,14627.402224267895
