reservoir,value
1,104737.32742309403
2,9245.446255372066
3,31838.792137853707
4,11672.252695701058
