reservoir,value
1,44950.262055
2,3059.0660874900004
3,17374.677737159996
4,15520.273031
