reservoir,value
1,143955.27555500084
2,3706.90178748942
3,34394.5308371566
4,12744.9
