reservoir,value
1,127164.31061012745
2,3609.6392408090223
3,47897.37806114485
4,6516.325757982586
