reservoir,value
1,22688.05212171297
2,30814.264246040395
3,5429.373682844448
4,5778.929414726066
