reservoir,value
1,120095.89352898754
2,19617.2
3,18841.18876744128
4,12744.9
