reservoir,value
1,85483.20188402793
2,0.0
3,16445.137713055432
4,12744.9
