reservoir,value
1,31334.190645180905
2,14475.704661625205
3,2210.0938792557763
4,1937.8307523543428
