reservoir,value
1,142431.0852180059
2,8560.950347103912
3,0.0
4,2944.804473519278
