reservoir,value
1,100381.47641069986
2,19617.2
3,10318.240143116567
4,12163.738623379715
