reservoir,value
1,53184.705634358455
2,3665.247020807258
3,12775.508812865739
4,6373.980704667104
