reservoir,value
1,32134.122163900003
2,4315.45165195
3,9361.50084562
4,14498.035998160001
