reservoir,value
1,24645.78612239438
2,5947.743734537964
3,3018.983428814393
4,1976.8115202588294
