reservoir,value
1,102677.80453716077
2,19214.353762779847
3,8398.59468744988
4,728.0516047182618
