reservoir,value
1,31714.51653197936
2,12003.832385979393
3,0.0
4,0.0
