reservoir,value
1,15753.187197487438
2,4984.10489382478
3,2817.5064003145603
4,1692.5440709117045
