reservoir,value
1,5329.161279430857
2,0.0
3,0.0
4,2505.14036929289
