reservoir,value
1,15439.33778206685
2,5943.493690028856
3,4952.224022817514
4,2136.3573783883767
