reservoir,value
1,46175.06009172374
2,0.0
3,9387.757912904006
4,11494.257378388376
