reservoir,value
1,27692.00536520401
2,23886.235302423047
3,1969.236689948787
4,1406.5203729115617
