reservoir,value
1,62010.76439745717
2,19617.2
3,13571.54108015473
4,6453.420058968299
