reservoir,value
1,26025.126304896094
2,20198.301919029043
3,4982.103185035388
4,3534.0865051868973
