reservoir,value
1,41571.5014978237
2,7203.4941866139
3,3987.4223834731165
4,10917.626929475431
