reservoir,value
1,84743.07575292609
2,8118.119743833549
3,8621.220481246613
4,4911.677584351525
