reservoir,value
1,28537.624214765037
2,17547.310411737286
3,5243.398528652195
4,3203.596750002151
