reservoir,value
1,130463.2567681687
2,4465.810411737286
3,29842.04038921763
4,5181.352226150518
