reservoir,value
1,53118.53402177692
2,16085.836405586113
3,8648.634302825769
4,16538.923844838
