reservoir,value
1,152969.98749838423
2,3004.336405586113
3,15269.660278875772
4,12744.9
