reservoir,value
1,39891.98484204865
2,3544.2495599525855
3,11089.574685403883
4,13493.63819372071
