reservoir,value
1,126891.32062943124
2,0.0
3,26472.379803459757
4,12685.158892889935
