reservoir,value
1,23322.58659021292
2,2134.077780512656
3,5373.340288329451
4,9818.797089195694
