reservoir,value
1,44112.32368232823
2,8126.780142521215
3,6441.158200207587
4,2821.4350492073672
