reservoir,value
1,40291.07399277444
2,0.0
3,18672.8043324078
4,0.0
