reservoir,value
1,16458.691633692113
2,5156.062604772882
3,5670.092384619613
4,6220.99737239797
