reservoir,value
1,95508.52865176761
2,0.0
3,16097.533302038322
4,12744.9
