reservoir,value
1,23717.12432450424
2,2853.0222312051737
3,6799.123424093388
4,4806.106301032785
