reservoir,value
1,125492.3115360736
2,0.0
3,46719.33546757196
4,12744.9
