reservoir,value
1,114712.99185427374
2,9105.677014455168
3,9621.586011154683
4,795.2492776482432
