reservoir,value
1,0.0
2,0.0
3,12310.794983102454
4,22864.39877773
