reservoir,value
1,43849.33047162084
2,2806.7896661365216
3,10092.9435380501
4,7433.541737146565
