reservoir,value
1,9080.399758783557
2,394.3515730235092
3,0.0
4,0.0
