reservoir,value
1,31498.104269407813
2,12903.532119749492
3,6070.569497247245
4,3738.675334063865
