reservoir,value
1,0.0
2,10092.047254982008
3,13417.579447990915
4,0.0
