reservoir,value
1,121508.69070000002
2,3121.015300000001
3,16760.490100000003
4,9103.863500000001
