reservoir,value
1,34746.692453166404
2,3129.5554643654514
3,13307.939378269512
4,15325.284685971525
