reservoir,value
1,111736.22442606918
2,0.0
3,21106.973611598387
4,12744.9
