reservoir,value
1,61885.788697280004
2,4793.73426348
3,8884.51617753
4,13045.578186
