reservoir,value
1,137421.70399727998
2,8352.508863482062
3,13497.055477530004
4,8673.135171576707
