reservoir,value
1,33272.2800868463
2,3562.5062281533455
3,10266.32291312261
4,9346.053404271515
