reservoir,value
1,18535.681682344857
2,14845.1563697762
3,4229.356077621019
4,2110.131340707779
