reservoir,value
1,41524.11657635383
2,6008.536313711757
3,15104.633556788518
4,8168.200642794767
