reservoir,value
1,37487.6708115626
2,14872.31542167595
3,38621.24025716501
4,538.3006427947676
