reservoir,value
1,13194.572665856256
2,14405.018561122417
3,2907.609583881054
4,2156.5361164777605
