reservoir,value
1,92042.53772546726
2,1323.518561122417
3,8831.542477497002
4,2299.8650537574754
