reservoir,value
1,40597.25008965775
2,7533.7728409505435
3,5479.060889344064
4,0.0
