reservoir,value
1,144634.03412472032
2,13288.122413226318
3,49538.47088110995
4,9553.894493210997
