reservoir,value
1,55984.211853279994
2,6135.648604440001
3,8604.82371239
4,21015.040399999998
