reservoir,value
1,120114.57145772
2,0.0
3,16679.417612390003
4,12744.9
