reservoir,value
1,40317.75562028526
2,6543.520492791
3,5897.075900846
4,14232.810133214001
