reservoir,value
1,134173.1823095974
2,0.0
3,7720.956336846005
4,12744.9
