reservoir,value
1,32581.24299870524
2,21332.008302227747
3,4639.557848683639
4,5940.401018745126
