reservoir,value
1,129271.34175058427
2,1464.9234000029635
3,15562.073700000003
4,3237.7109408360598
