reservoir,value
1,64260.4282994988
2,7219.835640668209
3,16788.507219870447
4,17427.20175881656
