from,to,value
1,1,0.0
1,2,5276.064963854957
1,3,0.0
1,4,0.0
1,5,0.0
2,1,0.0
2,2,0.0
2,3,0.0
2,4,0.0
2,5,0.0
3,1,1000.0
3,2,0.0
3,3,0.0
3,4,0.0
3,5,3002.3358458457183
4,1,0.0
4,2,0.0
4,3,0.0
4,4,0.0
4,5,0.0
5,1,2291.2903585280415
5,2,0.0
5,3,0.0
5,4,711.0454873176768
5,5,0.0
