reservoir,value
1,29757.203117858215
2,13042.064963854957
3,6050.888264196582
4,9504.8372936543
