reservoir,value
1,59735.79939657159
2,9191.656318168854
3,9119.725139134043
4,12666.945163644568
