reservoir,value
1,128973.49917695105
2,0.0
3,4062.7095783391815
4,5037.045163644569
