reservoir,value
1,122796.79189431407
2,19617.2
3,18615.31145264307
4,612.9528259950216
