reservoir,value
1,58907.18269684327
2,5809.513943325178
3,20275.938935356953
4,22398.562497497333
