reservoir,value
1,28440.16985906915
2,11334.854140283673
3,2879.7060218641736
4,5564.699792884785
