reservoir,value
1,59507.229599084756
2,5947.932337107004
3,10487.538373132567
4,6025.563233242561
