reservoir,value
1,118361.29315790228
2,15925.573431691253
3,586.6383731325677
4,0.0
