reservoir,value
1,43851.297107134276
2,9835.72379629948
3,18781.432713451042
4,13987.41964842828
