reservoir,value
1,134549.56407499127
2,1078.3480520840803
3,31012.45886691472
4,12744.9
