reservoir,value
1,84737.53268426753
2,0.0
3,40211.40561642759
4,7284.748040147905
