reservoir,value
1,108937.8143694
2,10763.22658864
3,17817.819907360004
4,15881.864343110003
