reservoir,value
1,0.0
2,0.0
3,6027.813364173382
4,4484.171491214496
