reservoir,value
1,47765.76482837174
2,3135.871592550663
3,14099.730528355709
4,11395.067620499394
