reservoir,value
1,0.0
2,19617.2
3,19505.078982866646
4,502.23593451836405
