reservoir,value
1,11306.305438064048
2,3531.292145146771
3,3554.9299175757005
4,3148.476618517385
