reservoir,value
1,37510.598976245805
2,4692.357293890228
3,9636.267626648269
4,17646.90846352292
