reservoir,value
1,158550.21056131145
2,0.0
3,43505.15897037139
4,12744.9
