reservoir,value
1,18791.580529151048
2,2270.1291317470595
3,6344.215301553975
4,3251.7824614644383
