reservoir,value
1,47826.88867337495
2,19617.2
3,7629.140664789836
4,6067.254306004332
