reservoir,value
1,21596.119945993098
2,16071.950343110944
3,4383.548324941911
4,5825.296767990074
