reservoir,value
1,120408.74997406297
2,7089.7401681174015
3,22172.8546128933
4,12744.9
