reservoir,value
1,38554.67690164
2,10951.37888398
3,7235.34685572
4,10549.2232187
