reservoir,value
1,29134.49085481366
2,20179.369333136743
3,9175.77987269382
4,4482.799841785855
