reservoir,value
1,142627.37469090475
2,19617.2
3,51080.97987269363
4,12736.833387794471
