reservoir,value
1,10282.986065814894
2,6526.443448419646
3,9722.147853900817
4,6994.272761574355
