reservoir,value
1,37397.97494652418
2,7104.722386718743
3,10668.193926665896
4,13663.764176428638
