reservoir,value
1,138343.54749461808
2,0.0
3,16257.962440140729
4,12744.9
