reservoir,value
1,148170.26373216178
2,2100.2488648309773
3,20389.1457086467
4,12744.9
