reservoir,value
1,52101.7077875406
2,8358.43026437494
3,14042.145856626517
4,5625.7595579707695
