reservoir,value
1,32301.48578665279
2,9194.815421238984
3,9708.833439250397
4,7969.802400187913
