reservoir,value
1,74588.28383867916
2,0.0
3,3048.9710665970288
4,339.9024001879134
