reservoir,value
1,33286.0032337611
2,16778.11163400943
3,4053.0205822570074
4,5337.512884669152
