reservoir,value
1,160458.24922519858
2,19617.2
3,31002.218327243172
4,10452.51288466912
