reservoir,value
1,50077.121490825564
2,11524.914765909049
3,16869.929187619782
4,6036.819466469231
