reservoir,value
1,135801.8046728024
2,14068.44231768522
3,22391.129254101204
4,0.0
