reservoir,value
1,55543.71443761189
2,7800.99564757432
3,4309.865458688191
4,5573.8729316637
