reservoir,value
1,39855.447608604554
2,0.0
3,5910.705570570732
4,0.0
