reservoir,value
1,57526.3313236971
2,0.0
3,8817.996948808628
4,11524.46733056652
