reservoir,value
1,21711.826911310694
2,19221.894404639308
3,5119.303826926362
4,4864.295438505061
