reservoir,value
1,114689.37058321152
2,6140.394404639308
3,12928.84836299732
4,12744.9
