reservoir,value
1,43971.77571660599
2,6310.796007947273
3,12463.067893310179
4,5886.956733969764
