reservoir,value
1,3223.3187699087866
2,1873.3981598461778
3,8253.531737087456
4,0.0
