reservoir,value
1,17062.047621610145
2,11307.49509193916
3,2684.8000764798644
4,2276.5700584871734
