reservoir,value
1,106973.3799340295
2,8929.472157325978
3,24256.6467844924
4,10947.778711768506
