reservoir,value
1,101638.8656
2,0.0
3,19939.750700000004
4,3532.4057650619616
