reservoir,value
1,132483.63368884235
2,0.0
3,11696.000543841148
4,6452.771431291016
