reservoir,value
1,59167.70032774756
2,5292.91265760968
3,13182.328984831585
4,21351.26107343424
