reservoir,value
1,0.0
2,0.0
3,3141.8890050715963
4,4401.476913480732
