reservoir,value
1,191842.2379573572
2,0.0
3,51806.1
4,9319.88415995351
