reservoir,value
1,30789.923728752554
2,11164.27674825232
3,6010.723819546317
4,6975.037676897641
