reservoir,value
1,20589.76418473677
2,19617.2
3,16565.923671365486
4,282.1346575713824
