reservoir,value
1,17543.78028949097
2,30175.588548083186
3,3819.607676769814
4,2954.1409524325395
