reservoir,value
1,64582.81534012188
2,19617.2
3,18319.03294407251
4,12125.040952432539
