reservoir,value
1,22374.177397423806
2,3359.2045383009868
3,3296.096719055474
4,2133.420695242597
