reservoir,value
1,98232.87614898646
2,5334.330075012749
3,13203.038693973444
4,12948.207414024399
