reservoir,value
1,14649.200232538496
2,8257.995629861412
3,3774.734716590922
4,1913.5941960816494
