reservoir,value
1,99650.30822820838
2,0.0
3,27130.397228942842
4,10751.757287656086
