reservoir,value
1,27521.89955484041
2,5349.540207892753
3,10290.622425909565
4,4763.321788483186
