reservoir,value
1,50697.28181354618
2,23422.449909924468
3,16326.129027637511
4,16714.395232217856
