reservoir,value
1,34537.93094062518
2,9641.315946905557
3,5343.509431530508
4,6193.240281110146
