reservoir,value
1,108071.26230792614
2,3558.639199998686
3,23987.986100000002
4,12744.9
