reservoir,value
1,23793.698636785237
2,13371.401585004342
3,3531.0562973470005
4,1296.3643299258056
