reservoir,value
1,28460.398045238835
2,12693.968130919255
3,3009.0926687257097
4,3661.119489968177
