reservoir,value
1,32368.387166028348
2,1136.0295224587842
3,7634.5666990910095
4,15981.77463288482
