reservoir,value
1,22407.054964153453
2,24611.335244362497
3,5799.075573685327
4,5811.1584291293075
