reservoir,value
1,79796.3231197547
2,1665.6622892995415
3,23222.89290099862
4,17287.05159396956
