reservoir,value
1,51264.94466743051
2,5739.363482203372
3,17009.1729149637
4,18091.76547883603
