reservoir,value
1,90201.0603720539
2,4564.363482202855
3,21333.789137483192
4,529.8639505924044
