reservoir,value
1,30729.161408660115
2,12622.29294081905
3,6960.694558046118
4,9018.332689234723
