reservoir,value
1,41411.55845349825
2,4178.51538221249
3,11870.78887318986
4,25214.75769296936
