reservoir,value
1,14787.445501035887
2,25932.266845242608
3,2986.5204324312517
4,1684.0497207357382
