reservoir,value
1,89773.79516131767
2,19617.2
3,5439.408314936977
4,5416.98967239716
