reservoir,value
1,144474.48520458
2,0.0
3,17322.459223900005
4,5420.185026035562
