reservoir,value
1,27189.021652400745
2,15517.529273160375
3,4237.569061701384
4,2585.262987859107
