reservoir,value
1,61457.55909218928
2,19617.2
3,8186.063679876977
4,3147.0373629338874
