reservoir,value
1,80341.01618428582
2,11827.22955806406
3,35164.04657741515
4,0.0
