reservoir,value
1,37671.97003271257
2,12790.921665987742
3,5636.083187092534
4,6022.648563471198
