reservoir,value
1,185022.66598957678
2,12341.02514168349
3,42797.22387495698
4,7735.03241869116
