reservoir,value
1,55197.63179559777
2,13797.15127333156
3,9237.269510326174
4,13333.910091991513
