reservoir,value
1,83189.13091860952
2,15699.946347515322
3,9452.679989242912
4,9266.127846385403
