reservoir,value
1,149538.0005156321
2,18574.738658336955
3,15243.50194429456
4,12359.187565197542
