reservoir,value
1,132526.66892470123
2,0.0
3,18712.289104957534
4,12744.9
