reservoir,value
1,22314.78591745111
2,4847.5460646485535
3,7713.197951110947
4,4382.571439245914
