reservoir,value
1,13592.471755304363
2,15682.392543871527
3,2743.3828392129008
4,3020.3717559786246
