reservoir,value
1,55939.3910755399
2,2600.892543871393
3,13196.13873957255
4,12046.271755978625
