reservoir,value
1,157904.44605939748
2,5436.275820924317
3,16890.12185942997
4,11183.403617506334
