reservoir,value
1,54823.6596804111
2,13930.525796122258
3,13609.070126200426
4,15383.9947253
