reservoir,value
1,134533.78358727598
2,0.0
3,40091.50772015471
4,12744.9
