reservoir,value
1,51972.256102986394
2,5591.680804251114
3,15787.406433392698
4,6072.854808175174
