reservoir,value
1,56134.7953424165
2,19617.2
3,33627.37629406946
4,0.0
