reservoir,value
1,21014.02689385952
2,11465.121644492654
3,2845.7555386654612
4,1802.2559169467438
