reservoir,value
1,11327.695012626833
2,11199.50067879139
3,931.2397662157477
4,4935.027530848339
