reservoir,value
1,54434.052402999994
2,5289.92269831
3,9138.93543426
4,15226.41850196
