reservoir,value
1,44671.80415222
2,7733.278371300001
3,7170.064002789999
4,13331.84725176
