reservoir,value
1,24630.751891954747
2,2874.360669020433
3,5948.981458976038
4,9113.766424677844
