reservoir,value
1,57901.77482967026
2,0.0
3,7432.933960894117
4,12744.9
