reservoir,value
1,20419.467740043445
2,15427.711041063216
3,3407.546972372504
4,2592.3263565700395
