reservoir,value
1,19673.789254532847
2,2346.211041063216
3,21639.458325811716
4,2689.8968994813
