reservoir,value
1,19974.6976074636
2,6976.2070121175775
3,5013.172112636663
4,3673.412766470119
