reservoir,value
1,55447.926847080125
2,0.0
3,2133.252653694736
4,12744.9
