reservoir,value
1,34334.329486182774
2,334.4218883448939
3,7394.817553826675
4,6243.7462793228515
