reservoir,value
1,47105.611647062986
2,7805.06103276242
3,23535.880380712897
4,18873.452908665182
