reservoir,value
1,20509.1231938019
2,10608.320282507219
3,3603.1852304098
4,5029.180701119112
