reservoir,value
1,19599.689935149443
2,4681.925562643519
3,3521.333078855359
4,2705.473518499762
