reservoir,value
1,18460.413500275907
2,5409.820086099782
3,3205.3454199811026
4,2879.195545059574
