reservoir,value
1,129483.5799999999
2,18640.7
3,50756.299999999996
4,12744.9
