reservoir,value
1,47001.59574297001
2,8805.20373024
3,9372.30248866
4,20643.689926510004
