reservoir,value
1,121722.51537321002
2,0.0
3,24617.92988866
4,2832.5523489726734
