reservoir,value
1,129511.0745
2,3313.1292000011044
3,30096.715500000006
4,12744.9
