reservoir,value
1,13027.844959266195
2,6076.722424691259
3,2857.690700555768
4,1466.2350578007356
