reservoir,value
1,27479.403768652894
2,6245.675488458001
3,6002.484581818528
4,4382.187157828593
