reservoir,value
1,5229.546963458051
2,3288.9413257936703
3,0.0
4,243.61571602097138
