reservoir,value
1,87268.80730657722
2,4005.26496725783
3,306.91835144054676
4,0.0
