reservoir,value
1,51999.723249994
2,4769.238318805056
3,18555.951295296964
4,19465.73978995492
