reservoir,value
1,0.0
2,0.0
3,126.32465388920173
4,11835.839789954922
