reservoir,value
1,148864.83892940613
2,0.0
3,16521.89581691748
4,12744.9
