reservoir,value
1,117553.72591912412
2,237.68810295108872
3,24948.375049789443
4,0.0
