reservoir,value
1,66859.18645451021
2,11772.133635720758
3,21253.448400676436
4,21845.93437473454
