reservoir,value
1,149159.8044397083
2,12368.857787875062
3,43948.928644373
4,0.0
