reservoir,value
1,16843.224331340545
2,6706.67425473709
3,2900.6196688008085
4,2338.9624187290847
