reservoir,value
1,69063.26083912214
2,13242.374254737091
3,13983.991209951342
4,11005.587528912883
