reservoir,value
1,32771.29955484107
2,27086.490154934065
3,5500.535887056715
4,3504.7144994066693
