reservoir,value
1,49458.18034760377
2,11309.925437474365
3,10656.989726666621
4,11987.080713424657
