reservoir,value
1,132502.56112644673
2,0.0
3,17735.783551850007
4,6722.1041781570675
