reservoir,value
1,48789.65330816
2,5329.546638039999
3,10721.139097050002
4,17850.5910747
