reservoir,value
1,112394.9109462
2,0.0
3,18795.732997050003
4,5573.928893320548
