reservoir,value
1,13712.820000000072
2,14379.7
3,46522.39995025639
4,12744.9
