reservoir,value
1,120047.9817963273
2,15310.789123130035
3,7053.789243184164
4,8472.370484470688
