reservoir,value
1,25419.027707251276
2,4656.196048515116
3,3315.735732275985
4,2003.856818379417
