reservoir,value
1,18801.531991762662
2,6162.806491022835
3,3225.420001455456
4,5980.684435638061
