reservoir,value
1,95577.89772706189
2,6891.738690230103
3,20382.636542893164
4,7372.844095389918
