reservoir,value
1,197048.5897276533
2,9243.66651133677
3,16992.45045349995
4,1558.2122281923248
