reservoir,value
1,132954.11240526798
2,1340.7094446814335
3,36875.97537044613
4,12744.9
