reservoir,value
1,23312.995849569328
2,23844.94199545146
3,4437.940262755179
4,2894.959561285358
