reservoir,value
1,39785.45440120759
2,15327.7
3,32062.199999999997
4,8806.1
