reservoir,value
1,12283.803945719912
2,6920.108718842158
3,2622.6828860765545
4,1824.527080979441
