reservoir,value
1,17944.81327311831
2,0.0
3,9181.33038096644
4,10329.332099784178
