reservoir,value
1,16687.062947128208
2,2250.4929062667325
3,3082.2768683204363
4,2317.957609473246
