reservoir,value
1,61292.86378272203
2,0.0
3,15496.038809372036
4,8124.867503987895
