reservoir,value
1,40538.427558564064
2,26040.140229688324
3,6003.221031046775
4,3141.7526320236952
