reservoir,value
1,11194.250300105712
2,19617.2
3,0.0
4,3379.5075808145807
