reservoir,value
1,49762.85230941011
2,2552.9771731563515
3,10247.031073596507
4,8587.468667682539
