reservoir,value
1,61005.03810318404
2,0.0
3,510.6310735965062
4,1062.7441397402863
