reservoir,value
1,83932.28665775956
2,17352.88494831438
3,13898.749129313264
4,8709.016665395939
