reservoir,value
1,76547.52247815719
2,3915.2475006021314
3,13573.375650869351
4,5359.925962733801
