reservoir,value
1,86973.71682683557
2,1930.2526473785267
3,6988.695928317026
4,0.0
