reservoir,value
1,48605.092310885346
2,6660.837239979788
3,12740.742116828666
4,11350.880077440333
