reservoir,value
1,183800.91609317527
2,1038.5672399797895
3,40404.20371673269
4,11369.558657881455
