reservoir,value
1,231.9394975594364
2,19617.2
3,0.0
4,2820.9849090739176
