reservoir,value
1,45339.27619501505
2,1984.337125309591
3,13442.332860619967
4,265.1762867904249
