reservoir,value
1,25645.42496411463
2,12169.976161511775
3,3560.5362060846546
4,3677.162199649745
