reservoir,value
1,131095.92331840465
2,0.0
3,3772.2565441175784
4,12744.9
