reservoir,value
1,43047.59203971698
2,9340.588788939858
3,7164.399936113
4,8923.83742668203
