reservoir,value
1,92428.83727886023
2,0.0
3,14467.792117819541
4,1293.9374266820305
