reservoir,value
1,52988.5997047027
2,5226.0471483880265
3,15433.828579758643
4,13751.409276175778
