reservoir,value
1,21476.357561959354
2,0.0
3,10803.105151158528
4,3711.923534177586
