reservoir,value
1,130153.38553819263
2,13442.41517450473
3,24532.763418760307
4,4517.512577126702
