reservoir,value
1,33036.16414817009
2,9239.38349858777
3,4795.678907383906
4,2124.810277263475
