from,to,value
1,1,0.0
1,2,0.0
1,3,589.122428568507
1,4,0.0
1,5,0.0
2,1,1972.283506143659
2,2,0.0
2,3,0.0
2,4,0.0
2,5,0.0
3,1,0.0
3,2,0.0
3,3,0.0
3,4,0.0
3,5,0.0
4,1,0.0
4,2,0.0
4,3,0.0
4,4,0.0
4,5,1357.4775714312427
5,1,0.0
5,2,0.0
5,3,1357.4775714314933
5,4,0.0
5,5,0.0
