reservoir,value
1,139261.5221927782
2,0.0
3,4762.858138352405
4,12744.9
