reservoir,value
1,25219.982162909047
2,17584.49252792922
3,2785.1294130202077
4,1812.2532140956093
