reservoir,value
1,24457.526217373736
2,11190.01356845504
3,3748.4733919671585
4,3634.0293717565237
