reservoir,value
1,16947.146346295536
2,4067.0660399360568
3,4733.090837881235
4,2340.91189161532
