from,to,value
1,1,0.0
1,2,3649.060000000056
1,3,0.0
1,4,0.0
1,5,256.92353796935095
2,1,0.0
2,2,0.0
2,3,0.0
2,4,0.0
2,5,0.0
3,1,0.0
3,2,0.0
3,3,0.0
3,4,0.0
3,5,29.399999999999636
4,1,0.0
4,2,0.0
4,3,0.0
4,4,0.0
4,5,0.0
5,1,0.0
5,2,0.0
5,3,0.0
5,4,286.3235379693506
5,5,0.0
