reservoir,value
1,59744.74526239181
2,14972.36969875309
3,11750.877348619582
4,6793.323537969351
