reservoir,value
1,28238.965926
2,3751.4227250700005
3,9556.129457599998
4,12699.43722602
