reservoir,value
1,66626.11926288
2,5059.168638360001
3,15388.278684669998
4,16073.111311999999
