reservoir,value
1,137574.99570123918
2,0.0
3,30871.82938467
4,11357.547121089501
