reservoir,value
1,99861.37035761776
2,0.0
3,0.0
4,9923.011323982506
