reservoir,value
1,45310.85146087449
2,9897.97886537958
3,32836.170344011305
4,17329.881394422497
