reservoir,value
1,18265.539129429475
2,10864.0341652409
3,2770.8676856150155
4,1414.9640257944104
