reservoir,value
1,13496.515435456728
2,0.0
3,0.0
4,6673.883256857582
