reservoir,value
1,22412.83360502598
2,16757.73954794426
3,3431.552791841262
4,3530.6385835649053
