reservoir,value
1,137735.21145808115
2,19617.2
3,26356.68848017953
4,12701.538583564905
