reservoir,value
1,16885.90593541968
2,3589.059436150489
3,2334.686671574549
4,2661.493382255837
