reservoir,value
1,54651.020190490184
2,0.0
3,9956.232378474679
4,9015.393382256352
