from,to,value
1,1,0.0
1,2,3463.2497021196104
1,3,600.0
1,4,0.0
1,5,1566.959591600522
2,1,0.0
2,2,0.0
2,3,0.0
2,4,0.0
2,5,0.0
3,1,0.0
3,2,0.0
3,3,0.0
3,4,0.0
3,5,0.0
4,1,0.0
4,2,0.0
4,3,0.0
4,4,0.0
4,5,540.6404083994785
5,1,0.0
5,2,0.0
5,3,2107.6000000000004
5,4,0.0
5,5,0.0
