reservoir,value
1,20175.19171334844
2,6858.291840598453
3,2726.126503996003
4,5796.3595916005215
