reservoir,value
1,16091.47704949806
2,6643.979343712567
3,3326.741665961904
4,2990.2861962192374
