reservoir,value
1,57288.34187334793
2,0.0
3,28731.628016343602
4,8593.175442680604
