reservoir,value
1,47805.83624331521
2,6947.263441684045
3,10228.712210473743
4,13875.778867180281
