reservoir,value
1,114212.25111023476
2,0.0
3,11906.209032852548
4,12378.603659664102
