reservoir,value
1,57849.43224346485
2,0.0
3,14558.753848223747
4,7792.736266772613
