reservoir,value
1,123001.89130000063
2,4750.391399999964
3,15858.358700000003
4,2185.4926102221957
