reservoir,value
1,22294.653578314166
2,4177.1807975605425
3,8127.444937218525
4,3828.393123717955
