reservoir,value
1,0.0
2,3003.417146576072
3,1907.649941207882
4,0.0
