reservoir,value
1,24802.82839041691
2,14056.085905559372
3,5454.941302189851
4,2444.686029001829
