reservoir,value
1,152892.00554881053
2,19617.2
3,41529.687125116936
4,7423.913489527538
