reservoir,value
1,46613.60808317533
2,16478.84843668303
3,8232.703209842866
4,16542.247912756862
