reservoir,value
1,106122.72360039211
2,19617.2
3,29147.967918429968
4,4356.579837875121
