reservoir,value
1,40878.77345710433
2,7619.200000000001
3,44666.29993048236
4,10245.1
