reservoir,value
1,21370.19699612099
2,16013.83023915439
3,5130.470423721122
4,2020.219147806486
