reservoir,value
1,14451.006053302815
2,3186.217454892996
3,29989.580344423983
4,1147.9559389410788
