reservoir,value
1,35175.84288251163
2,15171.165562787872
3,3849.8751161875934
4,3264.716385175694
