reservoir,value
1,44799.69643556909
2,2481.805505890365
3,22104.1
4,11321.1
