reservoir,value
1,135444.95059500285
2,9183.554130940505
3,20671.365936926388
4,0.0
