reservoir,value
1,26448.026315220104
2,25235.788326019247
3,2344.69813197624
4,1378.146192138186
