reservoir,value
1,79808.23309849112
2,13687.237462225723
3,3598.193078574316
4,3712.479152501856
