reservoir,value
1,114858.72161220001
2,0.0
3,18659.444387200005
4,6710.0053530333425
