reservoir,value
1,29964.95091382576
2,10571.194810745004
3,4250.512758036374
4,2969.7170606296845
