reservoir,value
1,19477.26012623201
2,0.0
3,632.2127580361904
4,23.579639236240382
