reservoir,value
1,32689.131316259183
2,37836.374665252995
3,15558.784710531392
4,18897.593413138642
