reservoir,value
1,142343.13513773945
2,19617.2
3,29000.97091707139
4,12744.9
