plant,value
1,43295.35999999999
2,10269.760000000011
3,9900.9
4,7401.6
