reservoir,value
1,0.0
2,0.0
3,35501.43254329291
4,7265.48273678747
