reservoir,value
1,62864.70868674606
2,6068.086291684413
3,25034.316861074305
4,27733.78205941421
