reservoir,value
1,22853.26437765199
2,10731.437912364876
3,4493.521384716639
4,2216.9543105186203
