reservoir,value
1,40863.239111179384
2,5519.093448718137
3,0.0
4,12744.9
