reservoir,value
1,19439.843390401933
2,29565.00162365182
3,3175.3536090015396
4,5096.772103562895
