reservoir,value
1,73204.96523042537
2,19617.2
3,21984.582319958427
4,12744.9
