reservoir,value
1,29557.99702086146
2,11616.593577882837
3,2418.2192603123985
4,2223.1385262085973
