reservoir,value
1,3031.479035963425
2,4216.745670761926
3,3672.05856149819
4,2203.209255261101
