reservoir,value
1,29054.665468623494
2,14129.091310459535
3,4678.513434331486
4,5012.459715719263
