reservoir,value
1,90761.20366163127
2,1047.5913104595347
3,23087.57528875828
4,12744.9
