reservoir,value
1,36534.075570384186
2,7039.277357898356
3,5719.994377380125
4,7241.431471666885
