reservoir,value
1,191837.37557038417
2,1519.5388295651665
3,26871.96454468898
4,12744.9
