reservoir,value
1,25294.375151923246
2,20785.790969867245
3,3792.46594818124
4,1183.527537300927
