reservoir,value
1,52954.83456392858
2,19617.2
3,2386.9365434311985
4,1336.599300502301
