reservoir,value
1,38880.70247076254
2,0.0
3,13192.298810764978
4,73.0202091434674
