reservoir,value
1,26672.182067710608
2,3997.7518604905504
3,5327.9896390562135
4,5174.623325072177
