reservoir,value
1,113127.23443729209
2,0.0
3,15493.92664559632
4,12744.9
