reservoir,value
1,38219.71067401345
2,4883.9719293376
3,11405.110780048302
4,16721.032618610912
