reservoir,value
1,124018.58737995106
2,0.0
3,32068.522426308315
4,9560.93199992544
