reservoir,value
1,16829.76820278046
2,3107.690850492955
3,4787.322670014258
4,5645.918185305676
