reservoir,value
1,49510.19064536495
2,0.0
3,7667.675796217518
4,12744.9
