reservoir,value
1,36966.32666999672
2,53670.86209397326
3,3361.8430278255673
4,9972.598447894738
