reservoir,value
1,24139.70930781783
2,22140.10454211776
3,3718.8201700824243
4,2524.172951355765
