reservoir,value
1,91411.89447536856
2,19617.2
3,17934.34089724465
4,8542.79009126742
