reservoir,value
1,29419.562381413885
2,3399.3658166758078
3,7512.413000657095
4,3860.429827649815
