reservoir,value
1,7831.845625306309
2,0.0
3,766.395922134805
4,0.0
