reservoir,value
1,49200.50995358675
2,21507.97747687687
3,9437.240801430282
4,6070.241390231292
