reservoir,value
1,72207.88408884745
2,11424.178905643757
3,2076.111953054452
4,0.0
