reservoir,value
1,15352.652800340096
2,5733.614575404817
3,3184.5333474298654
4,1664.8140892833067
