reservoir,value
1,30419.897977035762
2,0.0
3,5313.194055267489
4,4971.39914275632
