reservoir,value
1,79203.04549221549
2,2712.549206209598
3,20755.974834323028
4,1411.1270747386234
