reservoir,value
1,85056.99999999974
2,4078.7000000000007
3,51806.1
4,12744.9
