reservoir,value
1,24178.126509889444
2,8033.972543616093
3,6721.660617891577
4,2393.9636815696276
