reservoir,value
1,29830.170432215797
2,7788.2181289555565
3,8783.160865853866
4,14331.158520130575
