reservoir,value
1,34309.679488567665
2,0.0
3,14163.28766619685
4,32549.65685966243
