reservoir,value
1,16291.793552808735
2,11378.269758500952
3,3159.7445685328184
4,2378.991793187653
