reservoir,value
1,53687.35583641864
2,0.0
3,17166.810827882717
4,11404.891793187653
