reservoir,value
1,139238.52345349628
2,0.0
3,43038.73478419721
4,12744.9
