reservoir,value
1,20969.159839168235
2,23341.101066510637
3,3047.336053692951
4,3254.5830434599548
