reservoir,value
1,43084.361450211865
2,11582.63468283651
3,8237.308547488175
4,13820.096509447772
