reservoir,value
1,65526.50090033991
2,0.0
3,6904.831693060099
4,12744.9
