reservoir,value
1,41067.28231835827
2,0.0
3,2422.429224592788
4,5279.791509527691
