reservoir,value
1,32581.338139571046
2,10109.599151932525
3,5242.495947637408
4,11650.207878321868
