reservoir,value
1,107486.77684305292
2,0.0
3,25512.286042346466
4,11940.753302814395
