reservoir,value
1,95171.72903949706
2,16361.653205898594
3,37917.04372719457
4,4734.249072783606
