reservoir,value
1,26028.029811243934
2,23794.089396614152
3,6854.340751095516
4,2940.4103069246967
