reservoir,value
1,62182.67559253083
2,10714.377474209778
3,12627.423050756996
4,22395.739564515934
