reservoir,value
1,119293.01306526377
2,2708.796469940012
3,12260.178744386654
4,1296.554747349516
