reservoir,value
1,104128.34396376423
2,19607.207402603348
3,8312.785814728752
4,12744.9
