reservoir,value
1,90319.0642602575
2,5815.878804623117
3,25230.317671166074
4,27452.470665274926
