from,to,value
1,1,0.0
1,2,2753.340757874086
1,3,0.0
1,4,0.0
1,5,0.0
2,1,0.0
2,2,0.0
2,3,0.0
2,4,0.0
2,5,0.0
3,1,0.0
3,2,0.0
3,3,0.0
3,4,0.0
3,5,0.0
4,1,0.0
4,2,0.0
4,3,0.0
4,4,0.0
4,5,3053.0
5,1,2946.4000000000196
5,2,0.0
5,3,106.59999999998067
5,4,0.0
5,5,0.0
