reservoir,value
1,24745.07866382496
2,11587.865713395702
3,3464.7768958770384
4,1670.8290830531557
