reservoir,value
1,138074.81964508924
2,0.0
3,19330.940990800333
4,2489.7201785574584
