reservoir,value
1,27588.069147984683
2,13744.274447976093
3,3207.7308588050128
4,2652.0095667112655
