reservoir,value
1,17077.512067478776
2,3511.91005387735
3,4135.708154049884
4,1738.463802652738
