reservoir,value
1,47014.60307343563
2,0.0
3,33341.78979802177
4,2456.098346699343
