reservoir,value
1,32090.600549455263
2,4264.020773774655
3,4408.885684477135
4,3862.1725340550242
