reservoir,value
1,181077.71870971026
2,440.34101212083624
3,8797.935787483824
4,12744.9
