reservoir,value
1,59983.15900283004
2,3130.427252438553
3,12089.791141297805
4,16331.494378320778
