reservoir,value
1,70620.02268184382
2,0.0
3,4049.938659916412
4,7538.733872400589
