reservoir,value
1,28832.39732239666
2,4559.154489703947
3,7617.2512170108985
4,16746.113151239457
