reservoir,value
1,143564.26683385548
2,0.0
3,2713.453483784244
4,12744.9
