reservoir,value
1,73178.91887255336
2,20715.40773009779
3,13563.500687031923
4,18070.89007803167
