reservoir,value
1,188320.8627010519
2,19617.2
3,19810.775147096534
4,0.0
