reservoir,value
1,24027.505227451333
2,19617.2
3,4946.291472737875
4,1436.3172019635185
