reservoir,value
1,26860.858492727104
2,5281.896586758625
3,8644.761384013553
4,4400.70210832088
