reservoir,value
1,40456.61642488865
2,3775.327898557487
3,8784.094233887554
4,8150.045371786513
