reservoir,value
1,74557.37419889052
2,8029.850104750637
3,5683.236582137054
4,912.1841147899531
