reservoir,value
1,99376.6580480737
2,0.0
3,17257.92416426666
4,12744.9
