reservoir,value
1,87696.2847657248
2,5623.144231553103
3,11340.431482194475
4,4952.101881487891
