reservoir,value
1,48968.716645898516
2,1695.5637690805509
3,11179.721479952113
4,16644.25199212379
