reservoir,value
1,131028.36419393448
2,0.0
3,27876.792559392157
4,12744.9
