reservoir,value
1,24171.37602123656
2,20381.287226635104
3,3913.1677546639967
4,4844.720897058733
