reservoir,value
1,171796.4012181621
2,19617.2
3,10887.945048682433
4,12744.9
