from,to,value
1,1,0.0
1,2,75.95460900293216
1,3,0.0
1,4,0.0
1,5,0.0
2,1,0.0
2,2,0.0
2,3,0.0
2,4,0.0
2,5,0.0
3,1,1000.0
3,2,0.0
3,3,0.0
3,4,0.0
3,5,2963.9049828317407
4,1,0.0
4,2,0.0
4,3,0.0
4,4,0.0
4,5,67.2396261712347
5,1,3031.144609002908
5,2,0.0
5,3,0.0
5,4,0.0
5,5,0.0
