reservoir,value
1,67083.58470703487
2,8001.268517778235
3,13811.29228480026
4,6633.760373828765
