reservoir,value
1,107745.97114758602
2,17131.753908775332
3,9390.344188944151
4,0.0
