reservoir,value
1,37658.66871903283
2,7555.200000000001
3,0.0
4,0.0
