reservoir,value
1,104513.77927630887
2,0.0
3,28264.987006105403
4,12744.9
