reservoir,value
1,77285.84930576
2,2736.7624075
3,19332.82294372
4,20339.71876515
