reservoir,value
1,144475.44650576002
2,4109.8099075001
3,32023.404243720004
4,12744.9
