reservoir,value
1,19851.715383313796
2,7625.666896957589
3,3389.2790327015005
4,2689.1476613261134
