reservoir,value
1,57383.043638389274
2,0.0
3,1205.7371946596606
4,0.0
