reservoir,value
1,23579.71048819914
2,9452.03249036974
3,5628.590413267105
4,3319.1657033356414
