reservoir,value
1,134889.32147885094
2,0.0
3,26887.367586292734
4,9089.538918040698
