reservoir,value
1,45704.2188064414
2,4654.807880938153
3,7862.589896822112
4,7394.368219403954
