reservoir,value
1,20627.214401207588
2,19617.2
3,50419.299999999996
4,12744.9
