reservoir,value
1,30969.59452114733
2,12330.368342035092
3,5210.190426635257
4,2330.160642805847
