reservoir,value
1,68350.17773669149
2,9464.686682303462
3,13496.463325606146
4,14282.34357072269
