reservoir,value
1,34169.93662670688
2,24566.71182562961
3,6845.738197213279
4,7664.300755632477
