reservoir,value
1,90733.64220889934
2,19617.2
3,39076.28740260419
4,5267.925817674644
