reservoir,value
1,54220.03162941354
2,6384.588379451864
3,9323.145143151087
4,6729.987871774216
