reservoir,value
1,34621.67724186791
2,7152.286494449162
3,9763.790937146723
4,710.8221631525521
