reservoir,value
1,53902.35023092379
2,2558.525227608784
3,21886.14935832755
4,16653.726401883167
