reservoir,value
1,141693.67454725908
2,3791.012063579303
3,14873.133647620558
4,12744.9
