reservoir,value
1,15676.28087603721
2,13234.222253785852
3,3097.8852829690227
4,2424.0295610041426
