reservoir,value
1,32759.238157836313
2,11872.364007469401
3,18546.43289370363
4,8777.929561003179
