reservoir,value
1,0.0
2,696.500000002344
3,43208.1
4,6552.200000000001
