reservoir,value
1,163998.56932550835
2,19617.2
3,32855.53594530412
4,8180.157308359008
