reservoir,value
1,129725.53523271326
2,556.3875431077169
3,13982.594611647475
4,12744.9
