reservoir,value
1,49121.11404986265
2,6275.9141303067145
3,16349.304414791139
4,12066.856909468359
