reservoir,value
1,33214.281486010936
2,0.0
3,7390.865031576449
4,5364.773491869219
