reservoir,value
1,18268.82914194485
2,11054.018940227194
3,2730.351651120844
4,2371.034631510523
