reservoir,value
1,39544.65756044347
2,773.8008285056287
3,12435.547407942047
4,10530.646800096154
