reservoir,value
1,30670.88170956402
2,16507.286858715932
3,4005.9224805952767
4,2401.8641920792993
