reservoir,value
1,16866.141228089728
2,11664.370870147917
3,6356.662790590851
4,4071.937206725699
