reservoir,value
1,135229.871053627
2,18200.070870147916
3,45544.33770501341
4,8868.369874914933
