reservoir,value
1,29633.1423218462
2,2092.9901816371876
3,9932.747211737596
4,14221.660883291706
