reservoir,value
1,35937.70425189142
2,0.0
3,15823.641024556679
4,12462.111041176237
