reservoir,value
1,17858.63066934834
2,3576.8146280212895
3,4910.313926359306
4,3553.1462888555766
