reservoir,value
1,43661.9683896574
2,90.24770516012359
3,11536.090025466627
4,6466.997300204346
