reservoir,value
1,16990.525209392137
2,10624.799745441396
3,3755.0264916766837
4,3150.5535460540887
