reservoir,value
1,100260.01172102909
2,9013.984801664006
3,9000.813552070475
4,12653.453546054085
