reservoir,value
1,31290.38666081919
2,17671.287129874836
3,3054.7277562963577
4,5056.488523957516
