reservoir,value
1,94101.68735503813
2,19617.2
3,9247.48471100146
4,12744.9
