reservoir,value
1,60884.35323808981
2,10814.838460937126
3,27090.952727357766
4,2457.007506254422
