reservoir,value
1,18020.27666940383
2,13636.190450503569
3,2766.2574530425104
4,3757.900778996899
