reservoir,value
1,96683.37995629323
2,554.6904505035691
3,2173.7324829590125
4,12548.937337991054
