reservoir,value
1,126117.67610473742
2,0.0
3,41490.81743189671
4,12744.9
