reservoir,value
1,49389.06506192
2,7091.6681403
3,10922.25298725
4,16604.28002005
