reservoir,value
1,114475.44420222001
2,0.0
3,18996.84688725
4,8309.028933572925
