reservoir,value
1,62297.02741085985
2,8931.576419294419
3,12010.862844852893
4,13639.521215884066
