reservoir,value
1,21691.602578790495
2,13086.801520823788
3,2058.5375590859303
4,1198.7406332848839
