reservoir,value
1,20633.829415014163
2,5.301520823788451
3,3498.6763115568615
4,2973.7004916794735
