reservoir,value
1,15584.80187990991
2,7429.850778651261
3,2707.9406424003023
4,2007.0825606993308
