reservoir,value
1,83188.469353099
2,0.0
3,15327.27404970256
4,3757.255972072071
