reservoir,value
1,87331.6915925304
2,16683.254185350794
3,0.0
4,0.0
