reservoir,value
1,40365.798524021746
2,0.0
3,11345.283490194006
4,7073.857245215291
