reservoir,value
1,49529.785533871756
2,6036.026281266949
3,13966.22081320052
4,15779.68126938977
