reservoir,value
1,108204.3422907627
2,2341.7318963117104
3,35776.63292526115
4,6045.687009096943
