reservoir,value
1,18976.111233175947
2,7120.516713596804
3,3931.842948374721
4,1827.7808771890968
