reservoir,value
1,102875.37207193096
2,0.0
3,32210.27449870371
4,3515.1205262923013
