reservoir,value
1,18841.873082875343
2,6521.250205694963
3,4604.136157783864
4,3384.5119738864323
