reservoir,value
1,95151.51929828967
2,0.0
3,4184.15986260535
4,12744.9
