reservoir,value
1,0.0
2,283534.24000006675
3,0.0
4,31166.300000000003
