reservoir,value
1,22909.025142309394
2,17415.904154123218
3,7315.635481899436
4,3600.9314454995733
