reservoir,value
1,106777.51712368548
2,19617.2
3,47459.47816507339
4,5896.1962082903465
