reservoir,value
1,19763.41554295141
2,29094.397868574328
3,3020.0288567257644
4,2092.464584577606
