reservoir,value
1,30986.579903126723
2,5281.860695235276
3,6875.069747794547
4,6113.682327637094
