reservoir,value
1,109210.18871440014
2,0.0
3,28482.219853289072
4,12744.9
