reservoir,value
1,16693.466244585998
2,9393.621908079494
3,3189.0452237725385
4,3946.0888017916163
