reservoir,value
1,79591.30347812513
2,0.0
3,24184.437885848423
4,12744.9
