reservoir,value
1,35816.50665945677
2,0.0
3,5.095737765654121
4,0.0
