reservoir,value
1,12030.483952433862
2,11116.886573822318
3,4399.882634082983
4,1843.5204331231841
