reservoir,value
1,31172.200243329644
2,15251.741859186852
3,6201.142478203545
4,2451.230057139153
