reservoir,value
1,10551.618951156564
2,19617.2
3,24691.909368079956
4,1180.523565029425
