reservoir,value
1,32814.49250652527
2,22679.123536138526
3,2963.0309213405394
4,1960.2882103940053
