reservoir,value
1,38507.37137038616
2,9119.260180680274
3,11014.296551188496
4,8548.110908118386
