reservoir,value
1,0.0
2,1909.0016804574789
3,1113.3965511884962
4,3475.4908910056056
