reservoir,value
1,45308.93887385992
2,4382.694508318853
3,8615.009830569736
4,6484.242367009212
