reservoir,value
1,68986.45111180072
2,0.0
3,17927.600029318673
4,0.0
