reservoir,value
1,36171.02001761603
2,17433.105323115684
3,6820.299312279052
4,4530.123698445387
