reservoir,value
1,34491.9162188605
2,8414.708734916678
3,8310.17680766679
4,10196.423835188056
