reservoir,value
1,92648.58290536622
2,0.0
3,17257.931312841527
4,6086.978201786029
