reservoir,value
1,25241.465062202344
2,9458.440255885245
3,9913.842138152642
4,5468.721428560232
