reservoir,value
1,0.0
2,10617.149710999633
3,25455.730149565316
4,0.0
