reservoir,value
1,145074.48116590886
2,0.0
3,12301.829533486372
4,4275.4268281576915
