reservoir,value
1,36714.324717309646
2,13320.405310769667
3,4847.349896716724
4,2530.455369212545
