reservoir,value
1,19560.257401455383
2,15730.072151094231
3,3785.2037131988873
4,2624.8940733017726
