reservoir,value
1,100098.21500390468
2,2648.5721510942312
3,26982.751157680566
4,7739.894073301881
