reservoir,value
1,19490.59689519098
2,12621.255988916531
3,3761.9452883938693
4,4766.765806673454
