reservoir,value
1,14936.634508559975
2,10457.74826318385
3,2702.975994363998
4,1398.7362941152028
