reservoir,value
1,51181.43441049035
2,16993.44826318385
3,3311.605454822822
4,3397.1627765488543
