reservoir,value
1,39994.94133335701
2,12593.607905709334
3,8485.630186581602
4,12539.691353746977
