reservoir,value
1,32998.0168924467
2,4448.838829613385
3,10043.055144913058
4,16255.266763679494
