reservoir,value
1,98642.16493641702
2,0.0
3,10942.2285395724
4,10473.861410144
