reservoir,value
1,28831.14388946444
2,24960.588032986132
3,3808.5360830224286
4,4341.108502398628
