reservoir,value
1,150136.11544285849
2,13187.454426660728
3,21605.095415071428
4,12744.9
