reservoir,value
1,80549.10511350073
2,0.0
3,24110.143238485667
4,12744.9
