reservoir,value
1,70044.85974409703
2,8727.163267756488
3,13037.26674003588
4,8721.584493558115
