reservoir,value
1,96667.951900255
2,5814.51149306658
3,7801.461859893623
4,1091.6844935581157
