reservoir,value
1,23803.35562929855
2,6762.6580876606295
3,3172.207324408948
4,3837.088326652354
