reservoir,value
1,109270.95773837007
2,0.0
3,16789.536554982154
4,12744.9
