reservoir,value
1,8568.275432230308
2,0.0
3,0.0
4,2999.483481910891
