reservoir,value
1,200717.6
2,3751.4402620288197
3,33960.49312972516
4,12744.9
