reservoir,value
1,45938.91555612256
2,9187.562633997883
3,5526.124379059178
4,12419.593427458145
