reservoir,value
1,150311.24810574926
2,19033.701692076305
3,26224.250612086737
4,12744.9
