reservoir,value
1,116904.49713870608
2,0.0
3,10671.881132498645
4,12744.9
