reservoir,value
1,14343.303401834499
2,6737.976653827412
3,3812.425077513895
4,1679.0099320588054
