reservoir,value
1,25536.634684009445
2,6347.480992768973
3,6968.147766907254
4,3756.071477231656
