reservoir,value
1,83097.99084558805
2,0.0
3,45979.901369337276
4,10580.084683053641
