reservoir,value
1,34754.58083917523
2,21526.741183313054
3,7891.362621759098
4,2946.3704968571005
