reservoir,value
1,44050.39774419173
2,10726.635024162446
3,185.30753433961854
4,1383.5909849779434
