reservoir,value
1,64399.646055190795
2,4756.11586518339
3,17436.272415043746
4,9414.808823673084
