reservoir,value
1,32476.74213818042
2,0.0
3,8862.708443449399
4,1784.908823673084
