reservoir,value
1,23037.61157321095
2,3136.8191618364017
3,4125.262035862033
4,4684.172741464527
