reservoir,value
1,81622.00198513422
2,0.0
3,35305.7863503817
4,9799.172741464527
