reservoir,value
1,32064.894205674762
2,2324.6630503002407
3,8662.968908202121
4,18697.590898392737
