reservoir,value
1,54111.151298621684
2,8960.159964750514
3,0.0
4,0.0
