reservoir,value
1,52137.03679062372
2,5527.6629291363115
3,9538.16723332142
4,7768.529624067374
