reservoir,value
1,65467.38147104483
2,10281.720200101721
3,55.489659230985126
4,138.6296240673746
