reservoir,value
1,30865.00985713854
2,19608.11615938555
3,6323.135257043618
4,2084.1865302403594
