reservoir,value
1,14214.641303085118
2,18655.46612639187
3,5279.811991784073
4,1290.0761834269579
