reservoir,value
1,32100.648368801943
2,14738.183305875826
3,5453.1202941829215
4,3963.9201328969275
