reservoir,value
1,101638.8656000063
2,0.0
3,19939.750700000004
4,11715.021400000001
