reservoir,value
1,16805.801098300784
2,14300.813266047553
3,4884.51737221871
4,3928.8842151567983
