reservoir,value
1,85633.58062166975
2,19617.2
3,21967.659661185855
4,12744.9
