reservoir,value
1,26107.678961030386
2,4767.2745027432275
3,4796.456136821008
4,12734.34000383389
