reservoir,value
1,113852.69097188661
2,0.0
3,12488.893655900862
4,12744.9
