reservoir,value
1,20809.69149171324
2,5212.577141470754
3,3605.613841014707
4,9545.31651908517
