reservoir,value
1,111676.59673653099
2,0.0
3,8190.984629598845
4,12744.9
