reservoir,value
1,39405.01856779608
2,19617.2
3,30405.756142765145
4,2492.9166557643703
