reservoir,value
1,26916.585022927786
2,8241.425376875753
3,4618.180064435662
4,8303.97193280873
