reservoir,value
1,98325.72515403263
2,0.0
3,43173.5945722766
4,12744.9
