reservoir,value
1,24186.94636931613
2,2793.9827512680977
3,5938.248881215963
4,5432.226037309276
