reservoir,value
1,101111.7234524615
2,0.0
3,41452.39166327438
4,12744.9
