reservoir,value
1,15661.971560859167
2,6683.117183479346
3,4114.151028411862
4,2814.334306127814
