reservoir,value
1,81477.0833935304
2,0.0
3,19200.30772093312
4,7929.334306127719
