reservoir,value
1,13199.303205919954
2,4021.6274318464975
3,2935.6995640907176
4,3089.5515622380653
