reservoir,value
1,85025.87272897964
2,0.0
3,2938.7697468973497
4,8445.126331367645
