reservoir,value
1,40907.092018800555
2,5160.129723600454
3,2177.0053043489916
4,0.0
