reservoir,value
1,58800.39110430461
2,4589.729540648247
3,20286.61640242008
4,15907.99664436073
