reservoir,value
1,113793.42111100457
2,6271.309079840174
3,27540.517012914308
4,8278.09664436073
