reservoir,value
1,58623.74818438179
2,8528.708620711152
3,1402.3400789383738
4,0.0
