reservoir,value
1,57929.9090430679
2,3971.681797464318
3,21523.5964935778
4,23098.15519660848
