reservoir,value
1,59238.82191228871
2,3794.4289482780073
3,22085.443378107484
4,18748.68403703027
