reservoir,value
1,0.0
2,0.0
3,9032.409279054324
4,2125.8442826183455
