reservoir,value
1,188889.94763373685
2,11673.780610926604
3,51806.1
4,12744.9
