reservoir,value
1,56452.63797528578
2,22199.455505080005
3,12531.074684919517
4,4230.593019105387
