reservoir,value
1,51035.99952778338
2,19617.2
3,19157.42516409033
4,0.0
