reservoir,value
1,132798.6321322333
2,10057.04910048913
3,29191.53976130647
4,7879.5217984721485
