reservoir,value
1,68385.54263339425
2,0.0
3,2284.2811838663265
4,12744.9
