reservoir,value
1,34104.66514746436
2,5563.808534867905
3,8399.242171410551
4,6144.499412969873
