reservoir,value
1,0.0
2,873.0958651893443
3,432.05517425489234
4,0.0
