reservoir,value
1,20439.122587538168
2,15934.710466051889
3,3568.8242771423033
4,1496.088839461275
