reservoir,value
1,90062.34240287346
2,3597.792008577824
3,31092.569672817706
4,3240.9623650114454
