reservoir,value
1,22148.63104072131
2,22038.27198173621
3,5578.852616767936
4,7928.005919542712
