reservoir,value
1,88334.59185083924
2,11118.023709716208
3,10005.740810411211
4,11038.701706603832
