reservoir,value
1,0.0
2,0.0
3,1706.3251530488305
4,5059.9788635436325
