reservoir,value
1,25798.180743286564
2,10262.383097367076
3,6651.7633125109305
4,9043.58087431163
