reservoir,value
1,92862.5005787291
2,0.0
3,14464.28963421182
4,12744.9
