reservoir,value
1,106997.30939147397
2,682.0640927737459
3,12204.702371860245
4,1204.2987022069365
