reservoir,value
1,73860.8734910946
2,0.0
3,15806.817003758526
4,9632.3464703814
