reservoir,value
1,21296.39854630862
2,13700.455812122553
3,1988.0564195930692
4,1945.4952833443622
