reservoir,value
1,57216.75091837626
2,15555.615947423736
3,1236.0987722424743
4,7247.363485939846
