reservoir,value
1,50601.48822097367
2,19617.2
3,7112.794149663039
4,2302.377399640356
