reservoir,value
1,29437.181349758936
2,7232.968517747246
3,3063.313693769627
4,1962.4865322335772
