reservoir,value
1,120709.28808799769
2,9785.920929386253
3,17311.458422549527
4,2538.478934485088
