reservoir,value
1,123001.89130000002
2,4750.3914
3,15858.358700000003
4,12744.9
