reservoir,value
1,22068.13107610908
2,3745.136232886423
3,2221.117968637979
4,2426.8371072766276
