reservoir,value
1,17753.058706724085
2,7742.047062403613
3,5947.778358186853
4,3303.6366803775145
