reservoir,value
1,90020.1870041915
2,0.0
3,44208.19865455087
4,12474.536680376485
