reservoir,value
1,17891.952038544445
2,11817.89459700188
3,4187.680770543625
4,2175.731012948153
