reservoir,value
1,138298.34979963885
2,0.0
3,37019.83458534237
4,4589.5672458482295
