reservoir,value
1,57984.53358881154
2,3776.0291113283747
3,11559.935590124745
4,12910.592031124934
