reservoir,value
1,118935.39875748093
2,0.0
3,14190.442905967473
4,12744.9
