reservoir,value
1,21917.33890723513
2,18697.190690219388
3,2387.6703171831473
4,1291.4564698918016
