reservoir,value
1,103761.05467541456
2,19617.2
3,9993.18053433981
4,3264.7411968178444
