reservoir,value
1,13916.21654795243
2,7206.576714996476
3,2208.5711259829677
4,1888.3289991904828
