reservoir,value
1,37436.11437618488
2,0.0
3,1457.7211587015674
4,8841.487389087977
