reservoir,value
1,86888.14842974948
2,5894.219648533108
3,10627.711897347683
4,4198.560998881098
