reservoir,value
1,171445.76920600457
2,3840.097729179998
3,726.811897347683
4,0.0
