reservoir,value
1,20704.939732958668
2,12840.418800447107
3,5733.548963344673
4,1937.188206998443
