reservoir,value
1,54611.578418231824
2,11730.567622107576
3,38826.065093500656
4,9402.586498824126
