reservoir,value
1,25257.690178845703
2,14093.98288039316
3,4325.287496329925
4,11515.588133567448
