reservoir,value
1,160896.35195478742
2,2926.5727101354005
3,13131.641012479311
4,12744.9
