reservoir,value
1,82416.67308800001
2,3678.73114875
3,28392.910093659997
4,19091.3189378
