reservoir,value
1,59411.67582174901
2,9456.36765790386
3,12084.403388925206
4,24004.103241248027
