reservoir,value
1,144004.2207810395
2,2583.0976579038706
3,44075.24879540897
4,6689.633598155075
