reservoir,value
1,9141.895289702865
2,0.0
3,0.0
4,1693.2134929451665
