reservoir,value
1,200717.6
2,17406.798514931856
3,49744.378137280226
4,12744.9
