from,to,value
1,1,0.0
1,2,0.0
1,3,600.0
1,4,0.0
1,5,3154.0
2,1,2676.207360820792
2,2,0.0
2,3,0.0
2,4,0.0
2,5,0.0
3,1,0.0
3,2,0.0
3,3,0.0
3,4,0.0
3,5,0.0
4,1,0.0
4,2,0.0
4,3,0.0
4,4,0.0
4,5,0.0
5,1,0.0
5,2,0.0
5,3,1893.100000000005
5,4,1260.9000000001663
5,5,0.0
