reservoir,value
1,0.0
2,632.6760180447309
3,1367.913906817883
4,400.78920759800167
