reservoir,value
1,37874.089428240084
2,17310.25287680956
3,14289.527643604548
4,12604.477055026007
