reservoir,value
1,139804.89644857647
2,19617.2
3,30410.542223139255
4,12264.151968182347
