reservoir,value
1,35845.45901776342
2,4814.59887078218
3,3849.410158225946
4,10961.854783082934
