reservoir,value
1,121434.40084719437
2,0.0
3,25061.054198592294
4,12744.9
