reservoir,value
1,46580.27219476487
2,6608.180302624987
3,8012.041951740381
4,6654.309942526409
