reservoir,value
1,4398.424104508711
2,0.0
3,23863.40795724691
4,0.0
