reservoir,value
1,20083.655336396012
2,14128.06580489342
3,3396.069141917773
4,4156.387616794024
