reservoir,value
1,63220.91212078568
2,4009.7365342979265
3,29049.33940257891
4,19401.856561784196
