reservoir,value
1,61293.529282470015
2,6732.667151935997
3,4101.502272809401
4,10347.001155975402
