reservoir,value
1,140515.85926148083
2,9104.236233074473
3,17085.627307320632
4,2717.1011559754024
