reservoir,value
1,36679.015960266646
2,7330.780271556558
3,7447.826675882421
4,7120.679191612865
