reservoir,value
1,116055.5302323104
2,17151.008661428437
3,9649.879435677072
4,0.0
