reservoir,value
1,18432.553888934126
2,9657.58484134138
3,2486.370883178052
4,1569.8811538034636
