reservoir,value
1,43571.86687834926
2,4646.249160580604
3,3317.8070630380676
4,9887.671704778088
