reservoir,value
1,37012.794527185484
2,18309.214430846398
3,7157.114256681247
4,8829.557504524788
