reservoir,value
1,107208.64520265022
2,19617.2
3,24012.514401635548
4,5057.678347246927
