reservoir,value
1,34051.3662623351
2,28954.346107055004
3,9209.162702590455
4,15039.097849742713
