reservoir,value
1,19961.99302119982
2,5461.614781621678
3,2773.6648023762277
4,1657.5164389403255
