reservoir,value
1,69481.21082230598
2,0.0
3,757.2249402766274
4,6048.732097550772
