reservoir,value
1,148968.0331646282
2,15880.482740700498
3,22913.3413896848
4,6458.367641975052
