reservoir,value
1,29641.140359176192
2,4928.4607854108845
3,12551.025449410758
4,13072.007262221086
