reservoir,value
1,16856.972181329038
2,4404.838329086562
3,8847.901067475424
4,4568.557383487613
