reservoir,value
1,44808.37967227227
2,17319.81071371923
3,8438.335320042308
4,3207.1923199563007
