reservoir,value
1,14186.364234148321
2,12663.66959917817
3,2984.3127829846226
4,2160.47041076555
