reservoir,value
1,90439.46613185371
2,19199.36959917817
3,15273.493414571092
4,4446.821812865444
