reservoir,value
1,34338.54222619594
2,7678.908154546329
3,0.0
4,945.3015054308738
