reservoir,value
1,35664.26500618074
2,5189.198463873678
3,29307.45937133195
4,15519.709595805632
