reservoir,value
1,71333.22901707109
2,11724.898463873678
3,36433.72085560629
4,7889.809595805633
