reservoir,value
1,35180.37314035107
2,8565.041263700405
3,7293.176218830277
4,12724.770444556923
