reservoir,value
1,190483.67314035105
2,4416.547668115552
3,24687.14970449423
4,9517.781543347439
