reservoir,value
1,18041.439244104437
2,7349.3372470785625
3,5142.725705585456
4,1950.390331810364
