reservoir,value
1,64777.569478957645
2,3795.907238622533
3,38052.57883942882
4,6561.328348892037
