reservoir,value
1,37043.19698048348
2,15201.668198165786
3,9755.411872996438
4,16985.567040479473
