reservoir,value
1,86401.87553591686
2,1583.0622792043941
3,5046.002147437838
4,9443.805671473488
