reservoir,value
1,30508.66999126909
2,12511.863170779648
3,2397.0757461396424
4,2622.3504854310295
