reservoir,value
1,89768.69640232617
2,1420.6431707796546
3,0.0
4,0.0
