reservoir,value
1,25025.259918160857
2,21953.054298925388
3,2592.4205768499987
4,1732.0821305332859
