reservoir,value
1,101146.03117390917
2,10262.818575056615
3,12394.713353217701
4,6012.889186398871
