reservoir,value
1,163068.57089623486
2,9999.728176491513
3,4611.676172017281
4,11990.804552852293
