reservoir,value
1,70890.01618586709
2,19617.2
3,24147.652661591037
4,2183.3570573719126
