reservoir,value
1,97695.39050000001
2,10113.8872
3,19616.479100000004
4,15727.7561
