reservoir,value
1,24800.411666055035
2,10850.250246698419
3,2961.7863830097363
4,3840.0712618998086
