reservoir,value
1,126737.46181392195
2,0.0
3,15429.387830874351
4,12744.9
