reservoir,value
1,16871.31844953804
2,9323.09489936068
3,2515.9357731011437
4,1787.8618078206155
