reservoir,value
1,16559.29103568745
2,0.0
3,851.4775377096514
4,813.5829083105782
