reservoir,value
1,40760.43716044822
2,7111.16488568614
3,10358.811245059842
4,4334.629964118296
