reservoir,value
1,16824.642659818983
2,12999.016658008171
3,2911.748316930469
4,2490.5745904555324
