reservoir,value
1,90864.12237471613
2,19534.716658008172
3,3720.263992959385
4,8190.673354522856
