reservoir,value
1,49194.3985147111
2,4151.5861993894405
3,14477.779112788478
4,21655.6129834643
