reservoir,value
1,37753.442032503845
2,6128.9186583248165
3,8860.169105796187
4,3102.1136277028436
