reservoir,value
1,49751.18235570263
2,5900.0022655536195
3,16708.174853939592
4,8386.970846434324
