reservoir,value
1,76773.12104379071
2,3189.25169502041
3,6807.2748539395925
4,757.0708464343243
