reservoir,value
1,17833.10881606941
2,7938.046221109814
3,3716.2223885650897
4,2135.9141211328165
