reservoir,value
1,123658.8795631137
2,14473.746221109814
3,20434.15036133874
4,2996.970377605953
