reservoir,value
1,18471.143946418793
2,16038.128713479658
3,4970.628532596883
4,3379.970004151162
