reservoir,value
1,34674.50394329311
2,2988.1287134796585
3,16923.954935484708
4,11935.27216187099
