reservoir,value
1,37398.01309685156
2,12224.064951560318
3,11899.273010408004
4,5234.7395517834
