reservoir,value
1,60268.14617911448
2,4748.451992058845
3,21452.918803061282
4,18062.304761485044
