reservoir,value
1,28497.531716012207
2,17587.49536336422
3,5666.765803276838
4,3230.2648210410034
