reservoir,value
1,40141.31787485986
2,0.0
3,1132.0345113785422
4,4351.830766227787
