reservoir,value
1,48847.53955203778
2,5083.717315727034
3,7289.698961782313
4,2395.6639363181416
