reservoir,value
1,72644.22371873635
2,6661.424142262166
3,253.28515166205207
4,0.0
