reservoir,value
1,28243.897497509963
2,44206.10671119179
3,3378.325361673623
4,1508.7924767047357
