reservoir,value
1,162038.33549469663
2,19617.2
3,1990.8339617642773
4,7909.193053017401
