reservoir,value
1,31550.97999999985
2,4976.70000000009
3,51806.1
4,12744.9
