reservoir,value
1,103236.95540534978
2,0.0
3,22225.40085480024
4,12744.9
