reservoir,value
1,41432.1594376
2,8545.319602
3,9239.854546280001
4,14907.80439592
