reservoir,value
1,123525.26263563917
2,0.0
3,20863.309846280004
4,12744.9
