from,to,value
1,1,0.0
1,2,393.07951424658495
1,3,0.0
1,4,0.0
1,5,0.0
2,1,0.0
2,2,0.0
2,3,0.0
2,4,0.0
2,5,0.0
3,1,0.0
3,2,0.0
3,3,0.0
3,4,0.0
3,5,0.0
4,1,0.0
4,2,0.0
4,3,0.0
4,4,0.0
4,5,3053.0
5,1,879.0494849301712
5,2,0.0
5,3,2173.9505150696673
5,4,0.0
5,5,0.0
