reservoir,value
1,47688.509742111535
2,0.0
3,14705.174161740488
4,9157.017815913317
