reservoir,value
1,24026.13522726451
2,73002.31748100488
3,3486.4390838466416
4,1574.805864545632
