reservoir,value
1,0.0
2,0.0
3,96171.79227256344
4,11069.9363584778
