reservoir,value
1,167025.1192221431
2,1711.00898928086
3,2260.7263773321883
4,12744.9
