reservoir,value
1,129123.82604826476
2,0.0
3,42903.04883225328
4,12744.9
