reservoir,value
1,105919.03530822125
2,19617.2
3,26984.04228896484
4,12744.9
