reservoir,value
1,19664.8187940794
2,7379.246435706874
3,4019.9625160094092
4,2283.9985882428246
