reservoir,value
1,112581.20647268018
2,9118.069308961278
3,21523.874230447545
4,8911.762267245284
