reservoir,value
1,97685.4181440828
2,0.0
3,23698.636128195703
4,12744.9
