reservoir,value
1,58972.36820892428
2,18645.05165000662
3,9002.103621034094
4,19253.616564164804
