reservoir,value
1,1161.3309099761682
2,5563.551650006619
3,0.0
4,0.0
