reservoir,value
1,200717.6
2,19617.2
3,23747.378768130628
4,12060.536564165486
