reservoir,value
1,96839.5135
2,4785.8757000000005
3,19706.353099999997
4,14912.715
