reservoir,value
1,35920.30444648682
2,4836.710761890931
3,6122.302488514952
4,7402.817186353916
