reservoir,value
1,180258.5722626737
2,0.0
3,35273.32744203947
4,12517.817186351405
