reservoir,value
1,22681.768243784107
2,8116.66973938067
3,2996.0963343358862
4,1504.9621687967522
