reservoir,value
1,20744.651213661396
2,3157.0293808509305
3,4616.140001587389
4,5483.539299494826
