reservoir,value
1,38225.06556628749
2,7752.967232438959
3,6093.374011531644
4,12269.039642600012
