reservoir,value
1,133815.39093156648
2,0.0
3,8368.852017651647
4,12744.9
