reservoir,value
1,22682.257144407908
2,5019.276133619528
3,10276.076626973187
4,4795.242050377669
