reservoir,value
1,36695.597922127934
2,9525.684315880322
3,30875.02247402602
4,7307.162347902503
