reservoir,value
1,15252.798514247634
2,4843.00003901962
3,4069.3952320090207
4,1480.7620557552132
