reservoir,value
1,33883.440468178895
2,2211.4794568755
3,6548.645855923025
4,16324.41936165098
