reservoir,value
1,126477.57737958443
2,0.0
3,18320.155918633027
4,10806.582093982219
