reservoir,value
1,52876.516101817106
2,2821.635288286212
3,19731.727759350775
4,22349.042436709657
