reservoir,value
1,0.0
2,0.0
3,4270.6436334599075
4,14936.041631687094
