reservoir,value
1,154176.02504492807
2,1230.8006451376061
3,51806.1
4,3891.159274946401
