reservoir,value
1,79911.64596852116
2,6275.418356537516
3,10263.596484698295
4,16710.720259348214
