reservoir,value
1,126178.97317498543
2,13584.449702576185
3,35568.544920422624
4,0.0
