reservoir,value
1,37529.55572460157
2,1399.0395620816382
3,7810.191595687298
4,13973.663660042592
