reservoir,value
1,42685.06536934637
2,1728.0962189009647
3,33125.784863844696
4,22885.80819402214
