reservoir,value
1,130371.25082614683
2,0.0
3,51806.1
4,8401.125187378842
