reservoir,value
1,38144.487481981974
2,20726.250262072856
3,11709.17948421522
4,6948.000160991542
