reservoir,value
1,0.0
2,15056.03929505594
3,1808.2794842152198
4,100.25396626802649
