reservoir,value
1,13840.037318422817
2,11187.013387156081
3,2597.5507034419697
4,2133.2072089741396
