reservoir,value
1,21648.101306488756
2,2959.898236676774
3,8666.211361572003
4,12168.307208974138
