reservoir,value
1,52974.538684631145
2,9725.287973893419
3,9677.405867229845
4,8275.602195766403
