reservoir,value
1,31244.759262536994
2,0.0
3,3076.169544333584
4,645.7021957664037
