reservoir,value
1,19763.685357655937
2,0.0
3,8020.05609369227
4,7019.273170211589
