reservoir,value
1,46484.75479854434
2,7940.809151232171
3,6840.862738168662
4,11784.943040552225
