reservoir,value
1,132910.95450907818
2,9292.68146871143
3,12451.3383768746
4,4155.043040552226
