reservoir,value
1,20401.84446839067
2,6549.892084499415
3,3596.7920615061607
4,4127.983805353294
