reservoir,value
1,68138.16919229415
2,0.0
3,19950.186757901225
4,12744.9
