reservoir,value
1,24734.202598037416
2,9514.694998893388
3,13917.65272021783
4,8165.45504262073
