reservoir,value
1,29789.798407049675
2,10118.06227618509
3,3590.3900797782153
4,2358.874445768044
