reservoir,value
1,24963.833693054854
2,18569.771242016435
3,3602.5225172139085
4,4235.429571813053
