reservoir,value
1,136527.51879792992
2,16892.661261414985
3,38240.097529446866
4,12744.9
