reservoir,value
1,24235.757661837644
2,7023.109503586906
3,2503.0781307367815
4,3083.823406742219
