reservoir,value
1,98787.88263612798
2,0.0
3,10291.562127193338
4,9582.723406740934
