reservoir,value
1,154816.3121953274
2,0.0
3,21446.401038520005
4,12744.9
