reservoir,value
1,43102.47836450084
2,11682.48062048166
3,6308.494251455593
4,3020.568418542555
