reservoir,value
1,23140.59199704606
2,1688.688342756398
3,5705.393202625169
4,3189.645053544756
