reservoir,value
1,3635.6827609551615
2,19617.2
3,1930.6070486848967
4,1563.9813215086424
