reservoir,value
1,35121.66716046449
2,6131.136085245385
3,11096.874579061197
4,8300.459544524516
