reservoir,value
1,70767.65460351555
2,0.0
3,14315.957084575995
4,670.5595445245162
