reservoir,value
1,45769.82204591969
2,9043.312679815743
3,7766.233403272187
4,5122.039310087188
