reservoir,value
1,13871.7097618248
2,4794.099660957455
3,2804.551871665976
4,2911.2085753943343
