reservoir,value
1,93151.40829104409
2,13928.119660957416
3,26729.865462742797
4,11937.108575394312
