reservoir,value
1,188.6493272972766
2,6810.365904785969
3,24924.714621875944
4,0.0
