reservoir,value
1,14404.324249035068
2,5773.562309488921
3,3533.226630722896
4,3509.974835982308
