reservoir,value
1,65003.57863574129
2,3950.7352494186234
3,14113.84347724139
4,7804.778098757959
