reservoir,value
1,39075.03163231166
2,19617.2
3,21703.92328118183
4,174.87809875795938
