reservoir,value
1,151037.7693272698
2,7625.558876063212
3,20718.004541105045
4,12744.9
