reservoir,value
1,119589.74139999937
2,6465.061100001264
3,25058.2419
4,12744.9
