reservoir,value
1,29618.367367630744
2,6997.832073986396
3,4212.434576136012
4,5085.241890366223
