reservoir,value
1,75015.61833737034
2,8303.65168069689
3,14669.434132858987
4,18261.37282427353
