reservoir,value
1,112022.58000041558
2,6199.721998026666
3,6878.393196458556
4,0.0
