reservoir,value
1,49585.64816426979
2,9871.548030786682
3,14939.3553395492
4,12744.9
