reservoir,value
1,31926.989505073983
2,18877.54684247712
3,10791.551105090293
4,14385.338315027217
