reservoir,value
1,0.0
2,0.0
3,890.6511050902936
4,5021.976169845648
