reservoir,value
1,23365.25622066728
2,4945.094149809289
3,5588.501725684278
4,6043.2863760842965
