reservoir,value
1,19281.38285889477
2,8211.180538803515
3,5235.124437510508
4,4118.2331590581125
