reservoir,value
1,38611.44638085433
2,3895.2070135954195
3,11762.639514431921
4,16802.35011843205
