reservoir,value
1,21416.258604576953
2,1566.8459662424737
3,4432.552900419673
4,2739.0354729862993
