reservoir,value
1,11221.885850752013
2,2621.5307901078595
3,1181.9705050982939
4,912.4014917611092
