reservoir,value
1,89899.46081011792
2,2161.2517279799995
3,13612.28819364347
4,10740.595787061144
