reservoir,value
1,6063.542035930848
2,0.0
3,5096.357026476195
4,5865.633687212543
