reservoir,value
1,51323.14493197808
2,1870.8850368003996
3,22268.03097353834
4,25557.53853724013
