reservoir,value
1,143534.20479517855
2,0.0
3,24949.77448646865
4,12744.9
