reservoir,value
1,137196.03992337943
2,8829.787198639719
3,14351.39532581104
4,3700.6532488661333
