reservoir,value
1,31947.972687215875
2,2317.344143631719
3,6938.732527730457
4,11812.67740847506
