reservoir,value
1,123834.39141547489
2,0.0
3,22331.137817361086
4,12744.9
