reservoir,value
1,106286.39246129253
2,25047.367065477334
3,15698.029441776842
4,19290.194240790985
