reservoir,value
1,0.0
2,3206.6838799518046
3,0.0
4,9936.404178108562
