reservoir,value
1,160556.24382849855
2,19617.2
3,11450.774460063372
4,3713.143973297201
