reservoir,value
1,23654.23890378066
2,32544.188308772347
3,2298.3598557129367
4,2029.954130157234
