reservoir,value
1,27781.599852124302
2,19617.2
3,10555.64136197679
4,9238.316706474092
