reservoir,value
1,56655.550153338474
2,1201.0000232821303
3,27464.16353633145
4,26658.357723764908
