reservoir,value
1,178266.3693754816
2,0.0
3,19823.989913663627
4,2960.910714574007
