reservoir,value
1,4743.448368807018
2,16443.08506304709
3,4092.150008546394
4,4259.077504030304
