reservoir,value
1,16295.338282951021
2,4112.710409992152
3,6888.531734400662
4,5642.602157719266
