reservoir,value
1,44177.33754318343
2,0.0
3,19169.348856579683
4,11465.95215771923
