reservoir,value
1,31287.04000792612
2,19203.761175619533
3,7018.728993834668
4,15253.325097294422
