reservoir,value
1,100013.6277309821
2,19617.2
3,12536.384949762887
4,8652.810744213872
