reservoir,value
1,89238.7929041893
2,19617.2
3,18663.640698861203
4,8019.381211937139
