reservoir,value
1,33861.834620535024
2,7357.051325517414
3,14700.1731642552
4,5436.517084909377
