reservoir,value
1,0.0
2,9633.601276696452
3,4799.273164255201
4,0.0
