reservoir,value
1,154600.10593159
2,0.0
3,17214.832684484696
4,11475.515558758198
