reservoir,value
1,595.3432793466127
2,14105.587061898907
3,51806.1
4,0.0
