reservoir,value
1,35286.45199923108
2,8.469684113387354
3,24661.831997511832
4,4192.909944910825
