reservoir,value
1,0.0
2,1214.8380954680852
3,0.0
4,604.4433100752922
