reservoir,value
1,132010.79301864994
2,19617.2
3,29295.968557878965
4,12744.9
