reservoir,value
1,101885.12046205276
2,1956.2537924858952
3,13451.985746662212
4,12374.95789899608
