reservoir,value
1,43937.64109687768
2,2836.7651082255807
3,11439.579168423148
4,6465.437990639614
