reservoir,value
1,169585.50458823773
2,0.0
3,50282.55474306037
4,0.0
