reservoir,value
1,21181.566607660927
2,6783.554190819017
3,3862.23680635851
4,2450.9044816978753
