reservoir,value
1,154411.34524045765
2,0.0
3,33102.35743897408
4,9941.483063782325
