reservoir,value
1,19690.388501473033
2,19039.011696892157
3,3090.385513572368
4,1667.9505275717793
