reservoir,value
1,17180.280479383582
2,5957.5116968921575
3,0.0
4,6219.278662449635
