reservoir,value
1,28174.634202567388
2,9602.1884061754
3,5862.271313766385
4,4262.35784294415
