reservoir,value
1,28150.813071414308
2,2173.20913768898
3,19288.295444803363
4,17542.76886089328
