reservoir,value
1,18050.708954906117
2,28828.807063505352
3,3228.941773738873
4,2525.0146824043572
