reservoir,value
1,112620.00188802206
2,19617.2
3,13773.956323286933
4,3790.9181453188476
