reservoir,value
1,57687.219542889216
2,8630.43038590509
3,7660.860776855043
4,4313.448462871453
