reservoir,value
1,162849.3136274864
2,19617.2
3,11339.82581582641
4,0.0
