reservoir,value
1,88728.29999999967
2,31.399999999999636
3,17115.299999999883
4,8193.600000000066
