reservoir,value
1,53365.006616003004
2,10342.41544598126
3,14880.494865448894
4,7238.748106508192
