reservoir,value
1,14060.699689638772
2,1481.7090019601983
3,4979.594865448895
4,537.748106508192
