reservoir,value
1,19499.7945215273
2,5399.580212946775
3,2371.29325071955
4,2238.4396314971473
