reservoir,value
1,42714.20414486165
2,9537.882005423387
3,10297.502235811417
4,6909.72042582771
