reservoir,value
1,2826.6699860714725
2,18744.32200542339
3,22445.899681344472
4,977.4295884498433
