reservoir,value
1,0.0
2,145646.71592475125
3,1801.1000000000004
4,18544.0
