from,to,value
1,1,0.0
1,2,1566.6645938878594
1,3,407.39239245727475
1,4,0.0
1,5,1287.316716824133
2,1,1920.8550965471588
2,2,0.0
2,3,0.0
2,4,0.0
2,5,0.0
3,1,287.65721542516326
3,2,0.0
3,3,0.0
3,4,0.0
3,5,1039.4554778736604
4,1,0.0
4,2,0.0
4,3,0.0
4,4,0.0
4,5,137.16484165706504
5,1,750.4739336086224
5,2,0.0
5,3,676.9133447349719
5,4,1036.5497580116225
5,5,0.0
