from,to,value
1,1,0.0
1,2,953.5523046217896
1,3,464.7407936738142
1,4,0.0
1,5,1524.9984485123875
2,1,2567.26409695138
2,2,0.0
2,3,0.0
2,4,0.0
2,5,0.0
3,1,110.61794028919245
3,2,0.0
3,3,0.0
3,4,0.0
3,5,425.05701128187343
4,1,0.0
4,2,0.0
4,3,0.0
4,4,0.0
4,5,17.62915499607495
5,1,289.41498909963474
5,2,0.0
5,3,500.0677093483769
5,4,1178.2019163423133
5,5,0.0
