plant,value
1,34605.64752510001
2,6851.717504530273
3,9360.809000000032
4,7629.900000000014
