reservoir,value
1,43139.36938407607
2,6773.234483984009
3,13189.25785989435
4,17081.097133526004
