reservoir,value
1,449.7117560455346
2,55.33911921566168
3,928.5650635007693
4,6899.943654022127
