reservoir,value
1,0.0
2,540.9223259969361
3,167.35926482713043
4,3055.1343720725004
