reservoir,value
1,172.63651228695093
2,0.0
3,1134.4541005168
4,6646.191406371273
