reservoir,value
1,142437.9684731204
2,986.1905840742974
3,31276.49408040417
4,11013.784046400573
