reservoir,value
1,145058.25513961096
2,1044.1993341382959
3,30128.707636320076
4,10924.323172919001
