reservoir,value
1,15328.174318953159
2,3335.9587418816845
3,3033.1427194700927
4,4741.230301020093
