reservoir,value
1,82962.49924312136
2,0.0
3,7567.5212548642885
4,12744.9
