from,to,value
1,1,0.0
1,2,3421.1890900636454
1,3,0.0
1,4,0.0
1,5,0.0
2,1,0.0
2,2,0.0
2,3,0.0
2,4,0.0
2,5,0.0
3,1,1000.0
3,2,0.0
3,3,0.0
3,4,0.0
3,5,3152.381795473816
4,1,0.0
4,2,0.0
4,3,0.0
4,4,0.0
4,5,0.0
5,1,1746.4817954738148
5,2,0.0
5,3,0.0
5,4,1405.8999999999996
5,5,0.0
