reservoir,value
1,32392.430323455505
2,11520.189090063583
3,9993.214494960412
4,14374.225350677176
