reservoir,value
1,114208.41437502393
2,0.0
3,21767.738022277725
4,12744.9
