reservoir,value
1,43778.02921385443
2,8580.483284436023
3,13123.145351157047
4,5355.824906315134
