reservoir,value
1,3757.454120169452
2,11614.892387681346
3,3222.2453511570475
4,0.0
