reservoir,value
1,15021.959580735678
2,30152.624721056378
3,2175.6372950728837
4,2192.0945051019767
