reservoir,value
1,106844.05210674915
2,0.0
3,12060.750727193396
4,12744.9
