reservoir,value
1,18453.27325688915
2,13671.546319990692
3,3616.987134352319
4,2057.7135437236684
