reservoir,value
1,45676.82253317809
2,5519.293239778923
3,6240.135282430726
4,8266.100304747271
