reservoir,value
1,0.0
2,4777.669615422037
3,0.0
4,1242.199390137037
