reservoir,value
1,51117.91640815
2,13443.82926005
3,9421.88844361
4,11961.39869835
