reservoir,value
1,142872.60710815
2,3483.3445600500017
3,16281.478543610045
4,12744.9
