reservoir,value
1,57410.4187041976
2,5013.463441210314
3,11825.940176503647
4,14195.06058432901
