reservoir,value
1,25982.25757222683
2,3756.3013508982385
3,4604.808735792222
4,7218.4527473187845
