reservoir,value
1,92702.98643459112
2,0.0
3,21567.238741828343
4,12744.9
