reservoir,value
1,59329.01581393664
2,5690.802872611135
3,15405.749327053358
4,12928.813532981769
