reservoir,value
1,33739.032347449756
2,9916.349292060031
3,5137.456943410975
4,2728.1939828653426
