reservoir,value
1,32724.41581150971
2,48199.59358777691
3,4089.8160168609165
4,1798.2293666935134
