reservoir,value
1,64989.647251895774
2,3485.4120941364
3,14783.605547219126
4,21306.39262526883
