reservoir,value
1,52365.91145164
2,8891.631940759999
3,20376.02040768
4,14155.113798859998
