from,to,value
1,1,0.0
1,2,0.0
1,3,600.0
1,4,0.0
1,5,1360.5000000000202
2,1,5471.415105494639
2,2,0.0
2,3,0.0
2,4,0.0
2,5,0.0
3,1,0.0
3,2,0.0
3,3,0.0
3,4,0.0
3,5,0.0
4,1,0.0
4,2,0.0
4,3,0.0
4,4,0.0
4,5,0.0
5,1,0.0
5,2,0.0
5,3,237.6000000000206
5,4,1122.8999999999996
5,5,0.0
