reservoir,value
1,52643.39653014082
2,5510.392405940958
3,14124.759403103855
4,8995.894430360862
