reservoir,value
1,75354.26382582067
2,8529.295721680684
3,10416.141421000599
4,1365.9944303608627
