reservoir,value
1,86419.6119242929
2,0.0
3,20467.254775664136
4,12149.630615678125
