reservoir,value
1,98790.46634484819
2,0.0
3,14884.37421500602
4,7473.88175948036
