reservoir,value
1,71508.96451801035
2,0.0
3,21639.842224475127
4,0.0
