reservoir,value
1,31032.387110954813
2,9318.311805178895
3,2703.2641469593564
4,2009.4939596307734
