reservoir,value
1,18805.01197104654
2,4792.799186086782
3,3480.646164462347
4,3322.7887596380924
