reservoir,value
1,36768.9211976631
2,14422.635387969414
3,6738.486338720384
4,20625.86579734932
