reservoir,value
1,113110.48000000001
2,19617.2
3,49030.299999999996
4,12744.9
