reservoir,value
1,38636.20390681762
2,2799.871254062684
3,8059.918227290711
4,9246.88257809595
