reservoir,value
1,146410.02828593337
2,0.0
3,40449.32282357759
4,12744.9
