reservoir,value
1,94943.3848315801
2,6808.599757513597
3,738.2385597641769
4,501.98481252092313
