reservoir,value
1,72152.91831083815
2,3737.6291534799957
3,17323.43740089062
4,16220.728419245934
