reservoir,value
1,64265.701853068465
2,14115.3109558634
3,38606.074606248585
4,11426.130569116507
