reservoir,value
1,17047.345064838864
2,54955.2946880575
3,2228.123425974375
4,1670.120514816897
