reservoir,value
1,62798.177348234974
2,19617.2
3,7107.283181387645
4,2620.661235695163
