reservoir,value
1,30392.407463565836
2,3130.4129056600686
3,10257.934907651279
4,14633.642226191945
