reservoir,value
1,66793.7376724992
2,2985.7102921435894
3,17058.6595363583
4,13001.791109130121
