reservoir,value
1,178252.54885347077
2,0.0
3,47998.3755646183
4,12744.9
