reservoir,value
1,44918.55183741785
2,5660.421560156777
3,12593.830297216542
4,10974.729729777768
