reservoir,value
1,2311.059614479076
2,0.0
3,21404.811504364665
4,3344.829729777768
