reservoir,value
1,81012.45106791762
2,4638.979994060502
3,38113.656758898185
4,142.36680876577157
