reservoir,value
1,29684.478607911133
2,9415.402793085563
3,3495.0630105855676
4,2290.254847308955
