reservoir,value
1,26833.317467074867
2,0.0
3,0.0
4,1399.840537349283
