reservoir,value
1,20299.547706516692
2,4124.676795064268
3,3654.6850359494756
4,4284.788652026153
