reservoir,value
1,132679.39687976558
2,3034.821261583451
3,29547.019040065057
4,12744.9
