reservoir,value
1,65002.31251132177
2,4614.40683880468
3,24745.128480218933
4,30068.16868834848
