reservoir,value
1,18222.06363645065
2,3612.622066137379
3,3410.668222343038
4,8801.19694687365
