reservoir,value
1,104711.97515993156
2,7483.798760638428
3,24132.53804909291
4,17539.719861579328
