reservoir,value
1,0.0
2,0.0
3,14231.63804909291
4,6089.5116469916975
