reservoir,value
1,68281.97958380554
2,5462.909843549749
3,22999.704283126302
4,25054.011010065886
