reservoir,value
1,135674.04642360387
2,1231.740030659919
3,47713.57466940442
4,0.0
