from,to,value
1,1,0.0
1,2,4880.062482978269
1,3,0.0
1,4,0.0
1,5,995.7585941965197
2,1,0.0
2,2,0.0
2,3,0.0
2,4,0.0
2,5,0.0
3,1,0.0
3,2,0.0
3,3,0.0
3,4,0.0
3,5,7.7272544123898115
4,1,0.0
4,2,0.0
4,3,0.0
4,4,0.0
4,5,0.0
5,1,0.0
5,2,0.0
5,3,0.0
5,4,1003.4858486089097
5,5,0.0
