reservoir,value
1,38353.44055268781
2,6227.7195678753615
3,7413.57274558761
4,7372.48584860891
