reservoir,value
1,16731.921187959175
2,9654.84365604151
3,3001.9237328880617
4,1993.7602062334477
