reservoir,value
1,79037.30277886822
2,0.0
3,9472.506154527535
4,5870.4420266777815
