reservoir,value
1,24873.0204948058
2,5811.572127001673
3,4812.996940145394
4,11708.768822614713
