reservoir,value
1,106406.66635917714
2,0.0
3,29318.856908970403
4,10209.712763224972
