reservoir,value
1,37062.65308396071
2,17111.16363957329
3,8230.488141055539
4,8967.815246211983
