reservoir,value
1,149477.8811229063
2,5596.4948309011825
3,22191.05581458954
4,12744.9
