reservoir,value
1,47436.384632040004
2,8033.892022690001
3,12743.9941569
4,21141.439459150002
