reservoir,value
1,127979.0395547299
2,0.0
3,29510.862756900002
4,12744.9
