reservoir,value
1,70694.18684321339
2,19617.2
3,40602.957058684304
4,147.65886894666073
