reservoir,value
1,29358.21317041102
2,19412.62483356656
3,9238.007977596433
4,12511.83779532039
