reservoir,value
1,53137.59721072028
2,1702.968877617208
3,37235.12235372067
4,21746.0444305296
