reservoir,value
1,159619.37154321754
2,0.0
3,51806.1
4,7132.9193120685895
