reservoir,value
1,13762.777388787821
2,4470.737696878035
3,3676.7177829539437
4,1648.042933466935
