reservoir,value
1,36100.04528317638
2,0.0
3,9124.090675140824
4,8229.060686562989
