reservoir,value
1,35916.1034561805
2,7513.296606254347
3,4881.199443132892
4,2004.26188027323
