reservoir,value
1,28820.467484159315
2,9262.846535305658
3,6813.344883161191
4,5200.657633947265
