reservoir,value
1,157899.24416268262
2,4603.619827912842
3,34118.47594947024
4,10315.657633947265
