reservoir,value
1,72099.88785573709
2,2588.1935422867027
3,7686.3825420406165
4,17705.958220290366
