reservoir,value
1,28155.270498587495
2,33632.79204610761
3,4212.490996999786
4,3058.085722308794
