reservoir,value
1,38931.25623243963
2,8818.154634777842
3,4760.370934923539
4,3320.129851657488
