reservoir,value
1,63745.28156119188
2,11516.868802081823
3,13468.513089059958
4,18963.821558132662
