reservoir,value
1,139348.46448584003
2,18052.568802081823
3,15249.596005325775
4,12744.9
