reservoir,value
1,52698.60550744897
2,15643.002815110971
3,10250.381733834154
4,12744.9
