reservoir,value
1,127448.01885282192
2,0.0
3,8724.162534645497
4,12744.9
