reservoir,value
1,51639.28607091306
2,7523.019148202644
3,20874.904473289716
4,16919.84357896969
