reservoir,value
1,20282.55428097582
2,7926.991641960113
3,3037.818457525276
4,2192.3825543632342
