reservoir,value
1,50522.469736571285
2,0.0
3,1657.023478114434
4,5880.87053709318
