reservoir,value
1,14296.333219642647
2,0.0
3,5235.578127614445
4,1137.3380993200817
