reservoir,value
1,50636.23398742382
2,11198.069475737366
3,7061.357047726195
4,4428.489387623844
