reservoir,value
1,92485.15023358626
2,19617.2
3,10321.832570869406
4,0.0
