reservoir,value
1,103790.7531224929
2,4910.554245650001
3,31630.956607740965
4,12744.9
