reservoir,value
1,38796.80428451185
2,11273.28287355549
3,9335.620686041766
4,8903.088769348136
