reservoir,value
1,24424.74797082642
2,31869.42402839158
3,2074.3141050185345
4,1856.2467863167142
