reservoir,value
1,57525.61864272564
2,4364.866528887631
3,8358.487118881016
4,14507.94979914528
