reservoir,value
1,110323.2591904893
2,0.0
3,24937.906414892383
4,8126.508664070238
