reservoir,value
1,75905.2367017774
2,1946.1423651533787
3,43109.20473340912
4,8267.0255613117
