reservoir,value
1,0.0
2,13075.830469120914
3,0.0
4,1460.3973334242728
