plant,value
1,43871.36
2,11046.759999999991
3,9900.9
4,6773.600000000007
