reservoir,value
1,21255.66185313114
2,2797.5331938782656
3,13563.693915431699
4,13944.571548540403
