reservoir,value
1,90795.3490156194
2,0.0
3,48189.3815462897
4,12744.9
