reservoir,value
1,50471.3896498711
2,1869.647210021956
3,13955.11921920688
4,15704.5561038816
