reservoir,value
1,148289.35312505305
2,0.0
3,42290.30459628688
4,12744.9
