reservoir,value
1,12976.127240083199
2,8827.332456758933
3,2086.3785766965875
4,1255.2706127840886
