reservoir,value
1,38906.26683622453
2,0.0
3,4988.438752471079
4,8208.959858394399
