reservoir,value
1,13627.818158018656
2,10186.189593963149
3,3096.4242507453946
4,2295.1998470390095
