reservoir,value
1,25775.63922628121
2,0.0
3,9765.558654816781
4,6341.626346397478
