reservoir,value
1,27287.007009795416
2,19087.595956178302
3,2381.0020771849645
4,1688.7628067019966
