reservoir,value
1,84351.2611908033
2,7647.816111512151
3,7817.801075102737
4,1701.0461715589133
