reservoir,value
1,41119.31011175833
2,11991.300889587059
3,15501.48360511736
4,23895.264177980804
