reservoir,value
1,110047.17274972892
2,11607.920742170103
3,19853.641849853942
4,0.0
