reservoir,value
1,64809.20942960006
2,5488.093053915958
3,9196.929107267008
4,17575.245429751703
