reservoir,value
1,154839.8600246029
2,2478.9771848567484
3,24972.995044192998
4,5470.107166609717
