reservoir,value
1,124812.33138701027
2,0.0
3,22213.403503480105
4,6174.062448081699
