reservoir,value
1,22262.493946963463
2,4771.287853539768
3,3306.9462384159824
4,3488.330449808076
