reservoir,value
1,20017.78760828228
2,14301.200487690505
3,4542.26545717296
4,5574.831008186169
