reservoir,value
1,105209.71050141516
2,1219.7004876905048
3,29447.589087289292
4,12744.9
