plant,value
1,41817.0
2,11088.120000000003
3,9900.9
4,7141.5999999999985
