reservoir,value
1,94289.06004287119
2,15704.406720481124
3,5915.437743326761
4,0.0
