reservoir,value
1,95150.9313672061
2,10858.016814474471
3,5653.645018286374
4,1989.2539106225086
