reservoir,value
1,44057.938566824516
2,9037.105946139662
3,5502.9451793595545
4,3467.118686275146
