reservoir,value
1,42503.201868240816
2,19617.2
3,5371.942449383817
4,1708.915965051316
