reservoir,value
1,43327.93242510447
2,17547.976087149615
3,3791.849292025837
4,5746.49798760738
