reservoir,value
1,196096.10821644816
2,11575.557413135884
3,35524.58139586655
4,12744.9
