reservoir,value
1,31402.180218278532
2,4941.708118160124
3,8932.549459472262
4,13445.393832793952
