reservoir,value
1,120240.06010674883
2,0.0
3,45453.327087121615
4,12744.9
