reservoir,value
1,148688.5025102527
2,12056.283475056065
3,31320.615884112536
4,12744.9
