reservoir,value
1,46228.359046093115
2,0.0
3,297.50288984626184
4,7901.141257843937
