reservoir,value
1,24731.58462952637
2,9766.840311351953
3,3773.7241077378753
4,4483.699526327192
