reservoir,value
1,21263.989763328118
2,12226.204105396799
3,2332.294599491004
4,1414.8637033796779
