reservoir,value
1,79577.46724568603
2,4525.623779736993
3,2234.3012253717015
4,1270.4208922343
