reservoir,value
1,44941.88914265616
2,3421.7058712757616
3,24714.950762226632
4,16529.799042465376
