reservoir,value
1,107348.74543179746
2,0.0
3,51806.1
4,8899.899042465377
