reservoir,value
1,20502.738341568394
2,13092.739902635425
3,3298.4384258202826
4,2513.3939790403692
