reservoir,value
1,20125.20084021361
2,11.239902635425096
3,0.0
4,0.0
