reservoir,value
1,79886.96478047
2,10880.28725548
3,17702.261012080002
4,19607.388216419997
