reservoir,value
1,22819.445824899187
2,14634.869072472342
3,3100.0034890255033
4,3360.748406433299
