reservoir,value
1,97385.22475934059
2,1553.369072472342
3,2210.3685248032657
4,12744.9
