reservoir,value
1,16867.142617159498
2,10494.382660617142
3,4201.521591439202
4,1930.1732299167284
