reservoir,value
1,148480.77585423767
2,6536.665323020925
3,15465.556746046197
4,4662.6388746486155
