reservoir,value
1,38933.054725400005
2,7434.3000512
3,15811.449846260004
4,20174.18295792
