reservoir,value
1,120138.40477660001
2,0.0
3,30564.311646260012
4,469.79938131452707
