reservoir,value
1,25232.841270507393
2,12443.051916036467
3,2953.324435206766
4,3076.972163385996
