reservoir,value
1,115631.78035237928
2,43.545856400760385
3,30498.42515213084
4,9243.872163378737
