reservoir,value
1,109282.97926981132
2,0.0
3,45145.04868944236
4,11007.11620046813
