reservoir,value
1,129476.54763721999
2,0.0
3,19339.390999100004
4,5771.469896431097
