reservoir,value
1,54921.44515181581
2,4602.602347465982
3,18251.072003368372
4,10930.28022592122
