reservoir,value
1,107903.13609883495
2,2798.7863687905356
3,29414.35510601256
4,0.0
