reservoir,value
1,57866.15587713607
2,2515.4748140418396
3,12791.711246306892
4,9561.22100788788
