reservoir,value
1,65402.0516440674
2,16735.289127357653
3,2890.811246306892
4,1931.3210078878926
