reservoir,value
1,26740.161137713585
2,25917.875403090133
3,4818.831532594781
4,4617.502061494052
