reservoir,value
1,161000.3808249578
2,19617.2
3,40639.68489344409
4,12744.9
