reservoir,value
1,15437.388320237493
2,11871.853531101795
3,3969.907683428993
4,1771.6612484339673
