reservoir,value
1,53027.46096994023
2,4134.0023061803995
3,6749.378720867368
4,6890.696855258668
