reservoir,value
1,164204.75427852586
2,705.4787799271926
3,48550.3867494703
4,12005.696855258508
