reservoir,value
1,22845.510014616455
2,7049.927004215031
3,19335.08058146548
4,7710.873566047132
