reservoir,value
1,23074.081719791582
2,9670.323374238224
3,4231.90066493255
4,2161.4636279779857
