reservoir,value
1,18934.98894777086
2,4098.046100015588
3,16524.949457695267
4,1103.25933665133
