reservoir,value
1,122517.49158560552
2,13239.481263043339
3,29303.25987064015
4,0.0
