reservoir,value
1,25785.551471987485
2,8973.676675721294
3,4029.551671545036
4,2111.705118788786
