reservoir,value
1,8328.675660343271
2,0.0
3,1892.8918740590325
4,2415.4999236039157
