reservoir,value
1,15921.894831438225
2,5240.651487475523
3,4364.149186999429
4,2136.2894486608984
