reservoir,value
1,164893.13152015305
2,18309.95377999032
3,41560.90601006823
4,10286.07840385411
