reservoir,value
1,27910.44058677881
2,8768.992276763085
3,8322.501369461417
4,7022.871993629873
