reservoir,value
1,40195.67478651836
2,11028.42795777583
3,0.0
4,0.0
