reservoir,value
1,40918.739999999605
2,7789.520782421187
3,36802.1
4,12744.9
