reservoir,value
1,26314.34567859108
2,23983.402027699216
3,3400.559892525095
4,1909.1926292935925
