reservoir,value
1,75473.64388388442
2,19617.2
3,20997.202063437304
4,3715.289127104141
