reservoir,value
1,160421.45306966171
2,15921.760986324907
3,19445.5600135219
4,12744.9
