plant,value
1,42172.69435509209
2,11767.425644907855
3,9900.9
4,7275.600000000001
