reservoir,value
1,25379.65174915593
2,15756.774355092146
3,51806.1
4,12744.9
