reservoir,value
1,25802.0554790956
2,17278.262935898507
3,5981.968543355919
4,5800.675420382809
