reservoir,value
1,118065.96942911576
2,19617.2
3,26125.92976148276
4,12744.9
