reservoir,value
1,59752.497480499995
2,6040.613618680001
3,22180.9988744
4,12844.960767880002
