reservoir,value
1,68857.6119874117
2,8848.42157320704
3,17922.810349837422
4,21608.752901722924
