reservoir,value
1,23443.311987411696
2,0.0
3,0.0
4,10355.696603552306
