reservoir,value
1,45695.5274736
2,7146.20688
3,13171.73752046
4,19592.64661795
