reservoir,value
1,128756.91905359547
2,0.0
3,25862.31882046
4,0.0
