reservoir,value
1,19743.49345793665
2,6842.049282575356
3,4292.531748919984
4,1629.7728717575224
