reservoir,value
1,102218.1919748213
2,13377.749282575356
3,14647.5661037185
4,803.4474792241027
