reservoir,value
1,61380.502485650795
2,6527.084330104218
3,10587.433344072178
4,20956.11881336
