reservoir,value
1,15461.992848970902
2,10923.368112187762
3,2628.883757306527
4,2376.1309000056326
