reservoir,value
1,79011.6729877471
2,0.0
3,709.6923215785882
4,11734.030900005688
