reservoir,value
1,38377.140289279996
2,7298.76061801
3,17171.06591553
4,14019.4574777
