reservoir,value
1,65404.17356005999
2,4683.7525373
3,15843.58981375
4,21272.2046176
