reservoir,value
1,26149.610397279183
2,19415.432867328218
3,3470.9608771572157
4,2122.9558984369046
