reservoir,value
1,148607.26451159499
2,19617.2
3,34532.34096854126
4,11000.95850627748
