from,to,value
1,1,0.0
1,2,5289.500000000001
1,3,0.0
1,4,0.0
1,5,0.0
2,1,0.0
2,2,0.0
2,3,0.0
2,4,0.0
2,5,0.0
3,1,0.0
3,2,0.0
3,3,0.0
3,4,0.0
3,5,0.0
4,1,0.0
4,2,0.0
4,3,0.0
4,4,0.0
4,5,2238.8241252242206
5,1,1917.22412522422
5,2,0.0
5,3,321.60000000000036
5,4,0.0
5,5,0.0
