reservoir,value
1,29449.261092107714
2,14247.680102467328
3,7255.151600911094
4,2827.358331456992
