reservoir,value
1,23080.52525920621
2,2915.9531209268957
3,7752.7492026965065
4,10848.120301462473
