reservoir,value
1,13984.156947336596
2,6264.792631619603
3,2467.3699954561534
4,3218.220301462474
