reservoir,value
1,19316.871036077388
2,29064.02192343949
3,5684.126244273673
4,3322.43328594655
