reservoir,value
1,47855.307347822505
2,6101.409512797077
3,5992.608934718438
4,6808.165388373407
