reservoir,value
1,2441.007347822502
2,0.0
3,0.0
4,477.13179870294425
