reservoir,value
1,128892.74636404001
2,0.0
3,13990.692675970004
4,0.0
