reservoir,value
1,23959.20304005775
2,12630.678447677474
3,8287.033129249296
4,7807.45761014792
