reservoir,value
1,41738.69602755505
2,7783.815698137
3,14824.692644317092
4,17334.53644888234
