reservoir,value
1,141215.49196385205
2,0.0
3,29262.392619327096
4,12744.9
