reservoir,value
1,16999.7810852615
2,7608.308583530426
3,3909.489613170156
4,4289.801828188389
