reservoir,value
1,108733.07631358283
2,0.0
3,18692.313586846056
4,12744.9
