reservoir,value
1,21715.61676848613
2,16263.79465347547
3,3633.9912698833255
4,3941.301365196542
