reservoir,value
1,98776.59549024556
2,3182.29465347547
3,17606.1062887272
4,12286.844626511938
