reservoir,value
1,105103.98404305219
2,0.0
3,12343.697693289972
4,12744.9
