reservoir,value
1,31907.539621304113
2,3857.378857629712
3,5661.450563450295
4,7454.440515712713
