reservoir,value
1,35676.591435099566
2,19684.37028571779
3,3023.9787706402776
4,2036.329742007349
