reservoir,value
1,128808.24888659368
2,19617.2
3,1392.7376640609946
4,1221.4738306147956
