reservoir,value
1,71363.34141806263
2,18895.418993735282
3,0.0
4,0.0
