reservoir,value
1,40120.64777310376
2,6855.329715957428
3,6315.05680008785
4,2845.532150894403
