reservoir,value
1,76276.79150965966
2,0.0
3,2836.7258561282256
4,3178.6554904252052
