reservoir,value
1,2268.925688916006
2,19617.2
3,26548.300000000003
4,0.0
