reservoir,value
1,30752.83505997134
2,5644.77036234786
3,11528.610216971156
4,12623.509371545835
