reservoir,value
1,10415.484914907562
2,10193.590954813953
3,2291.58162696033
4,1299.1565251168709
