reservoir,value
1,27387.909744054097
2,8164.648056871942
3,3314.079206446232
4,4297.8398399895395
