reservoir,value
1,17440.95666599304
2,9563.043889771468
3,2606.517727122329
4,2110.988914971945
