reservoir,value
1,37667.20713084657
2,5100.148530343575
3,3576.866955619228
4,8409.60552570771
