reservoir,value
1,132397.8092238357
2,0.0
3,18846.429707625517
4,12744.9
