reservoir,value
1,111848.94147793806
2,0.0
3,18709.312467077594
4,2272.0415082890167
