reservoir,value
1,40911.71816999823
2,8300.105646274242
3,7407.844947477898
4,5629.741974597273
