reservoir,value
1,50654.67396430493
2,26687.59545182743
3,10901.454057361705
4,5804.392388221936
