reservoir,value
1,102904.89333877951
2,19617.2
3,21862.07330937314
4,0.0
