reservoir,value
1,46985.364489031665
2,12149.709561568958
3,15050.78518380448
4,14335.386689313355
