reservoir,value
1,178222.15443378867
2,0.0
3,51806.1
4,8946.571097592796
