reservoir,value
1,133652.40987879998
2,0.0
3,34356.03959258001
4,6585.6670503243295
