reservoir,value
1,11427.006038985637
2,8242.598200230743
3,2811.596582802195
4,2075.034415196141
