reservoir,value
1,19778.463588994135
2,0.0
3,14300.12297675359
4,4207.956639743043
