reservoir,value
1,81138.64804085859
2,0.0
3,12090.744822238816
4,12744.9
