reservoir,value
1,70714.41314595031
2,2034.40374522178
3,12424.2660973111
4,23853.46753816541
