reservoir,value
1,23049.30528678207
2,15677.738263467912
3,5430.477512987992
4,3056.329591070815
