reservoir,value
1,143992.63954353606
2,19617.2
3,17048.342958606223
4,9223.229591070814
