reservoir,value
1,128209.33464006995
2,2564.43995584116
3,17455.832236825358
4,12744.9
