reservoir,value
1,38651.72895519244
2,19617.2
3,8576.700933155093
4,3956.1683029965125
