reservoir,value
1,30447.65469744068
2,3122.3532922600207
3,8183.270228781665
4,14236.88689500921
