reservoir,value
1,98483.08730394571
2,0.0
3,39052.066558170474
4,12744.9
