reservoir,value
1,21104.668770514232
2,6361.55311737223
3,3857.3613595633315
4,4672.559939499056
