reservoir,value
1,119225.63369751151
2,0.0
3,14469.640387092812
4,10530.516169129265
