reservoir,value
1,12903.358789122027
2,14556.627510230399
3,3668.2650280309927
4,2670.8014204474425
