reservoir,value
1,66811.1456837345
2,12940.50901539365
3,17094.476737382796
4,12173.701420447702
