reservoir,value
1,17113.415276060812
2,9103.021506608136
3,2666.0823929949956
4,1293.600164991536
