reservoir,value
1,0.0
2,5003.1682848695
3,2927.8637893224713
4,1890.6077262443478
