reservoir,value
1,16888.51569580407
2,15766.852637579266
3,3087.542839524452
4,2230.232231106617
