reservoir,value
1,101683.3830695855
2,19617.2
3,9276.26349486712
4,8186.6396196734595
