reservoir,value
1,55818.27254605909
2,3460.592369605008
3,17282.87928357292
4,17531.78889909295
