reservoir,value
1,78080.88119341772
2,7030.714068760852
3,24400.20479786428
4,12744.9
