reservoir,value
1,20584.52543652568
2,7529.838077378274
3,2996.5227330912758
4,2276.6169516436257
