reservoir,value
1,92858.7395247729
2,3011.3493595827554
3,6006.7052541090825
4,5963.628420194471
