reservoir,value
1,53466.312862171355
2,9604.371875241392
3,4962.899597792874
4,4359.3354377926835
