reservoir,value
1,35043.98362739105
2,19617.2
3,9812.741105291909
4,3483.6700322638358
