reservoir,value
1,18256.462367324493
2,9132.152700188195
3,3436.001649445685
4,2864.7060666115567
