reservoir,value
1,81272.96946942505
2,3290.017915728122
3,5659.680298770442
4,164.96022076207282
