reservoir,value
1,45499.44147057544
2,9609.300608660258
3,9148.97632603412
4,10242.340070557904
