reservoir,value
1,149053.17463520364
2,15450.74334936087
3,27211.01771571892
4,2721.927751308647
