reservoir,value
1,110596.68429445001
2,8025.997743599999
3,22722.950038950003
4,23431.9414756
