reservoir,value
1,6297.140958968259
2,0.0
3,0.0
4,15802.041475600001
