reservoir,value
1,199894.63383548177
2,6982.5846715414755
3,39652.92913895001
4,12744.9
