reservoir,value
1,62537.31317526779
2,4834.958298125684
3,16020.07867032085
4,14540.147082471329
