reservoir,value
1,158991.570357427
2,0.0
3,31097.011176398642
4,0.0
