reservoir,value
1,8105.690509723616
2,1831.2651284344265
3,11794.800468281805
4,11232.026581523063
