reservoir,value
1,49764.52825692469
2,8494.951625823833
3,10961.544855364926
4,17974.3323463969
