reservoir,value
1,80127.96390601146
2,7319.951625823836
3,8077.28996415201
4,12744.9
