reservoir,value
1,19607.49267066046
2,6289.835489915181
3,2983.704329100003
4,1876.933565894553
