reservoir,value
1,83794.17695381987
2,0.0
3,7774.473222326866
4,10660.841362893381
