reservoir,value
1,176153.15859849832
2,3811.0519633624735
3,15410.929308522016
4,12744.9
