reservoir,value
1,37709.766647617245
2,10895.683142519967
3,10196.393816304671
4,12281.016140991771
