reservoir,value
1,24605.8131985466
2,0.0
3,13925.744284586477
4,12744.9
