reservoir,value
1,29761.752988356428
2,8268.917209359068
3,2655.8509372810654
4,2447.7397138145643
