reservoir,value
1,78588.58360232355
2,9327.12658099645
3,22554.937947890467
4,20239.753478507446
