reservoir,value
1,80692.40800077745
2,6200.962232586374
3,31777.88652735453
4,12744.9
