reservoir,value
1,20116.582725199423
2,8841.379708825547
3,2848.11874875738
4,2420.7862008210705
