reservoir,value
1,91446.45050061274
2,0.0
3,4418.200349641787
4,7021.400820380995
