reservoir,value
1,51566.888875463446
2,7170.715162566133
3,12389.13291022948
4,9877.820811670952
