reservoir,value
1,173834.44613766283
2,698.0484543258262
3,5160.586975410822
4,3324.0851612857814
