reservoir,value
1,41924.09896019681
2,5186.165441403571
3,11793.677054927557
4,9836.917718772518
