reservoir,value
1,10814.471954583974
2,11084.01860921263
3,3967.4334585473603
4,2326.5963795471084
