reservoir,value
1,41284.418449608995
2,0.0
3,4407.319885284347
4,6184.308483304379
