reservoir,value
1,14139.934602101806
2,7627.199441753595
3,2530.2078997674344
4,1909.5788977523457
