reservoir,value
1,8357.768314554934
2,14162.899441753596
3,14920.321040561366
4,11944.678897752345
