plant,value
1,37160.46328151959
2,12643.969292812562
3,9900.900000000016
4,7593.371999999956
