reservoir,value
1,0.0
2,51499.29796753608
3,18174.697148117008
4,29907.179000000055
