reservoir,value
1,3536.7952651168675
2,16685.818536566185
3,42607.10785385619
4,2931.3269999999993
