reservoir,value
1,80916.81242728527
2,689.6423044085914
3,5425.9004570958705
4,7007.963753769395
