reservoir,value
1,34515.002967666456
2,4766.640907740156
3,5572.239928502732
4,3110.550916448983
