reservoir,value
1,26503.184718327397
2,4408.021626423385
3,7351.488404277042
4,4176.832440469096
