reservoir,value
1,12386.550902198422
2,8856.992236911254
3,2849.2713761036675
4,1537.0508646185613
