reservoir,value
1,61990.91038309088
2,0.0
3,20328.370829725616
4,0.0
