reservoir,value
1,20387.089587256723
2,16028.305412452311
3,3598.5573450569327
4,3787.4555412970735
