reservoir,value
1,75377.20038485635
2,10711.088035220695
3,13703.179393319984
4,12744.9
