reservoir,value
1,114964.43867707235
2,0.0
3,18283.438688988655
4,11741.648886035486
