reservoir,value
1,23297.381800885483
2,11148.982495804386
3,3666.986997487018
4,2959.909117319072
