reservoir,value
1,134375.05601698777
2,0.0
3,32530.354696999653
4,12130.809117319071
