reservoir,value
1,36422.62617999918
2,4894.046470815006
3,14859.164190020467
4,14532.706955879614
