reservoir,value
1,115288.04797916353
2,0.0
3,31984.666430410474
4,12744.9
