reservoir,value
1,14845.524387967762
2,4444.615483754831
3,3519.9003184370904
4,1786.661466826116
