reservoir,value
1,62306.725825559995
2,7079.2548749
3,12878.582046239997
4,18594.216668480003
