reservoir,value
1,137411.2126004597
2,0.0
3,28763.27064624009
4,8995.643657974968
