reservoir,value
1,33477.8693112698
2,3728.377349285515
3,9827.351858125521
4,18258.57671093759
