reservoir,value
1,121039.77341890859
2,0.0
3,28187.823312439974
4,12744.9
