reservoir,value
1,41122.78172040884
2,4951.106977340314
3,12205.57600215527
4,8297.758856539804
