reservoir,value
1,32575.734854791364
2,2826.6103074212083
3,7947.491782786981
4,11943.360161165021
