reservoir,value
1,143039.2442338836
2,0.0
3,26178.73364231592
4,12744.9
