reservoir,value
1,22491.507936698556
2,19317.606496973094
3,7561.740181528456
4,3539.4312904813705
