reservoir,value
1,135479.17076010106
2,17539.77763215729
3,17196.33148518842
4,9314.280023900124
