plant,value
1,40203.764430699666
2,13081.5
3,9900.9
4,6959.455569300335
