reservoir,value
1,67099.40078499063
2,19617.2
3,51806.1
4,11168.544430699665
