reservoir,value
1,29109.68184112719
2,38897.027816440896
3,2977.4568309995348
4,4542.800283252322
