reservoir,value
1,85828.94385030225
2,19617.2
3,5369.893853189317
4,12744.9
