reservoir,value
1,20633.288451243043
2,27596.741586865366
3,5763.7796788969235
4,5022.020592665426
