reservoir,value
1,118397.92898874011
2,19617.2
3,37390.68085505371
4,12744.9
