reservoir,value
1,30214.331633329493
2,8747.422337116064
3,8779.423998935172
4,6344.688577602669
