reservoir,value
1,124880.94402140874
2,0.0
3,18797.540903923436
4,12744.9
