reservoir,value
1,56586.078839803246
2,6875.112888678429
3,6060.453294711391
4,9196.690144502407
