reservoir,value
1,116858.50290924353
2,0.0
3,2763.153294709869
4,1566.7901445024072
