reservoir,value
1,22975.880332937977
2,16524.034008775532
3,3554.8013673654723
4,10550.370337746917
