reservoir,value
1,89287.83750551828
2,3442.534008775532
3,17094.0080885661
4,12744.9
