reservoir,value
1,22300.441077983378
2,6736.808521450411
3,5940.603303134347
4,3561.350960099341
