reservoir,value
1,17438.058212291042
2,10990.027508789906
3,4077.024123084726
4,1774.0235313606734
