reservoir,value
1,15859.931651241694
2,0.0
3,0.0
4,10398.379163157748
