reservoir,value
1,25397.82409057047
2,14706.498760302335
3,10236.107890462332
4,4371.706183617457
