reservoir,value
1,55187.11049849623
2,10083.7634202675
3,10141.749065960561
4,17849.6385845292
