reservoir,value
1,153480.79680925453
2,4355.092589019196
3,25373.679330360566
4,9328.660455449264
