reservoir,value
1,106813.56999999989
2,5023.200000000001
3,51806.1
4,12744.9
