reservoir,value
1,13920.019259028726
2,3792.938025058552
3,3934.365872525374
4,1424.5588620928672
