reservoir,value
1,10763.80230923714
2,19005.68465161516
3,2301.3517584428646
4,1417.8160117728012
