reservoir,value
1,106072.90630000002
2,0.0
3,25734.084000000003
4,0.0
