reservoir,value
1,15008.10457757185
2,9505.966855171475
3,2999.6268992443424
4,1564.8389710397407
