reservoir,value
1,10335.688947259816
2,0.0
3,0.0
4,3867.0225418014616
