reservoir,value
1,34136.14905134133
2,4727.62855054634
3,13897.294169078019
4,5522.70408842005
