reservoir,value
1,65148.82022082516
2,0.0
3,11496.235849103237
4,0.0
