reservoir,value
1,18234.51438825201
2,11500.790312748504
3,3003.5415500641575
4,2491.0512850426803
