reservoir,value
1,85122.5235127066
2,7297.465924125199
3,13415.00629547541
4,11516.95128504268
