reservoir,value
1,30170.874185302688
2,16282.224636540943
3,12553.118055370653
4,9933.728875338
