reservoir,value
1,119239.89001055271
2,3200.724636540943
3,42367.199104950625
4,12744.9
