reservoir,value
1,93855.44338954537
2,14009.142944211542
3,17987.04505111281
4,0.0
