reservoir,value
1,119328.19149988296
2,0.0
3,6890.140837453093
4,12744.9
