reservoir,value
1,19249.746253964102
2,8844.327005798863
3,3362.714140642912
4,3185.7977660968227
