reservoir,value
1,21048.961823057427
2,19270.834398312327
3,4393.764978570982
4,8744.821777380892
