reservoir,value
1,166373.50133261806
2,8209.28695053088
3,6013.440213053465
4,12744.9
