reservoir,value
1,18569.895638406815
2,7790.980129551055
3,3814.7192620928763
4,4487.638903235384
