reservoir,value
1,119417.69636145356
2,0.0
3,5815.12821221296
4,12744.9
