reservoir,value
1,35427.70752695175
2,11204.36437570548
3,12960.480395944578
4,8155.002059223003
