reservoir,value
1,58476.43513907178
2,0.0
3,489.4245715196985
4,1355.368534548361
