reservoir,value
1,69876.79595185728
2,10548.46290186558
3,15990.834602427318
4,11198.168623462163
