reservoir,value
1,161326.91159175176
2,7412.609344355845
3,36157.85605388669
4,6788.7346761674735
