reservoir,value
1,19868.11070676323
2,28594.876395394196
3,2899.568284351434
4,3214.6895800701423
