reservoir,value
1,26435.65479145838
2,21187.155705873618
3,5242.738406668743
4,12488.98982852097
