reservoir,value
1,0.0
2,3910.017886719608
3,0.0
4,1476.3414110064987
