reservoir,value
1,79002.187440318
2,19617.2
3,18438.66942985037
4,12744.9
