reservoir,value
1,43584.87547357463
2,7035.422087445281
3,6339.611734504396
4,10517.11805915117
