reservoir,value
1,95288.99534573339
2,0.0
3,4100.311734504397
4,2887.2180591511697
