reservoir,value
1,128412.42465267133
2,19017.489647291353
3,6200.156525764949
4,12370.71385059087
