reservoir,value
1,30572.518767618632
2,17018.3435490909
3,3696.2869095922
4,2058.996029901337
