reservoir,value
1,69384.8005603827
2,9236.47480933618
3,15593.633340338976
4,0.0
