reservoir,value
1,16035.633714393003
2,4445.185875969246
3,4670.998541269549
4,4244.052070263425
