reservoir,value
1,0.0
2,5008.299999999999
3,20505.199999999997
4,39227.1
