reservoir,value
1,60990.469305400766
2,12909.382042703588
3,13082.096519144461
4,15001.43033861337
