reservoir,value
1,114800.05292464813
2,19617.2
3,11681.982916265817
4,10732.782122919723
