reservoir,value
1,43917.89244216078
2,4355.115044666704
3,8592.702907983936
4,14247.504112563021
