reservoir,value
1,199221.19244216077
2,10364.91697793132
3,50497.90290798393
4,12744.9
