reservoir,value
1,43693.7437296576
2,12866.742866773759
3,21832.041700086767
4,24331.182683448533
