reservoir,value
1,61095.623801336675
2,7972.991168650371
3,11731.553253250571
4,16966.113959223112
