reservoir,value
1,111438.47362697628
2,4440.9017032166175
3,17290.958437815334
4,9336.213959223112
