reservoir,value
1,48866.83997398274
2,3346.6791152182386
3,17641.78654443728
4,6447.396188929922
