reservoir,value
1,98395.99094701915
2,826.6240213246915
3,21064.18310264419
4,0.0
