reservoir,value
1,15200.491529614013
2,7583.914361120898
3,3962.998850065621
4,2442.855177669022
