reservoir,value
1,63179.50638436273
2,0.0
3,37469.53220727935
4,3494.5596507292903
