reservoir,value
1,63614.24999477163
2,7847.283314767397
3,17317.554970013705
4,18378.013280661813
