reservoir,value
1,148988.66123829287
2,6202.869937040732
3,35421.45161410624
4,0.0
