reservoir,value
1,36752.91852432625
2,8332.650603714907
3,9933.772676845643
4,8012.5703546774475
