reservoir,value
1,31682.967983225513
2,9103.272050317306
3,3298.463322905397
4,2102.259426506314
