reservoir,value
1,110415.0673928051
2,0.0
3,25532.141013411692
4,12744.9
