reservoir,value
1,59099.98863238773
2,15535.966900461823
3,12054.79081054938
4,2114.117135102923
