reservoir,value
1,20787.988837459587
2,6314.055016025162
3,7858.945099796009
4,6187.357143936032
