reservoir,value
1,1236.8518741230218
2,4637.60393814214
3,1427.4616667939008
4,1998.9209564767216
