reservoir,value
1,77352.94275364002
2,3438.455421033218
3,19822.94214994547
4,13101.712734649262
