reservoir,value
1,31965.213776885837
2,12484.014437154652
3,4419.2099011487135
4,1950.0161376569442
