reservoir,value
1,136228.23964793462
2,15426.289112519044
3,33811.613460890905
4,5069.246010599565
