reservoir,value
1,43934.50846512822
2,10088.970040717779
3,8371.74378203808
4,7185.567772008592
