reservoir,value
1,199237.8084651261
2,4348.3945606723955
3,15834.456513554309
4,9442.569480077449
