reservoir,value
1,54885.40179391652
2,5459.695302804161
3,14696.873205741627
4,5971.726865484112
