reservoir,value
1,64510.209437086145
2,12402.723055758477
3,15313.017454683242
4,16943.702298133612
