reservoir,value
1,147816.89860219866
2,10403.017893172882
3,10414.399095305147
4,11492.37082911714
