reservoir,value
1,14282.669272974046
2,7816.531593839765
3,3729.39828174539
4,2824.2164466291797
