reservoir,value
1,94648.43548918626
2,0.0
3,10997.803796400793
4,11972.772585174831
