reservoir,value
1,85897.83892508016
2,0.0
3,16971.834092691024
4,7150.737079828217
