reservoir,value
1,116675.71999999975
2,19617.2
3,25828.199999999997
4,0.0
