reservoir,value
1,58828.78389174241
2,3277.560288791808
3,15561.306586529081
4,17723.119608345172
