reservoir,value
1,186274.3355018952
2,0.0
3,51806.1
4,10093.219608338473
