reservoir,value
1,16587.044010049656
2,14033.347145309135
3,3781.275002153252
4,1680.8925083586653
