reservoir,value
1,39809.44293484146
2,19617.2
3,1257.3948201135572
4,1040.4103343076592
