reservoir,value
1,129425.49016370064
2,0.0
3,24842.744162435767
4,11647.933076896976
