reservoir,value
1,12669.250536482163
2,15823.833420522855
3,3917.4765814677694
4,2316.828078161986
