reservoir,value
1,35679.03940181612
2,2742.333420522855
3,34772.75801293877
4,5894.077327726444
