reservoir,value
1,29426.94777582494
2,5419.214256198211
3,10572.482648705742
4,6239.039779353227
