reservoir,value
1,61110.31125360832
2,6377.361072162192
3,27516.99104125038
4,1220.8512130863317
