reservoir,value
1,56792.624782181076
2,0.0
3,17224.73808484999
4,12744.9
