reservoir,value
1,29240.053513588362
2,53028.837135972666
3,2929.5704251613074
4,3434.6779887340376
