reservoir,value
1,144928.2659212028
2,19617.2
3,13502.053786981323
4,12563.577988734038
