reservoir,value
1,13601.975492691956
2,9612.783464859755
3,2527.8244297920714
4,2359.9507734930166
