reservoir,value
1,2378.247123974698
2,0.0
3,0.0
4,1387.7977835666302
