reservoir,value
1,48427.590062664596
2,9027.698396142343
3,11503.206412780932
4,16328.946339841132
