reservoir,value
1,176563.0741756109
2,13217.134815436779
3,25731.63459560107
4,12744.9
