reservoir,value
1,20514.09134166518
2,4667.274696543851
3,7364.793253600586
4,4736.711271749593
