reservoir,value
1,20495.496810355726
2,10827.563815083524
3,4657.4104249611855
4,4077.7813058696993
