reservoir,value
1,138770.14809505708
2,19617.2
3,43482.265020098785
4,12166.37843001964
