reservoir,value
1,101029.7308006528
2,1656.9099688967344
3,25692.6355059655
4,5956.843838178482
