reservoir,value
1,43131.87864116045
2,5312.825425867748
3,13867.295440681348
4,7327.965120271023
