reservoir,value
1,12705.49837668024
2,0.0
3,4011.438384323392
4,3062.354535835865
