reservoir,value
1,49829.194887300946
2,12369.066795161045
3,9646.913334024128
4,9035.614478690883
