reservoir,value
1,71655.36319697824
2,5025.069756817656
3,4131.021290132522
4,2558.810106325108
