reservoir,value
1,102977.6576463111
2,0.0
3,17761.917297463682
4,4485.442328687498
