reservoir,value
1,45755.144419172284
2,19014.72794132071
3,6788.3234484769855
4,4688.905933641898
