reservoir,value
1,46194.15664560585
2,5933.227941320711
3,0.0
4,0.0
