reservoir,value
1,26123.19815564803
2,10119.59628485534
3,3083.0948783498493
4,1831.8054345771468
