reservoir,value
1,127893.73685345087
2,16655.296284855343
3,4174.121951461807
4,5092.528760067497
