reservoir,value
1,55205.64292404287
2,8697.159521718168
3,4985.318569736355
4,11033.105303476445
