reservoir,value
1,115928.21744609809
2,0.0
3,12145.039173769692
4,3403.2053034732844
