reservoir,value
1,196126.4071305353
2,4409.763915817164
3,38592.341703884056
4,5634.119905602396
