reservoir,value
1,151247.43210152097
2,0.0
3,23638.814908800003
4,6307.128448948748
