reservoir,value
1,45264.56313605
2,10026.171252799999
3,13555.81699467
4,15172.0964192
