reservoir,value
1,126791.19868885001
2,0.0
3,27136.75909467
4,5803.907705226037
