reservoir,value
1,34859.516819020006
2,9757.66513185
3,26254.642171809995
4,16314.5584526
