reservoir,value
1,0.0
2,0.0
3,7806.031658608062
4,8684.6584526
