reservoir,value
1,107190.51455087002
2,0.0
3,48511.88981320194
4,12744.9
