reservoir,value
1,53705.63935629514
2,6153.897926795373
3,10240.276056543074
4,4248.215579499696
