reservoir,value
1,103234.72418787536
2,6519.884358184038
3,1077.6146163072517
4,0.0
