reservoir,value
1,27257.107827589985
2,15850.254211426243
3,4040.9552113242667
4,8811.081876353239
