reservoir,value
1,123477.28459429834
2,3409.83894405755
3,26383.310266064305
4,12744.9
