reservoir,value
1,19483.398004829647
2,8017.979991886337
3,5164.596764075407
4,3479.910897157827
