reservoir,value
1,105785.1269300417
2,0.0
3,25719.724164968404
4,12744.9
