reservoir,value
1,113159.34633839942
2,0.0
3,23222.254226637073
4,3124.3483318995422
