reservoir,value
1,93797.9774823579
2,5380.919674340194
3,4200.825104580839
4,5539.038710154563
