reservoir,value
1,9297.218628816805
2,4506.518540106895
3,3838.658886381633
4,2064.372946956029
