reservoir,value
1,0.0
2,0.0
3,14673.861206603038
4,5904.273425962942
