reservoir,value
1,50330.311594490355
2,20969.303150191066
3,6461.846149741641
4,4193.9116682810045
