reservoir,value
1,6942.963193203271
2,19617.2
3,3510.643907589424
4,0.0
