reservoir,value
1,17074.41601142186
2,12647.98606617009
3,2880.6111642694464
4,2173.9256425289186
