reservoir,value
1,22700.879001441033
2,9263.692144227654
3,3651.1703144655917
4,2362.585604143528
