reservoir,value
1,175.48153975296833
2,15799.392144227655
3,831.7208980504765
4,0.0
