reservoir,value
1,25851.01371457665
2,14678.078240992636
3,3567.335947616214
4,6832.515215231312
