reservoir,value
1,28001.70243189658
2,5389.810551278459
3,9548.597678157968
4,10338.01797385625
