reservoir,value
1,98487.26969180958
2,0.0
3,51453.797678157964
4,12744.9
