reservoir,value
1,16761.125034487133
2,11779.737832991192
3,4197.533025581862
4,2497.3437398741835
