reservoir,value
1,12715.403441122295
2,14328.513205079904
3,0.0
4,704.1615195655096
