reservoir,value
1,27389.153014139294
2,5408.919007090611
3,12399.935270195683
4,10241.660058310345
