reservoir,value
1,112858.81392205044
2,0.0
3,45994.355985159265
4,12744.9
