reservoir,value
1,18744.697122619727
2,19702.191808265332
3,2942.2321851854626
4,1758.7519446629171
