reservoir,value
1,64515.32801435597
2,16825.56830856301
3,1969.9166747764111
4,1330.7256137532527
