reservoir,value
1,49733.186958321145
2,2541.4628861588317
3,15042.340675027404
4,5652.106414682081
