reservoir,value
1,123551.78591132202
2,0.0
3,34687.57352679565
4,0.0
