reservoir,value
1,126695.6128980227
2,11861.810535528432
3,1580.3759941448534
4,0.0
