reservoir,value
1,21110.915085945293
2,15563.202335256821
3,2789.265954602625
4,2360.3344940039997
