reservoir,value
1,62750.21546684023
2,9938.471120884391
3,6451.96420017092
4,7862.729367317145
