reservoir,value
1,46781.19087616974
2,11185.530541904927
3,12909.17393857297
4,14175.725466430697
