reservoir,value
1,106987.59927625986
2,326.32840855122413
3,19491.785167662136
4,7180.474195064134
