reservoir,value
1,24945.68222956267
2,3741.4649201120483
3,9903.424957109211
4,10798.87408143785
