reservoir,value
1,79562.52482895699
2,0.0
3,31584.957530494437
4,12744.9
