reservoir,value
1,13430.275607500504
2,9558.973565746586
3,2285.5813456164306
4,2250.7929394698663
