reservoir,value
1,27734.0317609649
2,3128.2676499517393
3,3744.6705247033374
4,6675.2032770931355
