reservoir,value
1,133148.52501535887
2,0.0
3,17611.04555138052
4,12744.9
