reservoir,value
1,83853.55914882856
2,0.0
3,9384.68485787424
4,12744.9
