reservoir,value
1,38270.95721816164
2,4131.240810199917
3,10083.819682147725
4,3943.8395416388803
