reservoir,value
1,6389.737570000456
2,0.0
3,3351.7490385710644
4,0.0
