reservoir,value
1,21120.19894273954
2,13273.85023106758
3,3991.462800361864
4,2244.528383939576
