reservoir,value
1,142926.54235857844
2,2841.6702310723954
3,34452.627198184564
4,4723.220055934514
