reservoir,value
1,25647.123389790566
2,10387.12968011371
3,3560.442982277919
4,3869.943281268761
