reservoir,value
1,84484.42391783593
2,16922.82968011371
3,4679.888736703067
4,12744.9
