reservoir,value
1,37457.43384372443
2,7449.961989638945
3,12366.50496613801
4,13142.510438594101
