reservoir,value
1,129524.41121294085
2,0.0
3,27401.662751670596
4,12744.9
