reservoir,value
1,68337.6959072156
2,8528.848580187569
3,30923.482511500668
4,17410.02183947363
