reservoir,value
1,46691.69354971351
2,0.0
3,14842.36006174472
4,10836.29786697367
