reservoir,value
1,18156.9487793878
2,6418.713934157173
3,3758.13496153878
4,2689.4247379640447
