reservoir,value
1,92442.15786463693
2,0.0
3,21835.643217420005
4,11715.324737964045
