reservoir,value
1,16608.88505802548
2,209.433211109297
3,395.8312290448135
4,3791.4615874606907
