reservoir,value
1,176762.97361173682
2,0.0
3,34623.269701796904
4,9775.573583562214
