reservoir,value
1,55010.147834737676
2,12301.04446523407
3,15922.24299146175
4,9546.03646769031
