reservoir,value
1,45778.77208775801
2,7710.9731983382635
3,11195.375370920381
4,12058.837993446741
