reservoir,value
1,143490.48319678815
2,782.1661706250951
3,24550.14028755659
4,8587.737934192823
