reservoir,value
1,20257.591425207327
2,16682.206858913716
3,1988.0664171357898
4,1724.263292618849
