reservoir,value
1,18347.637672361903
2,19617.2
3,2710.857882459126
4,1214.8980892627662
