reservoir,value
1,21304.953921374334
2,8104.541137028066
3,2815.507170514101
4,1563.0429463405503
