reservoir,value
1,45442.271680001504
2,13731.169381634665
3,127.17956754623577
4,4039.4294904054086
