from,to,value
1,1,0.0
1,2,3483.0047321827187
1,3,600.0
1,4,0.0
1,5,1256.34941374887
2,1,0.0
2,2,0.0
2,3,0.0
2,4,0.0
2,5,0.0
3,1,0.0
3,2,0.0
3,3,0.0
3,4,0.0
3,5,0.0
4,1,0.0
4,2,0.0
4,3,0.0
4,4,0.0
4,5,508.06087096622105
5,1,0.0
5,2,0.0
5,3,1764.410284715091
5,4,0.0
5,5,0.0
