reservoir,value
1,29720.20776293571
2,7916.039956276064
3,9077.410284715086
4,5666.939129033779
