reservoir,value
1,55057.60338313905
2,4881.187581997031
3,14885.025400293616
4,7418.914944254454
