reservoir,value
1,105557.49356204373
2,11666.314722405834
3,7552.044813439338
4,837.5856869546178
