reservoir,value
1,37443.51393395751
2,6421.044642491777
3,15257.13797079814
4,6476.662672146456
