reservoir,value
1,13830.764209237235
2,7587.1868931082145
3,3442.7221728484997
4,2135.658506089507
