reservoir,value
1,22277.640805035186
2,0.0
3,26623.440932854293
4,298.14876899060346
