reservoir,value
1,31758.80290573086
2,7088.687318930314
3,6199.711756891119
4,2171.550410452422
