reservoir,value
1,17409.466323003493
2,13444.028236691094
3,3800.204410443529
4,2186.9010144180443
