reservoir,value
1,57017.51254646756
2,10199.859946691475
3,14495.209016867513
4,11169.886574125883
