reservoir,value
1,30230.7636710718
2,4442.68162555336
3,14490.785809765373
4,16479.81767716565
