reservoir,value
1,121163.54541827517
2,0.0
3,36907.08226820537
4,12744.9
