reservoir,value
1,42855.06244937
2,7959.526008639999
3,18438.99812669
4,14729.750852669998
