reservoir,value
1,12789.84601566327
2,7086.00629777034
3,3843.3941382090165
4,2328.6177126092857
