reservoir,value
1,50382.00125921188
2,0.0
3,33642.31711976308
4,7715.517712609303
