reservoir,value
1,31510.886793608148
2,3768.8029106671947
3,10494.635069341495
4,9296.383375110418
