reservoir,value
1,0.0
2,0.0
3,593.7350693414955
4,1666.483375110418
