reservoir,value
1,33608.06826829872
2,4495.469439473142
3,4446.724721490251
4,5512.92114988646
