reservoir,value
1,74540.8700916312
2,0.0
3,9537.294512211025
4,12744.9
