reservoir,value
1,89786.99136571796
2,0.0
3,35723.36132519161
4,0.0
