reservoir,value
1,12853.853252498777
2,33800.07698371546
3,2802.207260006464
4,1902.4057637737164
