reservoir,value
1,32689.40141024439
2,19617.2
3,24491.98742883197
4,817.396951961679
