reservoir,value
1,186459.19885450922
2,0.0
3,23338.110734853068
4,12744.9
