reservoir,value
1,68751.31911117939
2,10756.593448718137
3,17863.5
4,12744.9
