reservoir,value
1,15331.07281189654
2,7938.73271890853
3,3182.454878701471
4,11291.251006762737
