reservoir,value
1,72104.25477785859
2,8058.04818493912
3,35268.798290426406
4,31019.698962797298
