reservoir,value
1,0.0
2,0.0
3,9890.97850063868
4,23389.7989627973
