reservoir,value
1,115464.95069999761
2,0.0
3,19413.783600000002
4,12744.9
