reservoir,value
1,18377.228177549063
2,3428.2027153102913
3,3608.3375723473587
4,1942.9764056780075
