reservoir,value
1,53562.10622390674
2,0.0
3,16764.9650529709
4,9430.534937349725
