reservoir,value
1,75589.88911771528
2,16135.295285877237
3,7079.46573300157
4,9373.234831668899
