reservoir,value
1,17273.834686558337
2,12009.757669969478
3,3644.162152496391
4,2359.5280904235256
