reservoir,value
1,67916.1252811
2,6431.060962989999
3,27840.59283925
4,22652.724268089998
