reservoir,value
1,60456.56573337187
2,11286.17405086482
3,11363.318436063797
4,6572.009617714615
