reservoir,value
1,98170.2000208158
2,0.0
3,7782.466510408826
4,0.0
