reservoir,value
1,14698.391938407398
2,7794.656799277014
3,3769.443883073733
4,2123.7125789748848
