reservoir,value
1,124828.22912161126
2,14278.013519879056
3,24414.73236272313
4,2691.2160313293516
