reservoir,value
1,45168.03093685435
2,11789.65909653634
3,17057.856943944502
4,15900.15376900372
