reservoir,value
1,155275.27214176347
2,0.0
3,51806.1
4,9268.923183459738
