reservoir,value
1,13976.647687012428
2,12895.619680235934
3,3823.9407558357857
4,2286.914913935937
