reservoir,value
1,28124.225583334784
2,10005.05111398023
3,2392.6433103823174
4,1756.448163843837
