reservoir,value
1,92854.8212279919
2,3738.2381374684937
3,3285.635744005661
4,0.0
