reservoir,value
1,21929.24246152081
2,4205.854075884674
3,2427.096831778408
4,2269.718317271432
