reservoir,value
1,56377.49785490432
2,5330.64392443309
3,15861.794967776645
4,15024.235748467443
