reservoir,value
1,79224.36442313134
2,6529.293344673708
3,10595.50570837364
4,7394.335748467443
