reservoir,value
1,37805.19631564437
2,14583.285895859251
3,7415.767326399168
4,2779.1839013747067
