reservoir,value
1,29832.825600856282
2,13696.627321801265
3,6749.314694207763
4,4479.816303443748
