reservoir,value
1,56562.21201296111
2,2935.086774532074
3,0.0
4,0.0
