reservoir,value
1,0.0
2,13583.141690530178
3,5283.5119212503805
4,0.0
