reservoir,value
1,43109.308668053876
2,13242.469897602095
3,8782.484713111604
4,7319.230881484891
