reservoir,value
1,78735.14304250292
2,6626.870781682507
3,0.0
4,0.0
