reservoir,value
1,14759.643796854127
2,15412.246405780694
3,2551.373056170241
4,2308.705491840331
