reservoir,value
1,38585.034861762615
2,13916.089765687211
3,6490.349266651694
4,7168.679126233976
