reservoir,value
1,110910.8128293484
2,10786.523741093606
3,48938.597817046786
4,12744.9
