reservoir,value
1,14523.601463616465
2,12901.835341989168
3,3082.6399057598624
4,2184.786734218974
