reservoir,value
1,70705.69899118163
2,0.0
3,10763.393019738656
4,3056.280796503236
