reservoir,value
1,89186.705631719
2,1846.401949346484
3,18765.915559111985
4,5121.139244433785
