reservoir,value
1,20448.830338227803
2,28558.53051138047
3,3454.3633968014638
4,2382.030318790388
