reservoir,value
1,182921.41967945202
2,9008.17935174578
3,43220.143612206455
4,12744.9
