reservoir,value
1,34953.15010234228
2,6370.37115615974
3,6881.150163819702
4,13619.490077012435
