reservoir,value
1,86657.97449082088
2,0.0
3,34023.66848444688
4,12532.63117073408
