reservoir,value
1,44550.33742663088
2,8218.129390368438
3,9970.745237795312
4,4931.621421815682
