reservoir,value
1,116337.58067786662
2,15476.210056540145
3,3168.066659611326
4,0.0
