reservoir,value
1,19676.95800583769
2,4692.18204234855
3,4948.476617812372
4,2609.91522159429
