reservoir,value
1,74740.72839995608
2,3717.042058236657
3,21134.729114907146
4,0.0
