reservoir,value
1,51299.9154921587
2,8684.848538031554
3,13987.91264167552
4,13409.154658879463
