reservoir,value
1,143638.88433345023
2,0.0
3,22678.498484875527
4,12744.9
