from,to,value
1,1,0.0
1,2,0.0
1,3,600.0
1,4,0.0
1,5,169.85860236878165
2,1,904.6458695825364
2,2,0.0
2,3,0.0
2,4,0.0
2,5,0.0
3,1,0.0
3,2,0.0
3,3,0.0
3,4,0.0
3,5,0.0
4,1,0.0
4,2,0.0
4,3,0.0
4,4,0.0
4,5,0.0
5,1,0.0
5,2,0.0
5,3,50.60000000000919
5,4,119.2586023689285
5,5,0.0
