reservoir,value
1,12647.434135026911
2,7628.79413041764
3,4244.234727961563
4,2251.840517073236
