reservoir,value
1,47991.65727705721
2,0.0
3,6298.08829914889
4,1396.4901753642614
