reservoir,value
1,48464.30900257612
2,3041.2557446405444
3,10008.7668868728
4,13890.29580763325
