reservoir,value
1,157468.69291177666
2,0.0
3,22591.161246672797
4,9743.454916509601
