reservoir,value
1,28253.134653928922
2,10445.75511100211
3,3569.6508622752726
4,2548.963218648786
