reservoir,value
1,19582.10192676008
2,31287.408625592994
3,2602.6556178650485
4,2164.7049853228814
