reservoir,value
1,62376.64428276087
2,8277.026159059744
3,12560.107348090276
4,6411.02240517449
