reservoir,value
1,21793.599893458217
2,14922.99072030454
3,2495.2565634600282
4,1906.1096656833154
