reservoir,value
1,55748.52841700896
2,12829.57183403247
3,3623.78698977667
4,4859.964138449759
