reservoir,value
1,83130.6257690766
2,1198.6437498606863
3,22917.996490432044
4,11938.306317553022
