reservoir,value
1,22911.935663279415
2,14021.675784424711
3,4263.57633646712
4,1818.0440930933437
