reservoir,value
1,61290.01103011534
2,940.1757844247113
3,28511.587877912607
4,7110.75851057141
