reservoir,value
1,43199.13629969973
2,23721.757178528023
3,3723.668282076599
4,2430.8562806101504
