reservoir,value
1,71890.69501300933
2,5038.484452319245
3,8717.258159895962
4,14524.887460821468
