reservoir,value
1,34367.17434527216
2,3166.451510348178
3,14111.28952164013
4,16764.395176601945
