reservoir,value
1,147944.44470269876
2,300.0115103495723
3,35307.40069803877
4,9134.495176601527
