reservoir,value
1,22986.63376442858
2,18201.218183231784
3,3107.210067817332
4,1816.2809851057432
