reservoir,value
1,31162.26728706513
2,4647.073722680108
3,10631.519571642788
4,8620.402496771996
