reservoir,value
1,4683.662314666224
2,18512.33759643224
3,44035.979971518886
4,990.5024967719964
