reservoir,value
1,106634.0752855539
2,5424.5734885667525
3,39052.37911743255
4,23068.872248330095
