reservoir,value
1,165188.84984478948
2,9942.531917976687
3,48159.34502245639
4,12744.9
