reservoir,value
1,48826.06214817614
2,0.0
3,11425.41522609733
4,11246.680595261074
