reservoir,value
1,20832.887327336084
2,6361.675768192444
3,3254.47571756135
4,1533.2761535073666
