reservoir,value
1,151238.04859561266
2,0.0
3,46565.47991384532
4,12361.913660997598
