reservoir,value
1,24573.3086927234
2,11685.185840663156
3,2560.1354664433225
4,5991.992379164411
