reservoir,value
1,36945.986363953474
2,5545.503965470702
3,7968.5595971008415
4,14173.901521319933
