reservoir,value
1,53670.87858384
2,8504.54140455
3,10139.85690425
4,12087.15348425
