reservoir,value
1,128563.19768839
2,0.0
3,17414.045604250005
4,6776.998492000733
