reservoir,value
1,19007.650474419737
2,3842.1142961181004
3,6824.987317181269
4,10165.538077424651
