reservoir,value
1,68061.86298643393
2,0.0
3,20707.027249579638
4,12587.473743960443
