reservoir,value
1,0.0
2,0.0
3,7238.878096820955
4,907.947867843046
