reservoir,value
1,94099.30112451472
2,322.5872566696489
3,16346.74943567996
4,12738.785974754654
