reservoir,value
1,17342.743091238663
2,6394.393425777543
3,2368.0761519464395
4,1770.5883360200903
