reservoir,value
1,67870.0676768712
2,0.0
3,2778.997529641286
4,3967.2725761201655
