reservoir,value
1,44195.39298683505
2,8008.680374311624
3,4922.254944785272
4,16802.591656652152
