reservoir,value
1,105017.39965607408
2,0.0
3,6611.132137392937
4,12744.9
