reservoir,value
1,39338.7845217592
2,3964.1403413203416
3,8607.9638271684
4,13118.710816184546
