reservoir,value
1,132369.10916082945
2,0.0
3,15666.874601168405
4,12744.9
