reservoir,value
1,15510.256213686724
2,2917.34062308719
3,3754.4906466408856
4,1807.97740943517
