from,to,value
1,1,0.0
1,2,0.0
1,3,226.0722327678698
1,4,0.0
1,5,0.0
2,1,2128.639290535898
2,2,0.0
2,3,0.0
2,4,0.0
2,5,0.0
3,1,0.0
3,2,0.0
3,3,0.0
3,4,0.0
3,5,0.0
4,1,0.0
4,2,0.0
4,3,0.0
4,4,0.0
4,5,2044.5277672321354
5,1,0.0
5,2,0.0
5,3,2044.5277672321354
5,4,0.0
5,5,0.0
