reservoir,value
1,24325.53483032642
2,1741.9906850010502
3,7108.400162643102
4,3511.099869653357
