reservoir,value
1,20831.092106499957
2,10336.07492529479
3,3203.0288722965834
4,2099.6855373975345
