reservoir,value
1,13801.141325205193
2,6417.45210861478
3,5908.756946114427
4,1842.6215699425652
