reservoir,value
1,29039.09272436905
2,9549.664726285262
3,8036.415103812595
4,13090.77442537817
