reservoir,value
1,102513.75273010336
2,0.0
3,16187.696689028464
4,12744.9
