reservoir,value
1,48928.05554582132
2,4061.6789340398404
3,16928.104773942592
4,20664.060726404863
