reservoir,value
1,155272.99007811106
2,0.0
3,51161.0719024226
4,12744.9
