reservoir,value
1,80833.40372420271
2,0.0
3,40.5840352066486
4,5613.797856438408
