reservoir,value
1,104517.62497149671
2,9474.000014470323
3,19656.409922281797
4,12744.9
