reservoir,value
1,38046.622057493805
2,11231.913259692561
3,18255.795509975756
4,15456.651359633192
