reservoir,value
1,24626.682503916847
2,0.0
3,22424.84282038588
4,9417.566134578998
