reservoir,value
1,38054.24116589748
2,25841.20584133886
3,4001.3765997208984
4,5738.724792463941
