reservoir,value
1,55285.27335945117
2,10473.09786385595
3,10259.962124453963
4,8537.622173677906
