reservoir,value
1,99485.42089352112
2,2889.3301236027783
3,8708.36525357208
4,907.7221736779065
