reservoir,value
1,22530.639864155757
2,9057.349531983124
3,1307.770242651145
4,0.0
