reservoir,value
1,22992.960756987173
2,16022.990318815035
3,7267.829833527918
4,3748.127567583167
