reservoir,value
1,45016.27764056131
2,7804.47270950737
3,12420.451438930611
4,16786.536703623275
