reservoir,value
1,87453.84725261068
2,8886.2254143509
3,7040.908847792134
4,11694.653943716561
