reservoir,value
1,65021.63013721867
2,6589.799419841157
3,14549.664646461508
4,13667.413170231352
