reservoir,value
1,108664.3127541507
2,9200.981786528286
3,14464.192540787795
4,6037.513170231352
