reservoir,value
1,29548.725773274127
2,3861.147659880221
3,16159.584131062948
4,16879.127492996442
