reservoir,value
1,23728.406526188755
2,3293.230748982179
3,3992.103481385124
4,5935.63806516482
