reservoir,value
1,144969.3297905606
2,778.3822830782792
3,51806.1
4,12744.9
