reservoir,value
1,24884.951118255423
2,6959.033635910342
3,7110.63009279692
4,8591.92152360627
