reservoir,value
1,59908.295731179474
2,18687.233460586038
3,25387.771333381857
4,6637.670027124061
