reservoir,value
1,31073.385786661158
2,18220.1265977823
3,5461.314458495288
4,9960.67765421402
