reservoir,value
1,0.0
2,5138.626597782299
3,0.0
4,1645.5803670561309
