reservoir,value
1,117165.44015519749
2,19617.2
3,10319.28612451685
4,12744.9
