reservoir,value
1,46199.222200000004
2,7209.2451
3,10652.916
4,10785.065299999998
