reservoir,value
1,32941.01932178695
2,34053.51206585741
3,6488.355333106972
4,3298.822406409509
