reservoir,value
1,77428.88430042684
2,19617.2
3,668.7361232048452
4,942.6751946268996
