reservoir,value
1,51835.118092989
2,4959.142617125991
3,0.0
4,0.0
