reservoir,value
1,36776.93126703588
2,5545.409658883428
3,11777.012703492317
4,9266.810945426487
