reservoir,value
1,0.0
2,0.0
3,1876.1127034923175
4,1636.9109454264872
