reservoir,value
1,27438.50030621277
2,15140.9959641614
3,4050.5119559996974
4,3886.786401410249
