reservoir,value
1,105027.89803678525
2,5922.730062725458
3,34640.656382087654
4,12744.9
