reservoir,value
1,18691.6149794514
2,8210.545870814636
3,4144.813799951672
4,2743.686521962861
