reservoir,value
1,34898.96050980634
2,24609.280762884453
3,4649.783126045098
4,2667.631384989551
