reservoir,value
1,81811.18507500767
2,11655.333252961289
3,29136.798195772586
4,1791.4060974367421
