reservoir,value
1,34381.5836071406
2,17385.19047872544
3,3847.5649010650477
4,5278.042950859949
