reservoir,value
1,91713.54591733949
2,4303.690478725439
3,28790.187256752233
4,12744.9
