reservoir,value
1,29607.293577688102
2,6781.722148677974
3,4580.0130167505085
4,4137.493917794334
