reservoir,value
1,133242.3146557722
2,0.0
3,17320.608833667968
4,10304.393917794341
