reservoir,value
1,24887.392272656103
2,8290.633220209793
3,2425.4661207471872
4,3224.4518095655994
