reservoir,value
1,61665.12301169051
2,4456.061281679476
3,11451.604937259068
4,8075.950265414089
