reservoir,value
1,88895.04673042687
2,8142.275083298981
3,6816.30053611488
4,446.05026541408915
