reservoir,value
1,14579.34377912997
2,6683.418273520347
3,3262.807626048631
4,2216.24279039984
