reservoir,value
1,0.0
2,29149.239999999998
3,18369.200000000004
4,24795.5
