reservoir,value
1,57213.456321376245
2,15765.175438086144
3,7553.92962786572
4,13013.637917000773
