reservoir,value
1,108274.54791390644
2,19366.92962343694
3,3246.62962786572
4,1869.8700766164018
