reservoir,value
1,36508.04034061221
2,1583.1958681508274
3,6664.86217638347
4,12462.958944636204
