reservoir,value
1,147681.84604882187
2,0.0
3,19028.422466678665
4,12744.9
