reservoir,value
1,38962.03990302338
2,15031.393222691519
3,0.0
4,0.0
