reservoir,value
1,22884.100369731394
2,24410.545853432217
3,4621.637931208728
4,3179.5318043283696
