reservoir,value
1,148932.40986437045
2,14565.518601338867
3,34074.38547547803
4,12350.43180432837
