reservoir,value
1,66787.30980305867
2,10025.686337250552
3,21137.712834752325
4,13279.334516446022
