reservoir,value
1,4513.494691043183
2,34.399895489408664
3,0.0
4,0.0
