reservoir,value
1,0.0
2,0.0
3,9434.777131683923
4,15198.980025471954
