reservoir,value
1,37843.265654667215
2,14046.514771933344
3,2508.005751701287
4,1427.6366845250884
