reservoir,value
1,54705.045716903114
2,9913.188847339763
3,13995.207223856283
4,36377.01843269362
