reservoir,value
1,80087.6008566298
2,13210.401927266794
3,26574.615391301704
4,12744.9
