reservoir,value
1,112999.15660000002
2,0.0
3,22368.219900000004
4,291.188768826622
