reservoir,value
1,23930.422676209968
2,12205.9567114434
3,3726.4577963943048
4,3269.610179433309
