reservoir,value
1,164122.71572472833
2,19430.576711443435
3,23827.63571833002
4,7726.811174813924
