reservoir,value
1,84540.86153209729
2,0.0
3,23889.281998348604
4,12744.9
