reservoir,value
1,41381.97358211851
2,0.0
3,1826.487860467016
4,6619.245952747246
