reservoir,value
1,136179.03489300085
2,0.0
3,8356.18224626339
4,10241.55490790161
