reservoir,value
1,18291.57300267441
2,10880.855548644755
3,3597.899739484323
4,2263.4897618141576
