reservoir,value
1,59298.01034979533
2,7844.3977383388665
3,6679.9024652238095
4,1392.1579324275422
