reservoir,value
1,176851.21834127416
2,7456.570072281464
3,13994.77164981361
4,12744.9
