reservoir,value
1,28674.54567830974
2,3379.72827609687
3,10490.685346060342
4,8892.489243894828
