reservoir,value
1,13501.398704263032
2,7382.841723986467
3,3641.288054189512
4,2167.2827914711725
