reservoir,value
1,70859.16922873846
2,1370.809557385167
3,1972.1141331023543
4,2917.5721988554633
