reservoir,value
1,31565.755504028857
2,35154.77512474628
3,3769.467350537121
4,3749.158808054367
