reservoir,value
1,158535.10685022338
2,19617.2
3,22867.50127764665
4,12744.9
