plant,value
1,38142.20340456133
2,13022.617799999993
3,9900.900000000016
4,7603.791000000014
