reservoir,value
1,86616.35908583085
2,14680.74599999998
3,47809.14600000001
4,7264.593000000007
