reservoir,value
1,19907.327181955814
2,12066.843627645401
3,4651.537371897891
4,1749.6379886661389
