reservoir,value
1,29540.97590244269
2,24238.83912898513
3,3812.588838394201
4,4984.804430649493
