reservoir,value
1,112280.74465524926
2,15868.44264086518
3,14168.21408651131
4,9636.587440686351
