reservoir,value
1,41188.96640864
2,10211.96095016
3,12520.11736596
4,26536.93400574
