reservoir,value
1,127508.04205880736
2,0.0
3,28175.009465960007
4,0.0
