reservoir,value
1,105965.58552334862
2,0.0
3,31664.703416218403
4,1675.9302281070413
