reservoir,value
1,61219.26217037154
2,0.0
3,21070.70744921409
4,5178.623409232147
