reservoir,value
1,13262.40860543703
2,13040.150883963917
3,2845.984505053185
4,1446.5798172643488
