reservoir,value
1,71353.73173141692
2,19617.2
3,7015.436498882356
4,12744.9
