reservoir,value
1,21275.112067430076
2,4478.124421976373
3,4260.341129637605
4,4705.69036234146
