reservoir,value
1,88078.2992096996
2,0.0
3,14372.902670284111
4,12744.9
