reservoir,value
1,13778.958053300355
2,8036.281754733072
3,2479.3124915715384
4,1494.5848319723884
