reservoir,value
1,18397.112377180143
2,8968.839802435628
3,3187.44953664676
4,2154.4994250255013
