reservoir,value
1,62206.46751459681
2,16724.15123149571
3,8134.027976775651
4,11039.255850160796
