reservoir,value
1,20157.506020787463
2,5643.592889423566
3,4929.810157868476
4,6634.593147448898
