reservoir,value
1,92891.52845501572
2,27114.108507711157
3,17415.642509105965
4,17575.24493234633
