reservoir,value
1,0.0
2,2261.6138456416193
3,0.0
4,10389.599465991674
