reservoir,value
1,186649.33532056562
2,19617.2
3,26038.071807394655
4,0.0
