reservoir,value
1,27653.9069400985
2,4149.040008095523
3,10167.152065962278
4,10783.8726291225
