reservoir,value
1,68963.62684613711
2,0.0
3,27784.11648127989
4,12744.9
