reservoir,value
1,143779.42962034256
2,0.0
3,9937.628963245235
4,12744.9
