reservoir,value
1,13590.856569541429
2,12578.712884133696
3,3268.2580060691453
4,2095.9774229155055
