reservoir,value
1,0.0
2,0.0
3,1175.5708521988017
4,8603.401580282394
