reservoir,value
1,113840.40789361697
2,0.0
3,12759.713962581945
4,12744.9
