reservoir,value
1,46451.86829061504
2,3118.69753650196
3,11934.869401431199
4,12853.70360873088
