reservoir,value
1,138866.24190703698
2,0.0
3,32973.457510071195
4,12744.9
