reservoir,value
1,16753.07891439021
2,8623.395654733282
3,3295.054861565448
4,1803.583207954004
