reservoir,value
1,70856.7930303752
2,13817.823029117084
3,4478.9214497061075
4,6847.600870026263
