reservoir,value
1,42634.30740404421
2,15410.361967098488
3,8705.666690951759
4,4720.535030857074
