reservoir,value
1,24182.050702791516
2,8736.142706638188
3,5578.044469595228
4,3716.2939398968765
