reservoir,value
1,180254.1157097589
2,0.0
3,46053.20767182223
4,8831.29393989106
