reservoir,value
1,153724.66396615267
2,4185.617779563647
3,50153.22712410601
4,11438.611804549224
