reservoir,value
1,90460.61427756376
2,0.0
3,14015.038053307619
4,12744.9
