reservoir,value
1,19061.189507445382
2,9912.822663275194
3,7825.617191545741
4,2948.7180888200214
