reservoir,value
1,17445.243752645172
2,23329.922435134282
3,3128.098187376391
4,2596.668714983352
