reservoir,value
1,7459.465039768038
2,10248.422435134045
3,0.0
4,0.0
