reservoir,value
1,15952.256931576529
2,11320.684496776907
3,3086.6971390505823
4,2237.5540715161524
