reservoir,value
1,78515.86053959517
2,0.0
3,18408.948851101468
4,11595.45407151557
