reservoir,value
1,21183.366571444574
2,7941.253649310513
3,2620.4853823724798
4,2832.717141814367
