reservoir,value
1,141739.7574689277
2,16341.883649310514
3,19550.276164557785
4,5807.610539310121
