reservoir,value
1,5390.230066736491
2,14544.239999999998
3,51806.1
4,12744.9
