reservoir,value
1,25173.596096164503
2,9547.37780330596
3,5931.473647626644
4,2312.326929591319
