reservoir,value
1,35860.63075676996
2,18894.81780330596
3,12163.575007884412
4,1357.9591759181124
