reservoir,value
1,38938.258217181625
2,9648.610398163117
3,12737.234540247604
4,3418.5667115361407
