reservoir,value
1,15155.694692289366
2,1329.885074285781
3,38204.799395641705
4,0.0
