reservoir,value
1,15977.922647209314
2,6261.926851774604
3,3734.8167620862823
4,1433.6187960761108
