reservoir,value
1,24343.889904687167
2,6980.916164193943
3,4314.36092108465
4,4300.766657345112
