reservoir,value
1,139793.3193444684
2,0.0
3,11312.63544002821
4,12744.9
