from,to,value
1,1,0.0
1,2,0.0
1,3,321.60000000000036
1,4,0.0
1,5,757.6165654787446
2,1,4337.092861540022
2,2,0.0
2,3,0.0
2,4,0.0
2,5,0.0
3,1,0.0
3,2,0.0
3,3,0.0
3,4,0.0
3,5,0.0
4,1,0.0
4,2,0.0
4,3,0.0
4,4,0.0
4,5,0.0
5,1,0.0
5,2,0.0
5,3,0.0
5,4,757.6165654787621
5,5,0.0
