reservoir,value
1,26336.486124241084
2,4411.093869704431
3,6288.782872050521
4,4551.820104358103
