reservoir,value
1,0.0
2,971.1867312444597
3,3324.687183649189
4,0.0
