reservoir,value
1,16636.785772126088
2,11665.296728509988
3,3268.8301760398163
4,2549.356647881298
