reservoir,value
1,86710.0527318157
2,6609.8645171551125
3,6476.849337769257
4,465.0180566797935
