reservoir,value
1,118334.28747458817
2,6143.294938603334
3,50747.9880511298
4,12744.9
