reservoir,value
1,54250.9034624748
2,4655.711715406442
3,9135.942055460373
4,3973.244313062211
