reservoir,value
1,65689.5564006553
2,2883.6736120037604
3,0.0
4,0.0
