reservoir,value
1,42851.25174651701
2,2629.0440446101597
3,7776.007839207063
4,10231.7969438834
