reservoir,value
1,41570.784239803994
2,9463.657638689525
3,12956.97363517639
4,10307.162360739523
