reservoir,value
1,2990.6208232571007
2,0.0
3,3056.07363517639
4,3606.162360739523
