reservoir,value
1,70411.41676509425
2,7585.247276387042
3,8545.155143207756
4,10941.989643125107
