reservoir,value
1,123167.31678591005
2,0.0
3,11234.020205911173
4,3312.0896431251076
