reservoir,value
1,30745.706022221206
2,6612.270127590021
3,5576.894323712622
4,7556.250613943217
