reservoir,value
1,44839.26057869201
2,5689.7634676563275
3,10761.098993434947
4,14745.823262851813
