reservoir,value
1,18782.04178250295
2,51472.12882934694
3,2673.4158824662118
4,1730.0483167755078
