reservoir,value
1,38433.26854938464
2,19617.2
3,6946.357684240958
4,9087.918088018754
