reservoir,value
1,105777.62189150242
2,6687.411044613487
3,28326.96489997874
4,2357.9619919633446
