reservoir,value
1,86668.42608101472
2,0.0
3,15747.359864530325
4,8110.998555035436
