reservoir,value
1,19464.01138213185
2,10456.38945025508
3,2556.001336519828
4,2243.9129793948973
