reservoir,value
1,47289.66866262682
2,6265.4052722910965
3,22717.129751333305
4,16616.383926355516
