reservoir,value
1,17569.54499352966
2,19069.163240258185
3,2950.162592731606
4,1577.220043724383
