reservoir,value
1,68936.98369706402
2,17780.681769073883
3,18984.845832336432
4,8932.970405451873
