reservoir,value
1,0.0
2,0.0
3,5324.304529241404
4,16352.999999999996
