reservoir,value
1,38537.045593354655
2,9112.73203713586
3,12534.82091584209
4,16491.150690362145
