reservoir,value
1,124208.03907317063
2,0.0
3,30613.805064891923
4,12744.9
