reservoir,value
1,71135.81137140683
2,12524.820128924057
3,3401.111770860214
4,0.0
