reservoir,value
1,66765.29898054324
2,6326.389611535964
3,20503.697741132724
4,14869.376159952688
