reservoir,value
1,28396.25848682889
2,15030.251668711811
3,3160.602328687189
4,1714.7832014100354
