reservoir,value
1,45510.732809830006
2,12313.9603447
3,8091.4679627099995
4,18728.8323246
