reservoir,value
1,48251.58528169688
2,6319.637725341021
3,10289.46815789059
4,11364.32658648955
