reservoir,value
1,14101.618760040546
2,0.0
3,2661.1475469110446
4,5966.378332014832
