reservoir,value
1,66266.47592384528
2,17356.33559634567
3,63.63122512733661
4,5096.720706145667
