reservoir,value
1,46522.320584724905
2,2573.0035523211927
3,14089.571672599064
4,9451.93866869252
