reservoir,value
1,48308.23851857048
2,0.0
3,4807.011859348873
4,3500.0206278506057
