reservoir,value
1,22288.028720085007
2,15805.052667619097
3,4204.03377320346
4,2958.453153396341
