reservoir,value
1,159144.5880143646
2,12740.47251113211
3,27060.85702739419
4,9463.965324592016
