reservoir,value
1,17388.420991613508
2,12833.500063428397
3,4844.44174051178
4,2994.8362874690724
