reservoir,value
1,44534.48803650376
2,3078.871152505051
3,4576.7659755369
4,1204.6420649019146
