reservoir,value
1,28345.57710873644
2,10406.536842524209
3,5405.690605896127
4,12171.072541512536
