reservoir,value
1,104265.27825900076
2,10235.225029274608
3,21692.077028206528
4,12744.9
