reservoir,value
1,0.0
2,8706.699999632137
3,31176.000001025386
4,12744.9
