reservoir,value
1,23255.277927448646
2,11451.445253691745
3,4204.9313001223345
4,1884.0073556745092
