reservoir,value
1,64053.45454108987
2,0.0
3,8027.273999881472
4,4713.910378709623
