reservoir,value
1,34602.3524129356
2,5694.876484330223
3,10535.387585437626
4,6458.060491931156
