reservoir,value
1,17129.42804778758
2,504.92164347616017
3,4642.809929964622
4,1066.1249002512932
