reservoir,value
1,35251.14548791104
2,2807.233019704632
3,12829.709747239289
4,13923.898399690865
