reservoir,value
1,17269.94394375556
2,3623.58350431317
3,3672.8914327538023
4,1980.3299183080715
