reservoir,value
1,55766.80560664184
2,0.0
3,16360.9202899845
4,10190.306057599679
