reservoir,value
1,59111.9941153973
2,4933.675017411164
3,10346.548735558104
4,15821.55388583989
