reservoir,value
1,177570.3183584299
2,7355.379067788273
3,17788.586472420342
4,12744.9
