reservoir,value
1,48261.95471283203
2,8919.594240963954
3,0.0
4,578.6791671034989
