reservoir,value
1,36973.33031728487
2,3576.0579514078227
3,17347.909202815248
4,22389.490506577655
