reservoir,value
1,140050.18559084268
2,0.0
3,35325.412038735245
4,12744.9
