reservoir,value
1,166447.11227257995
2,775.4988631838387
3,16320.52448925653
4,12744.9
