reservoir,value
1,47140.56847940879
2,19617.2
3,10418.131430119984
4,8018.849682171374
