reservoir,value
1,37217.60166001187
2,8415.978088498843
3,11589.535649136473
4,7148.025928760382
