reservoir,value
1,99063.59584554087
2,2154.350079310504
3,10152.234566066047
4,0.0
