reservoir,value
1,25878.024569283796
2,4486.817873382466
3,3705.865219587634
4,4974.54183020931
