reservoir,value
1,115152.98646410706
2,15.14634073598332
3,20544.929689271965
4,11241.081492295736
