reservoir,value
1,0.0
2,11193.489600531244
3,5783.80841918389
4,0.0
