reservoir,value
1,28771.98449378585
2,10696.11801946029
3,3976.364216219828
4,2242.448337956048
