reservoir,value
1,20879.773084452776
2,5636.549503623919
3,4394.054239794098
4,3509.779241841561
