reservoir,value
1,80053.58878193024
2,0.0
3,41872.07908982314
4,12680.67924184156
