reservoir,value
1,42053.11695338476
2,6196.160035294516
3,7470.707493635158
4,15650.783314266147
