reservoir,value
1,114068.4228164822
2,0.0
3,6570.5603056419595
4,10614.486122073928
