reservoir,value
1,15322.718309884904
2,8144.46884921423
3,4159.377268401363
4,2652.094978007837
