reservoir,value
1,120950.16796799321
2,0.0
3,12933.537983198818
4,8131.564376202998
