reservoir,value
1,37612.552734435
2,9969.355852914487
3,6429.546547939952
4,3905.000570898713
