reservoir,value
1,115452.10597310372
2,649.3004268962584
3,23864.6336
4,12744.9
