reservoir,value
1,82562.78120538527
2,14866.43440312113
3,7250.048782357293
4,1632.3108333278196
