reservoir,value
1,38608.960479
2,10491.671132799998
3,10448.74388254
4,15097.83013745
