reservoir,value
1,117281.70161179983
2,0.0
3,19875.127582540004
4,2913.486762805161
