reservoir,value
1,76975.10620690227
2,481.2476271593281
3,2135.3687125479973
4,6776.191837889439
