reservoir,value
1,45435.84347930472
2,2656.1087366102483
3,7947.6619131227035
4,15583.6647032832
