reservoir,value
1,146673.47249898495
2,0.0
3,17272.87479491271
4,12744.9
