reservoir,value
1,64772.76894135078
2,6131.631923665145
3,5606.753387464543
4,0.0
