reservoir,value
1,40193.84859354783
2,8756.364931727578
3,11340.489881889924
4,8791.864949815998
