reservoir,value
1,84238.5400760097
2,0.0
3,14612.076242671455
4,5253.3477989537305
