reservoir,value
1,98954.38061478006
2,522.3851579664561
3,14705.50773069832
4,4019.881201720056
