reservoir,value
1,0.0
2,2440.1416087029284
3,0.0
4,10438.433698045552
