reservoir,value
1,34031.86050185514
2,4769.088947483617
3,15957.222635385126
4,16182.644432854955
