reservoir,value
1,142339.70232673502
2,0.0
3,46364.21125663513
4,12744.9
