reservoir,value
1,75209.27000235686
2,7463.349413469144
3,27787.553125128154
4,18569.013883419957
