reservoir,value
1,44413.6090992
2,5432.728068300001
3,9852.94100102
4,14599.243122349999
