reservoir,value
1,37903.0861454176
2,9372.558510315712
3,11028.038998198703
4,22737.376491874642
