reservoir,value
1,165830.5962536985
2,0.0
3,34225.32853078999
4,12744.9
