reservoir,value
1,87106.45876942069
2,9908.007565463111
3,8937.188555715986
4,17234.404657172694
