reservoir,value
1,131116.4468123958
2,10416.405043232846
3,8095.636828861699
4,12744.9
