reservoir,value
1,41817.45761272166
2,5282.550977056917
3,6950.609201105241
4,18190.14888083916
