reservoir,value
1,102056.78828381859
2,0.0
3,11510.259146168952
4,12744.9
