reservoir,value
1,24454.431598187028
2,10910.44352155862
3,4461.848867875943
4,1642.775084917334
