reservoir,value
1,35633.59272384
2,5276.113587469999
3,12393.973622610001
4,15171.029724799999
