reservoir,value
1,20590.280982399898
2,7723.200000000001
3,51806.1
4,12744.9
