reservoir,value
1,89585.50393423974
2,18001.10165326688
3,0.0
4,0.0
