reservoir,value
1,13296.401211195596
2,6835.63183080907
3,2766.286431751211
4,3196.2999280968493
