reservoir,value
1,79803.61312529702
2,2584.692855725898
3,8599.34859061315
4,12699.199928096848
