reservoir,value
1,180884.60057721497
2,1412.5486131327516
3,20565.519494961743
4,12744.9
