reservoir,value
1,62052.052040515766
2,19617.2
3,3664.666137752059
4,0.0
