reservoir,value
1,18957.211355870546
2,8794.454420635175
3,3508.948145691765
4,2724.021558335075
