reservoir,value
1,47480.83252633488
2,0.0
3,6582.023701383046
4,12558.271558335075
