reservoir,value
1,36577.427001331525
2,6496.324377223905
3,5567.638902345634
4,6708.255711659164
