reservoir,value
1,35410.70654400774
2,22126.286192414842
3,2342.3891522324966
4,1753.8687382743203
