reservoir,value
1,99490.7671735093
2,19617.2
3,1457.1818943701717
4,935.0302841490862
