reservoir,value
1,48113.47430045027
2,5579.23892873882
3,10994.97919227857
4,3167.6342922592976
