reservoir,value
1,74666.34413305091
2,3809.569541722698
3,27024.198239907964
4,0.0
