reservoir,value
1,16659.525809768333
2,4248.86087438592
3,2952.3413630338237
4,1711.399732557283
