reservoir,value
1,9797.524560831047
2,0.0
3,3094.4559348465755
4,3892.2966320426135
