reservoir,value
1,6428.599114403265
2,1542.5996985245372
3,2474.6339610002483
4,1471.40988940261
