reservoir,value
1,52960.019762718104
2,0.0
3,15988.797894075004
4,3576.4720219923865
