reservoir,value
1,24454.546315125204
2,2315.91111512931
3,13612.937282959188
4,14264.053146494214
