reservoir,value
1,86194.91402124456
2,0.0
3,31150.621756657998
4,11296.402986957291
