reservoir,value
1,10754.972242163973
2,4027.8029346189664
3,3393.3289546804426
4,2237.070792779468
