reservoir,value
1,48715.19806064659
2,0.0
3,33081.618760005746
4,1592.4902629011413
