reservoir,value
1,17702.235068262264
2,15804.62156548039
3,3742.759957474326
4,1992.6675147900992
