reservoir,value
1,15925.747848353421
2,2723.121565480389
3,6088.309468567686
4,474.5120026850909
