reservoir,value
1,60486.66742818609
2,7706.9129866064395
3,12229.976239569924
4,12724.985701427742
