reservoir,value
1,9725.645562901263
2,34668.394147817424
3,2553.760472042692
4,2082.3781351688212
