reservoir,value
1,47887.74906828114
2,25138.237316131475
3,19326.006787487073
4,13905.019700617897
