reservoir,value
1,43283.656924201605
2,44965.3856970915
3,7768.944674733186
4,2346.2382356194094
