reservoir,value
1,110083.55942900942
2,19617.2
3,19799.300429192714
4,1331.1884634507123
