reservoir,value
1,89298.11214994066
2,4993.004761481861
3,27697.320177161655
4,2527.885261694055
