reservoir,value
1,19684.810217682527
2,13007.854159799497
3,4158.738094546755
4,2911.3317608471625
