reservoir,value
1,63539.37782466031
2,6207.445454966581
3,18030.586535649665
4,11551.875404673005
