reservoir,value
1,4704.938472291004
2,14379.699999999802
3,36145.4
4,12744.9
