reservoir,value
1,42449.263630949994
2,7019.4254632
3,16542.10142188
4,25143.976595819997
