reservoir,value
1,120226.25734415997
2,0.0
3,30480.95462188001
4,0.0
