reservoir,value
1,46689.620720397084
2,8317.295634742746
3,17177.05685743932
4,18951.72452476944
