reservoir,value
1,0.0
2,0.0
3,5370.77726278722
4,20955.5394362314
