reservoir,value
1,25068.19707556179
2,2852.0592972435074
3,10051.706177240878
4,13090.013875788261
