reservoir,value
1,118136.8483619618
2,0.0
3,51382.249633777385
4,12744.9
