reservoir,value
1,69380.48464442581
2,7175.843448627792
3,17836.053194898508
4,14131.606969449924
