reservoir,value
1,93443.03483711524
2,19617.2
3,26308.506491543983
4,6501.706969449924
