reservoir,value
1,69067.07497439178
2,3760.209420264725
3,32909.87620960832
4,25736.67511169537
