reservoir,value
1,93709.80725919789
2,6671.843289917533
3,49401.25907737282
4,0.0
