region,depth,value
1,1,210.19319211765526
1,2,46.414199999999965
1,3,43.517907781753664
1,4,35.14759248202539
2,1,71.15943156884315
2,2,16.576500000000003
2,3,13.261767505362132
2,4,14.228360821954437
3,1,18.459600000000002
3,2,4.420400000000001
3,3,2.0744000000000002
3,4,2.7088
4,1,0.0
4,2,0.0
4,3,0.0
4,4,0.7408709188267465
