region,depth,value
1,1,254.52515784827978
1,2,49.12650000000001
1,3,48.0375
1,4,42.72632079711029
2,1,92.67200000000001
2,2,24.753320750810477
2,3,21.35
2,4,16.781773292638935
3,1,46.336000000000006
3,2,10.917
3,3,3.040363817677532
3,4,6.843000000000001
4,1,0.0
4,2,0.0
4,3,0.0
4,4,23.2047291896701
