from,to,value
1,1,0.0
1,2,1966.8039474545553
1,3,98.90014760729001
1,4,0.0
1,5,247.698554719259
2,1,971.7865004479461
2,2,0.0
2,3,0.0
2,4,0.0
2,5,0.0
3,1,425.55914039297073
3,2,0.0
3,3,0.0
3,4,0.0
3,5,753.3511889620095
4,1,0.0
4,2,0.0
4,3,0.0
4,4,0.0
4,5,2021.1977576392392
5,1,2427.745179356707
5,2,0.0
5,3,447.6395584778527
5,4,146.86276348789792
5,5,0.0
