from,to,value
1,1,0.0
1,2,2293.6778966879792
1,3,90.3960000002444
1,4,0.0
1,5,271.71441712328567
2,1,462.6021236461113
2,2,0.0
2,3,0.0
2,4,0.0
2,5,0.0
3,1,386.20341846447985
3,2,0.0
3,3,0.0
3,4,0.0
3,5,787.4854747874036
4,1,0.0
4,2,0.0
4,3,0.0
4,4,0.0
4,5,1577.7780428804688
5,1,2123.4500051989708
5,2,0.0
5,3,351.41553334740513
5,4,162.11239624952458
5,5,0.0
