plant,value
1,39934.06461572887
2,9843.415062463386
3,8666.22447639462
4,4458.534304520786
