reservoir,value
1,18064.652295810167
2,14626.317822697894
3,3295.6376244000357
4,1978.2363344193145
