reservoir,value
1,18525.857293193687
2,11772.515929512549
3,3720.287076067632
4,2520.551340725414
