reservoir,value
1,18163.414623716617
2,10700.836786435924
3,3583.531832886719
4,2531.688961874405
