reservoir,value
1,0.0
2,3317.3161022867494
3,20.028694115994227
4,0.0
