reservoir,value
1,54733.29238378187
2,9642.560762695928
3,14839.134138585487
4,6494.237011651059
