reservoir,value
1,76987.22279479177
2,6303.222667793121
3,4938.234138585487
4,0.0
