reservoir,value
1,14787.619093238889
2,4357.3569362137405
3,2867.5892644059745
4,4047.706857306025
