reservoir,value
1,44046.33482273357
2,0.0
3,2063.189264405977
4,10740.206857306055
