reservoir,value
1,57536.56723931568
2,3590.7817667361155
3,14523.182503679276
4,8795.061055707945
