reservoir,value
1,94017.92091891181
2,2253.0228538326
3,8224.528336597494
4,251.87222482931156
