reservoir,value
1,17660.534714921632
2,14342.1686241048
3,5333.496828471508
4,2712.6805985492533
