reservoir,value
1,57609.27123768972
2,13874.964659988043
3,36590.630645197896
4,1222.8400221926581
