reservoir,value
1,36427.79640117852
2,18733.71503322862
3,5557.60969230015
4,2598.860126460526
