reservoir,value
1,16101.75803011148
2,44395.787327197584
3,3814.175365822465
4,1593.1549710921272
