reservoir,value
1,54454.05569182659
2,19617.2
3,29238.688943139354
4,9399.936544078377
