reservoir,value
1,101958.84538544172
2,0.0
3,15957.327961976902
4,6146.480837155581
