reservoir,value
1,24084.894692416532
2,20652.384714404823
3,2403.0354486388346
4,1555.5764116526962
