reservoir,value
1,25663.396417201875
2,19617.2
3,2069.833548708588
4,6860.414278557233
