reservoir,value
1,60442.986371449995
2,5146.441883359999
3,17859.14332424
4,22247.82170143
