reservoir,value
1,133473.99650481137
2,0.0
3,31797.996524240007
4,6604.226867148623
