from,to,value
1,1,0.0
1,2,1259.710998255694
1,3,0.0
1,4,0.0
1,5,0.0
2,1,0.0
2,2,0.0
2,3,0.0
2,4,0.0
2,5,0.0
3,1,65.3016181236402
3,2,0.0
3,3,0.0
3,4,0.0
3,5,1405.8999999999999
4,1,0.0
4,2,0.0
4,3,0.0
4,4,0.0
4,5,0.0
5,1,0.0
5,2,0.0
5,3,0.0
5,4,1405.8999999999996
5,5,0.0
