reservoir,value
1,143238.30243267666
2,0.0
3,14525.566224881844
4,12744.9
