reservoir,value
1,62627.5769356
2,5539.6721671800005
3,15797.85129296
4,17368.563876
