reservoir,value
1,146389.37300278357
2,0.0
3,21935.136192960003
4,12744.9
