reservoir,value
1,18385.72435919821
2,1556.289599744312
3,18228.071992013374
4,531.5387285562074
