reservoir,value
1,21486.841132538895
2,10719.827669209844
3,2169.4587399121347
4,1727.1443829450548
