reservoir,value
1,15816.543106343226
2,217.66402117006606
3,8233.286353188561
4,4633.716214973521
