reservoir,value
1,26285.80408989796
2,11501.102352284172
3,4805.759902058708
4,3213.4915213201666
