reservoir,value
1,24243.49576389636
2,35319.82110462986
3,2816.6727287604963
4,2795.1422219660917
