reservoir,value
1,32375.751338280694
2,13600.515100396871
3,6081.73004948472
4,7926.267007449302
