reservoir,value
1,29695.886387026017
2,13459.794728071434
3,6040.90900060369
4,3426.9755751931443
