reservoir,value
1,3047.4258412098206
2,19617.2
3,22049.297445533055
4,768.7091626221332
