reservoir,value
1,173463.91141260014
2,3582.45355939981
3,51666.56002024001
4,0.0
