reservoir,value
1,116852.37355467497
2,0.0
3,36931.767374007584
4,10045.983374925157
