reservoir,value
1,32810.565570667604
2,8880.513773880395
3,12134.362839190162
4,4625.414187932488
