reservoir,value
1,50004.06848777006
2,6525.648798041405
3,2418.77037352978
4,0.0
