reservoir,value
1,70806.5529192
2,4246.89735448
3,10443.96925916
4,19218.1152082
