reservoir,value
1,147101.90097367982
2,0.0
3,19956.852859160004
4,12744.9
