reservoir,value
1,33668.4519595432
2,0.0
3,15964.727613276755
4,7534.598198249205
