from,to,value
1,1,0.0
1,2,494.8620246958235
1,3,0.0
1,4,0.0
1,5,398.655502867161
2,1,0.0
2,2,0.0
2,3,0.0
2,4,0.0
2,5,0.0
3,1,0.0
3,2,0.0
3,3,0.0
3,4,0.0
3,5,132.39999999999964
4,1,0.0
4,2,0.0
4,3,0.0
4,4,0.0
4,5,0.0
5,1,0.0
5,2,0.0
5,3,0.0
5,4,531.0555028671606
5,5,0.0
