reservoir,value
1,20821.423753664632
2,5047.95528699038
3,3836.3998239178845
4,3755.5482702943145
