reservoir,value
1,88951.14133453101
2,2907.491892732962
3,10963.219508290631
4,12744.9
