reservoir,value
1,24111.813074947357
2,48578.302023077515
3,3009.024958531555
4,3897.2311999501694
