reservoir,value
1,107432.35783096604
2,19294.686635332295
3,15078.19623108577
4,12744.9
