reservoir,value
1,140410.10525925
2,0.0
3,8713.296575460005
4,9102.008214756273
