reservoir,value
1,41477.58673596133
2,3464.4422800890948
3,18630.02569929984
4,15901.159447473896
