reservoir,value
1,13830.14184719093
2,6788.959271677517
3,4143.406619753966
4,2086.5986285247263
