reservoir,value
1,54931.16946166103
2,0.0
3,23216.973960335963
4,3392.5687009653784
