reservoir,value
1,80483.95105842405
2,0.0
3,0.0
4,7448.841778567633
