reservoir,value
1,17902.075992363185
2,9101.224362602592
3,3510.704218719357
4,2058.1064506163048
