reservoir,value
1,65919.96362473913
2,12789.589674876723
3,11243.101548402956
4,11074.025307253261
