reservoir,value
1,117625.33571135851
2,7062.732181412983
3,29803.89982611713
4,5644.522015090466
