reservoir,value
1,28950.74652917069
2,12182.974927408584
3,10811.399527826938
4,7067.762248615253
