reservoir,value
1,139818.78603192954
2,0.0
3,47274.71078446206
4,12744.9
