reservoir,value
1,38918.18751276
2,6200.7170594
3,12596.56815468
4,17452.85510042
