reservoir,value
1,77952.65934637838
2,0.0
3,8933.964017090553
4,12510.249405714165
