reservoir,value
1,13274.3247642909
2,7722.128611272703
3,5970.995652736244
4,2001.1699898138288
