reservoir,value
1,18398.981815166117
2,6158.2913960101605
3,3722.1971119088357
4,1817.8640339865908
