reservoir,value
1,37461.69595686421
2,9442.325418892675
3,8428.850376312226
4,12949.280081870962
