reservoir,value
1,31735.95979321198
2,17600.54688441124
3,6113.545046399993
4,2720.2880953520994
