reservoir,value
1,29224.893054721128
2,9415.716384260353
3,27728.226387723596
4,8146.843278694334
