reservoir,value
1,67920.02983476
2,11034.1816288
3,18284.036451529995
4,20089.712606499997
