reservoir,value
1,31517.28923064369
2,19931.01222396833
3,8268.984855262397
4,9722.550095283434
