reservoir,value
1,129095.13295157114
2,19617.2
3,21974.217529230882
4,12744.9
