reservoir,value
1,37674.1430156258
2,5593.274156864555
3,7145.594820400954
4,0.0
