from,to,value
1,1,0.0
1,2,1415.939079205615
1,3,219.13647705254064
1,4,0.0
1,5,828.3439554177909
2,1,2165.3092122514736
2,2,0.0
2,3,0.0
2,4,0.0
2,5,0.0
3,1,430.3333410306066
3,2,0.0
3,3,0.0
3,4,0.0
3,5,1456.5626274091373
4,1,0.0
4,2,0.0
4,3,0.0
4,4,0.0
4,5,215.1306791591196
5,1,1282.9415402160405
5,2,0.0
5,3,318.97967615534424
5,4,898.1160456149693
5,5,0.0
