reservoir,value
1,31227.612193139776
2,9429.390867048962
3,7575.955248446901
4,11264.662837004866
