reservoir,value
1,86.72576661385163
2,1346.3698090738678
3,358.8858801959702
4,2219.4457438585
