reservoir,value
1,0.0
2,2489.900836271631
3,151.05324053444625
4,203.53425537090686
