reservoir,value
1,119982.37708633338
2,4811.285269998531
3,28629.11895774332
4,12230.496872021964
