reservoir,value
1,15608.16225504344
2,17501.84641285104
3,3502.910955842405
4,2302.755033137166
