reservoir,value
1,31237.147000427693
2,10827.906827120769
3,5619.452841975143
4,5931.98655612117
