reservoir,value
1,121298.82530186391
2,8163.758247442378
3,26472.63718900833
4,4715.109413105445
