reservoir,value
1,40105.30733030923
2,7188.381695315397
3,19274.636472274244
4,13380.68440304863
