reservoir,value
1,0.0
2,0.0
3,9373.736472274244
4,7810.93281223005
