reservoir,value
1,174899.75059665975
2,0.0
3,51806.1
4,10684.75159081858
