reservoir,value
1,64922.070515792104
2,4513.201250840387
3,25678.27137839621
4,23327.779780307592
