reservoir,value
1,79784.78798458236
2,7815.424664217729
3,15777.37137839621
4,12744.9
