reservoir,value
1,19079.03164390401
2,7904.791091038229
3,2799.501204800017
4,2480.141023218931
