reservoir,value
1,60875.131267665405
2,0.0
3,7685.9043781453365
4,8502.041023223237
