reservoir,value
1,120372.76010416943
2,0.0
3,51806.1
4,12451.64607977082
