reservoir,value
1,52005.55841706324
2,8035.8665413826875
3,16343.261782836435
4,10647.136621289152
