reservoir,value
1,83689.43392980806
2,8352.873345852095
3,10175.0750594361
4,3663.335109088077
