reservoir,value
1,98213.53056432006
2,0.0
3,17313.286346509005
4,4667.41629554182
