reservoir,value
1,16414.881742791993
2,7470.036434024533
3,4237.081272678014
4,7191.186235953816
