reservoir,value
1,24899.96437031647
2,19286.504132678543
3,3587.7654113539056
4,2478.9839076806593
