reservoir,value
1,41399.552049694845
2,6205.004132678605
3,11991.209135125242
4,487.7390301691569
