reservoir,value
1,41534.72883484891
2,0.0
3,25034.34375290203
4,8546.989584511373
