reservoir,value
1,62735.664565350206
2,5588.969562842326
3,11341.53368478419
4,10019.752058239352
