reservoir,value
1,16910.353480280293
2,12056.190115313026
3,3075.982666161765
4,2371.05262781869
