reservoir,value
1,51136.900525119665
2,8164.632063080122
3,9798.539483383393
4,8071.532637854794
