reservoir,value
1,5853.452071583182
2,0.0
3,0.0
4,1370.5326378547907
