reservoir,value
1,15321.345897415678
2,20651.470221251795
3,2373.9447906864534
4,2342.3295900024514
