reservoir,value
1,56245.961141550004
2,6853.669455439999
3,10765.54689562
4,11545.10125808
