reservoir,value
1,132714.53119699
2,0.0
3,17264.025495620004
4,8685.048926028734
