reservoir,value
1,82507.07727474166
2,3365.1164999998755
3,16205.961077393373
4,24959.807719255365
