reservoir,value
1,29063.439146071512
2,0.0
3,188.14947899354593
4,30074.807719255365
