reservoir,value
1,37816.46784590121
2,19617.2
3,5593.169155002316
4,3140.9157550344353
