reservoir,value
1,32666.99370303432
2,10061.420706932266
3,3853.8603906932412
4,3176.977799256801
