reservoir,value
1,73348.28923581017
2,16597.12070693227
3,15341.360287268391
4,0.0
