reservoir,value
1,23126.760722313637
2,1758.1474608799376
3,3132.4704949454685
4,2168.8416686120077
