reservoir,value
1,39795.80853545919
2,2050.6644462083204
3,13462.076538635687
4,18796.06603285192
