reservoir,value
1,113983.1051656571
2,0.0
3,36403.37520166569
4,12744.9
