reservoir,value
1,158401.96282340802
2,8386.93113512501
3,19535.491303701783
4,10440.508733426701
