reservoir,value
1,33082.33675162554
2,8436.305003818397
3,8557.104690318572
4,3896.4902937347606
