reservoir,value
1,67123.47598389641
2,14972.005003818433
3,16033.852466502154
4,0.0
