reservoir,value
1,41751.35340089018
2,10931.734058084432
3,19026.879650061117
4,23659.536796535966
