reservoir,value
1,22626.4432496738
2,9489.54007882741
3,4034.30315970854
4,3651.0614807046063
