reservoir,value
1,21145.50824047518
2,21383.747818060256
3,2691.7498407128387
4,1540.1221859535378
