reservoir,value
1,96085.56964176425
2,14788.212798844717
3,13626.938480658031
4,1661.6672679228898
