reservoir,value
1,74403.9807495377
2,19474.434499415573
3,17435.819198750345
4,0.0
