reservoir,value
1,74276.81070251361
2,5516.717308622515
3,12387.029794790677
4,17512.519753512264
