reservoir,value
1,24926.22099100694
2,36521.408280030846
3,3557.660185132335
4,4634.328452617763
