reservoir,value
1,37931.02795270637
2,5905.08432582763
3,14680.638453194617
4,7023.029424430033
