reservoir,value
1,86135.81592148542
2,3926.4048170755727
3,16056.752737222798
4,0.0
