reservoir,value
1,106392.98315464781
2,7888.945050094857
3,1843.9734097207092
4,12138.712297243237
