reservoir,value
1,28104.25239542598
2,4593.879961530392
3,7270.6171388177845
4,15302.529238397745
