reservoir,value
1,82805.21618561675
2,0.0
3,14636.419193607891
4,9839.59945576391
