reservoir,value
1,19316.19179321936
2,13729.910359990788
3,3037.1428186373605
4,2743.0161452195384
