reservoir,value
1,9366.12000429996
2,8314.487945491834
3,3069.9715692622412
4,1486.7929047364657
