reservoir,value
1,28619.096263400097
2,3351.287945197975
3,11994.019963136501
4,5721.87617908605
