reservoir,value
1,16802.906565466543
2,6638.3771227208435
3,2981.1895193501123
4,2615.6107865767526
