reservoir,value
1,14732.141223232356
2,0.0
3,1823.785156497381
4,194.12477321429787
