reservoir,value
1,18868.253953590418
2,23126.54218969411
3,3683.4950048063483
4,2259.2338644856654
