reservoir,value
1,71611.33734712093
2,10045.042189694112
3,12982.90272573947
4,2558.668170613385
