reservoir,value
1,18447.769872976314
2,11183.41428856561
3,2285.8631386480097
4,1215.2095729135685
