reservoir,value
1,17918.525813952587
2,32910.34216979987
3,3119.8680848603008
4,2055.3569563972324
