reservoir,value
1,61661.43392527445
2,19617.2
3,12069.91311705442
4,4008.4281792234633
