reservoir,value
1,86506.5929629098
2,5210.903053377317
3,14525.09638245963
4,17270.61487002828
