reservoir,value
1,90354.84470064446
2,3076.2779152531757
3,7661.153787084409
4,11171.041792000264
