reservoir,value
1,134811.3930771004
2,0.0
3,41194.02665819253
4,12744.9
