reservoir,value
1,26322.50713004329
2,21852.888987422535
3,3642.349681545913
4,2394.575341222006
