reservoir,value
1,137287.88071141604
2,9302.883790863285
3,18217.44911846865
4,10762.42043660389
