reservoir,value
1,30052.671464402785
2,6322.933838290924
3,8886.483789404627
4,6862.096254879956
