reservoir,value
1,85175.4757617506
2,0.0
3,44801.44428137192
4,12744.9
