reservoir,value
1,16153.337384386708
2,3272.9283769769568
3,4612.275137356762
4,4296.939005936889
