reservoir,value
1,120164.2685914668
2,0.0
3,12223.392484043272
4,12744.9
