reservoir,value
1,53678.4256015939
2,3918.2242494252914
3,25814.16492937669
4,17181.58700349637
