reservoir,value
1,26875.990495744296
2,0.0
3,48650.21173738962
4,11244.196162356739
