reservoir,value
1,34683.86781483532
2,9233.686179801349
3,4123.302798419755
4,2741.537117148484
