reservoir,value
1,26276.2608606871
2,2645.6161798012367
3,1835.462499748891
4,2685.837685687171
