reservoir,value
1,80321.89863073104
2,18856.628336201527
3,12041.172150650167
4,19664.383422568404
