reservoir,value
1,24675.08065466743
2,9838.76161797863
3,3747.4881862564994
4,3909.629605520093
