reservoir,value
1,29207.789480693937
2,15705.737548603356
3,7007.788393692152
4,11673.2611557109
