reservoir,value
1,131121.68021354394
2,2624.237548603356
3,15502.605678192162
4,11701.709834312358
