reservoir,value
1,38673.13047704877
2,15887.183286195428
3,23466.116184920065
4,15747.874642639472
