reservoir,value
1,140196.38353610804
2,6859.240340145925
3,37413.85316672969
4,12744.9
