reservoir,value
1,48169.990518203114
2,7337.534479031463
3,7930.524559937045
4,3256.575237896729
