reservoir,value
1,57687.998858000035
2,19256.54170022888
3,10444.412254337114
4,16880.5499169851
