reservoir,value
1,133396.68158950316
2,19617.2
3,12261.35204880232
4,12436.303249198576
