reservoir,value
1,56617.25237874168
2,5152.752419964274
3,10301.373649373338
4,14314.338740570118
