reservoir,value
1,184218.67770035224
2,0.0
3,27726.19398511452
4,12744.9
