reservoir,value
1,45080.08980946931
2,5477.741372134208
3,8368.631332279576
4,15394.79161927515
