reservoir,value
1,157703.14770806444
2,0.0
3,16800.664836489574
4,10596.108193663376
