reservoir,value
1,23564.10106550227
2,13626.32728228762
3,3644.242521844828
4,3672.7292319004664
