reservoir,value
1,115200.99018293076
2,544.8272822876206
3,15838.259098836399
4,12744.9
