reservoir,value
1,18985.510605820604
2,5355.075554223367
3,4573.471540028528
4,3513.3474080934184
