reservoir,value
1,152550.06790351658
2,0.0
3,40044.0088426792
4,5097.559698030856
