reservoir,value
1,49736.73567649885
2,7572.833267324842
3,14450.807140209618
4,15306.355550004679
