reservoir,value
1,84248.43752956731
2,8606.644223188243
3,43155.9817464582
4,0.0
