reservoir,value
1,58900.49725000716
2,7292.405518388275
3,13400.356737441729
4,9030.257909371976
