reservoir,value
1,45896.093128966066
2,1947.0317916611893
3,3674.883157416103
4,1400.3579093719763
