reservoir,value
1,19738.157490257603
2,10424.19085480539
3,3381.119134475407
4,2873.903462916544
