reservoir,value
1,129574.53293311609
2,10530.145281466119
3,20445.91454954806
4,8895.80346291427
