reservoir,value
1,26449.391280690026
2,13155.861782493233
3,2982.149600821404
4,1372.1229635268767
