reservoir,value
1,78164.67834058648
2,11441.46531690965
3,0.0
4,4159.486852829086
