reservoir,value
1,15561.484657822031
2,9710.180655200596
3,3357.5845810768205
4,2128.849722825961
