reservoir,value
1,85007.21192137444
2,5071.003106865242
3,16878.753209815342
4,7467.081372453255
