reservoir,value
1,8638.70619165493
2,3290.8872721326125
3,2882.5138448125954
4,2403.6746007618567
