reservoir,value
1,34711.769011217315
2,0.0
3,4475.241172541
4,0.0
