reservoir,value
1,39911.12400356743
2,18938.590665034808
3,11540.0137123061
4,5320.031611766853
