reservoir,value
1,0.0
2,10072.237822362136
3,18483.06183149785
4,0.0
