reservoir,value
1,29062.47039435237
2,3738.4832765558217
3,10355.171002519659
4,8020.772690909984
