reservoir,value
1,0.0
2,0.0
3,454.2710025196593
4,390.87269090998416
