reservoir,value
1,44388.27995282538
2,11136.759010176986
3,6671.745714385468
4,6231.2154777048545
