reservoir,value
1,26677.9381089252
2,7299.920813535444
3,0.0
4,36.03503622980497
