reservoir,value
1,58827.97190728524
2,0.0
3,5508.688017789262
4,10592.644555012048
