reservoir,value
1,30843.084799263335
2,4031.018023129374
3,8229.0331791024
4,3637.99084931041
