reservoir,value
1,22320.40956465825
2,21412.016457905404
3,2883.9019423896916
4,2718.7560896081627
