reservoir,value
1,43087.49864571312
2,19617.2
3,10648.338475301342
4,11637.174945279494
