reservoir,value
1,23627.511973942124
2,3068.102827556135
3,5070.8154256583575
4,2751.32277951957
