reservoir,value
1,167220.64341583918
2,0.0
3,40362.06439782263
4,6268.691671994913
