reservoir,value
1,55731.258904422866
2,3233.4443556573647
3,19066.003048158316
4,13074.207166492135
