reservoir,value
1,77980.50746517048
2,7911.267876897148
3,16556.61377377197
4,5444.307166492135
