reservoir,value
1,47288.019218994195
2,20873.371746498597
3,11360.449095684571
4,16816.36884441781
