reservoir,value
1,120221.6346779264
2,17871.376921566254
3,18736.010407646227
4,0.0
