reservoir,value
1,25767.16268080975
2,10758.37819859274
3,2960.7063608595645
4,1535.167089163885
