reservoir,value
1,29432.625214372503
2,598.6060792881675
3,4490.751849172166
4,5493.029593402551
