reservoir,value
1,24163.470171823268
2,12574.026545145764
3,4214.862247490857
4,2971.1020783190215
