reservoir,value
1,95900.26855048772
2,5489.995295189084
3,25656.058695887492
4,12142.002078318656
