reservoir,value
1,29858.59362138974
2,12512.878838070446
3,4096.519238264582
4,3470.801737232515
