reservoir,value
1,45784.27519976038
2,12741.222300224661
3,11698.994155724376
4,8215.499302443375
