reservoir,value
1,90298.47867785819
2,19617.2
3,10309.64542931758
4,1514.4993024433752
