reservoir,value
1,30239.83643147181
2,9542.65879865908
3,14992.944242154235
4,2843.5182594829535
