reservoir,value
1,15942.413039607514
2,6279.920849042112
3,2480.2581866022206
4,2291.6928940186294
