reservoir,value
1,67634.26970983672
2,12815.620849042112
3,13331.280354611146
4,11110.864117132609
