reservoir,value
1,15958.678526031705
2,6082.44952993458
3,4003.1499141799477
4,3260.2319094489276
