reservoir,value
1,80135.78041467885
2,0.0
3,14357.30204669872
4,12744.9
