reservoir,value
1,40773.36045742004
2,7432.600210648183
3,11291.55798451762
4,17980.66335731304
