reservoir,value
1,45199.773371565854
2,10049.854929134715
3,11029.579440260666
4,10428.770487631657
