reservoir,value
1,66226.47554613743
2,549.0291919272422
3,1128.6794402606665
4,2798.870487631657
