reservoir,value
1,38121.32643834948
2,5508.94946558651
3,9615.97709543176
4,8975.183620179925
