reservoir,value
1,46048.046149583766
2,7991.453500122766
3,9740.805031334337
4,8028.734624342453
