reservoir,value
1,17862.999021369447
2,7042.9172508207375
3,3158.0868014943508
4,2652.17156209043
