reservoir,value
1,14187.364168037935
2,12090.274798383263
3,2984.8658563118097
4,1751.4533435902417
