reservoir,value
1,37722.12727754594
2,0.0
3,5606.357879478033
4,8313.328134877842
