reservoir,value
1,152501.94198365646
2,12426.846839357946
3,5837.275724956635
4,8443.634165581961
