reservoir,value
1,15204.344592747886
2,4206.63366108697
3,3940.2086712751106
4,3448.8900227770564
