reservoir,value
1,40240.97211394351
2,13993.579927973442
3,14980.173728021475
4,9634.25143289672
