reservoir,value
1,153554.51093693008
2,19617.2
3,30267.30765542794
4,4016.3436491648363
