reservoir,value
1,28766.518157645976
2,9905.050314247419
3,5669.655787936846
4,4157.775335195924
