reservoir,value
1,19816.833034216717
2,6905.947289606784
3,5895.45844051727
4,2247.56266078292
