reservoir,value
1,148204.0276816343
2,12895.549077979009
3,21529.366035021987
4,7323.3811940442165
