reservoir,value
1,58965.56654839034
2,7346.905463117381
3,8275.896970740567
4,12672.81824116794
