reservoir,value
1,19376.07156066205
2,11210.683285129471
3,2527.204753505609
4,3284.9062026259103
