reservoir,value
1,26396.351915263047
2,8041.461892839515
3,525.4979422930669
4,5143.3195665361645
