reservoir,value
1,12212.905866991488
2,19617.2
3,0.0
4,5226.789560760676
