reservoir,value
1,19327.897252360097
2,26350.60944473333
3,3874.0274376215075
4,4339.502766215544
