reservoir,value
1,27907.487561784503
2,18135.98629001309
3,23725.984027931525
4,12744.9
