reservoir,value
1,33578.36189670707
2,4628.979012910264
3,32267.65734930978
4,18892.967213126783
