reservoir,value
1,0.0
2,0.0
3,22366.75734930978
4,6919.292400505627
