reservoir,value
1,15922.33897759091
2,4140.4792302680835
3,4208.127052517131
4,5331.907502560677
