reservoir,value
1,16428.1925079981
2,26842.595381363517
3,2429.8857235944038
4,1278.181490442348
