reservoir,value
1,78878.74545669496
2,19617.2
3,0.0
4,2488.0863925047784
