reservoir,value
1,66106.10306790879
2,7602.102664398102
3,25312.64210177736
4,17344.641175700497
