reservoir,value
1,55898.499123012356
2,14984.295074183523
3,10116.310478916366
4,3562.1177543938893
