reservoir,value
1,33860.77417601588
2,1887.5462262370543
3,11844.507416032
4,14473.478286098067
