reservoir,value
1,131900.94444213292
2,0.0
3,32638.046002032002
4,12744.9
