reservoir,value
1,140301.8049814008
2,1764.821946965465
3,24589.355008572846
4,12744.9
