reservoir,value
1,13210.384532653585
2,3857.332108583208
3,3343.1363119236235
4,2672.309819954332
