reservoir,value
1,68778.82576889721
2,6538.865424781099
3,12295.691815570524
4,9805.667622107396
