reservoir,value
1,102415.68437174193
2,7041.701949502648
3,7316.391815570524
4,2175.767622107396
