reservoir,value
1,14744.687929164875
2,19118.97530057143
3,2655.4613473750137
4,2214.674868746774
