reservoir,value
1,71782.12976178956
2,6764.257010740488
3,5334.679295093285
4,1721.917034783126
