reservoir,value
1,50361.724596073764
2,2717.6646123291066
3,19385.678482192106
4,7499.075445953296
