reservoir,value
1,125631.8158375289
2,0.0
3,21872.67726118011
4,8561.057030524466
