reservoir,value
1,0.0
2,4279.299999999999
3,1635.0999999999985
4,26264.2
