reservoir,value
1,18222.86705520716
2,3360.788162715591
3,3504.824300984638
4,2903.9255576588184
