reservoir,value
1,36137.25332136368
2,434.98816271562646
3,3072.9043618213245
4,7975.122039228651
