reservoir,value
1,37677.418848558445
2,2624.200076446912
3,4797.822662857288
4,16248.476553336102
