reservoir,value
1,147933.67412063217
2,0.0
3,14645.11583832445
4,12744.9
