reservoir,value
1,198259.44192464923
2,9542.74586309019
3,8152.505034625716
4,3883.2050777432905
