reservoir,value
1,34300.96752451251
2,5418.826247449599
3,5652.661534933096
4,8871.928570472519
