reservoir,value
1,159380.89226430943
2,0.0
3,16148.152187089227
4,12744.9
