reservoir,value
1,42572.71254696621
2,6274.31033526063
3,8730.590682700133
4,12119.043395863708
