reservoir,value
1,25964.38598908213
2,13585.76279311518
3,4701.646819890165
4,2488.887479738742
