reservoir,value
1,57152.023718122466
2,4748.705202083311
3,29668.348613065067
4,1340.795348760789
