reservoir,value
1,127450.50696785699
2,4324.1242557846
3,22131.926153463675
4,6660.599251521333
