reservoir,value
1,28702.59413264014
2,3164.531816584243
3,4995.446151363285
4,11379.572767752628
