reservoir,value
1,34436.76491905209
2,6528.566317479581
3,11056.970388740188
4,7963.8423587407
