reservoir,value
1,159878.47906213708
2,537.9445364320045
3,28508.92692873694
4,12744.9
