reservoir,value
1,114709.00326413442
2,0.0
3,15911.789511393854
4,12744.9
