reservoir,value
1,14982.530849817933
2,19945.56592245985
3,3749.7186951347308
4,2207.5301126137233
