reservoir,value
1,37734.804746109876
2,692.2864483628764
3,37146.22476341367
4,981.7293279350836
