reservoir,value
1,25314.877729554602
2,5905.224811670707
3,3556.9779772053184
4,4083.385104295179
