reservoir,value
1,159184.41864088358
2,0.0
3,21059.305474627843
4,12744.9
