reservoir,value
1,37817.20372508645
2,4956.21462801873
3,22675.8955829182
4,9977.496122943066
