reservoir,value
1,65385.36955559326
2,5418.276789294814
3,23759.428294714184
4,3324.0594945082757
