reservoir,value
1,168361.68878790725
2,5538.5780138649825
3,27226.104150427036
4,9442.952976329216
