reservoir,value
1,35477.229559844985
2,8671.172686556263
3,7359.420842620538
4,5677.9706217597395
