reservoir,value
1,42422.2929081171
2,0.0
3,30073.879193045395
4,9724.461986418846
