reservoir,value
1,25126.01456967841
2,7835.734813095291
3,5676.289857436186
4,4654.05873578812
