reservoir,value
1,65204.080877074026
2,0.0
3,25118.493100210053
4,5758.373979505211
