reservoir,value
1,49650.76449578748
2,4078.5167982758676
3,23339.885690592528
4,12423.273631747837
