reservoir,value
1,57414.96632505071
2,12451.072713332516
3,14067.071055600267
4,0.0
