from,to,value
1,1,0.0
1,2,0.0
1,3,0.0
1,4,0.0
1,5,0.0
2,1,727.4570892397714
2,2,0.0
2,3,0.0
2,4,0.0
2,5,0.0
3,1,1000.0
3,2,0.0
3,3,0.0
3,4,0.0
3,5,1219.7695063146462
4,1,0.0
4,2,0.0
4,3,0.0
4,4,0.0
4,5,1916.9607385166883
5,1,3136.730244831059
5,2,0.0
5,3,0.0
5,4,0.0
5,5,0.0
