reservoir,value
1,123945.98944387565
2,0.0
3,24957.46355793812
4,12744.9
