reservoir,value
1,83047.984062532
2,8746.406059781602
3,14790.51983955942
4,18879.53301346758
