reservoir,value
1,91681.62720646427
2,14497.101346038642
3,35205.84843572433
4,12744.9
