reservoir,value
1,991.3658851938592
2,13377.788028629415
3,1757.5995153847332
4,668.0232111265163
