reservoir,value
1,115873.48545341672
2,0.0
3,21998.264073108672
4,12744.9
