reservoir,value
1,25776.749077777928
2,3283.6828709782417
3,4798.617266188563
4,4457.850395424986
