reservoir,value
1,13527.925585894607
2,17988.74483775297
3,10490.595426700978
4,2375.3742240836327
