reservoir,value
1,16066.933286060861
2,4547.9965004613405
3,3156.3581317797243
4,2771.3674726571826
