reservoir,value
1,45515.85006892457
2,2729.0890655359744
3,6510.008587686565
4,12744.9
