reservoir,value
1,20727.500587582963
2,4150.065949649363
3,2831.024617843863
4,3309.9880985320874
