reservoir,value
1,122289.76212569946
2,0.0
3,20535.056576988736
4,5519.582957658812
