reservoir,value
1,11281.363990752798
2,5213.578089495017
3,5280.741299904394
4,1812.9656098258415
