reservoir,value
1,64981.93255798253
2,0.0
3,36980.536734458
4,3312.350097834106
