reservoir,value
1,29098.206272451695
2,8016.983637999225
3,4040.633171234823
4,9156.172499152675
