reservoir,value
1,12705.657380284018
2,7037.3417778887515
3,3289.9924602636474
4,2243.541200372571
