reservoir,value
1,34389.90784433184
2,0.0
3,13393.209881486897
4,6599.550106394676
