reservoir,value
1,33524.445874489036
2,10158.367986686078
3,6364.809355036794
4,2840.4119176364165
