reservoir,value
1,29633.440452691582
2,18338.455560192902
3,4775.86292612315
4,3039.234400369364
