reservoir,value
1,71479.89787379355
2,19617.2
3,17377.64777618358
4,1594.8910647421612
