reservoir,value
1,19061.221697104345
2,25978.638778922934
3,2830.7717841288986
4,3132.9569921154607
