reservoir,value
1,88907.78450963923
2,19617.2
3,9582.499719976851
4,12635.85699211546
