reservoir,value
1,29070.425994921214
2,5777.693528847123
3,8808.367556189007
4,3551.3366513931023
