reservoir,value
1,37744.12182117591
2,0.0
3,133.54222276176188
4,0.0
