reservoir,value
1,812.3285651229598
2,16871.72015483724
3,0.0
4,0.0
