reservoir,value
1,118696.40331403606
2,6670.754140194841
3,20034.559179750766
4,14010.049750608792
