reservoir,value
1,170141.13575939916
2,15173.61302829139
3,33534.74660334459
4,9065.800454529157
