reservoir,value
1,14951.913591358265
2,6126.033966327084
3,3217.563093189719
4,2504.640033415733
