reservoir,value
1,44996.2092734919
2,5697.119659390033
3,15438.127425926476
4,8919.318368868117
