reservoir,value
1,31381.334704436078
2,8073.863380073644
3,6272.401496804819
4,3973.570323075215
