reservoir,value
1,23535.88842126757
2,5044.910850126714
3,3352.2651925222913
4,2414.812565962448
