reservoir,value
1,41284.873312488635
2,0.0
3,2322.0796752623614
4,2345.795489225567
