reservoir,value
1,39002.69264037561
2,9388.569124261705
3,47456.97154801628
4,12744.9
