reservoir,value
1,51297.45692286435
2,5570.001059751302
3,18526.255918220773
4,9489.4172093956
