reservoir,value
1,13694.565352171056
2,5458.039597505338
3,5752.096072762699
4,3862.239664197194
