reservoir,value
1,74478.2386940362
2,0.0
3,46080.4807646104
4,8280.831495384056
