reservoir,value
1,19159.615771815035
2,31916.297061796497
3,6918.097616352311
4,4483.324871178485
