reservoir,value
1,96058.1460713192
2,19617.2
3,47360.61130246318
4,7247.054673748418
