reservoir,value
1,52463.42458422965
2,9055.218262954926
3,34882.26305043134
4,17914.637016234145
