reservoir,value
1,0.0
2,0.0
3,22751.297829943847
4,20164.353107191826
