reservoir,value
1,102353.80606278424
2,2308.368791245128
3,51806.1
4,2865.2839090423186
