reservoir,value
1,42130.02633580771
2,3816.1511728407568
3,12367.160605081343
4,7088.195918019431
