reservoir,value
1,33006.38191713463
2,9331.964880557936
3,12529.363048305942
4,6317.108495914625
