reservoir,value
1,10657.828557761894
2,3904.335454991864
3,4160.218213787136
4,2523.657170795777
