reservoir,value
1,704.1248017021048
2,0.0
3,2693.031284468352
4,11869.582767067806
