reservoir,value
1,20740.603063498198
2,10883.38096915882
3,5064.282993044125
4,5092.496483679118
