reservoir,value
1,113437.93884002688
2,17419.080969158822
3,27180.44174681833
4,12744.9
