reservoir,value
1,41086.70127543746
2,4076.7231557135424
3,9526.843558998695
4,3987.4026600897796
