reservoir,value
1,29450.614803126864
2,4614.372296700649
3,4536.331162265605
4,10779.815070681427
