reservoir,value
1,59516.31043556698
2,16620.055290666125
3,11735.25032012484
4,15346.975690268928
