reservoir,value
1,191392.57691305957
2,19617.2
3,25856.74623884288
4,12744.9
