reservoir,value
1,22332.790992110153
2,3816.7212913485364
3,4211.910924783156
4,2510.5602854966796
