reservoir,value
1,79474.02179276281
2,5299.631260245271
3,20003.646430748657
4,837.5041236750237
