reservoir,value
1,30572.259518773215
2,20772.97185830922
3,4654.626906959217
4,5014.620234746584
