reservoir,value
1,185496.72238481732
2,18218.310072391876
3,25135.654305785873
4,12744.9
