reservoir,value
1,20032.695206211993
2,7728.601745532038
3,2461.674782561123
4,1700.6006646383287
