reservoir,value
1,63485.63417826206
2,0.0
3,566.0903009226807
4,4651.880592030773
