reservoir,value
1,18771.747256934257
2,4989.612995598754
3,2769.7791150766534
4,3905.767123807509
