reservoir,value
1,109566.06279425017
2,0.0
3,2882.23648299346
4,12744.9
