reservoir,value
1,70880.27990252523
2,6122.70305006564
3,12483.457716897892
4,16458.441179336885
