reservoir,value
1,102802.19729297905
2,7079.667171394984
3,10723.058465680351
4,10563.715031523843
