reservoir,value
1,44996.625227515215
2,3799.1052490376746
3,12861.911831146468
4,15181.437723368635
