reservoir,value
1,119966.85114663932
2,2861.7933519887633
3,27909.386880935912
4,0.0
