reservoir,value
1,13911.84773476472
2,34655.869726900295
3,3705.751952397833
4,1667.0438239573207
