reservoir,value
1,124545.40599909495
2,578.0595009050659
3,26424.822400000005
4,12744.9
