reservoir,value
1,62920.00859571768
2,2537.1331638071765
3,8591.574032765031
4,16141.084672669382
