reservoir,value
1,127038.58693346145
2,5137.136414332879
3,7451.9600082605675
4,12744.9
