reservoir,value
1,47034.20352726174
2,4684.298627695572
3,7146.702346688802
4,13747.779485468376
