reservoir,value
1,130144.10609191911
2,0.0
3,26296.32366531486
4,12259.305593659581
