reservoir,value
1,59064.11165275109
2,3793.471052510904
3,35624.5188125263
4,12690.74969101976
