reservoir,value
1,23631.56288410873
2,36579.905427407626
3,2104.9298446445905
4,1654.3145533689162
