reservoir,value
1,108170.42062950156
2,19617.2
3,2772.3125625184584
4,5947.161545874913
