reservoir,value
1,24185.88365706774
2,12836.69152143937
3,3469.141290067715
4,4806.636809517148
