reservoir,value
1,64757.5079883646
2,16919.956195130588
3,4479.411099980627
4,1725.5280852189826
