reservoir,value
1,16780.256169784887
2,3738.053408287851
3,8593.36436814752
4,2565.812650520529
