reservoir,value
1,65866.68031765605
2,0.0
3,50498.56436814752
4,11401.205322581647
