reservoir,value
1,30843.727226006955
2,4099.864055254502
3,6099.60247848197
4,10106.205470500465
