reservoir,value
1,128489.34655208318
2,0.0
3,48004.802478481964
4,12440.38210748427
