reservoir,value
1,0.0
2,0.0
3,6350.117149366178
4,11391.85414391885
