reservoir,value
1,32285.201465529353
2,967.7000000003773
3,48060.5
4,12744.9
