reservoir,value
1,55168.46431072194
2,0.0
3,5444.1847281161945
4,1787.5927467770236
