reservoir,value
1,35502.89635185691
2,6909.303261756881
3,8614.8191147829
4,15757.336281750553
