reservoir,value
1,121922.53585001352
2,0.0
3,16820.90365829082
4,12744.9
