reservoir,value
1,34442.92008019422
2,9679.034685770117
3,6325.945143267843
4,7540.830122833714
