reservoir,value
1,38500.07773386439
2,3135.0689875364396
3,11845.44824396934
4,10938.850209808661
