reservoir,value
1,46209.31739031941
2,3300.7563323992244
3,9322.209023399348
4,7924.407671056384
