reservoir,value
1,54971.56178527785
2,7462.063510521841
3,0.0
4,294.5076710563844
