reservoir,value
1,35989.718578925334
2,14581.078477433672
3,4166.878810907093
4,2270.855267529581
