reservoir,value
1,37440.69021612381
2,19617.2
3,3183.973660953091
4,1390.7515448742217
