reservoir,value
1,48954.66742622063
2,18115.38535222459
3,7450.892262905972
4,2426.1194514096924
