reservoir,value
1,129971.9207762551
2,8379.73708176579
3,0.0
4,0.0
