reservoir,value
1,0.0
2,262444.59661548666
3,3945.500000000002
4,18193.1
