reservoir,value
1,48858.405263037406
2,4154.695630034251
3,10556.375323312413
4,16567.43385442334
