reservoir,value
1,104193.4542036049
2,0.0
3,18073.251845585848
4,5626.72513798346
