reservoir,value
1,51575.21868119868
2,14253.663513110867
3,6925.464340238543
4,3001.11774267586
