reservoir,value
1,138232.7203838769
2,19617.2
3,474.4791987922745
4,0.0
