reservoir,value
1,110791.7678574395
2,12067.011162330105
3,10215.732022850827
4,12744.9
