reservoir,value
1,44208.2167
2,15381.169600000001
3,12455.7162
4,13780.601700000001
