reservoir,value
1,102828.43547199908
2,0.0
3,37265.62865123639
4,12744.9
