reservoir,value
1,31593.53888449211
2,6748.140565298816
3,3449.5010797598966
4,1675.9238688597327
