reservoir,value
1,2021.8051699197213
2,10712.063841686608
3,0.0
4,748.2645072170025
