reservoir,value
1,20368.038144895167
2,5966.5697184417495
3,4488.203520854195
4,3710.4281577324346
