reservoir,value
1,47440.15588826406
2,0.0
3,19510.091977446245
4,11629.267661964517
