reservoir,value
1,26133.885458860364
2,3337.364402082886
3,5411.896692768794
4,2536.9759292452727
