reservoir,value
1,121928.3452733868
2,5577.217687243746
3,38899.30594515983
4,7569.668594471257
