reservoir,value
1,19094.36941945312
2,14538.700000095774
3,51806.1
4,12744.9
