reservoir,value
1,36352.73659558556
2,10530.045082523282
3,9041.866353100218
4,12660.34119508951
