reservoir,value
1,59100.17806956436
2,0.0
3,30051.0008042231
4,12744.9
