reservoir,value
1,22509.26763337128
2,16710.2185235655
3,4731.859362279824
4,2778.7910526197084
