reservoir,value
1,117445.2426194829
2,3628.718523565414
3,43010.96348009169
4,10509.445146714635
