reservoir,value
1,13487.204855565738
2,31298.54481503665
3,3017.366121090817
4,1535.46499387109
