reservoir,value
1,13042.824650301889
2,8758.45149229965
3,2455.6532451573203
4,2680.2327024445844
