reservoir,value
1,50410.23859909818
2,0.0
3,13602.780666369496
4,7795.232702443294
