reservoir,value
1,41095.00366264461
2,6782.431525150398
3,9255.908169344608
4,5075.014619664652
