reservoir,value
1,70907.99905511795
2,9346.886497131212
3,20126.813219192696
4,20360.08747191153
