reservoir,value
1,0.0
2,0.0
3,2864.593090180515
4,12730.187471911531
