reservoir,value
1,41998.723375617425
2,6924.024807711558
3,8080.021094358815
4,5573.275024708574
