reservoir,value
1,65706.97900702397
2,693.7728562789416
3,0.0
4,0.0
