reservoir,value
1,25902.935115423854
2,18241.794576002485
3,6159.087497600085
4,5075.528179390334
