reservoir,value
1,90438.58333601034
2,6731.0857945837715
3,27572.871472872175
4,12744.9
