reservoir,value
1,19388.407805663264
2,7066.867788581754
3,3778.7466944184775
4,3108.057919624102
