reservoir,value
1,119794.82829439275
2,3486.628828672774
3,0.0
4,12610.957919624101
