reservoir,value
1,199058.4707345206
2,3065.814207039737
3,51806.1
4,12744.9
