reservoir,value
1,102639.46790000002
2,0.0
3,22281.749900000003
4,1358.2963277503625
