reservoir,value
1,39255.465983430964
2,6292.14755003762
3,13853.874793627285
4,5526.150587219244
