reservoir,value
1,55815.749139039995
2,9200.0430415
3,28659.19058224
4,12987.25067021
