reservoir,value
1,130564.49408054005
2,0.0
3,44740.41778224
4,8196.476204560318
