reservoir,value
1,64665.609999999884
2,10429.180000064849
3,6988.1
4,10782.1
