from,to,value
1,1,0.0
1,2,0.0
1,3,600.0
1,4,0.0
1,5,2584.499999993328
2,1,5538.762429267556
2,2,0.0
2,3,0.0
2,4,0.0
2,5,0.0
3,1,0.0
3,2,0.0
3,3,0.0
3,4,0.0
3,5,0.0
4,1,0.0
4,2,0.0
4,3,0.0
4,4,0.0
4,5,0.0
5,1,0.0
5,2,0.0
5,3,1178.5999999998958
5,4,1405.8999999999996
5,5,0.0
