reservoir,value
1,37887.20647288737
2,2560.2375707324436
3,9487.274215599391
4,14610.573995269566
