reservoir,value
1,23401.769684860963
2,2998.2196891056697
3,7420.998260467569
4,3023.3527229946085
