reservoir,value
1,116243.33755185142
2,10316.988852554408
3,10461.392437366498
4,1086.6778965072353
