reservoir,value
1,23047.21710204953
2,13253.320632480036
3,4836.0522438537355
4,3462.6113768607643
