reservoir,value
1,12477.4688969349
2,12015.274482315426
3,808.2708141065677
4,859.2594614150628
