reservoir,value
1,94457.26773827117
2,0.0
3,30376.819304994635
4,6886.105500359805
