reservoir,value
1,104784.93149463732
2,0.0
3,21069.714406803727
4,4615.125053164116
