reservoir,value
1,20500.373827828986
2,3736.9052098800144
3,3462.2883129640445
4,2646.0328996812154
