reservoir,value
1,95126.93301837101
2,0.0
3,9116.76987147874
4,10941.46784932309
