reservoir,value
1,107335.00350974515
2,2345.654075415424
3,27834.903639163327
4,0.0
