reservoir,value
1,50233.31234862777
2,0.0
3,39817.45939253465
4,3915.267418405061
