reservoir,value
1,54604.79681698
2,3530.6722473199998
3,12738.79616884
4,14641.213152
