reservoir,value
1,129550.22776430001
2,0.0
3,22075.102268840004
4,7011.313152000001
