from,to,value
1,1,0.0
1,2,4240.060000000016
1,3,0.0
1,4,0.0
1,5,0.0
2,1,0.0
2,2,0.0
2,3,0.0
2,4,0.0
2,5,0.0
3,1,0.0
3,2,0.0
3,3,0.0
3,4,0.0
3,5,0.0
4,1,0.0
4,2,0.0
4,3,0.0
4,4,0.0
4,5,2137.20577907397
5,1,1484.6057790739183
5,2,0.0
5,3,652.5999999993471
5,4,0.0
5,5,0.0
