reservoir,value
1,25505.93487165981
2,9214.45097381753
3,5431.6786479017355
4,4531.79422092603
