reservoir,value
1,31276.79822853444
2,7179.3328159248995
3,10007.312681613359
4,6381.136398490302
