reservoir,value
1,146884.99200059142
2,8698.207821106662
3,6510.713910606786
4,1815.2681328024064
