reservoir,value
1,25846.986126589185
2,4062.145180942152
3,7125.512463859159
4,7327.6192361207
