reservoir,value
1,43396.48257435273
2,7615.113091368768
3,5097.3354466573255
4,15272.26037936454
