reservoir,value
1,28829.889793714538
2,3638.073169725064
3,5723.809100654293
4,3687.332738693236
