reservoir,value
1,17921.296551218515
2,9257.957082010062
3,5214.809111708857
4,7010.737490322388
