reservoir,value
1,89709.30694210259
2,0.0
3,35955.5273384701
4,12125.737490322388
