reservoir,value
1,18652.905557000944
2,52760.200835516705
3,3091.806525497394
4,3031.3179774507817
