reservoir,value
1,77938.33446756726
2,19617.2
3,29382.381731442554
4,12202.217977450782
