reservoir,value
1,141641.98565363436
2,8855.158312773576
3,13472.549629260002
4,8161.376266453923
