reservoir,value
1,20139.354355629694
2,6110.762183888914
3,3952.648429816155
4,2295.645333082628
