reservoir,value
1,51820.940255417285
2,9492.478004349932
3,6055.408700629889
4,13608.653939979999
