reservoir,value
1,170300.73263429088
2,2423.4116183123692
3,33762.76581292127
4,7146.027351598785
