reservoir,value
1,62584.69724083514
2,8632.07750744607
3,10894.423840379242
4,5545.544008919873
