reservoir,value
1,143866.01013885773
2,12020.954664542194
3,3622.4072218763836
4,0.0
