reservoir,value
1,18205.753969161462
2,7209.817468878835
3,4936.575347866341
4,4250.610217630561
