reservoir,value
1,37226.17966818716
2,4540.68814728985
3,4496.089671723897
4,7267.0785042880625
