reservoir,value
1,121375.97365613107
2,3966.991779906667
3,26481.89614514527
4,12744.9
