reservoir,value
1,46894.63131004252
2,7729.417710179316
3,0.0
4,0.0
