reservoir,value
1,25316.46654284134
2,16901.324714283393
3,7165.111718427661
4,3919.8626927620426
