reservoir,value
1,52998.294952051016
2,5315.834193072942
3,11344.76183291414
4,16173.331300969941
