reservoir,value
1,24931.447359771882
2,11323.504724996648
3,6393.6452697047935
4,3716.7868255375165
