reservoir,value
1,3366.723726071912
2,0.0
3,7169.613236863275
4,0.0
