reservoir,value
1,49038.5486492739
2,4948.214102576188
3,730.9435622895834
4,0.0
