reservoir,value
1,79697.227085405
2,8841.882757573187
3,8283.526817020254
4,9196.399997565097
