reservoir,value
1,14087.160916821053
2,3422.3546991391067
3,3775.608843148784
4,2634.1491330667654
