reservoir,value
1,66905.89446737514
2,0.0
3,28645.0401427592
4,7718.399144543171
