reservoir,value
1,18038.715483189375
2,15312.668855231368
3,2303.087948986547
4,1558.758495792681
