reservoir,value
1,10623.07867805042
2,17527.972955335576
3,2944.061006303539
4,1443.2780239512072
