reservoir,value
1,46206.55176585
2,7535.77391226
3,8337.2011825
4,15859.83251502
