reservoir,value
1,25888.1394170844
2,12249.363898175514
3,5514.016443563434
4,7306.214435641668
