reservoir,value
1,99551.58384118849
2,8106.4078685141285
3,30020.91822383868
4,12744.9
