reservoir,value
1,20644.50515325045
2,16199.63292154843
3,4112.780635906674
4,2433.8948878137858
