reservoir,value
1,13116.671739456451
2,17850.650540412407
3,0.0
4,4155.71875073169
