reservoir,value
1,17678.51241795232
2,11669.598697924113
3,3490.5153222249605
4,2235.399932208675
