reservoir,value
1,100720.55079834758
2,0.0
3,19241.806779207032
4,7565.121104133086
