reservoir,value
1,0.0
2,0.0
3,15086.15211258037
4,11929.307753850002
