reservoir,value
1,23003.987120870082
2,3831.98774280082
3,4001.78887103606
4,6582.532061320579
