reservoir,value
1,113177.79214862267
2,0.0
3,20381.68710728401
4,11697.532061320579
