reservoir,value
1,20444.33576525313
2,14986.94641482303
3,3072.3189699565373
4,1566.5719855580664
