reservoir,value
1,24605.841365612447
2,3742.888744360308
3,0.0
4,3510.1460232119143
