reservoir,value
1,14697.053175849709
2,5038.898268708053
3,3213.922939317524
4,2197.88969111902
