reservoir,value
1,57350.811497218034
2,123.42418207561786
3,11518.852796683015
4,11531.012993323673
