reservoir,value
1,44709.92659876606
2,12111.340187691418
3,5698.712512151787
4,10960.294520440613
