reservoir,value
1,102035.52461775039
2,559.2585102481436
3,28787.619217875363
4,12744.9
