reservoir,value
1,46297.35677919232
2,8605.436674105786
3,6744.355891605196
4,9132.938883124676
