reservoir,value
1,200717.6
2,4022.3666741057878
3,39626.32248258851
4,12744.9
