reservoir,value
1,46112.98762844573
2,2768.8589043296
3,13669.780385822753
4,15123.733772115313
