reservoir,value
1,157367.3952206953
2,0.0
3,42143.84887470276
4,12744.9
