reservoir,value
1,16430.281839959644
2,20460.53179248767
3,3470.5563063964632
4,2225.763284708144
