reservoir,value
1,30420.997747443012
2,7379.031792487654
3,18029.203630678883
4,6707.536985897781
