reservoir,value
1,164973.296106501
2,160.8018997350582
3,27395.98344236982
4,7693.936940528017
