reservoir,value
1,26766.004612501343
2,27933.605812156165
3,5621.2226300134025
4,2459.466040909159
