reservoir,value
1,16011.661635837136
2,22988.33316734266
3,3027.365151190594
4,2342.3741156938872
