reservoir,value
1,25348.78070643174
2,9906.833167342658
3,7256.636453466537
4,3165.352547962323
