reservoir,value
1,21130.842174235167
2,3070.8693446162542
3,6146.76944017409
4,8415.742450090305
