reservoir,value
1,20633.660576135055
2,10515.314038242544
3,3945.1688498179383
4,2691.9048896748955
