reservoir,value
1,130028.0089352066
2,0.0
3,17335.20940421144
4,11862.804889674266
