reservoir,value
1,22482.172906452848
2,4432.045162485629
3,6206.27311334146
4,4340.329221938019
