reservoir,value
1,78576.45221895
2,7132.52179556
3,18674.69643298
4,18896.813836819998
