reservoir,value
1,162816.82924066484
2,0.0
3,29991.800132980003
4,12092.663041255235
