reservoir,value
1,21374.297091227603
2,10537.667375592277
3,19545.149251364222
4,13021.52856701134
