reservoir,value
1,0.0
2,0.0
3,6350.039064566163
4,5391.628567011341
