reservoir,value
1,145032.55725570658
2,10097.066182869461
3,29047.221296409967
4,12744.9
