reservoir,value
1,28419.910912464973
2,14701.000947878698
3,3022.401031679934
4,1624.5102782893327
