reservoir,value
1,56808.41069228614
2,9275.51684458351
3,1329.7743424840205
4,873.1782418413559
