reservoir,value
1,36699.79587630137
2,4361.681167567067
3,9886.976475022093
4,4132.601566427361
