reservoir,value
1,33089.5024078423
2,5196.246850673919
3,7153.049400356353
4,5675.0082653798545
