reservoir,value
1,90679.33992450577
2,0.0
3,22404.3150711257
4,12744.9
