reservoir,value
1,99120.62660000002
2,2344.702099999546
3,20900.317100000004
4,12744.9
