reservoir,value
1,20515.90250187284
2,12168.179485324612
3,3193.762706122618
4,2711.38216953325
