reservoir,value
1,85456.430567005
2,893.5258547741105
3,10440.265392609825
4,12214.28216953325
