reservoir,value
1,20179.027609646004
2,16163.941550772897
3,3422.150681730487
4,2321.66568054799
