reservoir,value
1,26641.536537185002
2,21986.399785746515
3,4519.37696345745
4,8500.428683428056
