reservoir,value
1,38434.850664279555
2,5989.240360402892
3,5910.271207637192
4,4432.415393118748
