reservoir,value
1,188380.27485822517
2,0.0
3,41920.61514526047
4,9547.41539312396
