reservoir,value
1,22465.470235096705
2,13983.675152651394
3,3742.209427947985
4,5141.319715165702
