reservoir,value
1,48351.13491265239
2,0.0
3,0.0
4,1949.063926244493
