reservoir,value
1,47453.884001
2,3769.0761521600007
3,15954.199206800002
4,14103.99045484
