reservoir,value
1,114230.290301
2,2522.0761521600007
3,31787.383206800005
4,3285.504466124749
