reservoir,value
1,58251.25440248041
2,15672.995018864385
3,14266.955257467896
4,13986.242400750749
