reservoir,value
1,34573.505036269446
2,9565.94754699455
3,4709.891234083451
4,9337.991914951052
