reservoir,value
1,15297.331600659043
2,5528.020833580119
3,4570.022221659841
4,2710.8156892248476
