reservoir,value
1,42543.78490747559
2,0.0
3,14896.495606200895
4,10669.211864052819
