reservoir,value
1,10948.497432617813
2,0.0
3,0.0
4,18693.254321334898
