reservoir,value
1,200717.6
2,16004.205042493491
3,30653.92888359436
4,12744.9
