reservoir,value
1,49797.39041573622
2,0.0
3,25292.430548864566
4,2848.113598417076
