reservoir,value
1,102120.71000000031
2,17908.20003016568
3,0.0
4,12744.9
