reservoir,value
1,111100.19772507227
2,4045.8725255363097
3,27961.097590465728
4,30893.700131234447
