reservoir,value
1,24249.150517964754
2,0.0
3,31086.45400284158
4,36008.70013123445
