reservoir,value
1,87757.78878909591
2,7441.1683669364875
3,11630.416844640302
4,8068.624192675543
