reservoir,value
1,35170.738860400306
2,4689.574176919642
3,8277.426741598152
4,5425.1562479561035
