reservoir,value
1,38918.960554852776
2,8816.924191810192
3,7821.8795278040725
4,10054.540528065229
