reservoir,value
1,161174.2583476218
2,90.51678082938815
3,23294.65885816464
4,12744.9
