reservoir,value
1,38753.68447798297
2,4466.784023848193
3,13272.45573705123
4,5201.200322903042
