reservoir,value
1,75500.21987563629
2,2742.704694354935
3,45824.15312905438
4,0.0
