reservoir,value
1,0.0
2,3362.8724066674986
3,2120.1000000000004
4,0.0
