reservoir,value
1,31298.70423851041
2,4724.163035895995
3,4191.227478966269
4,4906.048858094208
