reservoir,value
1,12487.415956971801
2,4134.67740049885
3,3029.49951531965
4,2517.441804293745
