reservoir,value
1,76026.83265517201
2,0.0
3,109.68626807052497
4,11875.341804294088
