reservoir,value
1,21040.784418225696
2,7334.622714016391
3,3822.3355627086257
4,3501.6671002958055
