reservoir,value
1,82462.38697825396
2,0.0
3,11428.319904727436
4,8961.402097077986
