reservoir,value
1,19669.491658868366
2,16563.197970844223
3,3627.185382361365
4,1924.7597797214132
