reservoir,value
1,62101.12070563987
2,19617.2
3,14480.780594716864
4,3832.1283513704093
