reservoir,value
1,93602.4082097258
2,0.0
3,1637.4663765417508
4,2417.3837537688423
