reservoir,value
1,26574.50890758376
2,4996.2015787503115
3,4533.936915817746
4,16615.74369972871
