reservoir,value
1,97482.55119534397
2,0.0
3,4128.589014447084
4,12744.9
