reservoir,value
1,21036.35550622128
2,17111.734395550026
3,2537.897830599925
4,1815.4282984446925
