reservoir,value
1,99509.15508713263
2,7071.7924820998705
3,8183.047339412478
4,2775.520823326175
