reservoir,value
1,15760.300725228928
2,11061.185001784725
3,3385.430721774569
4,3001.354459336554
