reservoir,value
1,98023.75992899136
2,0.0
3,7951.016868911311
4,9188.32130300897
