reservoir,value
1,18454.588942384802
2,12968.795997248983
3,3714.344250885139
4,1668.7175691922614
