reservoir,value
1,85731.9587916274
2,19617.2
3,22063.993676828773
4,8460.249025180407
