reservoir,value
1,38549.39676278809
2,6319.922050752766
3,10739.41620001856
4,4359.489204607907
