reservoir,value
1,0.0
2,12855.622050752767
3,838.516200018561
4,0.0
