reservoir,value
1,40216.61085617164
2,9918.606249080107
3,6130.652913662694
4,8023.520751780297
