reservoir,value
1,133131.6162426441
2,15901.91728640561
3,3310.7872587570664
4,1306.6840833125618
