reservoir,value
1,30880.53787454624
2,5627.057201065935
3,4739.322413091837
4,2441.251269922236
