reservoir,value
1,128392.78023312468
2,1194.2157667008353
3,29291.04961127644
4,1368.1970683978377
