reservoir,value
1,35583.62646997271
2,10806.354167569534
3,10788.56637527755
4,7242.989617615593
