from,to,value
1,1,0.0
1,2,1461.7593194482179
1,3,0.0
1,4,0.0
1,5,0.0
2,1,0.0
2,2,0.0
2,3,0.0
2,4,0.0
2,5,0.0
3,1,1000.0
3,2,0.0
3,3,0.0
3,4,0.0
3,5,1188.654492439735
4,1,0.0
4,2,0.0
4,3,0.0
4,4,0.0
4,5,0.0
5,1,656.9517348681476
5,2,0.0
5,3,0.0
5,4,531.7027575715872
5,5,0.0
