reservoir,value
1,24137.391325497894
2,6795.657109630343
3,7464.881966997262
4,3429.2266508696357
