reservoir,value
1,3949.2804706425886
2,3151.664361181036
3,0.0
4,83.15757622112497
