reservoir,value
1,14027.058347771177
2,22767.301850824384
3,2891.6692778351926
4,1821.207780909963
