reservoir,value
1,51809.13749924587
2,19617.2
3,9860.456392311913
4,10147.165174010895
