reservoir,value
1,25332.41133971852
2,10299.476473018593
3,7061.662832400659
4,8667.30951623925
