reservoir,value
1,113534.64728942096
2,0.0
3,29877.524418441943
4,12687.61139912549
