reservoir,value
1,122071.50900000005
2,1935.4676999996832
3,31068.774300000005
4,12744.9
