reservoir,value
1,35191.251640987466
2,7662.639677749401
3,4162.168785384009
4,7974.883539393275
