reservoir,value
1,68976.30202007788
2,3914.6577727866024
3,15078.45241326865
4,29672.871417210616
