reservoir,value
1,122919.75000657792
2,2295.2049752700314
3,14828.462722065351
4,0.0
