reservoir,value
1,19049.813630238998
2,4165.973944885168
3,4356.760401840074
4,3207.7682701620906
