reservoir,value
1,87827.77109690016
2,9487.604278340976
3,10383.046826360536
4,13204.391019573763
