reservoir,value
1,135916.15020450618
2,2766.7377433606953
3,13844.151350219061
4,8087.188328777405
