reservoir,value
1,45498.73137624627
2,15738.30721763572
3,11391.056056198464
4,10993.979667414756
