reservoir,value
1,63367.41064702552
2,3453.488847757302
3,10075.05148779074
4,19037.02449529461
