reservoir,value
1,3951.5585421150317
2,0.0
3,0.0
4,11407.124495294609
