reservoir,value
1,120149.01622289068
2,0.0
3,19040.34398208924
4,12744.9
