reservoir,value
1,61404.45086488685
2,5414.053615499793
3,15071.89946059234
4,14793.117528785671
