reservoir,value
1,110062.76438297488
2,8375.314046551419
3,11354.279313355715
4,7440.230510664268
