reservoir,value
1,40531.968746260725
2,13025.427298651117
3,7608.1346558512105
4,4466.313926609251
