reservoir,value
1,44346.777845133576
2,5783.736003746066
3,16281.661639912301
4,11626.283411711043
