reservoir,value
1,33737.184331732635
2,7298.903676967708
3,8710.142645185764
4,3981.9329980935004
