reservoir,value
1,52636.93868808811
2,10370.74942946679
3,0.0
4,0.0
