reservoir,value
1,33092.414518069636
2,3737.6283340129853
3,13611.283088821696
4,9734.699641419915
