reservoir,value
1,49818.126580750024
2,0.0
3,3710.383088821696
4,2104.799641419915
