reservoir,value
1,40925.04541128248
2,5181.412006243489
3,7013.834636469252
4,18894.640861908392
