reservoir,value
1,27494.6523127792
2,0.0
3,6647.722142391921
4,8688.919231063172
