reservoir,value
1,15491.485735167673
2,7597.055779127109
3,7644.782008141059
4,5445.730156162535
