reservoir,value
1,79027.00265639494
2,0.0
3,49549.98200814106
4,10560.730156162535
