reservoir,value
1,102272.19490985545
2,0.0
3,10414.94077110844
4,5649.181251970487
