reservoir,value
1,156661.88809573345
2,0.0
3,35627.60137911416
4,12744.9
