reservoir,value
1,136942.55976496934
2,19617.2
3,30384.18143499054
4,12744.9
