reservoir,value
1,25416.228922020746
2,11513.859029661973
3,6324.435266909045
4,2789.77494500424
