reservoir,value
1,77623.38919162404
2,19617.2
3,40811.16087034227
4,2289.4133531607804
