reservoir,value
1,21643.682345198722
2,13086.637265561032
3,5820.053329825924
4,4398.216229954257
