reservoir,value
1,83827.15080398782
2,5.137265561032109
3,19903.57105465584
4,12744.9
