reservoir,value
1,32419.201675278924
2,8031.403234549115
3,6390.800267062574
4,7890.801727893602
