reservoir,value
1,13853.787720388362
2,3137.5657241619656
3,4059.141544565456
4,2038.754341237011
