reservoir,value
1,102683.42189050873
2,17597.69414628786
3,21837.1
4,0.0
