reservoir,value
1,55425.39466848315
2,0.0
3,9324.732702806694
4,8996.564225379241
