reservoir,value
1,23359.738365396726
2,10587.343241862975
3,5932.675134352558
4,5709.981173300306
