reservoir,value
1,185249.66429706558
2,10704.78161883299
3,41532.98595269865
4,10824.981173300635
