reservoir,value
1,18567.56094098036
2,9540.653437793666
3,4733.551566096253
4,2443.703162444701
