reservoir,value
1,37943.13227146931
2,8763.21299858487
3,9807.547438626267
4,5842.723785050921
