reservoir,value
1,65873.21444403369
2,15298.91299858595
3,37174.74296762594
4,0.0
