reservoir,value
1,39506.718073882126
2,19617.78711820108
3,12867.464293763458
4,5720.10234361908
