reservoir,value
1,47246.60918995
2,3500.4522164
3,15477.82974166
4,18457.53309244
