reservoir,value
1,0.0
2,0.0
3,16644.23684676816
4,37351.440346875956
