reservoir,value
1,29595.76311755154
2,4879.28813666834
3,18782.643185694596
4,4946.050975507038
