reservoir,value
1,13220.10507665319
2,7547.87065199967
3,2576.7286920432953
4,1606.7392039266315
