reservoir,value
1,14701.402100808718
2,5975.291626532114
3,3710.212368491054
4,2733.7617843002467
