reservoir,value
1,62728.11199789501
2,0.0
3,12990.642311613334
4,10836.690773244898
