reservoir,value
1,111091.95760244934
2,0.0
3,33098.44744448168
4,12744.9
