reservoir,value
1,0.0
2,42655.240000000544
3,2471.0
4,49950.399999999994
