reservoir,value
1,70193.84696592437
2,8125.039534039139
3,15457.172051153617
4,13088.153992539605
