reservoir,value
1,31499.722489412605
2,16310.580402545987
3,5652.541416789494
4,3185.8621002492587
