reservoir,value
1,168671.97169026473
2,15933.42695023189
3,34325.71875241079
4,12356.762100249258
