reservoir,value
1,16531.291504143464
2,12392.817688758998
3,5519.166773251164
4,1682.1324384784195
