reservoir,value
1,17618.00254665474
2,8904.235502468415
3,3362.4067585699527
4,1997.3568266898174
