reservoir,value
1,63446.015326372646
2,0.0
3,22177.183647915896
4,10520.12350383972
