reservoir,value
1,58382.58834741137
2,9003.765766925684
3,7997.2853926882435
4,10921.34164069665
