reservoir,value
1,71059.64852661797
2,6950.693724701514
3,0.0
4,3291.44164069665
