reservoir,value
1,70207.68487857086
2,0.0
3,32497.51235342419
4,11668.782675527735
