reservoir,value
1,26481.518654511754
2,18007.745568941817
3,3082.0116469325462
4,3375.5267249820304
