reservoir,value
1,92176.89925051574
2,4926.245568941784
3,18754.77035857339
4,12546.42672498203
