reservoir,value
1,35892.48151139946
2,17780.409979933407
3,2517.345074188638
4,2059.1846849145377
