reservoir,value
1,154696.13406455226
2,10122.168885775638
3,4890.774171675424
4,3770.2447793302126
