reservoir,value
1,78438.3214967285
2,0.0
3,8219.813012859673
4,4893.799851693776
