reservoir,value
1,87104.39771283834
2,12951.894696922554
3,10014.719990202493
4,14959.853391551056
