reservoir,value
1,102596.66430982522
2,9116.094323529465
3,5035.419990202922
4,7329.9533915510565
