reservoir,value
1,30963.89507224165
2,4070.4115725206207
3,11402.504545252019
4,9958.422898934741
