reservoir,value
1,52318.48670991163
2,0.0
3,35981.0908365346
4,4191.550264848304
