reservoir,value
1,33603.53008024035
2,4996.13705475982
3,5026.01959709954
4,14642.301009671519
