reservoir,value
1,146610.47249936446
2,0.0
3,19154.737690457776
4,12744.9
