reservoir,value
1,84290.21116145865
2,16206.859148850188
3,32278.375002265424
4,4330.8809333899
