reservoir,value
1,60638.46401089033
2,19617.2
3,17027.16148427432
4,0.0
