reservoir,value
1,8891.252268314965
2,19617.2
3,50484.299999999996
4,12744.9
