reservoir,value
1,35158.39689387459
2,10399.82820793451
3,3364.4256037315704
4,4273.971874436471
