reservoir,value
1,30288.84955376765
2,9116.02134024763
3,4287.840665467109
4,4823.752736193057
