reservoir,value
1,63835.478877288726
2,4038.400348838969
3,9121.359213548169
4,14350.09543127468
