reservoir,value
1,93192.88329986855
2,0.0
3,8878.327465126391
4,8190.8964030830175
