from,to,value
1,1,0.0
1,2,4240.059999998927
1,3,0.0
1,4,0.0
1,5,0.0
2,1,0.0
2,2,0.0
2,3,0.0
2,4,0.0
2,5,0.0
3,1,1000.0
3,2,0.0
3,3,0.0
3,4,0.0
3,5,887.0585656361076
4,1,0.0
4,2,0.0
4,3,0.0
4,4,0.0
4,5,2835.985879238073
5,1,3723.044444874199
5,2,0.0
5,3,0.0
5,4,0.0
5,5,0.0
