reservoir,value
1,25007.017239180128
2,13283.103322347157
3,5172.587385891565
4,4480.182871651401
