reservoir,value
1,155652.53994866108
2,19617.2
3,6844.68337204452
4,3855.2047129624275
