reservoir,value
1,66225.6609169135
2,6833.619402071656
3,11740.1363450133
4,15693.751341807878
