reservoir,value
1,94016.42048740888
2,0.0
3,3279.87002979749
4,0.0
