reservoir,value
1,124406.36386831282
2,19617.2
3,7931.859234462091
4,11950.838848931733
