reservoir,value
1,109106.45496494834
2,12153.59714715642
3,11298.305835916957
4,11926.280208149085
