reservoir,value
1,42358.50720703262
2,4642.00838072486
3,9800.118662020415
4,4285.1335987802595
