reservoir,value
1,72350.59923760807
2,13061.082244983254
3,8177.450769647228
4,3242.321763201375
