reservoir,value
1,53166.91208980272
2,7026.691096789242
3,6113.477192585924
4,14019.866696891968
