reservoir,value
1,98150.42629497265
2,0.0
3,4089.177192584387
4,5892.294126828682
