reservoir,value
1,28891.52546330241
2,5418.407482656797
3,7983.358702734642
4,9677.472593318038
