reservoir,value
1,23715.672922661302
2,4881.37091709143
3,14173.788086025037
4,12382.763031076744
