reservoir,value
1,0.0
2,0.0
3,4272.888086025037
4,2169.5940982767806
