reservoir,value
1,27245.703758003
2,6103.032402091217
3,9262.914750260206
4,7178.494366963435
