reservoir,value
1,465.8781935122897
2,2668.699469595767
3,29156.084185327178
4,2308.876470192956
