reservoir,value
1,17649.433822681036
2,4417.453823854978
3,6099.406641588643
4,5768.671496620481
