reservoir,value
1,119902.46774021923
2,0.0
3,48004.60664158864
4,11334.35489512256
