reservoir,value
1,47284.33790908489
2,1389.682703751831
3,25268.175663897557
4,16864.29235251
