reservoir,value
1,135090.27498958673
2,0.0
3,34603.89367273756
4,12744.9
