reservoir,value
1,24443.538215545035
2,7756.60069596434
3,3224.869066783095
4,3390.548252659937
