reservoir,value
1,143990.4110408094
2,0.0
3,16969.866819313327
4,9557.448252659937
