reservoir,value
1,24886.468143634494
2,69006.6854574804
3,4644.380063341175
4,8289.337310176164
