reservoir,value
1,135067.85125534772
2,19617.2
3,9196.851336357176
4,12744.9
