reservoir,value
1,31006.093502673775
2,4424.052669177018
3,7219.578616023273
4,12179.197671905762
