reservoir,value
1,23740.546365595466
2,3952.8623728370203
3,5042.365468923888
4,9289.225517809205
