reservoir,value
1,34181.94242400338
2,0.0
3,5742.071205435515
4,9411.777500374686
