reservoir,value
1,49262.55173773466
2,4794.77226650063
3,0.0
4,1530.3269219719841
