reservoir,value
1,84785.0853053746
2,6580.439277578759
3,19878.67642794166
4,18996.834250809166
