reservoir,value
1,153687.82264845824
2,12944.386376757679
3,16540.284283895635
4,6858.770927057084
