reservoir,value
1,20694.204620402652
2,39598.933491469776
3,1914.530053476226
4,1246.7279546114505
