reservoir,value
1,37474.589017859886
2,19617.2
3,7071.571133630956
4,3938.148013579749
