reservoir,value
1,42532.96855126544
2,9895.61201407817
3,11384.340424195445
4,4634.156587151944
