reservoir,value
1,102768.39951302452
2,6061.098140949531
3,36862.04875684652
4,0.0
