reservoir,value
1,135714.03440897673
2,0.0
3,12820.70030859733
4,12744.9
