reservoir,value
1,58033.74255315235
2,6738.161859225525
3,11732.291877648397
4,13383.606626294564
