reservoir,value
1,163657.21188042234
2,7914.650735288797
3,22549.396418753215
4,10455.30188873855
