reservoir,value
1,18686.017070009693
2,13392.250139712884
3,2388.9768323561107
4,1924.6757386764752
