reservoir,value
1,85024.76711135976
2,14885.694749113549
3,11585.084333380386
4,3816.112031698409
