reservoir,value
1,89940.00046490604
2,2216.4718023439636
3,35188.04319522612
4,12744.9
