reservoir,value
1,27482.36267875411
2,3985.1531950660956
3,4780.8751175962
4,2787.4417040437716
