reservoir,value
1,22742.805961434704
2,7702.201150378806
3,2505.4860003350755
4,2554.6164428491616
