reservoir,value
1,69146.14033261583
2,0.0
3,7077.714084860041
4,11580.51644284916
