reservoir,value
1,16188.560579601446
2,27330.810507474773
3,5838.818455058626
4,2455.396243140478
