reservoir,value
1,24613.54631247343
2,14249.310507474773
3,42148.65421110984
4,8327.919047357374
