reservoir,value
1,40475.52743855
2,12115.2269856
3,8699.81730047
4,17189.314115
