reservoir,value
1,26402.05396509935
2,12199.925092159501
3,2592.4266633716265
4,1800.4863028884183
