reservoir,value
1,40536.8929263085
2,11238.27903687278
3,41.51992545914215
4,2855.2344906528187
