reservoir,value
1,100042.80359987511
2,13324.874826206657
3,12285.7483327372
4,5486.28839733504
