reservoir,value
1,51868.4297874435
2,3822.512310316709
3,15374.946560212082
4,16082.044563784451
