reservoir,value
1,15502.935479559415
2,11491.560618186519
3,3058.667430183753
4,1962.059279665655
