reservoir,value
1,53934.3719202075
2,911.5906181865212
3,21801.237752372956
4,1376.8213036143839
