reservoir,value
1,29368.570156109025
2,22094.046972887358
3,2892.965365246712
4,6759.737997522981
