reservoir,value
1,145455.25119795976
2,19617.2
3,8435.358709439894
4,11854.400085183097
