reservoir,value
1,62375.993443891064
2,0.0
3,16031.332023832641
4,11794.803955000372
