reservoir,value
1,79833.77338286619
2,9990.350470032956
3,8008.663389947387
4,943.0088578606174
