reservoir,value
1,46020.274273405754
2,8293.79539574671
3,11208.371019874514
4,4976.570720059904
