reservoir,value
1,8248.61057625791
2,0.0
3,1307.4710198745142
4,0.0
