reservoir,value
1,61939.280030043694
2,9962.845313706357
3,10337.584759348363
4,14946.353856445385
