reservoir,value
1,122369.7168508606
2,0.0
3,10152.134971620275
4,7316.453856445385
