reservoir,value
1,103803.94580578034
2,0.0
3,7853.261465270156
4,12744.9
