reservoir,value
1,22444.50083285972
2,9031.755510540572
3,4334.174596294475
4,5364.360402332332
