reservoir,value
1,88174.98647156735
2,0.0
3,45269.81288440439
4,12744.9
