reservoir,value
1,21562.21651584478
2,11858.727296089939
3,2987.7342881953746
4,3302.8712607055695
