reservoir,value
1,107603.53032746782
2,0.0
3,4377.534596796821
4,9801.771260705755
