reservoir,value
1,100577.1872356839
2,0.0
3,12090.471444226128
4,11345.167337563613
