reservoir,value
1,0.0
2,134932.50000000026
3,1801.1000000000004
4,18544.0
