reservoir,value
1,16693.073782607316
2,7983.3480255333925
3,4966.023419393487
4,4220.750425517305
