reservoir,value
1,36606.30954634736
2,9945.289349431256
3,7009.499492803543
4,6997.721414582546
