reservoir,value
1,101696.49038867684
2,1351.6924275368292
3,4677.245085200713
4,0.0
