reservoir,value
1,12564.393704632215
2,2774.6175651697467
3,7364.9704478922595
4,7339.731947429081
