reservoir,value
1,59664.76643858499
2,3851.4312768922227
3,11124.417033051028
4,14074.814062091626
