reservoir,value
1,18054.695089427656
2,5308.774508683982
3,6095.673028058137
4,6552.991934248098
