reservoir,value
1,125051.26205215647
2,0.0
3,21823.614100705665
4,12011.542609077664
