reservoir,value
1,20757.688280738716
2,17556.871417545917
3,3098.2686144640834
4,2528.510271425614
