reservoir,value
1,15302.811740877298
2,4475.371417545917
3,1833.890581778702
4,1568.4308204502677
