reservoir,value
1,76915.41912024
2,7115.13565876
3,31010.706236960003
4,20072.97240474
