reservoir,value
1,14803.20599791324
2,6383.598129688245
3,2435.2657678122337
4,2267.278103873629
