reservoir,value
1,54584.55711322475
2,0.0
3,7124.223736027545
4,11625.178103873628
