reservoir,value
1,27921.535073715175
2,11154.231833083728
3,3240.4536285347026
4,2445.1593848081056
