reservoir,value
1,121514.15125574831
2,1391.2642761312277
3,15950.566777985076
4,8528.833054247621
