reservoir,value
1,143182.04560686686
2,0.0
3,32592.45281874008
4,3207.137734078307
