reservoir,value
1,54261.286282981404
2,12663.065374602651
3,2694.0673117969
4,11689.915242797138
