reservoir,value
1,35139.75972282362
2,17536.732624617933
3,4423.963893362032
4,3597.897465430586
