reservoir,value
1,106129.06844003174
2,4455.232624617227
3,25954.511210601457
4,12070.558274042874
