reservoir,value
1,19110.107873767556
2,2888.9651602147196
3,2708.3347447660344
4,2126.365625897564
