reservoir,value
1,104265.18553173856
2,2523.0535342391386
3,19634.14172171714
4,5804.732877681461
