reservoir,value
1,25895.823018688472
2,7064.025814636462
3,8385.275359366879
4,11142.999308749135
