reservoir,value
1,107371.36998846242
2,8938.543970338615
3,34407.801780275244
4,12744.9
