reservoir,value
1,45983.84754521676
2,6612.836127561346
3,12016.897632716318
4,9195.747338997973
