reservoir,value
1,45809.10659341565
2,4268.1913000658005
3,6267.315183443252
4,5194.27300832397
