reservoir,value
1,97936.6592532493
2,19617.2
3,5732.685397711377
4,12744.9
