reservoir,value
1,14054.227960942088
2,5981.71154963858
3,5403.038918279356
4,3226.32854292672
