reservoir,value
1,79334.36649770803
2,0.0
3,44005.06194479735
4,2781.952039401793
