reservoir,value
1,37957.93498733119
2,3914.5385590832548
3,9935.503184639267
4,11569.258719913503
