reservoir,value
1,16659.134091945612
2,6588.808563646651
3,2607.4646894564266
4,1663.823045812496
