reservoir,value
1,19140.00595694488
2,12209.064781788078
3,2428.386056534939
4,3367.048055195784
