reservoir,value
1,67223.79948573955
2,11485.107624962293
3,1355.3739921523572
4,12392.948055195784
