reservoir,value
1,119557.29391713568
2,0.0
3,30891.392804954245
4,12744.9
