reservoir,value
1,24893.846262720555
2,7727.425754419373
3,7756.318279144132
4,10593.969897812722
