reservoir,value
1,71071.25013707783
2,8659.736261027196
3,1197.562853153002
4,1795.2127083227842
