reservoir,value
1,99984.73039783999
2,9953.49460024
3,25208.484512799998
4,20754.85003248
