reservoir,value
1,184315.24619784066
2,8558.877300239581
3,50446.3150128
4,0.0
