reservoir,value
1,17332.13969259262
2,5082.738877095919
3,5197.107124385092
4,3398.384497875429
