reservoir,value
1,8620.064493182063
2,5634.196248882178
3,2531.9677436827046
4,1357.5236532290114
