reservoir,value
1,6104.924359143453
2,0.0
3,11991.473179781977
4,0.0
