reservoir,value
1,112106.50040000075
2,0.0
3,12793.848400000003
4,9969.831099999517
