reservoir,value
1,30162.82270453391
2,8490.743087349994
3,3604.603711340115
4,2421.478912428851
