reservoir,value
1,73883.38906630695
2,9969.665720855877
3,21376.681340748302
4,24443.960479270227
