reservoir,value
1,17948.843832613456
2,4030.150960013633
3,3141.240983858572
4,2147.8403889175784
