reservoir,value
1,16359.19372290881
2,23964.55710205799
3,2424.7420104581915
4,1680.6904815057944
