reservoir,value
1,48909.42482914278
2,10883.057102057988
3,2114.7475794858683
4,9118.533314874812
