from,to,value
1,1,0.0
1,2,1538.5380588181058
1,3,76.34400000000005
1,4,0.0
1,5,304.6575725416765
2,1,0.0
2,2,0.0
2,3,0.0
2,4,0.0
2,5,0.0
3,1,0.0
3,2,0.0
3,3,0.0
3,4,0.0
3,5,329.1479999999997
4,1,0.0
4,2,0.0
4,3,0.0
4,4,0.0
4,5,0.0
5,1,0.0
5,2,0.0
5,3,0.0
5,4,633.805572541676
5,5,0.0
