plant,value
1,39405.32044802339
2,11599.723459220473
3,9900.900000000016
4,7334.805572541672
