reservoir,value
1,0.0
2,77076.50387734579
3,26095.907162726096
4,25431.291427458324
