reservoir,value
1,0.0
2,18903.248740883515
3,6427.500000000002
4,42379.9
