reservoir,value
1,101461.28006673559
2,13383.858945503847
3,51806.1
4,0.0
