reservoir,value
1,25732.422075707786
2,11418.343524014836
3,8325.23950417636
4,10349.102216218203
