reservoir,value
1,86146.72581686
2,9486.561247999998
3,22337.778893649996
4,21962.0079232
