reservoir,value
1,164836.01121686003
2,3916.1212479980186
3,38928.250593649995
4,12744.9
