reservoir,value
1,12853.638280375133
2,5765.229661954684
3,3201.1612561834804
4,2653.4513548520795
