reservoir,value
1,62558.347815563284
2,0.0
3,0.0
4,13546.070097165926
