reservoir,value
1,200717.6
2,14354.799546987904
3,28810.216775886256
4,12744.9
