reservoir,value
1,52164.7216419219
2,8976.2135201657
3,9279.599141733093
4,9105.498626111694
