reservoir,value
1,79150.2312857415
2,6936.1137581363055
3,0.0
4,1475.598626111694
