reservoir,value
1,106862.65981533524
2,744.5815425259352
3,37424.645395675405
4,5202.873525550171
