reservoir,value
1,44486.544180004676
2,6518.1830591222115
3,9235.050628754754
4,7092.1909188853315
