reservoir,value
1,5187.266940959837
2,15724.623059122214
3,1264.7576774396512
4,1955.1722403939739
