reservoir,value
1,37448.46189735706
2,6742.518486469762
3,7264.851897361946
4,4541.157888705386
