reservoir,value
1,51783.42777409286
2,13535.684577579263
3,37503.66537282802
4,0.0
