reservoir,value
1,36431.074462288205
2,15872.650779342513
3,4648.975060155008
4,3022.351401027049
