reservoir,value
1,17096.29385340591
2,6708.992702771253
3,4158.917323607233
4,2490.7799222011995
