reservoir,value
1,110175.1067
2,1437.3719
3,13151.887300000004
4,4604.989828052251
