reservoir,value
1,39163.23739888612
2,13043.625142670224
3,15390.204118424013
4,16059.932428962682
