reservoir,value
1,41809.4950457321
2,0.0
3,28541.64693858254
4,2459.9696799148824
