reservoir,value
1,25618.62430366343
2,14814.14532487073
3,3149.537816996244
4,3831.818609264078
