reservoir,value
1,180854.08759082775
2,13687.640152241183
3,22865.089145768587
4,12744.9
