from,to,value
1,1,0.0
1,2,269.2492365913431
1,3,0.0
1,4,0.0
1,5,0.0
2,1,0.0
2,2,0.0
2,3,0.0
2,4,0.0
2,5,0.0
3,1,1000.0
3,2,0.0
3,3,0.0
3,4,0.0
3,5,1525.8483354032296
4,1,0.0
4,2,0.0
4,3,0.0
4,4,0.0
4,5,997.5909011881158
5,1,2523.4392365913454
5,2,0.0
5,3,0.0
5,4,0.0
5,5,0.0
