reservoir,value
1,5090.8658143687935
2,876.4447065640206
3,0.0
4,0.0
