reservoir,value
1,83883.10575911778
2,8908.642832235575
3,12496.96608366699
4,9078.560794013065
