reservoir,value
1,109995.01325803243
2,12656.828823149779
3,41289.067918167035
4,1448.6607940130652
