reservoir,value
1,48287.30799968089
2,4174.877309763322
3,7715.008447811664
4,4392.278976409183
