reservoir,value
1,30757.2893344554
2,2933.0278694341414
3,11891.783298887043
4,13768.746678754167
