reservoir,value
1,57703.9018054975
2,0.0
3,19543.547428137743
4,11499.782076711366
